app_name,developer_name,regulated_entity,source_date,source_url,platform,app_url,raw_app_url,package_id,source_record_no,is_demo
GeM Sahay,Government Emarketplace,121 FINANCE PRIVATE LIMITED (OLD NAME YERROW FINANCE AND INVESTMENTS PRIVATE LIMITED),2026-09-25,https://data.rbi.org.in/BOE/OpenDocument/opendoc/custom.jsp?iDocID=ARfEgy.WNSVIvFfvSIVmBCw&sIDType=CUID,Google Android,https://play.google.com/store/apps/details?id=com.gemsahay.perfios,https://play.google.com/store/apps/details?id=com.gemsahay.perfios&hl=en,com.gemsahay.perfios,1,0
GeM Sahay,Government Emarketplace,121 FINANCE PRIVATE LIMITED (OLD NAME YERROW FINANCE AND INVESTMENTS PRIVATE LIMITED),2026-09-25,https://data.rbi.org.in/BOE/OpenDocument/opendoc/custom.jsp?iDocID=ARfEgy.WNSVIvFfvSIVmBCw&sIDType=CUID,iOS App Store,?https://apps.apple.com/in/app/gem-sahay/id6502699944,?https://apps.apple.com/in/app/gem-sahay/id6502699944,,2,0
GeM Sahay,Government Emarketplace,121 FINANCE PRIVATE LIMITED (OLD NAME YERROW FINANCE AND INVESTMENTS PRIVATE LIMITED),2026-09-25,https://data.rbi.org.in/BOE/OpenDocument/opendoc/custom.jsp?iDocID=ARfEgy.WNSVIvFfvSIVmBCw&sIDType=CUID,Website,https://gem-sahay.perfios.com/pcg-gem/gemLogin,https://gem-sahay.perfios.com/pcg-gem/gemLogin,,3,0
360 ONE Wealth – Lending,Self Owned,360 ONE PRIME LIMITED (FORMERLY  IIFL WEALTH PRIME LIMITED AND IIFL WEALTH FINANCE LTD),2026-09-25,https://data.rbi.org.in/BOE/OpenDocument/opendoc/custom.jsp?iDocID=ARfEgy.WNSVIvFfvSIVmBCw&sIDType=CUID,https://www.360.one/wealth/lending-solutionsApp store: Android,https://play.google.com/store/apps/details?id=com.one360.lending,Android App URL: https://play.google.com/store/apps/details?id=com.one360.lending,com.one360.lending,4,0
360 ONE Wealth – Lending,Self Owned,360 ONE PRIME LIMITED (FORMERLY  IIFL WEALTH PRIME LIMITED AND IIFL WEALTH FINANCE LTD),2026-09-25,https://data.rbi.org.in/BOE/OpenDocument/opendoc/custom.jsp?iDocID=ARfEgy.WNSVIvFfvSIVmBCw&sIDType=CUID,https://www.360.one/wealth/lending-solutionsApp store: Apple,iOS App URL: https://apps.apple.com/in/app/360-one-wealth-lending/id6757471560,iOS App URL: https://apps.apple.com/in/app/360-one-wealth-lending/id6757471560,,5,0
4Fin,4Fin Finance Private Limited,4FIN FINANCE PRIVATE LIMITED,2026-09-25,https://data.rbi.org.in/BOE/OpenDocument/opendoc/custom.jsp?iDocID=ARfEgy.WNSVIvFfvSIVmBCw&sIDType=CUID,Google Play Store,https://play.google.com/store/apps/details?id=com.fourfinfinance.b2c,https://play.google.com/store/apps/details?id=com.fourfinfinance.b2c,com.fourfinfinance.b2c,6,0
Rupee112: Personal Loan App,Self Owned,AADHAR INDIA FINVEST LIMITED,2026-09-25,https://data.rbi.org.in/BOE/OpenDocument/opendoc/custom.jsp?iDocID=ARfEgy.WNSVIvFfvSIVmBCw&sIDType=CUID,App Store,https://apps.apple.com/in/app/rupee112-instant-loan/id6465577336,https://apps.apple.com/in/app/rupee112-instant-loan/id6465577336,,7,0
Rupee112: Personal Loan App,Self Owned,AADHAR INDIA FINVEST LIMITED,2026-09-25,https://data.rbi.org.in/BOE/OpenDocument/opendoc/custom.jsp?iDocID=ARfEgy.WNSVIvFfvSIVmBCw&sIDType=CUID,Google Play Store,https://play.google.com/store/apps/details?id=com.vrindafinlease.rupee112,https://play.google.com/store/apps/details?id=com.vrindafinlease.rupee112,com.vrindafinlease.rupee112,8,0
Rupee112: Personal Loan App,Self Owned,AADHAR INDIA FINVEST LIMITED,2026-09-25,https://data.rbi.org.in/BOE/OpenDocument/opendoc/custom.jsp?iDocID=ARfEgy.WNSVIvFfvSIVmBCw&sIDType=CUID,Website,https://www.rupee112.com/,https://www.rupee112.com/,,9,0
MyMoneyBazaar,My Money Bazaar India Private Limited,"AASRA FINCORP PRIVATE LIMITED (NAME CHANGED ON MAY 14, 2019)",2026-09-25,https://data.rbi.org.in/BOE/OpenDocument/opendoc/custom.jsp?iDocID=ARfEgy.WNSVIvFfvSIVmBCw&sIDType=CUID,MyMoneyBazaar,https://mymoneybazaar.com/,https://mymoneybazaar.com/,,10,0
MyMoneyBazaar,My Money Bazaar India Private Limited,"AASRA FINCORP PRIVATE LIMITED (NAME CHANGED ON MAY 14, 2019)",2026-09-25,https://data.rbi.org.in/BOE/OpenDocument/opendoc/custom.jsp?iDocID=ARfEgy.WNSVIvFfvSIVmBCw&sIDType=CUID,MyMoneyBazaar,https://play.google.com/store/apps/details?id=com.my.moneybazzar,https://play.google.com/store/apps/details?id=com.my.moneybazzar,com.my.moneybazzar,11,0
KreditMart,KREDITMART SMARTPAY ADVISORY PRIVATE LIMITED,ABHAYKUMAR LEA-FIN & INVESTMENTS (PRIVATE) LIMITED,2026-09-25,https://data.rbi.org.in/BOE/OpenDocument/opendoc/custom.jsp?iDocID=ARfEgy.WNSVIvFfvSIVmBCw&sIDType=CUID,Website,https://kreditmart.loan,https://kreditmart.loan,,12,0
Kredit Mart Personal Loan App,KREDITMART SMARTPAY ADVISORY PRIVATE LIMITED,ABHAYKUMAR LEA-FIN & INVESTMENTS (PRIVATE) LIMITED,2026-09-25,https://data.rbi.org.in/BOE/OpenDocument/opendoc/custom.jsp?iDocID=ARfEgy.WNSVIvFfvSIVmBCw&sIDType=CUID,Google Play Store,https://kreditmart.loan,https://kreditmart.loan,,13,0
Loanontip,RRYO Private Limited,ACG LEASING LTD.,2026-09-25,https://data.rbi.org.in/BOE/OpenDocument/opendoc/custom.jsp?iDocID=ARfEgy.WNSVIvFfvSIVmBCw&sIDType=CUID,Website,https://loanontip.com/,https://loanontip.com/,,14,0
ACHIIEVERS QUICK GOLD LOAN,SELF-OWNED,ACHIIEVERS FINANCE INDIA PRIVATE LIMITED,2026-09-25,https://data.rbi.org.in/BOE/OpenDocument/opendoc/custom.jsp?iDocID=ARfEgy.WNSVIvFfvSIVmBCw&sIDType=CUID,Google Play Store,https://play.google.com/store/apps/details?id=com.dimensions.liveloancustomerafil,https://play.google.com/store/apps/details?id=com.dimensions.liveloancustomerafil,com.dimensions.liveloancustomerafil,15,0
ACHIIEVERS QUICK GOLD LOAN,SELF-OWNED,ACHIIEVERS FINANCE INDIA PRIVATE LIMITED,2026-09-25,https://data.rbi.org.in/BOE/OpenDocument/opendoc/custom.jsp?iDocID=ARfEgy.WNSVIvFfvSIVmBCw&sIDType=CUID,Website,https://www.achiieversquickgoldloan.com/apply-now/,https://www.achiieversquickgoldloan.com/apply-now/,,16,0
AFIL LLC,SELF-OWNED,ACHIIEVERS FINANCE INDIA PRIVATE LIMITED,2026-09-25,https://data.rbi.org.in/BOE/OpenDocument/opendoc/custom.jsp?iDocID=ARfEgy.WNSVIvFfvSIVmBCw&sIDType=CUID,Web App,https://cloud40.dimensionslive.com/AFILLLC/,https://cloud40.dimensionslive.com/AFILLLC/,,17,0
JHATPAT LOANS,SELF-OWNED,ACHIIEVERS FINANCE INDIA PRIVATE LIMITED,2026-09-25,https://data.rbi.org.in/BOE/OpenDocument/opendoc/custom.jsp?iDocID=ARfEgy.WNSVIvFfvSIVmBCw&sIDType=CUID,Google Play Store,https://play.google.com/store/apps/details?id=com.habile.cloudbankin.achiievers,https://play.google.com/store/apps/details?id=com.habile.cloudbankin.achiievers&pcampaignid=web_share,com.habile.cloudbankin.achiievers,18,0
JHATPAT LOANS,SELF-OWNED,ACHIIEVERS FINANCE INDIA PRIVATE LIMITED,2026-09-25,https://data.rbi.org.in/BOE/OpenDocument/opendoc/custom.jsp?iDocID=ARfEgy.WNSVIvFfvSIVmBCw&sIDType=CUID,IndusApp,https://play.google.com/store/apps/details?id=com.habile.cloudbankin.achiievers,https://www.indusappstore.com/apps/finance/jhatpat-loans/com.habile.cloudbankin.achiievers/?page=details&id=com.habile.cloudbankin.achiievers,com.habile.cloudbankin.achiievers,19,0
JHATPAT LOANS,SELF-OWNED,ACHIIEVERS FINANCE INDIA PRIVATE LIMITED,2026-09-25,https://data.rbi.org.in/BOE/OpenDocument/opendoc/custom.jsp?iDocID=ARfEgy.WNSVIvFfvSIVmBCw&sIDType=CUID,Web App,https://webapp.jhatpatloans.com/onboard/#/login/borrower,https://webapp.jhatpatloans.com/onboard/#/login/borrower,,20,0
JHATPAT LOANS,SELF-OWNED,ACHIIEVERS FINANCE INDIA PRIVATE LIMITED,2026-09-25,https://data.rbi.org.in/BOE/OpenDocument/opendoc/custom.jsp?iDocID=ARfEgy.WNSVIvFfvSIVmBCw&sIDType=CUID,Website,https://www.jhatpatloans.com/apply-loan,https://www.jhatpatloans.com/apply-loan,,21,0
Borrowera,Self Owned,ACOLYTE FINSERV LIMITED (EARLIER KNOWN AS GAGAN METALS LIMITED),2026-09-25,https://data.rbi.org.in/BOE/OpenDocument/opendoc/custom.jsp?iDocID=ARfEgy.WNSVIvFfvSIVmBCw&sIDType=CUID,https://www.borrowera.com/,https://www.borrowera.com/,https://www.borrowera.com/,,22,0
Credxpres,Self Owned,ACOLYTE FINSERV LIMITED (EARLIER KNOWN AS GAGAN METALS LIMITED),2026-09-25,https://data.rbi.org.in/BOE/OpenDocument/opendoc/custom.jsp?iDocID=ARfEgy.WNSVIvFfvSIVmBCw&sIDType=CUID,https://credxpres.com/,https://credxpres.com/,https://credxpres.com/,,23,0
Instant Paise,Self Owned,ACOLYTE FINSERV LIMITED (EARLIER KNOWN AS GAGAN METALS LIMITED),2026-09-25,https://data.rbi.org.in/BOE/OpenDocument/opendoc/custom.jsp?iDocID=ARfEgy.WNSVIvFfvSIVmBCw&sIDType=CUID,https://instantpaise.com/,https://instantpaise.com/,https://instantpaise.com/,,24,0
Loanfinserve,Self Owned,ACOLYTE FINSERV LIMITED (EARLIER KNOWN AS GAGAN METALS LIMITED),2026-09-25,https://data.rbi.org.in/BOE/OpenDocument/opendoc/custom.jsp?iDocID=ARfEgy.WNSVIvFfvSIVmBCw&sIDType=CUID,https://www.loanfinserve.com/,https://www.loanfinserve.com/,https://www.loanfinserve.com/,,25,0
Loan Mitraa,Self Owned,ACOLYTE FINSERV LIMITED (EARLIER KNOWN AS GAGAN METALS LIMITED),2026-09-25,https://data.rbi.org.in/BOE/OpenDocument/opendoc/custom.jsp?iDocID=ARfEgy.WNSVIvFfvSIVmBCw&sIDType=CUID,https://loanmitraa.com/,https://loanmitraa.com/,https://loanmitraa.com/,,26,0
Moneywalle,Self Owned,ACOLYTE FINSERV LIMITED (EARLIER KNOWN AS GAGAN METALS LIMITED),2026-09-25,https://data.rbi.org.in/BOE/OpenDocument/opendoc/custom.jsp?iDocID=ARfEgy.WNSVIvFfvSIVmBCw&sIDType=CUID,https://moneywalle.com/,https://moneywalle.com/,https://moneywalle.com/,,27,0
Perfect Paisa,Self Owned,ACOLYTE FINSERV LIMITED (EARLIER KNOWN AS GAGAN METALS LIMITED),2026-09-25,https://data.rbi.org.in/BOE/OpenDocument/opendoc/custom.jsp?iDocID=ARfEgy.WNSVIvFfvSIVmBCw&sIDType=CUID,https://perfect-paisa.com/,https://perfect-paisa.com/,https://perfect-paisa.com/,,28,0
Blink Credit,FINOVATEX TECHNOLOGIES PRIVATE LIMITED,ADITSH FINTECH PRIVATE LIMITED,2026-09-25,https://data.rbi.org.in/BOE/OpenDocument/opendoc/custom.jsp?iDocID=ARfEgy.WNSVIvFfvSIVmBCw&sIDType=CUID,Google Play Store,https://play.google.com/store/apps/details?id=com.core.service.safe.cred.link.pro.ncin.app,https://play.google.com/store/apps/details?id=com.core.service.safe.cred.link.pro.ncin.app,com.core.service.safe.cred.link.pro.ncin.app,29,0
Digital Eco system,Udyog Plus Digital Journey - ABCL,ADITYA BIRLA CAPITAL LIMITED (MERGED WITH ADITYA BIRLA FINANCE LIMITED),2026-09-25,https://data.rbi.org.in/BOE/OpenDocument/opendoc/custom.jsp?iDocID=ARfEgy.WNSVIvFfvSIVmBCw&sIDType=CUID,Website,https://udyogplus.adityabirlacapital.com/login?url=/instant-business-loan,https://udyogplus.adityabirlacapital.com/login?url=/instant-business-loan,,30,0
Aditya Birla Capital Digital?,?Aditya Birla Capital Digital?Limited,ADITYA BIRLA CAPITAL LIMITED (MERGED WITH ADITYA BIRLA FINANCE LIMITED),2026-09-25,https://data.rbi.org.in/BOE/OpenDocument/opendoc/custom.jsp?iDocID=ARfEgy.WNSVIvFfvSIVmBCw&sIDType=CUID,Apple App store,https://apps.apple.com/in/app/abcd-aditya-birla-capital-app/id6477909524,https://apps.apple.com/in/app/abcd-aditya-birla-capital-app/id6477909524,,31,0
Aditya Birla Capital Digital?,?Aditya Birla Capital Digital?Limited,ADITYA BIRLA CAPITAL LIMITED (MERGED WITH ADITYA BIRLA FINANCE LIMITED),2026-09-25,https://data.rbi.org.in/BOE/OpenDocument/opendoc/custom.jsp?iDocID=ARfEgy.WNSVIvFfvSIVmBCw&sIDType=CUID,Google Play Store,ABCD Aditya Birla Capital - Apps on Google Play,ABCD Aditya Birla Capital - Apps on Google Play,,32,0
Aditya Birla Capital Digital?,?Aditya Birla Capital Digital?Limited,ADITYA BIRLA CAPITAL LIMITED (MERGED WITH ADITYA BIRLA FINANCE LIMITED),2026-09-25,https://data.rbi.org.in/BOE/OpenDocument/opendoc/custom.jsp?iDocID=ARfEgy.WNSVIvFfvSIVmBCw&sIDType=CUID,Website,https://oneapp.abfldirect.com/epl/login?dsa_hash=8fe0ba1c6fcc8ff1d90f2158d8ff0166471f91b1145be9431843a0df7b00df66https://abcd.adityabirlacapital.com/PersonalLoan,https://oneapp.abfldirect.com/epl/login?dsa_hash=8fe0ba1c6fcc8ff1d90f2158d8ff0166471f91b1145be9431843a0df7b00df66https://abcd.adityabirlacapital.com/PersonalLoan,,33,0
Insta PL,?Self Owned (Aditya Birla Capital Limited),ADITYA BIRLA CAPITAL LIMITED (MERGED WITH ADITYA BIRLA FINANCE LIMITED),2026-09-25,https://data.rbi.org.in/BOE/OpenDocument/opendoc/custom.jsp?iDocID=ARfEgy.WNSVIvFfvSIVmBCw&sIDType=CUID,?Website,https://oneapp.abfldirect.com/epl/login?dsa_hash=79c341f193a8d0f14b2034a83644fd2347eb0571cd4e7c9d07cb81e978c37b1d,https://oneapp.abfldirect.com/epl/login?dsa_hash=79c341f193a8d0f14b2034a83644fd2347eb0571cd4e7c9d07cb81e978c37b1d,,34,0
Angel One's Super App,Angel One,ADITYA BIRLA CAPITAL LIMITED (MERGED WITH ADITYA BIRLA FINANCE LIMITED),2026-09-25,https://data.rbi.org.in/BOE/OpenDocument/opendoc/custom.jsp?iDocID=ARfEgy.WNSVIvFfvSIVmBCw&sIDType=CUID,Apple App Store,https://apps.apple.com/in/app/angel-one-stocks-mutual-fund/id1060530981,https://apps.apple.com/in/app/angel-one-stocks-mutual-fund/id1060530981,,35,0
Angel One's Super App,Angel One,ADITYA BIRLA CAPITAL LIMITED (MERGED WITH ADITYA BIRLA FINANCE LIMITED),2026-09-25,https://data.rbi.org.in/BOE/OpenDocument/opendoc/custom.jsp?iDocID=ARfEgy.WNSVIvFfvSIVmBCw&sIDType=CUID,Google Play Store,https://play.google.com/store/apps/details?id=com.msf.angelmobile,https://play.google.com/store/apps/details?id=com.msf.angelmobile&hl=en,com.msf.angelmobile,36,0
BharatPe for Business,Resilient Digi Services Private Limited,ADITYA BIRLA CAPITAL LIMITED (MERGED WITH ADITYA BIRLA FINANCE LIMITED),2026-09-25,https://data.rbi.org.in/BOE/OpenDocument/opendoc/custom.jsp?iDocID=ARfEgy.WNSVIvFfvSIVmBCw&sIDType=CUID,Apple App Store,https://apps.apple.com/in/app/bharatpe-for-business/id1329385873,https://apps.apple.com/in/app/bharatpe-for-business/id1329385873,,37,0
BharatPe for Business,Resilient Digi Services Private Limited,ADITYA BIRLA CAPITAL LIMITED (MERGED WITH ADITYA BIRLA FINANCE LIMITED),2026-09-25,https://data.rbi.org.in/BOE/OpenDocument/opendoc/custom.jsp?iDocID=ARfEgy.WNSVIvFfvSIVmBCw&sIDType=CUID,Google Play store,https://play.google.com/store/apps/details?id=com.bharatpe.app,https://play.google.com/store/apps/details?id=com.bharatpe.app&hl=en_IN&pli=1,com.bharatpe.app,38,0
Cred,Dreamplug Technologies Pvt. Ltd.,ADITYA BIRLA CAPITAL LIMITED (MERGED WITH ADITYA BIRLA FINANCE LIMITED),2026-09-25,https://data.rbi.org.in/BOE/OpenDocument/opendoc/custom.jsp?iDocID=ARfEgy.WNSVIvFfvSIVmBCw&sIDType=CUID,Apple App store,https://apps.apple.com/in/app/cred-credit-cards-bills-upi/id1428580080,https://apps.apple.com/in/app/cred-credit-cards-bills-upi/id1428580080,,39,0
Cred,Dreamplug Technologies Pvt. Ltd.,ADITYA BIRLA CAPITAL LIMITED (MERGED WITH ADITYA BIRLA FINANCE LIMITED),2026-09-25,https://data.rbi.org.in/BOE/OpenDocument/opendoc/custom.jsp?iDocID=ARfEgy.WNSVIvFfvSIVmBCw&sIDType=CUID,Google Play Store,https://play.google.com/store/apps/details?id=com.dreamplug.androidapp,https://play.google.com/store/apps/details?id=com.dreamplug.androidapp&hl=en_IN,com.dreamplug.androidapp,40,0
Cred,Dreamplug Technologies Pvt. Ltd.,ADITYA BIRLA CAPITAL LIMITED (MERGED WITH ADITYA BIRLA FINANCE LIMITED),2026-09-25,https://data.rbi.org.in/BOE/OpenDocument/opendoc/custom.jsp?iDocID=ARfEgy.WNSVIvFfvSIVmBCw&sIDType=CUID,Website,https://cred.club/,https://cred.club/,,41,0
Flexiloan,Epimoney Private Limited,ADITYA BIRLA CAPITAL LIMITED (MERGED WITH ADITYA BIRLA FINANCE LIMITED),2026-09-25,https://data.rbi.org.in/BOE/OpenDocument/opendoc/custom.jsp?iDocID=ARfEgy.WNSVIvFfvSIVmBCw&sIDType=CUID,Website,https://flexiloans.com,https://flexiloans.com,,42,0
Google Pay,Google India Digital Services Pvt Ltd,ADITYA BIRLA CAPITAL LIMITED (MERGED WITH ADITYA BIRLA FINANCE LIMITED),2026-09-25,https://data.rbi.org.in/BOE/OpenDocument/opendoc/custom.jsp?iDocID=ARfEgy.WNSVIvFfvSIVmBCw&sIDType=CUID,Apple App store,Apple App Store: https://gpay.app.goo.gl/1nmD,Apple App Store: https://gpay.app.goo.gl/1nmD,,43,0
Google Pay,Google India Digital Services Pvt Ltd,ADITYA BIRLA CAPITAL LIMITED (MERGED WITH ADITYA BIRLA FINANCE LIMITED),2026-09-25,https://data.rbi.org.in/BOE/OpenDocument/opendoc/custom.jsp?iDocID=ARfEgy.WNSVIvFfvSIVmBCw&sIDType=CUID,Google Play store,Google Play:??https://pay.google.com/intl/en_in/about/,Google Play:??https://pay.google.com/intl/en_in/about/,,44,0
Indifi,Indifi Technologies Private Limited,ADITYA BIRLA CAPITAL LIMITED (MERGED WITH ADITYA BIRLA FINANCE LIMITED),2026-09-25,https://data.rbi.org.in/BOE/OpenDocument/opendoc/custom.jsp?iDocID=ARfEgy.WNSVIvFfvSIVmBCw&sIDType=CUID,Website,https://www.indifi.com,https://www.indifi.com,,45,0
Kissht,OnEMI Technologies Solutions Limited,ADITYA BIRLA CAPITAL LIMITED (MERGED WITH ADITYA BIRLA FINANCE LIMITED),2026-09-25,https://data.rbi.org.in/BOE/OpenDocument/opendoc/custom.jsp?iDocID=ARfEgy.WNSVIvFfvSIVmBCw&sIDType=CUID,PlayStore,Kissht: Instant Personal Loans - Apps on Google Play,Kissht: Instant Personal Loans - Apps on Google Play,,46,0
Kissht IOS,OnEMI Technologies Solutions Limited,ADITYA BIRLA CAPITAL LIMITED (MERGED WITH ADITYA BIRLA FINANCE LIMITED),2026-09-25,https://data.rbi.org.in/BOE/OpenDocument/opendoc/custom.jsp?iDocID=ARfEgy.WNSVIvFfvSIVmBCw&sIDType=CUID,App store,https://apps.apple.com/in/app/kissht-personal-loan-app/id6752766331,https://apps.apple.com/in/app/kissht-personal-loan-app/id6752766331,,47,0
Kreditbee,Finnovation Tech Solutions Private Limited,ADITYA BIRLA CAPITAL LIMITED (MERGED WITH ADITYA BIRLA FINANCE LIMITED),2026-09-25,https://data.rbi.org.in/BOE/OpenDocument/opendoc/custom.jsp?iDocID=ARfEgy.WNSVIvFfvSIVmBCw&sIDType=CUID,Apple App Store,https://apps.apple.com/in/app/easy-personal-loan-kreditbee/id1488736283,https://apps.apple.com/in/app/easy-personal-loan-kreditbee/id1488736283,,48,0
Kreditbee,Finnovation Tech Solutions Private Limited,ADITYA BIRLA CAPITAL LIMITED (MERGED WITH ADITYA BIRLA FINANCE LIMITED),2026-09-25,https://data.rbi.org.in/BOE/OpenDocument/opendoc/custom.jsp?iDocID=ARfEgy.WNSVIvFfvSIVmBCw&sIDType=CUID,Google Play Store,https://play.google.com/store/apps/details?id=com.kreditbee.android,https://play.google.com/store/apps/details?id=com.kreditbee.android,com.kreditbee.android,49,0
Kreditbee,Finnovation Tech Solutions Private Limited,ADITYA BIRLA CAPITAL LIMITED (MERGED WITH ADITYA BIRLA FINANCE LIMITED),2026-09-25,https://data.rbi.org.in/BOE/OpenDocument/opendoc/custom.jsp?iDocID=ARfEgy.WNSVIvFfvSIVmBCw&sIDType=CUID,IndusApp,https://indusapp.store/9ip3i05q,https://indusapp.store/9ip3i05q,,50,0
Kreditbee,Finnovation Tech Solutions Private Limited,ADITYA BIRLA CAPITAL LIMITED (MERGED WITH ADITYA BIRLA FINANCE LIMITED),2026-09-25,https://data.rbi.org.in/BOE/OpenDocument/opendoc/custom.jsp?iDocID=ARfEgy.WNSVIvFfvSIVmBCw&sIDType=CUID,Mi App Store,https://play.google.com/store/apps/details?id=com.kreditbee.android,https://global.app.mi.com/details?lo=IN&la=en_US&id=com.kreditbee.android,com.kreditbee.android,51,0
Kreditbee,Finnovation Tech Solutions Private Limited,ADITYA BIRLA CAPITAL LIMITED (MERGED WITH ADITYA BIRLA FINANCE LIMITED),2026-09-25,https://data.rbi.org.in/BOE/OpenDocument/opendoc/custom.jsp?iDocID=ARfEgy.WNSVIvFfvSIVmBCw&sIDType=CUID,Oppo App Store,oaps://mk/dt?pkg=com.kreditbee.android&style=1,oaps://mk/dt?pkg=com.kreditbee.android&style=1,,52,0
Kreditbee,Finnovation Tech Solutions Private Limited,ADITYA BIRLA CAPITAL LIMITED (MERGED WITH ADITYA BIRLA FINANCE LIMITED),2026-09-25,https://data.rbi.org.in/BOE/OpenDocument/opendoc/custom.jsp?iDocID=ARfEgy.WNSVIvFfvSIVmBCw&sIDType=CUID,Samsung App Store,https://apps.samsung.com/appquery/appDetail.as?appId=com.kreditbee.android,https://apps.samsung.com/appquery/appDetail.as?appId=com.kreditbee.android,,53,0
Kreditbee,Finnovation Tech Solutions Private Limited,ADITYA BIRLA CAPITAL LIMITED (MERGED WITH ADITYA BIRLA FINANCE LIMITED),2026-09-25,https://data.rbi.org.in/BOE/OpenDocument/opendoc/custom.jsp?iDocID=ARfEgy.WNSVIvFfvSIVmBCw&sIDType=CUID,Vivo Market,https://play.google.com/store/apps/details?id=com.kreditbee.android,vivomarket://details?id=com.kreditbee.android,com.kreditbee.android,54,0
Kreditbee,Finnovation Tech Solutions Private Limited,ADITYA BIRLA CAPITAL LIMITED (MERGED WITH ADITYA BIRLA FINANCE LIMITED),2026-09-25,https://data.rbi.org.in/BOE/OpenDocument/opendoc/custom.jsp?iDocID=ARfEgy.WNSVIvFfvSIVmBCw&sIDType=CUID,Website,https://www.kreditbee.in/,https://www.kreditbee.in/,,55,0
LendingKart,Lendingkart Finance Limited,ADITYA BIRLA CAPITAL LIMITED (MERGED WITH ADITYA BIRLA FINANCE LIMITED),2026-09-25,https://data.rbi.org.in/BOE/OpenDocument/opendoc/custom.jsp?iDocID=ARfEgy.WNSVIvFfvSIVmBCw&sIDType=CUID,Website,https://www.lendingkart.com,https://www.lendingkart.com,,56,0
Moneyview,Moneyview Limited (formerly known as Whizdm Innovations Private Limited),ADITYA BIRLA CAPITAL LIMITED (MERGED WITH ADITYA BIRLA FINANCE LIMITED),2026-09-25,https://data.rbi.org.in/BOE/OpenDocument/opendoc/custom.jsp?iDocID=ARfEgy.WNSVIvFfvSIVmBCw&sIDType=CUID,Android,https://play.google.com/store/apps/details?id=com.whizdm.moneyview.loans,https://play.google.com/store/apps/details?id=com.whizdm.moneyview.loans&pcampaignid=web_share,com.whizdm.moneyview.loans,57,0
Moneyview,Moneyview Limited (formerly known as Whizdm Innovations Private Limited),ADITYA BIRLA CAPITAL LIMITED (MERGED WITH ADITYA BIRLA FINANCE LIMITED),2026-09-25,https://data.rbi.org.in/BOE/OpenDocument/opendoc/custom.jsp?iDocID=ARfEgy.WNSVIvFfvSIVmBCw&sIDType=CUID,IOS,https://apps.apple.com/in/app/moneyview-loans-credit-cards/id6468976019,https://apps.apple.com/in/app/moneyview-loans-credit-cards/id6468976019,,58,0
Paisabazaar,Paisabazaar Marketing And Consulting Pvt Ltd,ADITYA BIRLA CAPITAL LIMITED (MERGED WITH ADITYA BIRLA FINANCE LIMITED),2026-09-25,https://data.rbi.org.in/BOE/OpenDocument/opendoc/custom.jsp?iDocID=ARfEgy.WNSVIvFfvSIVmBCw&sIDType=CUID,Website / Google Play Store and Apple app?store,https://apps.apple.com/in/app/paisabazaar-com-loans-cards/id1029403201,https://apps.apple.com/in/app/paisabazaar-com-loans-cards/id1029403201,,59,0
Paisabazaar,Paisabazaar Marketing And Consulting Pvt Ltd,ADITYA BIRLA CAPITAL LIMITED (MERGED WITH ADITYA BIRLA FINANCE LIMITED),2026-09-25,https://data.rbi.org.in/BOE/OpenDocument/opendoc/custom.jsp?iDocID=ARfEgy.WNSVIvFfvSIVmBCw&sIDType=CUID,Website / Google Play Store and Apple app?store,https://play.google.com/store/apps/details?id=com.paisabazaar,https://play.google.com/store/apps/details?id=com.paisabazaar&hl=en_IN&pli=1,com.paisabazaar,60,0
Paytm,One97 Communications Limited,ADITYA BIRLA CAPITAL LIMITED (MERGED WITH ADITYA BIRLA FINANCE LIMITED),2026-09-25,https://data.rbi.org.in/BOE/OpenDocument/opendoc/custom.jsp?iDocID=ARfEgy.WNSVIvFfvSIVmBCw&sIDType=CUID,Apple App store,https://apps.apple.com/in/app/paytm/id473941634,https://apps.apple.com/in/app/paytm/id473941634,,61,0
Paytm,One97 Communications Limited,ADITYA BIRLA CAPITAL LIMITED (MERGED WITH ADITYA BIRLA FINANCE LIMITED),2026-09-25,https://data.rbi.org.in/BOE/OpenDocument/opendoc/custom.jsp?iDocID=ARfEgy.WNSVIvFfvSIVmBCw&sIDType=CUID,Google Play store,https://play.google.com/store/apps/details?id=net.one97.paytm,https://play.google.com/store/apps/details?id=net.one97.paytm,net.one97.paytm,62,0
Phone pe,PhonePe Lending Services Pvt Ltd,ADITYA BIRLA CAPITAL LIMITED (MERGED WITH ADITYA BIRLA FINANCE LIMITED),2026-09-25,https://data.rbi.org.in/BOE/OpenDocument/opendoc/custom.jsp?iDocID=ARfEgy.WNSVIvFfvSIVmBCw&sIDType=CUID,Apple App store,https://apps.apple.com/in/app/phonepe-secure-payments-app/id1170055821,https://apps.apple.com/in/app/phonepe-secure-payments-app/id1170055821,,63,0
Phone pe,PhonePe Lending Services Pvt Ltd,ADITYA BIRLA CAPITAL LIMITED (MERGED WITH ADITYA BIRLA FINANCE LIMITED),2026-09-25,https://data.rbi.org.in/BOE/OpenDocument/opendoc/custom.jsp?iDocID=ARfEgy.WNSVIvFfvSIVmBCw&sIDType=CUID,Google Play store,https://play.google.com/store/apps/details?id=com.phonepe.app,https://play.google.com/store/apps/details?id=com.phonepe.app&hl=en_IN,com.phonepe.app,64,0
Prefr,Dreamplug Technologies Private Limited,ADITYA BIRLA CAPITAL LIMITED (MERGED WITH ADITYA BIRLA FINANCE LIMITED),2026-09-25,https://data.rbi.org.in/BOE/OpenDocument/opendoc/custom.jsp?iDocID=ARfEgy.WNSVIvFfvSIVmBCw&sIDType=CUID,Apple App store,https://apps.apple.com/in/app/prefr-personal-loan-app-india/id6758143425,https://apps.apple.com/in/app/prefr-personal-loan-app-india/id6758143425,,65,0
Prefr,Dreamplug Technologies Private Limited,ADITYA BIRLA CAPITAL LIMITED (MERGED WITH ADITYA BIRLA FINANCE LIMITED),2026-09-25,https://data.rbi.org.in/BOE/OpenDocument/opendoc/custom.jsp?iDocID=ARfEgy.WNSVIvFfvSIVmBCw&sIDType=CUID,Google Play store,https://play.google.com/store/apps/dev?id=8232133924451524143&hl=en_IN,https://play.google.com/store/apps/dev?id=8232133924451524143&hl=en_IN,,66,0
Prefr,Dreamplug Technologies Private Limited,ADITYA BIRLA CAPITAL LIMITED (MERGED WITH ADITYA BIRLA FINANCE LIMITED),2026-09-25,https://data.rbi.org.in/BOE/OpenDocument/opendoc/custom.jsp?iDocID=ARfEgy.WNSVIvFfvSIVmBCw&sIDType=CUID,Website,https://prefr.com/,https://prefr.com/,,67,0
Propelld,Bluebear Technology Private Limited,ADITYA BIRLA CAPITAL LIMITED (MERGED WITH ADITYA BIRLA FINANCE LIMITED),2026-09-25,https://data.rbi.org.in/BOE/OpenDocument/opendoc/custom.jsp?iDocID=ARfEgy.WNSVIvFfvSIVmBCw&sIDType=CUID,Website,https://propelld.com/,https://propelld.com/,,68,0
Ring,OnEMI Technologies Solutions Limited,ADITYA BIRLA CAPITAL LIMITED (MERGED WITH ADITYA BIRLA FINANCE LIMITED),2026-09-25,https://data.rbi.org.in/BOE/OpenDocument/opendoc/custom.jsp?iDocID=ARfEgy.WNSVIvFfvSIVmBCw&sIDType=CUID,PlayStore,RING (by Kissht): Quick Loans - Apps on Google Play,RING (by Kissht): Quick Loans - Apps on Google Play,,69,0
AEON FAST (This is used only for generating pre-approval credit limit as of now),AEON Credit Service India Private Limited,AEON CREDIT SERVICE INDIA PRIVATE LIMITED,2026-09-25,https://data.rbi.org.in/BOE/OpenDocument/opendoc/custom.jsp?iDocID=ARfEgy.WNSVIvFfvSIVmBCw&sIDType=CUID,Google Play Store and IOS App Store,https://play.google.com/store/apps/details?id=com.stetig.aeon_mobile_app,https://play.google.com/store/apps/details?id=com.stetig.aeon_mobile_app&pcampaignid=web_share       https://apps.apple.com/in/app/aeon-fast/id6673896502?,com.stetig.aeon_mobile_app,70,0
InstaMoney,Roctogen Services Private Limited,AEROFLEX FINANCE PRIVATE LIMITED,2026-09-25,https://data.rbi.org.in/BOE/OpenDocument/opendoc/custom.jsp?iDocID=ARfEgy.WNSVIvFfvSIVmBCw&sIDType=CUID,Playstore,https://play.google.com/store/apps/details?id=com.innofinsolutions.instamoney,https://play.google.com/store/apps/details?id=com.innofinsolutions.instamoney&hl=en_IN&pli=1,com.innofinsolutions.instamoney,71,0
Right Rupee,Agaman Financial Private Limited,AGAMAN FINANCIAL SERVICES LIMITED,2026-09-25,https://data.rbi.org.in/BOE/OpenDocument/opendoc/custom.jsp?iDocID=ARfEgy.WNSVIvFfvSIVmBCw&sIDType=CUID,Website,https://www.rightrupee.com/apply-now.php,https://www.rightrupee.com/apply-now.php,,72,0
EASYFINCARE,Self-owned,AGARWAL ASSIGNMENTS PVT. LTD.,2026-09-25,https://data.rbi.org.in/BOE/OpenDocument/opendoc/custom.jsp?iDocID=ARfEgy.WNSVIvFfvSIVmBCw&sIDType=CUID,Website,https://www.easyfincare.com,https://www.easyfincare.com,,73,0
EASYRUPEE LOAN,WISTFUL FINANCE PRIVATE LIMITED,AGARWAL ASSIGNMENTS PVT. LTD.,2026-09-25,https://data.rbi.org.in/BOE/OpenDocument/opendoc/custom.jsp?iDocID=ARfEgy.WNSVIvFfvSIVmBCw&sIDType=CUID,Website,https://www.easyrupeeloan.com,https://www.easyrupeeloan.com,,74,0
EMI Wale,Self-owned,AGARWAL ASSIGNMENTS PVT. LTD.,2026-09-25,https://data.rbi.org.in/BOE/OpenDocument/opendoc/custom.jsp?iDocID=ARfEgy.WNSVIvFfvSIVmBCw&sIDType=CUID,Website,https://emiwalle.com,https://emiwalle.com,,75,0
EVERYDAY EMI,Self-owned,AGARWAL ASSIGNMENTS PVT. LTD.,2026-09-25,https://data.rbi.org.in/BOE/OpenDocument/opendoc/custom.jsp?iDocID=ARfEgy.WNSVIvFfvSIVmBCw&sIDType=CUID,Website,https://everydayemiloan.com,https://everydayemiloan.com,,76,0
LOAN WITHIN,Self-owned,AGARWAL ASSIGNMENTS PVT. LTD.,2026-09-25,https://data.rbi.org.in/BOE/OpenDocument/opendoc/custom.jsp?iDocID=ARfEgy.WNSVIvFfvSIVmBCw&sIDType=CUID,Website,https://www.loanwithin.com,https://www.loanwithin.com,,77,0
ZERO LOAN INTREST,Self-owned,AGARWAL ASSIGNMENTS PVT. LTD.,2026-09-25,https://data.rbi.org.in/BOE/OpenDocument/opendoc/custom.jsp?iDocID=ARfEgy.WNSVIvFfvSIVmBCw&sIDType=CUID,Website,https://www.zeroloaninterest.com,https://www.zeroloaninterest.com,,78,0
KREDBHARAT,TWOMINUTES FINTECH PRIVATE LIMITED,A.G.F. FINLEASE (INDIA) LIMITED,2026-09-25,https://data.rbi.org.in/BOE/OpenDocument/opendoc/custom.jsp?iDocID=ARfEgy.WNSVIvFfvSIVmBCw&sIDType=CUID,GOOGLE PLAY STORE,https://play.google.com/store/apps/details?id=com.twominutesfintech,https://play.google.com/store/apps/details?id=com.twominutesfintech,com.twominutesfintech,79,0
KREDBHARAT,TWOMINUTES FINTECH PRIVATE LIMITED,A.G.F. FINLEASE (INDIA) LIMITED,2026-09-25,https://data.rbi.org.in/BOE/OpenDocument/opendoc/custom.jsp?iDocID=ARfEgy.WNSVIvFfvSIVmBCw&sIDType=CUID,WEBSITE,https://kredbharat.com/,https://kredbharat.com/,,80,0
RULE MUDRA,TWOMINUTES FINTECH PRIVATE LIMITED,A.G.F. FINLEASE (INDIA) LIMITED,2026-09-25,https://data.rbi.org.in/BOE/OpenDocument/opendoc/custom.jsp?iDocID=ARfEgy.WNSVIvFfvSIVmBCw&sIDType=CUID,GOOGLE PLAY STORE,https://play.google.com/store/apps/details?id=com.rulemudra.loan,https://play.google.com/store/apps/details?id=com.rulemudra.loan,com.rulemudra.loan,81,0
RULE MUDRA,TWOMINUTES FINTECH PRIVATE LIMITED,A.G.F. FINLEASE (INDIA) LIMITED,2026-09-25,https://data.rbi.org.in/BOE/OpenDocument/opendoc/custom.jsp?iDocID=ARfEgy.WNSVIvFfvSIVmBCw&sIDType=CUID,WEBSITE,https://rulemudra.com/,https://rulemudra.com/,,82,0
AGI MONEEY,Agiwal Fintech Private Limited,AGIWAL FINANCE PRIVATE LIMITED (EARLIER KNOWN AS SURMIT INVESTMENTS PVT LTD).,2026-09-25,https://data.rbi.org.in/BOE/OpenDocument/opendoc/custom.jsp?iDocID=ARfEgy.WNSVIvFfvSIVmBCw&sIDType=CUID,App store,https://apps.apple.com/in/app/agi-moneey/id6771662067,https://apps.apple.com/in/app/agi-moneey/id6771662067,,83,0
AGI MONEEY,Agiwal Fintech Private Limited,AGIWAL FINANCE PRIVATE LIMITED (EARLIER KNOWN AS SURMIT INVESTMENTS PVT LTD).,2026-09-25,https://data.rbi.org.in/BOE/OpenDocument/opendoc/custom.jsp?iDocID=ARfEgy.WNSVIvFfvSIVmBCw&sIDType=CUID,Google Play Store,https://play.google.com/store/apps/details?id=com.agimoneeyloan.app,https://play.google.com/store/apps/details?id=com.agimoneeyloan.app,com.agimoneeyloan.app,84,0
AGI MONEEY,Agiwal Fintech Private Limited,AGIWAL FINANCE PRIVATE LIMITED (EARLIER KNOWN AS SURMIT INVESTMENTS PVT LTD).,2026-09-25,https://data.rbi.org.in/BOE/OpenDocument/opendoc/custom.jsp?iDocID=ARfEgy.WNSVIvFfvSIVmBCw&sIDType=CUID,Website,https://admin.agimoneey.com/,https://admin.agimoneey.com/,,85,0
Swipe Loan,KGIL Fintech Solutions Private Limited,AGRIM FINCAP PVT.LTD.,2026-09-25,https://data.rbi.org.in/BOE/OpenDocument/opendoc/custom.jsp?iDocID=ARfEgy.WNSVIvFfvSIVmBCw&sIDType=CUID,Website,https://swipeloan.in,https://swipeloan.in,,86,0
5minuteloan,Self-owned,AGRIM FINCAP PVT.LTD.,2026-09-25,https://data.rbi.org.in/BOE/OpenDocument/opendoc/custom.jsp?iDocID=ARfEgy.WNSVIvFfvSIVmBCw&sIDType=CUID,Website,https://www.5minuteloan.com,www.5minuteloan.com,,87,0
Paisaanytime,Self-owned,AGRIM FINCAP PVT.LTD.,2026-09-25,https://data.rbi.org.in/BOE/OpenDocument/opendoc/custom.jsp?iDocID=ARfEgy.WNSVIvFfvSIVmBCw&sIDType=CUID,Website,https://www.paisaanytime.com,www.paisaanytime.com,,88,0
Rupyalelo,Self-owned,AGRIM FINCAP PVT.LTD.,2026-09-25,https://data.rbi.org.in/BOE/OpenDocument/opendoc/custom.jsp?iDocID=ARfEgy.WNSVIvFfvSIVmBCw&sIDType=CUID,Website,https://www.rupyalelo.com,www.rupyalelo.com,,89,0
Shreeloan,Self-owned,AGRIM FINCAP PVT.LTD.,2026-09-25,https://data.rbi.org.in/BOE/OpenDocument/opendoc/custom.jsp?iDocID=ARfEgy.WNSVIvFfvSIVmBCw&sIDType=CUID,Website,https://www.shreeloan.com,www.shreeloan.com,,90,0
Speedoloan,Self-owned,AGRIM FINCAP PVT.LTD.,2026-09-25,https://data.rbi.org.in/BOE/OpenDocument/opendoc/custom.jsp?iDocID=ARfEgy.WNSVIvFfvSIVmBCw&sIDType=CUID,Play Store,https://play.google.com/store/apps/details?id=com.speedoloan.speedoloan,https://play.google.com/store/apps/details?id=com.speedoloan.speedoloan&hl=en_IN,com.speedoloan.speedoloan,91,0
Speedoloan,Self-owned,AGRIM FINCAP PVT.LTD.,2026-09-25,https://data.rbi.org.in/BOE/OpenDocument/opendoc/custom.jsp?iDocID=ARfEgy.WNSVIvFfvSIVmBCw&sIDType=CUID,Website,https://www.speedoloan.com,www.speedoloan.com,,92,0
True Fund,Self-owned,AGRIM FINCAP PVT.LTD.,2026-09-25,https://data.rbi.org.in/BOE/OpenDocument/opendoc/custom.jsp?iDocID=ARfEgy.WNSVIvFfvSIVmBCw&sIDType=CUID,Website,https://truefund.in/,https://truefund.in/,,93,0
Airtel App,Xtelify Limited,AIRTEL MONEY LIMITED,2026-09-25,https://data.rbi.org.in/BOE/OpenDocument/opendoc/custom.jsp?iDocID=ARfEgy.WNSVIvFfvSIVmBCw&sIDType=CUID,Google Play store/App store,https://play.google.com/store/apps/details?id=com.myairtelapp,https://play.google.com/store/apps/details?id=com.myairtelapp&hl=en_IN&gl=US and https://apps.apple.com/us/app/airtel-thanks-recharge-upi/id543184334,com.myairtelapp,94,0
Indialends,GC Web Ventures Private Limited,AKARA CAPITAL ADVISORS PRIVATE LIMITED,2026-09-25,https://data.rbi.org.in/BOE/OpenDocument/opendoc/custom.jsp?iDocID=ARfEgy.WNSVIvFfvSIVmBCw&sIDType=CUID,Apple Appstore,https://apps.apple.com/in/app/indialends-loans-credit-score/id1163514601,https://apps.apple.com/in/app/indialends-loans-credit-score/id1163514601,,95,0
Indialends,GC Web Ventures Private Limited,AKARA CAPITAL ADVISORS PRIVATE LIMITED,2026-09-25,https://data.rbi.org.in/BOE/OpenDocument/opendoc/custom.jsp?iDocID=ARfEgy.WNSVIvFfvSIVmBCw&sIDType=CUID,Google Playstore,https://play.google.com/store/apps/details?id=com.indialends.android,https://play.google.com/store/apps/details?id=com.indialends.android&hl=en,com.indialends.android,96,0
Indialends,GC Web Ventures Private Limited,AKARA CAPITAL ADVISORS PRIVATE LIMITED,2026-09-25,https://data.rbi.org.in/BOE/OpenDocument/opendoc/custom.jsp?iDocID=ARfEgy.WNSVIvFfvSIVmBCw&sIDType=CUID,Website,https://indialends.com/,https://indialends.com/,,97,0
Mint Money,HT Digital Streams Limited,AKARA CAPITAL ADVISORS PRIVATE LIMITED,2026-09-25,https://data.rbi.org.in/BOE/OpenDocument/opendoc/custom.jsp?iDocID=ARfEgy.WNSVIvFfvSIVmBCw&sIDType=CUID,Apple Appstore,https://apps.apple.com/in/app/mint-money-credit-score-loans/id6751579585,https://apps.apple.com/in/app/mint-money-credit-score-loans/id6751579585,,98,0
Mint Money,HT Digital Streams Limited,AKARA CAPITAL ADVISORS PRIVATE LIMITED,2026-09-25,https://data.rbi.org.in/BOE/OpenDocument/opendoc/custom.jsp?iDocID=ARfEgy.WNSVIvFfvSIVmBCw&sIDType=CUID,Google Playstore,https://play.google.com/store/apps/details?id=com.htmintmoney,https://play.google.com/store/apps/details?id=com.htmintmoney,com.htmintmoney,99,0
Mint Money,HT Digital Streams Limited,AKARA CAPITAL ADVISORS PRIVATE LIMITED,2026-09-25,https://data.rbi.org.in/BOE/OpenDocument/opendoc/custom.jsp?iDocID=ARfEgy.WNSVIvFfvSIVmBCw&sIDType=CUID,Website,https://www.livemintmoney.com,www.livemintmoney.com,,100,0
Stashfin,EQX Analytics Private Limited,AKARA CAPITAL ADVISORS PRIVATE LIMITED,2026-09-25,https://data.rbi.org.in/BOE/OpenDocument/opendoc/custom.jsp?iDocID=ARfEgy.WNSVIvFfvSIVmBCw&sIDType=CUID,Apple Appstore,https://apps.apple.com/in/app/stashfin-loans-bonds-more/id1276990457,https://apps.apple.com/in/app/stashfin-loans-bonds-more/id1276990457,,101,0
Stashfin,EQX Analytics Private Limited,AKARA CAPITAL ADVISORS PRIVATE LIMITED,2026-09-25,https://data.rbi.org.in/BOE/OpenDocument/opendoc/custom.jsp?iDocID=ARfEgy.WNSVIvFfvSIVmBCw&sIDType=CUID,Google Playstore,https://play.google.com/store/search?q=stashfin&amp;c=apps,https://play.google.com/store/search?q=stashfin&amp;c=apps,,102,0
Stashfin,EQX Analytics Private Limited,AKARA CAPITAL ADVISORS PRIVATE LIMITED,2026-09-25,https://data.rbi.org.in/BOE/OpenDocument/opendoc/custom.jsp?iDocID=ARfEgy.WNSVIvFfvSIVmBCw&sIDType=CUID,Website,https://www.stashfin.com/,https://www.stashfin.com/,,103,0
Turtlemint Loans,Turtlemint Fintech Solutions Limited,AKARA CAPITAL ADVISORS PRIVATE LIMITED,2026-09-25,https://data.rbi.org.in/BOE/OpenDocument/opendoc/custom.jsp?iDocID=ARfEgy.WNSVIvFfvSIVmBCw&sIDType=CUID,Website,https://turtlemintloans.com/loans,https://turtlemintloans.com/loans,,104,0
PocketRupee,PHRENOLOGICAL INFO AUDIT AND APP SOLUTION PRIVATE LIMITED,ALLEN'S HOUSING  & FINANCE LTD,2026-09-25,https://data.rbi.org.in/BOE/OpenDocument/opendoc/custom.jsp?iDocID=ARfEgy.WNSVIvFfvSIVmBCw&sIDType=CUID,Google Play Store,https://play.google.com/store/apps/details?id=com.pocket.rupee.deal,https://play.google.com/store/apps/details?id=com.pocket.rupee.deal,com.pocket.rupee.deal,105,0
PocketRupee,PHRENOLOGICAL INFO AUDIT AND APP SOLUTION PRIVATE LIMITED,ALLEN'S HOUSING  & FINANCE LTD,2026-09-25,https://data.rbi.org.in/BOE/OpenDocument/opendoc/custom.jsp?iDocID=ARfEgy.WNSVIvFfvSIVmBCw&sIDType=CUID,iOS App Store,https://apps.apple.com/in/app/dinerolisto/id6780918242,https://apps.apple.com/in/app/dinerolisto/id6780918242,,106,0
AssistFin Technologies Private Limited,Self-owned,ALTURA FINANCIAL SERVICES LIMITED,2026-09-25,https://data.rbi.org.in/BOE/OpenDocument/opendoc/custom.jsp?iDocID=ARfEgy.WNSVIvFfvSIVmBCw&sIDType=CUID,Website,https://loanone.in/,https://loanone.in/,,107,0
Nextfin: Instant Loan,Amar Amba Finance Hire Purchase Pvt Ltd,AMAR AMBA FINANCE HIRE PURCHASE PRIVATE LIMITED,2026-09-25,https://data.rbi.org.in/BOE/OpenDocument/opendoc/custom.jsp?iDocID=ARfEgy.WNSVIvFfvSIVmBCw&sIDType=CUID,App Store,https://apps.apple.com/in/app/nextfin-instant-loans/id1602053613,https://apps.apple.com/in/app/nextfin-instant-loans/id1602053613,,108,0
Nextfin: Instant Loan,Amar Amba Finance Hire Purchase Pvt Ltd,AMAR AMBA FINANCE HIRE PURCHASE PRIVATE LIMITED,2026-09-25,https://data.rbi.org.in/BOE/OpenDocument/opendoc/custom.jsp?iDocID=ARfEgy.WNSVIvFfvSIVmBCw&sIDType=CUID,Google Play Store,https://play.google.com/store/apps/details?id=in.nextfin.app,https://play.google.com/store/apps/details?id=in.nextfin.app,in.nextfin.app,109,0
Nextfin: Instant Loan,Amar Amba Finance Hire Purchase Pvt Ltd,AMAR AMBA FINANCE HIRE PURCHASE PRIVATE LIMITED,2026-09-25,https://data.rbi.org.in/BOE/OpenDocument/opendoc/custom.jsp?iDocID=ARfEgy.WNSVIvFfvSIVmBCw&sIDType=CUID,Website,https://www.nextfin.in/,https://www.nextfin.in/,,110,0
Get it Now,Kapiital kapslock Private Limited,AMARAVATHI FINANCIAL SOLUTIONS PRIVATE LIMITED,2026-09-25,https://data.rbi.org.in/BOE/OpenDocument/opendoc/custom.jsp?iDocID=ARfEgy.WNSVIvFfvSIVmBCw&sIDType=CUID,Google Playstore,https://play.google.com/store/apps/details?id=com.kapiital.getitnow,https://play.google.com/store/apps/details?id=com.kapiital.getitnow&hl=en_IN,com.kapiital.getitnow,111,0
WeRize Customer App,Wortgage Technologies Pvt Ltd,AMBIT FINVEST PVT. LTD. (FORMERLY - AMBIT RETAIL FINANCE PVT. LTD.),2026-09-25,https://data.rbi.org.in/BOE/OpenDocument/opendoc/custom.jsp?iDocID=ARfEgy.WNSVIvFfvSIVmBCw&sIDType=CUID,Google Play Store,https://play.google.com/store/apps/details?id=com.moneyonclick.customerapp,https://play.google.com/store/apps/details?id=com.moneyonclick.customerapp,com.moneyonclick.customerapp,112,0
Finsall,Finsall Resources Private Limited,AMICA FINANCE PRIVATE LIMITED,2026-09-25,https://data.rbi.org.in/BOE/OpenDocument/opendoc/custom.jsp?iDocID=ARfEgy.WNSVIvFfvSIVmBCw&sIDType=CUID,"Website, Google Play store and Apple App Store","https://www.finsall.com/Finsall, Finsall - Apps on Google Play, - https://apps.apple.com/in/app/finsall/id155341993","www.finsall.com/Finsall, Finsall - Apps on Google Play, - https://apps.apple.com/in/app/finsall/id155341993",,113,0
Jupiter,Amica Financial Technologies Private Limited,AMICA FINANCE PRIVATE LIMITED,2026-09-25,https://data.rbi.org.in/BOE/OpenDocument/opendoc/custom.jsp?iDocID=ARfEgy.WNSVIvFfvSIVmBCw&sIDType=CUID,Google Play store and Apple App Store,https://play.google.com/store/apps/details?id=money.jupiter,"https://play.google.com/store/apps/details?id=money.jupiter, https://apps.apple.com/in/app/jupiter-cards-upi-banking/id1507748747",money.jupiter,114,0
Khatabook,ADJ Utility Apps Private Limited,AMICA FINANCE PRIVATE LIMITED,2026-09-25,https://data.rbi.org.in/BOE/OpenDocument/opendoc/custom.jsp?iDocID=ARfEgy.WNSVIvFfvSIVmBCw&sIDType=CUID,Google Play store and Apple App Store,https://play.google.com/store/apps/details?id=com.vaibhavkalpe.android.khatabook,1. https://play.google.com/store/apps/details?id=com.vaibhavkalpe.android.khatabook&pcampaignid=web_share; 2. https://apps.apple.com/in/app/khatabook-vyapar-app/id1488204139,com.vaibhavkalpe.android.khatabook,115,0
F1 Speed Loan,Self Owned,AMPIRE FINANCE PRIVATE LIMITED (EARLIER KNOWN AS MAULESH INVESTMENTS PRIVATE LIMITED),2026-09-25,https://data.rbi.org.in/BOE/OpenDocument/opendoc/custom.jsp?iDocID=ARfEgy.WNSVIvFfvSIVmBCw&sIDType=CUID,Website,https://f1speedloan.com/,https://f1speedloan.com/,,116,0
Fast Paise,Self Owned,AMPIRE FINANCE PRIVATE LIMITED (EARLIER KNOWN AS MAULESH INVESTMENTS PRIVATE LIMITED),2026-09-25,https://data.rbi.org.in/BOE/OpenDocument/opendoc/custom.jsp?iDocID=ARfEgy.WNSVIvFfvSIVmBCw&sIDType=CUID,Website,https://fastpaise.ai/,https://fastpaise.ai/,,117,0
Fundsb4salary,Self Owned,AMPIRE FINANCE PRIVATE LIMITED (EARLIER KNOWN AS MAULESH INVESTMENTS PRIVATE LIMITED),2026-09-25,https://data.rbi.org.in/BOE/OpenDocument/opendoc/custom.jsp?iDocID=ARfEgy.WNSVIvFfvSIVmBCw&sIDType=CUID,Website,http://fundsb4salary.com/,http://fundsb4salary.com/,,118,0
Fundsbull,Self Owned,AMPIRE FINANCE PRIVATE LIMITED (EARLIER KNOWN AS MAULESH INVESTMENTS PRIVATE LIMITED),2026-09-25,https://data.rbi.org.in/BOE/OpenDocument/opendoc/custom.jsp?iDocID=ARfEgy.WNSVIvFfvSIVmBCw&sIDType=CUID,Website,http://fundsbull.com/,http://fundsbull.com/,,119,0
QuickOneLoan,Self Owned,AMPIRE FINANCE PRIVATE LIMITED (EARLIER KNOWN AS MAULESH INVESTMENTS PRIVATE LIMITED),2026-09-25,https://data.rbi.org.in/BOE/OpenDocument/opendoc/custom.jsp?iDocID=ARfEgy.WNSVIvFfvSIVmBCw&sIDType=CUID,Website,https://quickoneloan.com/,https://quickoneloan.com/,,120,0
Salary Adda,Self Owned,AMPIRE FINANCE PRIVATE LIMITED (EARLIER KNOWN AS MAULESH INVESTMENTS PRIVATE LIMITED),2026-09-25,https://data.rbi.org.in/BOE/OpenDocument/opendoc/custom.jsp?iDocID=ARfEgy.WNSVIvFfvSIVmBCw&sIDType=CUID,Website,https://salaryadda.com/,https://salaryadda.com/,,121,0
Salary Setu,Self Owned,AMPIRE FINANCE PRIVATE LIMITED (EARLIER KNOWN AS MAULESH INVESTMENTS PRIVATE LIMITED),2026-09-25,https://data.rbi.org.in/BOE/OpenDocument/opendoc/custom.jsp?iDocID=ARfEgy.WNSVIvFfvSIVmBCw&sIDType=CUID,Website,https://salarysetu.com/,https://salarysetu.com/,,122,0
Snap Paisa,Self Owned,AMPIRE FINANCE PRIVATE LIMITED (EARLIER KNOWN AS MAULESH INVESTMENTS PRIVATE LIMITED),2026-09-25,https://data.rbi.org.in/BOE/OpenDocument/opendoc/custom.jsp?iDocID=ARfEgy.WNSVIvFfvSIVmBCw&sIDType=CUID,Website,https://snappaisa.com/,https://snappaisa.com/,,123,0
Credbuddy,Self owned,AMPIRE FINANCE PRIVATE LIMITED( FORMERLY KNOWN AS MAULESH INVESTMENT PRIVATE LTD),2026-09-25,https://data.rbi.org.in/BOE/OpenDocument/opendoc/custom.jsp?iDocID=ARfEgy.WNSVIvFfvSIVmBCw&sIDType=CUID,Website,https://thecredbuddy.com/,https://thecredbuddy.com/,,124,0
F 1 Speed Loan,Self Owned,AMPIRE FINANCE PRIVATE LIMITED( FORMERLY KNOWN AS MAULESH INVESTMENT PRIVATE LTD),2026-09-25,https://data.rbi.org.in/BOE/OpenDocument/opendoc/custom.jsp?iDocID=ARfEgy.WNSVIvFfvSIVmBCw&sIDType=CUID,Website,https://f1speedloan.com/,https://f1speedloan.com/,,125,0
Fast Paisa,Self Owned,AMPIRE FINANCE PRIVATE LIMITED( FORMERLY KNOWN AS MAULESH INVESTMENT PRIVATE LTD),2026-09-25,https://data.rbi.org.in/BOE/OpenDocument/opendoc/custom.jsp?iDocID=ARfEgy.WNSVIvFfvSIVmBCw&sIDType=CUID,Website,https://fastpaise.in/,https://fastpaise.in/,,126,0
Salary Adda,Self Owned,AMPIRE FINANCE PRIVATE LIMITED( FORMERLY KNOWN AS MAULESH INVESTMENT PRIVATE LTD),2026-09-25,https://data.rbi.org.in/BOE/OpenDocument/opendoc/custom.jsp?iDocID=ARfEgy.WNSVIvFfvSIVmBCw&sIDType=CUID,Website,https://salaryadda.com/,https://salaryadda.com/,,127,0
Salary Setu,Self Owned,AMPIRE FINANCE PRIVATE LIMITED( FORMERLY KNOWN AS MAULESH INVESTMENT PRIVATE LTD),2026-09-25,https://data.rbi.org.in/BOE/OpenDocument/opendoc/custom.jsp?iDocID=ARfEgy.WNSVIvFfvSIVmBCw&sIDType=CUID,Website,https://salarysetu.com/,https://salarysetu.com/,,128,0
Snap Paisa,Self Owned,AMPIRE FINANCE PRIVATE LIMITED( FORMERLY KNOWN AS MAULESH INVESTMENT PRIVATE LTD),2026-09-25,https://data.rbi.org.in/BOE/OpenDocument/opendoc/custom.jsp?iDocID=ARfEgy.WNSVIvFfvSIVmBCw&sIDType=CUID,Website,https://www.snappaisa.com/,https://www.snappaisa.com/,,129,0
Anand Rathi Global Finance Limited,Self owned,ANAND RATHI GLOBAL FINANCE  LTD. (FORMERLY - RATHI GLOBAL FINANCE  LTD.),2026-09-25,https://data.rbi.org.in/BOE/OpenDocument/opendoc/custom.jsp?iDocID=ARfEgy.WNSVIvFfvSIVmBCw&sIDType=CUID,Website,https://digitallas.rathi.com/.,https://digitallas.rathi.com/.,,130,0
Angel One,Angel One Limited,ANGEL FINCAP PRIVATE LIMITED,2026-09-25,https://data.rbi.org.in/BOE/OpenDocument/opendoc/custom.jsp?iDocID=ARfEgy.WNSVIvFfvSIVmBCw&sIDType=CUID,Google Play Store,https://play.google.com/store/apps/details?id=com.msf.angelmobile,https://protect.checkpoint.com/v2/r05/___https://play.google.com/store/apps/details?id=com.msf.angelmobile&hl=en_IN___.YXBzMTphbmdlbG9uZTpjOm86MmNmMjI2MTgzMWVhZTM2ZGE1OTMxYzYyNzI5Yjc4ZGE6Nzo0NTNkOjEyMmE1ZDYxZTlhNmE5NmNiYzExODQwODA1NzhlNDMwZDA0MGJiYzc3ZmQ2ODAzN2E2NzQ2OWVjZWJjODE0MTI6dDpGOkY,com.msf.angelmobile,131,0
Angel One,Angel One Limited,ANGEL FINCAP PRIVATE LIMITED,2026-09-25,https://data.rbi.org.in/BOE/OpenDocument/opendoc/custom.jsp?iDocID=ARfEgy.WNSVIvFfvSIVmBCw&sIDType=CUID,Apple app store,https://protect.checkpoint.com/v2/r05/___https://apps.apple.com/in/app/angel-one-stocks-mutual-fund/id1060530981___.YXBzMTphbmdlbG9uZTpjOm86MmNmMjI2MTgzMWVhZTM2ZGE1OTMxYzYyNzI5Yjc4ZGE6Nzo2NWQ2OjljNDg2NjZjZjBjOGUwMjFlNjgwMDdiZTU3MDFiZTU4YmU3YWE5MjhkMWYwMWFjY2NlMTAwNWU1MGYxNTQ2NzU6dDpGOkY,https://protect.checkpoint.com/v2/r05/___https://apps.apple.com/in/app/angel-one-stocks-mutual-fund/id1060530981___.YXBzMTphbmdlbG9uZTpjOm86MmNmMjI2MTgzMWVhZTM2ZGE1OTMxYzYyNzI5Yjc4ZGE6Nzo2NWQ2OjljNDg2NjZjZjBjOGUwMjFlNjgwMDdiZTU3MDFiZTU4YmU3YWE5MjhkMWYwMWFjY2NlMTAwNWU1MGYxNTQ2NzU6dDpGOkY,,132,0
AbhiRupee,Dhairya Management Services Private Limited,ANUPAM FINSERV LIMITED (FORMERLY VANTAGE CORPORATE SERVICES LTD),2026-09-25,https://data.rbi.org.in/BOE/OpenDocument/opendoc/custom.jsp?iDocID=ARfEgy.WNSVIvFfvSIVmBCw&sIDType=CUID,Apple Appstore,https://abhirupee.com/,https://abhirupee.com/,,133,0
Omozing Personal Loans,Aparampaar Finance Private Limited,APARAMPAAR FINANCE PRIVATE LIMITED,2026-09-25,https://data.rbi.org.in/BOE/OpenDocument/opendoc/custom.jsp?iDocID=ARfEgy.WNSVIvFfvSIVmBCw&sIDType=CUID,Play Store,https://play.google.com/store/apps/details?id=com.omozing_developers.omozing_updated,https://play.google.com/store/apps/details?id=com.omozing_developers.omozing_updated,com.omozing_developers.omozing_updated,134,0
Airpay Capital,Airpay Payment Services Private Limited,APOLLO FINVEST (INDIA) LTD.,2026-09-25,https://data.rbi.org.in/BOE/OpenDocument/opendoc/custom.jsp?iDocID=ARfEgy.WNSVIvFfvSIVmBCw&sIDType=CUID,Google Play Store,https://play.google.com/store/apps/details?id=com.airpay.capital,https://play.google.com/store/apps/details?id=com.airpay.capital&hl=en_IN,com.airpay.capital,135,0
Apollo Cash,Self-owned,APOLLO FINVEST (INDIA) LTD.,2026-09-25,https://data.rbi.org.in/BOE/OpenDocument/opendoc/custom.jsp?iDocID=ARfEgy.WNSVIvFfvSIVmBCw&sIDType=CUID,Google Playstore,https://play.google.com/store/apps/details?id=com.ApolloApp,https://play.google.com/store/ apps/details? id=com.ApolloApp&pcampaig nid=web_share,com.ApolloApp,136,0
FatakPay,FatakPay Digital Private Limited,APOLLO FINVEST (INDIA) LTD.,2026-09-25,https://data.rbi.org.in/BOE/OpenDocument/opendoc/custom.jsp?iDocID=ARfEgy.WNSVIvFfvSIVmBCw&sIDType=CUID,Apple Appstore,https://apps.apple.com/in/app/fatakpay/id6468567795,https://apps.apple.com/in/app/fatakpay/id6468567795,,137,0
FatakPay,FatakPay Digital Private Limited,APOLLO FINVEST (INDIA) LTD.,2026-09-25,https://data.rbi.org.in/BOE/OpenDocument/opendoc/custom.jsp?iDocID=ARfEgy.WNSVIvFfvSIVmBCw&sIDType=CUID,Google Playstore,https://play.google.com/store/apps/details?id=com.fatakpay,https://play.google.com/store/apps/details?id=com.fatakpay&gl=in,com.fatakpay,138,0
FatakPay,FatakPay Digital Private Limited,APOLLO FINVEST (INDIA) LTD.,2026-09-25,https://data.rbi.org.in/BOE/OpenDocument/opendoc/custom.jsp?iDocID=ARfEgy.WNSVIvFfvSIVmBCw&sIDType=CUID,Website,https://fatakpay.com/,https://fatakpay.com/,,139,0
GrowFi loan aggregator app,Gaman Technologies Pvt Ltd. ( Self- owned),APOLLO FINVEST (INDIA) LTD.,2026-09-25,https://data.rbi.org.in/BOE/OpenDocument/opendoc/custom.jsp?iDocID=ARfEgy.WNSVIvFfvSIVmBCw&sIDType=CUID,Google Play Store,https://play.google.com/store/search?q=growfi&c=apps&hl=en_IN,https://play.google.com/store/search?q=growfi&c=apps&hl=en_IN,,140,0
GrowFi loan aggregator app,Gaman Technologies Pvt Ltd. ( Self- owned),APOLLO FINVEST (INDIA) LTD.,2026-09-25,https://data.rbi.org.in/BOE/OpenDocument/opendoc/custom.jsp?iDocID=ARfEgy.WNSVIvFfvSIVmBCw&sIDType=CUID,Website,https://growfi.app/,https://growfi.app/,,141,0
Loanmax,LOANMAX ADVISORY LLP,APOLLO FINVEST (INDIA) LTD.,2026-09-25,https://data.rbi.org.in/BOE/OpenDocument/opendoc/custom.jsp?iDocID=ARfEgy.WNSVIvFfvSIVmBCw&sIDType=CUID,Google Play Store,https://play.google.com/store/apps/details?id=com.loanmax,https://play.google.com/store/apps/details?id=com.loanmax&hl=en_IN,com.loanmax,142,0
NIRA,SHUHARI TECH VENTURES PRIVATE LIMITED,APOLLO FINVEST (INDIA) LTD.,2026-09-25,https://data.rbi.org.in/BOE/OpenDocument/opendoc/custom.jsp?iDocID=ARfEgy.WNSVIvFfvSIVmBCw&sIDType=CUID,Apple Appstore,https://play.google.com/store/search?q=nira&c=apps&gl=in,https://play.google.com/store/search?q=nira&c=apps&gl=in,,143,0
WeRize,Wortgage Technologies Private Limited,APOLLO FINVEST (INDIA) LTD.,2026-09-25,https://data.rbi.org.in/BOE/OpenDocument/opendoc/custom.jsp?iDocID=ARfEgy.WNSVIvFfvSIVmBCw&sIDType=CUID,Google Play store,https://play.google.com/store/apps/details?id=com.mocpartnerportal,https://play.google.com/store/apps/details?id=com.mocpartnerportal,com.mocpartnerportal,144,0
WeRize,Wortgage Technologies Private Limited,APOLLO FINVEST (INDIA) LTD.,2026-09-25,https://data.rbi.org.in/BOE/OpenDocument/opendoc/custom.jsp?iDocID=ARfEgy.WNSVIvFfvSIVmBCw&sIDType=CUID,Website,https://partner.werize.com/LandingPage,https://partner.werize.com/LandingPage,,145,0
Credfin: Instant Personal Loans,Credfin Services Private Limited,ARHAM FINANCE & INVESTMENT SERVICES LTD.,2026-09-25,https://data.rbi.org.in/BOE/OpenDocument/opendoc/custom.jsp?iDocID=ARfEgy.WNSVIvFfvSIVmBCw&sIDType=CUID,https://credfin.money/,https://play.google.com/store/apps/details?id=com.credfin.money,https://play.google.com/store/apps/details?id=com.credfin.money,com.credfin.money,146,0
Revfin,Revfin Services Private Limited,"ARISTO SECURITIES PVT, LTD.",2026-09-25,https://data.rbi.org.in/BOE/OpenDocument/opendoc/custom.jsp?iDocID=ARfEgy.WNSVIvFfvSIVmBCw&sIDType=CUID,Apple store,https://apps.apple.com/in/app/revfin/id1454364758,https://apps.apple.com/in/app/revfin/id1454364758,,147,0
Revfin,Revfin Services Private Limited,"ARISTO SECURITIES PVT, LTD.",2026-09-25,https://data.rbi.org.in/BOE/OpenDocument/opendoc/custom.jsp?iDocID=ARfEgy.WNSVIvFfvSIVmBCw&sIDType=CUID,Google Play store,https://play.google.com/store/apps/details?id=com.revfin_ptech18,https://play.google.com/store/apps/details?id=com.revfin_ptech18,com.revfin_ptech18,148,0
RevnU,Revfin Services Private Limited,"ARISTO SECURITIES PVT, LTD.",2026-09-25,https://data.rbi.org.in/BOE/OpenDocument/opendoc/custom.jsp?iDocID=ARfEgy.WNSVIvFfvSIVmBCw&sIDType=CUID,Apple store,https://apps.apple.com/in/app/revnu/id1461749942,https://apps.apple.com/in/app/revnu/id1461749942,,149,0
RevnU,Revfin Services Private Limited,"ARISTO SECURITIES PVT, LTD.",2026-09-25,https://data.rbi.org.in/BOE/OpenDocument/opendoc/custom.jsp?iDocID=ARfEgy.WNSVIvFfvSIVmBCw&sIDType=CUID,Google Play store,https://play.google.com/store/apps/details?id=com.revfin.partner,https://play.google.com/store/apps/details?id=com.revfin.partner&pcampaignid=web_share,com.revfin.partner,150,0
TRADOFINA,SELF OWNED(ARNOLD HOLDINGS LTD),ARNOLD HOLDINGS LTD,2026-09-25,https://data.rbi.org.in/BOE/OpenDocument/opendoc/custom.jsp?iDocID=ARfEgy.WNSVIvFfvSIVmBCw&sIDType=CUID,GOOGLE PLAY STORE,https://play.google.com/store/apps/details?id=com.rufilo.user,https://play.google.com/store/apps/details?id=com.rufilo.user&hl=en_IN,com.rufilo.user,151,0
ePayLater,Arthashastra Fintech Private Limited,ARTHASHASTRA EPAYLATER FINANCIAL PRIVATE LIMITED,2026-09-25,https://data.rbi.org.in/BOE/OpenDocument/opendoc/custom.jsp?iDocID=ARfEgy.WNSVIvFfvSIVmBCw&sIDType=CUID,ePayLater,https://play.google.com/store/search?q=epaylater&c=apps&hl=en,https://play.google.com/store/search?q=epaylater&c=apps&hl=en,,152,0
GetCred,Aryaman Finance (India) Limited,ARYAMAN FINANCE (INDIA) LIMITED,2026-09-25,https://data.rbi.org.in/BOE/OpenDocument/opendoc/custom.jsp?iDocID=ARfEgy.WNSVIvFfvSIVmBCw&sIDType=CUID,Google Play Console and apple developer,https://play.google.com/store/apps/details?id=com.personalloanapp,https://play.google.com/store/apps/details?id=com.personalloanapp,com.personalloanapp,153,0
CoBorrow,Third Unicorn Private Limited,ASH GROVE CAPITAL PRIVATE LIMITED (FORMERLY KNOWN A UNOGROWTH CREDIT INDIA PRIVATE LIMITED),2026-09-25,https://data.rbi.org.in/BOE/OpenDocument/opendoc/custom.jsp?iDocID=ARfEgy.WNSVIvFfvSIVmBCw&sIDType=CUID,https://www.coborrow.in,https://www.coborrow.in,https://www.coborrow.in,,154,0
Asirvad Online Gold Loan (OGL),Asirvad Mico Finance Limited – Self owned,ASIRVAD MICRO FINANCE LIMITED,2026-09-25,https://data.rbi.org.in/BOE/OpenDocument/opendoc/custom.jsp?iDocID=ARfEgy.WNSVIvFfvSIVmBCw&sIDType=CUID,Google Play store,https://play.google.com/store/apps/details?id=com.asirvadogl,https://play.google.com/store/apps/details?id=com.asirvadogl,com.asirvadogl,155,0
Asirvad Online Gold Loan (OGL),Asirvad Mico Finance Limited – Self owned,ASIRVAD MICRO FINANCE LIMITED,2026-09-25,https://data.rbi.org.in/BOE/OpenDocument/opendoc/custom.jsp?iDocID=ARfEgy.WNSVIvFfvSIVmBCw&sIDType=CUID,Website,https://asirvadmicrofinance.co.in/online-gold-loan/,https://asirvadmicrofinance.co.in/online-gold-loan/,,156,0
ATD MONEY,ATD FINANCIAL SERVICES PVT LTD,ATD FINANCIAL SERVICES PVT LTD,2026-09-25,https://data.rbi.org.in/BOE/OpenDocument/opendoc/custom.jsp?iDocID=ARfEgy.WNSVIvFfvSIVmBCw&sIDType=CUID,"Website: https://www.atdmoney.com/, Google Play Store: ATD Money",https://atdfinance.in/atd-money.php,https://atdfinance.in/atd-money.php,,157,0
MY LOAN,MYLOANBAZAR DOT COM,ATD FINANCIAL SERVICES PVT LTD,2026-09-25,https://data.rbi.org.in/BOE/OpenDocument/opendoc/custom.jsp?iDocID=ARfEgy.WNSVIvFfvSIVmBCw&sIDType=CUID,"Website:https://myloanbazar.in/, Google Play Store: My Loan",https://atdfinance.in/my-loan-bazar.php,https://atdfinance.in/my-loan-bazar.php,,158,0
Creditt+,Credify Technologies Private Limited (App/Platform Licenced to Aureus Finvest Private Limited),AUREUS FINVEST PRIVATE LIMITED  (EARLIER KNOWN AS SHIVDURGA TRADING (P) LTD),2026-09-25,https://data.rbi.org.in/BOE/OpenDocument/opendoc/custom.jsp?iDocID=ARfEgy.WNSVIvFfvSIVmBCw&sIDType=CUID,App Store (iOS),https://apps.apple.com/in/app/creditt-personal-loan-app/id1330936066,https://apps.apple.com/in/app/creditt-personal-loan-app/id1330936066,,159,0
Creditt+,Credify Technologies Private Limited (App/Platform Licenced to Aureus Finvest Private Limited),AUREUS FINVEST PRIVATE LIMITED  (EARLIER KNOWN AS SHIVDURGA TRADING (P) LTD),2026-09-25,https://data.rbi.org.in/BOE/OpenDocument/opendoc/custom.jsp?iDocID=ARfEgy.WNSVIvFfvSIVmBCw&sIDType=CUID,Website,https://credittnow.com/,https://credittnow.com/,,160,0
myklinq,Aureus Finvest Private Limited (Self-owned),AUREUS FINVEST PRIVATE LIMITED  (EARLIER KNOWN AS SHIVDURGA TRADING (P) LTD),2026-09-25,https://data.rbi.org.in/BOE/OpenDocument/opendoc/custom.jsp?iDocID=ARfEgy.WNSVIvFfvSIVmBCw&sIDType=CUID,App Store (iOS),https://apps.apple.com/in/app/id6771667143,https://apps.apple.com/in/app/id6771667143,,161,0
myklinq,Aureus Finvest Private Limited (Self-owned),AUREUS FINVEST PRIVATE LIMITED  (EARLIER KNOWN AS SHIVDURGA TRADING (P) LTD),2026-09-25,https://data.rbi.org.in/BOE/OpenDocument/opendoc/custom.jsp?iDocID=ARfEgy.WNSVIvFfvSIVmBCw&sIDType=CUID,Google Play Store (Android),https://play.google.com/store/apps/details?id=com.myklinq,https://play.google.com/store/apps/details?id=com.myklinq,com.myklinq,162,0
myklinq,Aureus Finvest Private Limited (Self-owned),AUREUS FINVEST PRIVATE LIMITED  (EARLIER KNOWN AS SHIVDURGA TRADING (P) LTD),2026-09-25,https://data.rbi.org.in/BOE/OpenDocument/opendoc/custom.jsp?iDocID=ARfEgy.WNSVIvFfvSIVmBCw&sIDType=CUID,Website,https://loan.myklinq.com/,https://loan.myklinq.com/,,163,0
AU 0101 Business - Internet Banking,Self-owned,AU SMALL FINANCE BANK LIMITED,2026-09-25,https://data.rbi.org.in/BOE/OpenDocument/opendoc/custom.jsp?iDocID=ARfEgy.WNSVIvFfvSIVmBCw&sIDType=CUID,Website,https://www.au.bank.in/business-banking,https://www.au.bank.in/business-banking,,164,0
AU 0101 Business - Mobile Banking,Self-owned,AU SMALL FINANCE BANK LIMITED,2026-09-25,https://data.rbi.org.in/BOE/OpenDocument/opendoc/custom.jsp?iDocID=ARfEgy.WNSVIvFfvSIVmBCw&sIDType=CUID,Google Play Store/Apple App Store,https://play.google.com/store/apps/details?id=com.au.mrct,https://play.google.com/store/apps/details?id=com.au.mrct,com.au.mrct,165,0
AU 0101 Mobile Banking,Self-owned,AU SMALL FINANCE BANK LIMITED,2026-09-25,https://data.rbi.org.in/BOE/OpenDocument/opendoc/custom.jsp?iDocID=ARfEgy.WNSVIvFfvSIVmBCw&sIDType=CUID,Google Play Store/Apple App Store,https://play.google.com/store/apps/details?id=com.ausmallfinancebank.amb,https://play.google.com/store/apps/details?id=com.ausmallfinancebank.amb,com.ausmallfinancebank.amb,166,0
AU 0101 Net Banking,Self-owned,AU SMALL FINANCE BANK LIMITED,2026-09-25,https://data.rbi.org.in/BOE/OpenDocument/opendoc/custom.jsp?iDocID=ARfEgy.WNSVIvFfvSIVmBCw&sIDType=CUID,Website,https://www.au.bank.in/personal-banking,https://www.au.bank.in/personal-banking,,167,0
AURO Chatbot,Self-owned,AU SMALL FINANCE BANK LIMITED,2026-09-25,https://data.rbi.org.in/BOE/OpenDocument/opendoc/custom.jsp?iDocID=ARfEgy.WNSVIvFfvSIVmBCw&sIDType=CUID,Website,https://www.au.bank.in/personal-banking/auro,https://www.au.bank.in/personal-banking/auro,,168,0
AU Website,Self-owned,AU SMALL FINANCE BANK LIMITED,2026-09-25,https://data.rbi.org.in/BOE/OpenDocument/opendoc/custom.jsp?iDocID=ARfEgy.WNSVIvFfvSIVmBCw&sIDType=CUID,Website,https://www.au.bank.in/,https://www.au.bank.in/,,169,0
Salesforce,Self-owned,AU SMALL FINANCE BANK LIMITED,2026-09-25,https://data.rbi.org.in/BOE/OpenDocument/opendoc/custom.jsp?iDocID=ARfEgy.WNSVIvFfvSIVmBCw&sIDType=CUID,Google Play Store/Apple App Store,Salesforce - Apps on Google Play,Salesforce - Apps on Google Play,,170,0
WhatsApp Banking,Self-owned,AU SMALL FINANCE BANK LIMITED,2026-09-25,https://data.rbi.org.in/BOE/OpenDocument/opendoc/custom.jsp?iDocID=ARfEgy.WNSVIvFfvSIVmBCw&sIDType=CUID,Website,https://www.au.bank.in/personal-banking/digital-banking/online-banking/whatsapp-banking,https://www.au.bank.in/personal-banking/digital-banking/online-banking/whatsapp-banking,,171,0
Propelld,Bluebear Technology Private Limited,"AUXILO FINSERVE PRIVATE LIMITED (W.E.F. SEPTEMBER 11, 2017)",2026-09-25,https://data.rbi.org.in/BOE/OpenDocument/opendoc/custom.jsp?iDocID=ARfEgy.WNSVIvFfvSIVmBCw&sIDType=CUID,Website,https://propelld.com/,https://propelld.com/,,172,0
Avanse,Avanse Financial Services Ltd,AVANSE FINANCIAL SERVICES LTD,2026-09-25,https://data.rbi.org.in/BOE/OpenDocument/opendoc/custom.jsp?iDocID=ARfEgy.WNSVIvFfvSIVmBCw&sIDType=CUID,Website,https://online.avanse.com/,https://online.avanse.com/,,173,0
Credit Fair,?K. M. Global Credit Private Limited* (No fresh sourcing from LSP arrangement),AVANSE FINANCIAL SERVICES LTD,2026-09-25,https://data.rbi.org.in/BOE/OpenDocument/opendoc/custom.jsp?iDocID=ARfEgy.WNSVIvFfvSIVmBCw&sIDType=CUID,Website,https://creditfair.in,https://creditfair.in,,174,0
Edufin,Advansure tech Pvt Ltd* (No fresh sourcing from LSP arrangement),AVANSE FINANCIAL SERVICES LTD,2026-09-25,https://data.rbi.org.in/BOE/OpenDocument/opendoc/custom.jsp?iDocID=ARfEgy.WNSVIvFfvSIVmBCw&sIDType=CUID,Website,https://www.edufin.in,https://www.edufin.in,,175,0
Fly Hi,Flyhi Financial Services Ltd,AVANSE FINANCIAL SERVICES LTD,2026-09-25,https://data.rbi.org.in/BOE/OpenDocument/opendoc/custom.jsp?iDocID=ARfEgy.WNSVIvFfvSIVmBCw&sIDType=CUID,Website,https://flyhifinance.com,https://flyhifinance.com,,176,0
Grayquest,Grayquest Education Finance Pvt Ltd* (No fresh sourcing from LSP arrangement),AVANSE FINANCIAL SERVICES LTD,2026-09-25,https://data.rbi.org.in/BOE/OpenDocument/opendoc/custom.jsp?iDocID=ARfEgy.WNSVIvFfvSIVmBCw&sIDType=CUID,Website,https://grayquest.com,https://grayquest.com,,177,0
Grayquest,Grayquest Education Finance Pvt Ltd* (No fresh sourcing from LSP arrangement),AVANSE FINANCIAL SERVICES LTD,2026-09-25,https://data.rbi.org.in/BOE/OpenDocument/opendoc/custom.jsp?iDocID=ARfEgy.WNSVIvFfvSIVmBCw&sIDType=CUID,Website,https://grayquest.com,https://grayquest.com,,178,0
Grayquest,Grayquest Education Finebsiteance Pvt Ltd* (No fresh sourcing from LSP arrangement),AVANSE FINANCIAL SERVICES LTD,2026-09-25,https://data.rbi.org.in/BOE/OpenDocument/opendoc/custom.jsp?iDocID=ARfEgy.WNSVIvFfvSIVmBCw&sIDType=CUID,Website,https://grayquest.com,https://grayquest.com,,179,0
Gyandhan,Gyandhan Financial Services Private Limited,AVANSE FINANCIAL SERVICES LTD,2026-09-25,https://data.rbi.org.in/BOE/OpenDocument/opendoc/custom.jsp?iDocID=ARfEgy.WNSVIvFfvSIVmBCw&sIDType=CUID,Website,https://nbfc.gyandhan.com/,https://nbfc.gyandhan.com/,,180,0
Jodo?,Bharosepe Technology Services Pvt Ltd.* (No fresh sourcing from LSP arrangement),AVANSE FINANCIAL SERVICES LTD,2026-09-25,https://data.rbi.org.in/BOE/OpenDocument/opendoc/custom.jsp?iDocID=ARfEgy.WNSVIvFfvSIVmBCw&sIDType=CUID,Website,https://www.jodo.in,https://www.jodo.in,,181,0
Leo 1,Gajju Technologies Private Limited* (No fresh sourcing from LSP arrangement),AVANSE FINANCIAL SERVICES LTD,2026-09-25,https://data.rbi.org.in/BOE/OpenDocument/opendoc/custom.jsp?iDocID=ARfEgy.WNSVIvFfvSIVmBCw&sIDType=CUID,Website,https://www.leo1.in,https://www.leo1.in,,182,0
Propelld,Bluebear Technology Pvt Ltd,AVANSE FINANCIAL SERVICES LTD,2026-09-25,https://data.rbi.org.in/BOE/OpenDocument/opendoc/custom.jsp?iDocID=ARfEgy.WNSVIvFfvSIVmBCw&sIDType=CUID,Website,https://propelld.com,https://propelld.com,,183,0
Scholfe,Sarvam Fintech Pvt Ltd* (No fresh sourcing from LSP arrangement),AVANSE FINANCIAL SERVICES LTD,2026-09-25,https://data.rbi.org.in/BOE/OpenDocument/opendoc/custom.jsp?iDocID=ARfEgy.WNSVIvFfvSIVmBCw&sIDType=CUID,Website,http://scholfe.com,http://scholfe.com,,184,0
TCPL,Techfino Capital private limited,AVANSE FINANCIAL SERVICES LTD,2026-09-25,https://data.rbi.org.in/BOE/OpenDocument/opendoc/custom.jsp?iDocID=ARfEgy.WNSVIvFfvSIVmBCw&sIDType=CUID,Website,https://www.techfino.in,https://www.techfino.in,,185,0
Aspire Fintech Private Limited (Web based paltform),Aspire Fintech Private Limited,AVANTI FINANCE PRIVATE LIMITED,2026-09-25,https://data.rbi.org.in/BOE/OpenDocument/opendoc/custom.jsp?iDocID=ARfEgy.WNSVIvFfvSIVmBCw&sIDType=CUID,Website,apply.letsaspire.in,apply.letsaspire.in,,186,0
Avanti,Avanti Finance Private Limited,AVANTI FINANCE PRIVATE LIMITED,2026-09-25,https://data.rbi.org.in/BOE/OpenDocument/opendoc/custom.jsp?iDocID=ARfEgy.WNSVIvFfvSIVmBCw&sIDType=CUID,Avanti (Android),https://play.google.com/store/apps/details?id=com.indihood.avanti,https://play.google.com/store/apps/details?id=com.indihood.avanti,com.indihood.avanti,187,0
Betterplace Money,Betterplace Safety Solutions Private Limited,AVANTI FINANCE PRIVATE LIMITED,2026-09-25,https://data.rbi.org.in/BOE/OpenDocument/opendoc/custom.jsp?iDocID=ARfEgy.WNSVIvFfvSIVmBCw&sIDType=CUID,BetterPlace Money (Android),https://play.google.com/store/apps/details?id=com.app.betterplaceloans,https://play.google.com/store/apps/details?id=com.app.betterplaceloans&hl=en_IN,com.app.betterplaceloans,188,0
Entitled Solutions Private Limited (Web based paltform),Entitled Solutions Private Limited,AVANTI FINANCE PRIVATE LIMITED,2026-09-25,https://data.rbi.org.in/BOE/OpenDocument/opendoc/custom.jsp?iDocID=ARfEgy.WNSVIvFfvSIVmBCw&sIDType=CUID,Website,https://forms.sarvam.co/?partner=quess&emp_id=2000334576$aWt5YQ==,https://forms.sarvam.co/?partner=quess&emp_id=2000334576$aWt5YQ==,,189,0
Karmalife | EWA,Onionlife Private Limited (Karma life),AVANTI FINANCE PRIVATE LIMITED,2026-09-25,https://data.rbi.org.in/BOE/OpenDocument/opendoc/custom.jsp?iDocID=ARfEgy.WNSVIvFfvSIVmBCw&sIDType=CUID,Karmalife | EWA (Android),https://play.google.com/store/apps/details?id=in.onionlife.karmalife,https://play.google.com/store/apps/details?id=in.onionlife.karmalife&hl=en_IN,in.onionlife.karmalife,190,0
NIRA Instant Personal Loan App,Shuhari Tech Ventures Private Limited,AVANTI FINANCE PRIVATE LIMITED,2026-09-25,https://data.rbi.org.in/BOE/OpenDocument/opendoc/custom.jsp?iDocID=ARfEgy.WNSVIvFfvSIVmBCw&sIDType=CUID,Android,https://play.google.com/store/apps/details?id=com.nirafinance.customer,https://play.google.com/store/apps/details?id=com.nirafinance.customer&hl=en_IN&gl=IN,com.nirafinance.customer,191,0
PayMe: Personal Loan App,Hueytech Private Limited,AVANTI FINANCE PRIVATE LIMITED,2026-09-25,https://data.rbi.org.in/BOE/OpenDocument/opendoc/custom.jsp?iDocID=ARfEgy.WNSVIvFfvSIVmBCw&sIDType=CUID,PayMe: Personal Loan App (Android),https://play.google.com/store/apps/details?id=io.attabot.app.paymeindia,https://play.google.com/store/apps/details?id=io.attabot.app.paymeindia&hl=en_IN&gl=IN,io.attabot.app.paymeindia,192,0
PayMe: Personal Loan App,Hueytech Private Limited,AVANTI FINANCE PRIVATE LIMITED,2026-09-25,https://data.rbi.org.in/BOE/OpenDocument/opendoc/custom.jsp?iDocID=ARfEgy.WNSVIvFfvSIVmBCw&sIDType=CUID,PayMe: Personal Loan App (iOS),https://apps.apple.com/in/app/payme-personal-loan-app/id1282142711,https://apps.apple.com/in/app/payme-personal-loan-app/id1282142711,,193,0
Avanti,Avanti Finance Private Limited,AVANTI MICROFINANCE PRIVATE LIMITED,2026-09-25,https://data.rbi.org.in/BOE/OpenDocument/opendoc/custom.jsp?iDocID=ARfEgy.WNSVIvFfvSIVmBCw&sIDType=CUID,Avanti (Android),https://play.google.com/store/apps/details?id=com.indihood.avanti,https://play.google.com/store/apps/details?id=com.indihood.avanti,com.indihood.avanti,194,0
BrightLoans,Vimanotech India Private Limited,AVINASH CAPITAL  MARKETS  PVT.  LTD.,2026-09-25,https://data.rbi.org.in/BOE/OpenDocument/opendoc/custom.jsp?iDocID=ARfEgy.WNSVIvFfvSIVmBCw&sIDType=CUID,App Store,https://apps.apple.com/in/app/brightloans-instant-loan/id6756614109,https://apps.apple.com/in/app/brightloans-instant-loan/id6756614109,,195,0
BrightLoans,Vimanotech India Private Limited,AVINASH CAPITAL  MARKETS  PVT.  LTD.,2026-09-25,https://data.rbi.org.in/BOE/OpenDocument/opendoc/custom.jsp?iDocID=ARfEgy.WNSVIvFfvSIVmBCw&sIDType=CUID,Google Play Store,https://play.google.com/store/apps/details?id=com.devaashishcapitals.bls,https://play.google.com/store/apps/details?id=com.devaashishcapitals.bls,com.devaashishcapitals.bls,196,0
BrightLoans,Vimanotech India Private Limited,AVINASH CAPITAL  MARKETS  PVT.  LTD.,2026-09-25,https://data.rbi.org.in/BOE/OpenDocument/opendoc/custom.jsp?iDocID=ARfEgy.WNSVIvFfvSIVmBCw&sIDType=CUID,Website,Brightloans.in,Brightloans.in,,197,0
Fixrupee,CRONBAY TECHNOLOGIES PRIVATE LIMITED,AVINASH CAPITAL  MARKETS  PVT.  LTD.,2026-09-25,https://data.rbi.org.in/BOE/OpenDocument/opendoc/custom.jsp?iDocID=ARfEgy.WNSVIvFfvSIVmBCw&sIDType=CUID,Google Play Store,https://play.google.com/store/apps/details?id=com.fixrupee.twa,https://play.google.com/store/apps/details?id=com.fixrupee.twa,com.fixrupee.twa,198,0
Fixrupee,CRONBAY TECHNOLOGIES PRIVATE LIMITED,AVINASH CAPITAL  MARKETS  PVT.  LTD.,2026-09-25,https://data.rbi.org.in/BOE/OpenDocument/opendoc/custom.jsp?iDocID=ARfEgy.WNSVIvFfvSIVmBCw&sIDType=CUID,iOS App Store,https://apps.apple.com/in/app/id6756772453,https://apps.apple.com/in/app/id6756772453,,199,0
Kreditbuddha,Vimanotech India Private Limited,AVINASH CAPITAL  MARKETS  PVT.  LTD.,2026-09-25,https://data.rbi.org.in/BOE/OpenDocument/opendoc/custom.jsp?iDocID=ARfEgy.WNSVIvFfvSIVmBCw&sIDType=CUID,Google Play Store,https://play.google.com/store/apps/details?id=com.vimanotech.kreditbuddha,https://play.google.com/store/apps/details?id=com.vimanotech.kreditbuddha,com.vimanotech.kreditbuddha,200,0
Kreditbuddha,Vimanotech India Private Limited,AVINASH CAPITAL  MARKETS  PVT.  LTD.,2026-09-25,https://data.rbi.org.in/BOE/OpenDocument/opendoc/custom.jsp?iDocID=ARfEgy.WNSVIvFfvSIVmBCw&sIDType=CUID,Website,https://www.kreditbuddha.com/,https://www.kreditbuddha.com/,,201,0
Titan Fincorp,Vimanotech India Private Limited,AVINASH CAPITAL  MARKETS  PVT.  LTD.,2026-09-25,https://data.rbi.org.in/BOE/OpenDocument/opendoc/custom.jsp?iDocID=ARfEgy.WNSVIvFfvSIVmBCw&sIDType=CUID,Google Play Store,https://play.google.com/store/apps/details?id=com.vimanotech.titanfincorp,https://play.google.com/store/apps/details?id=com.vimanotech.titanfincorp,com.vimanotech.titanfincorp,202,0
Titan Fincorp,Vimanotech India Private Limited,AVINASH CAPITAL  MARKETS  PVT.  LTD.,2026-09-25,https://data.rbi.org.in/BOE/OpenDocument/opendoc/custom.jsp?iDocID=ARfEgy.WNSVIvFfvSIVmBCw&sIDType=CUID,Website,https://www.titanfincorp.com/,https://www.titanfincorp.com/,,203,0
ATM Cred,Swastik Finance Limited,AVON MONEY SOLUTION INDIA LIMITED,2026-09-25,https://data.rbi.org.in/BOE/OpenDocument/opendoc/custom.jsp?iDocID=ARfEgy.WNSVIvFfvSIVmBCw&sIDType=CUID,Google Playstore,https://play.google.com/store/apps/details?id=vexil.infotech.atmcred,https://play.google.com/store/apps/details?id=vexil.infotech.atmcred,vexil.infotech.atmcred,204,0
Finnable: Personal Loan App,Finnable Credit Limited,AXIS BANK LIMITED,2026-09-25,https://data.rbi.org.in/BOE/OpenDocument/opendoc/custom.jsp?iDocID=ARfEgy.WNSVIvFfvSIVmBCw&sIDType=CUID,PlayStore,https://play.google.com/store/apps/details?id=com.finnable.customer,https://play.google.com/store/apps/details?id=com.finnable.customer&hl=en_IN,com.finnable.customer,205,0
Axis Bank Website,Self-owned,AXIS BANK LIMITED,2026-09-25,https://data.rbi.org.in/BOE/OpenDocument/opendoc/custom.jsp?iDocID=ARfEgy.WNSVIvFfvSIVmBCw&sIDType=CUID,Website,https://www.axis.bank.in/loans/car-loan,https://www.axis.bank.in/loans/car-loan,,206,0
Axis Bank Website,Self-owned,AXIS BANK LIMITED,2026-09-25,https://data.rbi.org.in/BOE/OpenDocument/opendoc/custom.jsp?iDocID=ARfEgy.WNSVIvFfvSIVmBCw&sIDType=CUID,Website,https://www.axis.bank.in/loans/two-wheeler-loans,https://www.axis.bank.in/loans/two-wheeler-loans,,207,0
Amazon,Amazon Finance India Private Limited?,AXIS BANK LIMITED,2026-09-25,https://data.rbi.org.in/BOE/OpenDocument/opendoc/custom.jsp?iDocID=ARfEgy.WNSVIvFfvSIVmBCw&sIDType=CUID,Amazon Shopping App (Android),https://play.google.com/store/apps/details?id=in.amazon.mShop.android.shopping,https://play.google.com/store/apps/details?id=in.amazon.mShop.android.shopping,in.amazon.mShop.android.shopping,208,0
Amazon,Amazon Finance India Private Limited?,AXIS BANK LIMITED,2026-09-25,https://data.rbi.org.in/BOE/OpenDocument/opendoc/custom.jsp?iDocID=ARfEgy.WNSVIvFfvSIVmBCw&sIDType=CUID,Amazon Shopping App (iOS),https://apps.apple.com/in/app/amazon-india-shop-pay-minitv/id1478350915,https://apps.apple.com/in/app/amazon-india-shop-pay-minitv/id1478350915,,209,0
Amazon,Amazon Finance India Private Limited?,AXIS BANK LIMITED,2026-09-25,https://data.rbi.org.in/BOE/OpenDocument/opendoc/custom.jsp?iDocID=ARfEgy.WNSVIvFfvSIVmBCw&sIDType=CUID,Mobile Web,https://amazon.in/personal-loan,https://amazon.in/personal-loan,,210,0
"App Store: Axis Mobile: Pay, Invest & UPI",Self-owned,AXIS BANK LIMITED,2026-09-25,https://data.rbi.org.in/BOE/OpenDocument/opendoc/custom.jsp?iDocID=ARfEgy.WNSVIvFfvSIVmBCw&sIDType=CUID,Play Store,https://apps.apple.com/in/app/axis-bank-mobile-banking/id699582556,https://apps.apple.com/in/app/axis-bank-mobile-banking/id699582556,,211,0
Axis Bank Internet Banking,Self-owned,AXIS BANK LIMITED,2026-09-25,https://data.rbi.org.in/BOE/OpenDocument/opendoc/custom.jsp?iDocID=ARfEgy.WNSVIvFfvSIVmBCw&sIDType=CUID,Internet Banking,https://omni.axis.bank.in/axisretailbanking/,https://omni.axis.bank.in/axisretailbanking/,,212,0
Axis Bank Mobile Banking,Self-owned,AXIS BANK LIMITED,2026-09-25,https://data.rbi.org.in/BOE/OpenDocument/opendoc/custom.jsp?iDocID=ARfEgy.WNSVIvFfvSIVmBCw&sIDType=CUID,Play Store,https://play.google.com/store/apps/details?id=com.axis.mobile,https://play.google.com/store/apps/details?id=com.axis.mobile,com.axis.mobile,213,0
Axis Bank Neo for Corporate,Self-owned,AXIS BANK LIMITED,2026-09-25,https://data.rbi.org.in/BOE/OpenDocument/opendoc/custom.jsp?iDocID=ARfEgy.WNSVIvFfvSIVmBCw&sIDType=CUID,App Store,https://apps.apple.com/in/app/neo-for-corporates/id6477910250,https://apps.apple.com/in/app/neo-for-corporates/id6477910250,,214,0
Axis Bank Neo for Corporate,Self-owned,AXIS BANK LIMITED,2026-09-25,https://data.rbi.org.in/BOE/OpenDocument/opendoc/custom.jsp?iDocID=ARfEgy.WNSVIvFfvSIVmBCw&sIDType=CUID,Play Store,https://play.google.com/store/apps/details?id=com.axiscorporatebankapp,https://play.google.com/store/apps/details?id=com.axiscorporatebankapp,com.axiscorporatebankapp,215,0
Axis Bank Website,Self-owned,AXIS BANK LIMITED,2026-09-25,https://data.rbi.org.in/BOE/OpenDocument/opendoc/custom.jsp?iDocID=ARfEgy.WNSVIvFfvSIVmBCw&sIDType=CUID,Website,https://www.axis.bank.in/loans/24x7-flexicredit,https://www.axis.bank.in/loans/24x7-flexicredit,,216,0
Axis Bank Website,Self-owned,AXIS BANK LIMITED,2026-09-25,https://data.rbi.org.in/BOE/OpenDocument/opendoc/custom.jsp?iDocID=ARfEgy.WNSVIvFfvSIVmBCw&sIDType=CUID,Website,https://www.axis.bank.in/loans/24x7-instant-loan,https://www.axis.bank.in/loans/24x7-instant-loan,,217,0
Axis Bank Website,Self-owned,AXIS BANK LIMITED,2026-09-25,https://data.rbi.org.in/BOE/OpenDocument/opendoc/custom.jsp?iDocID=ARfEgy.WNSVIvFfvSIVmBCw&sIDType=CUID,Website,https://www.axis.bank.in/loans/24x7-instant-loan/24x7-car-loan-top-up,https://www.axis.bank.in/loans/24x7-instant-loan/24x7-car-loan-top-up,,218,0
Axis Bank Website,Self-owned,AXIS BANK LIMITED,2026-09-25,https://data.rbi.org.in/BOE/OpenDocument/opendoc/custom.jsp?iDocID=ARfEgy.WNSVIvFfvSIVmBCw&sIDType=CUID,Website,https://www.axis.bank.in/loans/24x7-instant-loan/24x7-overdraft-against-fixed-deposit,https://www.axis.bank.in/loans/24x7-instant-loan/24x7-overdraft-against-fixed-deposit,,219,0
Axis Bank Website,Self-owned,AXIS BANK LIMITED,2026-09-25,https://data.rbi.org.in/BOE/OpenDocument/opendoc/custom.jsp?iDocID=ARfEgy.WNSVIvFfvSIVmBCw&sIDType=CUID,Website,https://www.axis.bank.in/loans/24x7-instant-loan/24x7-quick-overdrafts,https://www.axis.bank.in/loans/24x7-instant-loan/24x7-quick-overdrafts,,220,0
Axis Bank Website,Self-owned,AXIS BANK LIMITED,2026-09-25,https://data.rbi.org.in/BOE/OpenDocument/opendoc/custom.jsp?iDocID=ARfEgy.WNSVIvFfvSIVmBCw&sIDType=CUID,Website,https://www.axis.bank.in/loans/business-loan,https://www.axis.bank.in/loans/business-loan,,221,0
Axis Bank Website,Self-owned,AXIS BANK LIMITED,2026-09-25,https://data.rbi.org.in/BOE/OpenDocument/opendoc/custom.jsp?iDocID=ARfEgy.WNSVIvFfvSIVmBCw&sIDType=CUID,Website,https://www.axis.bank.in/loans/home-loan/top-up-home-loans,https://www.axis.bank.in/loans/home-loan/top-up-home-loans,,222,0
Axis Bank Website,Self-owned,AXIS BANK LIMITED,2026-09-25,https://data.rbi.org.in/BOE/OpenDocument/opendoc/custom.jsp?iDocID=ARfEgy.WNSVIvFfvSIVmBCw&sIDType=CUID,Website,https://www.axis.bank.in/loans/loan-against-securities,https://www.axis.bank.in/loans/loan-against-securities,,223,0
Axis Bank Website,Self-owned,AXIS BANK LIMITED,2026-09-25,https://data.rbi.org.in/BOE/OpenDocument/opendoc/custom.jsp?iDocID=ARfEgy.WNSVIvFfvSIVmBCw&sIDType=CUID,Website,https://www.axis.bank.in/loans/personal-loan,https://www.axis.bank.in/loans/personal-loan,,224,0
"Axis Mobile: Pay, Invest & UPI",Self-owned,AXIS BANK LIMITED,2026-09-25,https://data.rbi.org.in/BOE/OpenDocument/opendoc/custom.jsp?iDocID=ARfEgy.WNSVIvFfvSIVmBCw&sIDType=CUID,App Store,https://apps.apple.com/in/app/axis-bank-mobile-banking/id699582556,https://apps.apple.com/in/app/axis-bank-mobile-banking/id699582556,,225,0
Bitrocket by CheQ,Bitrocket Labs Private Limited,AXIS BANK LIMITED,2026-09-25,https://data.rbi.org.in/BOE/OpenDocument/opendoc/custom.jsp?iDocID=ARfEgy.WNSVIvFfvSIVmBCw&sIDType=CUID,Website,https://cheq.onelink.me/3UIC/kqzbhgy0,https://cheq.onelink.me/3UIC/kqzbhgy0,,226,0
Freecharge Business App,Freecharge Business and Technology Services Limited,AXIS BANK LIMITED,2026-09-25,https://data.rbi.org.in/BOE/OpenDocument/opendoc/custom.jsp?iDocID=ARfEgy.WNSVIvFfvSIVmBCw&sIDType=CUID,Play Store,https://play.google.com/store/apps/details?id=com.freecharge.business,https://play.google.com/store/apps/details?id=com.freecharge.business,com.freecharge.business,227,0
Google Pay,Google India Digital Services (Google Pay),AXIS BANK LIMITED,2026-09-25,https://data.rbi.org.in/BOE/OpenDocument/opendoc/custom.jsp?iDocID=ARfEgy.WNSVIvFfvSIVmBCw&sIDType=CUID,App Store,https://apps.apple.com/in/app/google-pay-save-pay-manage/id1193357041,https://apps.apple.com/in/app/google-pay-save-pay-manage/id1193357041,,228,0
Google Pay,Google India Digital Services (Google Pay),AXIS BANK LIMITED,2026-09-25,https://data.rbi.org.in/BOE/OpenDocument/opendoc/custom.jsp?iDocID=ARfEgy.WNSVIvFfvSIVmBCw&sIDType=CUID,Play Store,https://play.google.com/store/apps/details?id=com.google.android.apps.nbu.paisa.user,https://play.google.com/store/apps/details?id=com.google.android.apps.nbu.paisa.user&pcampaignid=web_share,com.google.android.apps.nbu.paisa.user,229,0
INDmoney,Finzoomers Services Private Limited,AXIS BANK LIMITED,2026-09-25,https://data.rbi.org.in/BOE/OpenDocument/opendoc/custom.jsp?iDocID=ARfEgy.WNSVIvFfvSIVmBCw&sIDType=CUID,App Store,https://apps.apple.com/in/app/indmoney-stocks-mutual-fund/id1450178837,https://apps.apple.com/in/app/indmoney-stocks-mutual-fund/id1450178837,,230,0
INDmoney,Finzoomers Services Private Limited,AXIS BANK LIMITED,2026-09-25,https://data.rbi.org.in/BOE/OpenDocument/opendoc/custom.jsp?iDocID=ARfEgy.WNSVIvFfvSIVmBCw&sIDType=CUID,Play Store,https://play.google.com/store/apps/details?id=in.indwealth,https://play.google.com/store/apps/details?id=in.indwealth&hl=en_IN,in.indwealth,231,0
Neo for Merchants,Self-owned,AXIS BANK LIMITED,2026-09-25,https://data.rbi.org.in/BOE/OpenDocument/opendoc/custom.jsp?iDocID=ARfEgy.WNSVIvFfvSIVmBCw&sIDType=CUID,App Store,https://apps.apple.com/in/app/neo-for-merchants/id6479882439,https://apps.apple.com/in/app/neo-for-merchants/id6479882439,,232,0
Neo for Merchants,Self-owned,AXIS BANK LIMITED,2026-09-25,https://data.rbi.org.in/BOE/OpenDocument/opendoc/custom.jsp?iDocID=ARfEgy.WNSVIvFfvSIVmBCw&sIDType=CUID,Play Store,https://play.google.com/store/apps/details?id=com.neo.axis,https://play.google.com/store/apps/details?id=com.neo.axis&hl=en-US,com.neo.axis,233,0
Paisabazaar,Paisabazaar Marketing and Consulting Private Limited,AXIS BANK LIMITED,2026-09-25,https://data.rbi.org.in/BOE/OpenDocument/opendoc/custom.jsp?iDocID=ARfEgy.WNSVIvFfvSIVmBCw&sIDType=CUID,App Store,"‎Paisabazaar:Credit Score, Loan App - App Store","‎Paisabazaar:Credit Score, Loan App - App Store",,234,0
Paisabazaar,Paisabazaar Marketing and Consulting Private Limited,AXIS BANK LIMITED,2026-09-25,https://data.rbi.org.in/BOE/OpenDocument/opendoc/custom.jsp?iDocID=ARfEgy.WNSVIvFfvSIVmBCw&sIDType=CUID,Play Store,https://play.google.com/store/apps/details?id=com.paisabazaar,https://play.google.com/store/apps/details?id=com.paisabazaar,com.paisabazaar,235,0
Paisabazaar,Paisabazaar Marketing and Consulting Private Limited,AXIS BANK LIMITED,2026-09-25,https://data.rbi.org.in/BOE/OpenDocument/opendoc/custom.jsp?iDocID=ARfEgy.WNSVIvFfvSIVmBCw&sIDType=CUID,Website,Axis Personal Loan - Apply for Axis Bank Personal Loan Online,Axis Personal Loan - Apply for Axis Bank Personal Loan Online,,236,0
Paytm,One97 Communications Limited,AXIS BANK LIMITED,2026-09-25,https://data.rbi.org.in/BOE/OpenDocument/opendoc/custom.jsp?iDocID=ARfEgy.WNSVIvFfvSIVmBCw&sIDType=CUID,App Store,https://apps.apple.com/in/app/paytm-secure-upi-payments/id473941634,https://apps.apple.com/in/app/paytm-secure-upi-payments/id473941634,,237,0
Paytm,One97 Communications Limited,AXIS BANK LIMITED,2026-09-25,https://data.rbi.org.in/BOE/OpenDocument/opendoc/custom.jsp?iDocID=ARfEgy.WNSVIvFfvSIVmBCw&sIDType=CUID,Play Store,https://play.google.com/store/apps/details?id=net.one97.paytm,https://play.google.com/store/apps/details?id=net.one97.paytm,net.one97.paytm,238,0
Siddhi,Self-owned,AXIS BANK LIMITED,2026-09-25,https://data.rbi.org.in/BOE/OpenDocument/opendoc/custom.jsp?iDocID=ARfEgy.WNSVIvFfvSIVmBCw&sIDType=CUID,Website,https://www.axis.bank.in/cards/credit-card/instant-loan-on-credit-card#howtoapply,https://www.axis.bank.in/cards/credit-card/instant-loan-on-credit-card#howtoapply,,239,0
super.money,Scapic Innovations Private Limited,AXIS BANK LIMITED,2026-09-25,https://data.rbi.org.in/BOE/OpenDocument/opendoc/custom.jsp?iDocID=ARfEgy.WNSVIvFfvSIVmBCw&sIDType=CUID,Appstore,https://apps.apple.com/in/app/super-money/id6502597504,https://apps.apple.com/in/app/super-money/id6502597504,,240,0
super.money,Scapic Innovations Private Limited,AXIS BANK LIMITED,2026-09-25,https://data.rbi.org.in/BOE/OpenDocument/opendoc/custom.jsp?iDocID=ARfEgy.WNSVIvFfvSIVmBCw&sIDType=CUID,Playstore,https://play.google.com/store/apps/details?id=money.super.payments,https://play.google.com/store/apps/details?id=money.super.payments&hl=en_IN,money.super.payments,241,0
Tata Neu,Tata Digital Pvt. Ltd.,AXIS BANK LIMITED,2026-09-25,https://data.rbi.org.in/BOE/OpenDocument/opendoc/custom.jsp?iDocID=ARfEgy.WNSVIvFfvSIVmBCw&sIDType=CUID,Appstore,https://apps.apple.com/in/app/tata-neu-shop-travel-finance/id1584669293,https://apps.apple.com/in/app/tata-neu-shop-travel-finance/id1584669293,,242,0
Tata Neu,Tata Digital Pvt. Ltd.,AXIS BANK LIMITED,2026-09-25,https://data.rbi.org.in/BOE/OpenDocument/opendoc/custom.jsp?iDocID=ARfEgy.WNSVIvFfvSIVmBCw&sIDType=CUID,Playstore,https://play.google.com/store/search?q=tata+neu&c=apps&hl=en_IN,https://play.google.com/store/search?q=tata+neu&c=apps&hl=en_IN,,243,0
Tata Neu,Tata Digital Pvt. Ltd.,AXIS BANK LIMITED,2026-09-25,https://data.rbi.org.in/BOE/OpenDocument/opendoc/custom.jsp?iDocID=ARfEgy.WNSVIvFfvSIVmBCw&sIDType=CUID,Website,https://www.tataneu.com,https://www.tataneu.com,,244,0
Axis Finance Limited,Self Owned,AXIS FINANCE LTD.,2026-09-25,https://data.rbi.org.in/BOE/OpenDocument/opendoc/custom.jsp?iDocID=ARfEgy.WNSVIvFfvSIVmBCw&sIDType=CUID,Accessible via Axis Finance LOS Access control restrictions in place being an assisted journey.,https://retaillos.axisfinance.co.in/csfweb/,https://retaillos.axisfinance.co.in/csfweb/,,245,0
Ayaan Finserve India Pvt. Ltd,Ayaan Finserve India Pvt. Ltd,AYAAN FINSERVE INDIA PRIVATE LIMITED (FORMERLY CHARAT RAM SHRIRAM PVT. LTD.),2026-09-25,https://data.rbi.org.in/BOE/OpenDocument/opendoc/custom.jsp?iDocID=ARfEgy.WNSVIvFfvSIVmBCw&sIDType=CUID,Website and App Store,https://play.google.com/store/apps/details?id=com.ayanfin,https://play.google.com/store/apps/details?id=com.ayanfin,com.ayanfin,246,0
Paisa247,Riga marketplace Paisa247 Pvt Ltd,BABA LEASE AND INVESTMENT PRIVATE LIMITED,2026-09-25,https://data.rbi.org.in/BOE/OpenDocument/opendoc/custom.jsp?iDocID=ARfEgy.WNSVIvFfvSIVmBCw&sIDType=CUID,Website / Google play store / iOS store / Indus app store,https://play.google.com/store/apps/details?id=in.paisa247,www.paisa247.in / https://play.google.com/store/apps/details?id=in.paisa247&hl=en_IN / https://apps.apple.com/in/app/paisa247/id6751623280 / https://www.indusappstore.com/apps/finance/paisa247/in.paisa247/?page=details&id=in.paisa247,in.paisa247,247,0
Rupeeq.com,Intuino Business Consulting India Private Limited,BABA LEASE AND INVESTMENT PRIVATE LIMITED,2026-09-25,https://data.rbi.org.in/BOE/OpenDocument/opendoc/custom.jsp?iDocID=ARfEgy.WNSVIvFfvSIVmBCw&sIDType=CUID,Website,https://www.rupeeq.com,www.rupeeq.com,,248,0
Taplend,Self-Owned,BABA LEASE AND INVESTMENT PRIVATE LIMITED,2026-09-25,https://data.rbi.org.in/BOE/OpenDocument/opendoc/custom.jsp?iDocID=ARfEgy.WNSVIvFfvSIVmBCw&sIDType=CUID,Website / Google play store,https://play.google.com/store/apps/details?id=com.taplend.india,https://taplend.in/ / https://play.google.com/store/apps/details?id=com.taplend.india,com.taplend.india,249,0
SalaryMantra,Delviant AI Labs Private Limited,BAGMANE TRADERS (P) LTD,2026-09-25,https://data.rbi.org.in/BOE/OpenDocument/opendoc/custom.jsp?iDocID=ARfEgy.WNSVIvFfvSIVmBCw&sIDType=CUID,Google Play Store,https://play.google.com/store/apps/details?id=com.salarymantra.app,https://play.google.com/store/apps/details?id=com.salarymantra.app,com.salarymantra.app,250,0
SalaryMantra,Delviant AI Labs Private Limited,BAGMANE TRADERS (P) LTD,2026-09-25,https://data.rbi.org.in/BOE/OpenDocument/opendoc/custom.jsp?iDocID=ARfEgy.WNSVIvFfvSIVmBCw&sIDType=CUID,Website,https://salarymantra.com,https://salarymantra.com,,251,0
50fin App,Fifty Fintech Pvt. Ltd,BAJAJ FINANCE LTD.,2026-09-25,https://data.rbi.org.in/BOE/OpenDocument/opendoc/custom.jsp?iDocID=ARfEgy.WNSVIvFfvSIVmBCw&sIDType=CUID,Apple App Store,https://apps.apple.com/us/app/50fin/id1669039122,https://apps.apple.com/us/app/50fin/id1669039122,,252,0
50fin: Loan Against Securities App,Fifty Fintech Pvt. Ltd,BAJAJ FINANCE LTD.,2026-09-25,https://data.rbi.org.in/BOE/OpenDocument/opendoc/custom.jsp?iDocID=ARfEgy.WNSVIvFfvSIVmBCw&sIDType=CUID,Google Play Store,https://play.google.com/store/apps/details?id=com.fiftyfin.app,https://play.google.com/store/apps/details?id=com.fiftyfin.app,com.fiftyfin.app,253,0
50fin Website,Fifty Fintech Pvt. Ltd,BAJAJ FINANCE LTD.,2026-09-25,https://data.rbi.org.in/BOE/OpenDocument/opendoc/custom.jsp?iDocID=ARfEgy.WNSVIvFfvSIVmBCw&sIDType=CUID,Website,https://www.50fin.in/,https://www.50fin.in/,,254,0
Airtel Thanks App,Xtelify Ltd.,BAJAJ FINANCE LTD.,2026-09-25,https://data.rbi.org.in/BOE/OpenDocument/opendoc/custom.jsp?iDocID=ARfEgy.WNSVIvFfvSIVmBCw&sIDType=CUID,Apple App Store,https://apps.apple.com/in/app/airtel-thanks-recharge-bank/id543184334,https://apps.apple.com/in/app/airtel-thanks-recharge-bank/id543184334,,255,0
Airtel Thanks App,Xtelify Ltd.,BAJAJ FINANCE LTD.,2026-09-25,https://data.rbi.org.in/BOE/OpenDocument/opendoc/custom.jsp?iDocID=ARfEgy.WNSVIvFfvSIVmBCw&sIDType=CUID,Google Play Store,https://play.google.com/store/apps/details?id=com.myairtelapp,https://play.google.com/store/apps/details?id=com.myairtelapp,com.myairtelapp,256,0
Airtel Website,Xtelify Ltd.,BAJAJ FINANCE LTD.,2026-09-25,https://data.rbi.org.in/BOE/OpenDocument/opendoc/custom.jsp?iDocID=ARfEgy.WNSVIvFfvSIVmBCw&sIDType=CUID,Website,https://www.airtel.in/airtel-thanks-app,https://www.airtel.in/airtel-thanks-app,,257,0
Bajaj Finance App,Self-owned,BAJAJ FINANCE LTD.,2026-09-25,https://data.rbi.org.in/BOE/OpenDocument/opendoc/custom.jsp?iDocID=ARfEgy.WNSVIvFfvSIVmBCw&sIDType=CUID,Apple App Store,https://apps.apple.com/in/app/bajaj-finance-loans-upi-fd/id505454145,https://apps.apple.com/in/app/bajaj-finance-loans-upi-fd/id505454145,,258,0
Bajaj Finance App,Self-owned,BAJAJ FINANCE LTD.,2026-09-25,https://data.rbi.org.in/BOE/OpenDocument/opendoc/custom.jsp?iDocID=ARfEgy.WNSVIvFfvSIVmBCw&sIDType=CUID,Google Play Store,https://play.google.com/store/apps/details?id=org.altruist.BajajExperia,play.google.com/store/apps/details?id=org.altruist.BajajExperia&shortlink=4n&c=Web_Business_UPI_7&pid=Web%20Business&source_caller=ui,org.altruist.BajajExperia,259,0
Bajaj Markets App,Bajaj Finserv Direct Ltd.,BAJAJ FINANCE LTD.,2026-09-25,https://data.rbi.org.in/BOE/OpenDocument/opendoc/custom.jsp?iDocID=ARfEgy.WNSVIvFfvSIVmBCw&sIDType=CUID,Apple App Store,https://apps.apple.com/in/app/bajaj-finserv-markets-loan-app/id1482914241,https://apps.apple.com/in/app/bajaj-finserv-markets-loan-app/id1482914241,,260,0
Bajaj Markets App,Bajaj Finserv Direct Ltd.,BAJAJ FINANCE LTD.,2026-09-25,https://data.rbi.org.in/BOE/OpenDocument/opendoc/custom.jsp?iDocID=ARfEgy.WNSVIvFfvSIVmBCw&sIDType=CUID,Google Play Store,https://play.google.com/store/apps/details?id=in.bajajfinservmarkets.app,https://play.google.com/store/apps/details?id=in.bajajfinservmarkets.app&hl=en,in.bajajfinservmarkets.app,261,0
Bajaj Markets Website,Bajaj Finserv Direct Ltd.,BAJAJ FINANCE LTD.,2026-09-25,https://data.rbi.org.in/BOE/OpenDocument/opendoc/custom.jsp?iDocID=ARfEgy.WNSVIvFfvSIVmBCw&sIDType=CUID,Website,https://www.bajajfinservmarkets.in/,https://www.bajajfinservmarkets.in/,,262,0
BFL Website,Self-owned,BAJAJ FINANCE LTD.,2026-09-25,https://data.rbi.org.in/BOE/OpenDocument/opendoc/custom.jsp?iDocID=ARfEgy.WNSVIvFfvSIVmBCw&sIDType=CUID,Website,https://www.bajajfinserv.in,www.bajajfinserv.in,,263,0
Blinkmoney Website,Capline Ventures Pvt. Ltd.,BAJAJ FINANCE LTD.,2026-09-25,https://data.rbi.org.in/BOE/OpenDocument/opendoc/custom.jsp?iDocID=ARfEgy.WNSVIvFfvSIVmBCw&sIDType=CUID,Website,https://www.blinkmoney.in/,https://www.blinkmoney.in/,,264,0
Finsire Website,Finsire Technologies Pvt. Ltd.,BAJAJ FINANCE LTD.,2026-09-25,https://data.rbi.org.in/BOE/OpenDocument/opendoc/custom.jsp?iDocID=ARfEgy.WNSVIvFfvSIVmBCw&sIDType=CUID,Website,https://www.finsire.com/,https://www.finsire.com/,,265,0
Google Pay India/ GPay Website,Google India Digital Services Pvt. Ltd.,BAJAJ FINANCE LTD.,2026-09-25,https://data.rbi.org.in/BOE/OpenDocument/opendoc/custom.jsp?iDocID=ARfEgy.WNSVIvFfvSIVmBCw&sIDType=CUID,Website,https://pay.google.com/intl/en_in/about/,https://pay.google.com/intl/en_in/about/,,266,0
"Google Pay: Save, Pay, Manage App",Google India Digital Services Pvt. Ltd.,BAJAJ FINANCE LTD.,2026-09-25,https://data.rbi.org.in/BOE/OpenDocument/opendoc/custom.jsp?iDocID=ARfEgy.WNSVIvFfvSIVmBCw&sIDType=CUID,Apple App Store,https://apps.apple.com/in/app/google-pay-save-pay-manage/id1193357041,https://apps.apple.com/in/app/google-pay-save-pay-manage/id1193357041,,267,0
Google Pay: Secure UPI payment App,Google India Digital Services Pvt. Ltd.,BAJAJ FINANCE LTD.,2026-09-25,https://data.rbi.org.in/BOE/OpenDocument/opendoc/custom.jsp?iDocID=ARfEgy.WNSVIvFfvSIVmBCw&sIDType=CUID,Google Play Store,https://play.google.com/store/apps/details?id=com.google.android.apps.nbu.paisa.user,https://play.google.com/store/apps/details?id=com.google.android.apps.nbu.paisa.user,com.google.android.apps.nbu.paisa.user,268,0
Lark Finserv App,LARK Finserv Pvt. Ltd.,BAJAJ FINANCE LTD.,2026-09-25,https://data.rbi.org.in/BOE/OpenDocument/opendoc/custom.jsp?iDocID=ARfEgy.WNSVIvFfvSIVmBCw&sIDType=CUID,Apple App Store,https://apps.apple.com/in/app/larkx/id6498548678,https://apps.apple.com/in/app/larkx/id6498548678,,269,0
Lark Finserv App,LARK Finserv Pvt. Ltd.,BAJAJ FINANCE LTD.,2026-09-25,https://data.rbi.org.in/BOE/OpenDocument/opendoc/custom.jsp?iDocID=ARfEgy.WNSVIvFfvSIVmBCw&sIDType=CUID,Google Play Store,https://play.google.com/store/apps/details?id=com.lark_finserv.dpi_locker,https://play.google.com/store/apps/details?id=com.lark_finserv.dpi_locker&hl=en,com.lark_finserv.dpi_locker,270,0
Lark Finserv Website,LARK Finserv Pvt. Ltd.,BAJAJ FINANCE LTD.,2026-09-25,https://data.rbi.org.in/BOE/OpenDocument/opendoc/custom.jsp?iDocID=ARfEgy.WNSVIvFfvSIVmBCw&sIDType=CUID,Website,https://www.larkfinserv.com/,https://www.larkfinserv.com/,,271,0
Liquify App,Sumanju Technologies Pvt. Ltd.,BAJAJ FINANCE LTD.,2026-09-25,https://data.rbi.org.in/BOE/OpenDocument/opendoc/custom.jsp?iDocID=ARfEgy.WNSVIvFfvSIVmBCw&sIDType=CUID,Google Play Store,https://play.google.com/store/apps/details?id=com.liquify,https://play.google.com/store/apps/details?id=com.liquify,com.liquify,272,0
Liquify India App,Sumanju Technologies Pvt. Ltd.,BAJAJ FINANCE LTD.,2026-09-25,https://data.rbi.org.in/BOE/OpenDocument/opendoc/custom.jsp?iDocID=ARfEgy.WNSVIvFfvSIVmBCw&sIDType=CUID,Apple App Store,https://apps.apple.com/in/app/liquify-india/id6737821388,https://apps.apple.com/in/app/liquify-india/id6737821388,,273,0
Neoble Website,Indiwealth Technologies Pvt. Ltd.,BAJAJ FINANCE LTD.,2026-09-25,https://data.rbi.org.in/BOE/OpenDocument/opendoc/custom.jsp?iDocID=ARfEgy.WNSVIvFfvSIVmBCw&sIDType=CUID,Website,https://www.neoble.in/,https://www.neoble.in/,,274,0
Njloans Website,NJ Financial Services Pvt. Ltd.,BAJAJ FINANCE LTD.,2026-09-25,https://data.rbi.org.in/BOE/OpenDocument/opendoc/custom.jsp?iDocID=ARfEgy.WNSVIvFfvSIVmBCw&sIDType=CUID,Website,https://njloans.in/,https://njloans.in/,,275,0
Quicklend Website,Finramp Technologies Pvt. Ltd.,BAJAJ FINANCE LTD.,2026-09-25,https://data.rbi.org.in/BOE/OpenDocument/opendoc/custom.jsp?iDocID=ARfEgy.WNSVIvFfvSIVmBCw&sIDType=CUID,Website,https://www.quicklend.in/,https://www.quicklend.in/,,276,0
SLiQ App,Valuenable Pvt. Ltd.,BAJAJ FINANCE LTD.,2026-09-25,https://data.rbi.org.in/BOE/OpenDocument/opendoc/custom.jsp?iDocID=ARfEgy.WNSVIvFfvSIVmBCw&sIDType=CUID,Google Play Store,https://play.google.com/store/apps/details?id=com.valuenable.las,https://play.google.com/store/apps/details?id=com.valuenable.las,com.valuenable.las,277,0
Smallcase: Stock Investments App,Essential Investment Managers Pvt. Ltd.,BAJAJ FINANCE LTD.,2026-09-25,https://data.rbi.org.in/BOE/OpenDocument/opendoc/custom.jsp?iDocID=ARfEgy.WNSVIvFfvSIVmBCw&sIDType=CUID,Google Play Store,https://play.google.com/store/apps/details?id=com.smallcase.android,https://play.google.com/store/apps/details?id=com.smallcase.android&hl=en,com.smallcase.android,278,0
"Smallcase: Stocks, MFs, FDs App",Essential Investment Managers Pvt. Ltd.,BAJAJ FINANCE LTD.,2026-09-25,https://data.rbi.org.in/BOE/OpenDocument/opendoc/custom.jsp?iDocID=ARfEgy.WNSVIvFfvSIVmBCw&sIDType=CUID,Apple App Store,https://apps.apple.com/in/app/smallcase-stocks-mfs-fds/id1345309437,https://apps.apple.com/in/app/smallcase-stocks-mfs-fds/id1345309437,,279,0
Smallcase Website,Essential Investment Managers Pvt. Ltd.,BAJAJ FINANCE LTD.,2026-09-25,https://data.rbi.org.in/BOE/OpenDocument/opendoc/custom.jsp?iDocID=ARfEgy.WNSVIvFfvSIVmBCw&sIDType=CUID,Website,https://www.smallcase.com/,https://www.smallcase.com/,,280,0
Valuenable Website,Valuenable Pvt. Ltd.,BAJAJ FINANCE LTD.,2026-09-25,https://data.rbi.org.in/BOE/OpenDocument/opendoc/custom.jsp?iDocID=ARfEgy.WNSVIvFfvSIVmBCw&sIDType=CUID,Website,https://valuenable.in/,https://valuenable.in/,,281,0
Yenmo: Mutual Fund Loans App,Yenmo Technologies Pvt. Ltd.,BAJAJ FINANCE LTD.,2026-09-25,https://data.rbi.org.in/BOE/OpenDocument/opendoc/custom.jsp?iDocID=ARfEgy.WNSVIvFfvSIVmBCw&sIDType=CUID,Apple App Store,https://apps.apple.com/in/app/yenmo-mutual-funds-loans/id6477531049,https://apps.apple.com/in/app/yenmo-mutual-funds-loans/id6477531049,,282,0
Yenmo- Mutual Funds Loan App,Yenmo Technologies Pvt. Ltd.,BAJAJ FINANCE LTD.,2026-09-25,https://data.rbi.org.in/BOE/OpenDocument/opendoc/custom.jsp?iDocID=ARfEgy.WNSVIvFfvSIVmBCw&sIDType=CUID,Google Play Store,https://play.google.com/store/search?q=yenmo&c=apps&hl=en,https://play.google.com/store/search?q=yenmo&c=apps&hl=en,,283,0
Yenmo Website,Yenmo Technologies Pvt. Ltd.,BAJAJ FINANCE LTD.,2026-09-25,https://data.rbi.org.in/BOE/OpenDocument/opendoc/custom.jsp?iDocID=ARfEgy.WNSVIvFfvSIVmBCw&sIDType=CUID,Website,https://yenmo.in/,https://yenmo.in/,,284,0
Digital Lending Application 1,Self-owned,BANK OF BARODA,2026-09-25,https://data.rbi.org.in/BOE/OpenDocument/opendoc/custom.jsp?iDocID=ARfEgy.WNSVIvFfvSIVmBCw&sIDType=CUID,Website,https://dil.bankofbaroda.in,https://dil.bankofbaroda.in,,285,0
Digital Lending Application 2,Self-owned,BANK OF BARODA,2026-09-25,https://data.rbi.org.in/BOE/OpenDocument/opendoc/custom.jsp?iDocID=ARfEgy.WNSVIvFfvSIVmBCw&sIDType=CUID,Website,https://dil2.bankofbaroda.co.in/,https://dil2.bankofbaroda.co.in/,,286,0
Digital Lending Application 3,Self-owned,BANK OF BARODA,2026-09-25,https://data.rbi.org.in/BOE/OpenDocument/opendoc/custom.jsp?iDocID=ARfEgy.WNSVIvFfvSIVmBCw&sIDType=CUID,Website,https://dil4.bankofbaroda.co.in/smart-od,https://dil4.bankofbaroda.co.in/smart-od,,287,0
Jansamarth Portal,Jansamarth,BANK OF BARODA,2026-09-25,https://data.rbi.org.in/BOE/OpenDocument/opendoc/custom.jsp?iDocID=ARfEgy.WNSVIvFfvSIVmBCw&sIDType=CUID,Website,https://www.jansamarth.in,https://www.jansamarth.in,,288,0
PSBloansin59minutes,PSBloansin59minutes,BANK OF BARODA,2026-09-25,https://data.rbi.org.in/BOE/OpenDocument/opendoc/custom.jsp?iDocID=ARfEgy.WNSVIvFfvSIVmBCw&sIDType=CUID,Website,https://www.psbloansin59minutes.com/,https://www.psbloansin59minutes.com/,,289,0
E-Platform,SELF-OWNED,BANK OF INDIA,2026-09-25,https://data.rbi.org.in/BOE/OpenDocument/opendoc/custom.jsp?iDocID=ARfEgy.WNSVIvFfvSIVmBCw&sIDType=CUID,WEBSITE,https://staraks.bankofindia.bank.in,https://staraks.bankofindia.bank.in,,290,0
Car Loan,Self Owned,BANK OF MAHARASHTRA,2026-09-25,https://data.rbi.org.in/BOE/OpenDocument/opendoc/custom.jsp?iDocID=ARfEgy.WNSVIvFfvSIVmBCw&sIDType=CUID,Website,https://bomdigitalloans.bankofmaharashtra.bank.in/vehicle-loan/#/vehicle-home,https://bomdigitalloans.bankofmaharashtra.bank.in/vehicle-loan/#/vehicle-home,,291,0
e-GST,Self Owned,BANK OF MAHARASHTRA,2026-09-25,https://data.rbi.org.in/BOE/OpenDocument/opendoc/custom.jsp?iDocID=ARfEgy.WNSVIvFfvSIVmBCw&sIDType=CUID,Website,https://bomdigitalloans.bankofmaharashtra.bank.in/gstin/#/gst-credit,https://bomdigitalloans.bankofmaharashtra.bank.in/gstin/#/gst-credit,,292,0
Gold Loan,Self Owned,BANK OF MAHARASHTRA,2026-09-25,https://data.rbi.org.in/BOE/OpenDocument/opendoc/custom.jsp?iDocID=ARfEgy.WNSVIvFfvSIVmBCw&sIDType=CUID,Website,https://bomdigitalloans.bankofmaharashtra.bank.in/gold-loan/#/gold-loan-signin,https://bomdigitalloans.bankofmaharashtra.bank.in/gold-loan/#/gold-loan-signin,,293,0
KCC Jan Samart,Self Owned,BANK OF MAHARASHTRA,2026-09-25,https://data.rbi.org.in/BOE/OpenDocument/opendoc/custom.jsp?iDocID=ARfEgy.WNSVIvFfvSIVmBCw&sIDType=CUID,Website,https://www.jansamarth.in/home/bom,https://www.jansamarth.in/home/bom,,294,0
KCC Tatkal,Self Owned,BANK OF MAHARASHTRA,2026-09-25,https://data.rbi.org.in/BOE/OpenDocument/opendoc/custom.jsp?iDocID=ARfEgy.WNSVIvFfvSIVmBCw&sIDType=CUID,Website,https://digiloans.bankofmaharashtra.bank.in/apply/kisan-tatkal-loan?bom,https://digiloans.bankofmaharashtra.bank.in/apply/kisan-tatkal-loan?bom,,295,0
Mahabank Rooftop Solar Panel Loan,Self Owned,BANK OF MAHARASHTRA,2026-09-25,https://data.rbi.org.in/BOE/OpenDocument/opendoc/custom.jsp?iDocID=ARfEgy.WNSVIvFfvSIVmBCw&sIDType=CUID,Website,https://mahadigitalloans.bankofmaharashtra.bank.in/surya/#/,https://mahadigitalloans.bankofmaharashtra.bank.in/surya/#/,,296,0
Mudra,Self Owned,BANK OF MAHARASHTRA,2026-09-25,https://data.rbi.org.in/BOE/OpenDocument/opendoc/custom.jsp?iDocID=ARfEgy.WNSVIvFfvSIVmBCw&sIDType=CUID,Website,https://bomdigitalloans.bankofmaharashtra.bank.in/#/mudra-main,https://bomdigitalloans.bankofmaharashtra.bank.in/#/mudra-main,,297,0
PM AWAS Yojana Home Loan For EWS/LIG/MIG,Self Owned,BANK OF MAHARASHTRA,2026-09-25,https://data.rbi.org.in/BOE/OpenDocument/opendoc/custom.jsp?iDocID=ARfEgy.WNSVIvFfvSIVmBCw&sIDType=CUID,Website,https://mahadigitalloans.bankofmaharashtra.bank.in/pmay/#/home,https://mahadigitalloans.bankofmaharashtra.bank.in/pmay/#/home,,298,0
?PMSVANidhi?,Self Owned,BANK OF MAHARASHTRA,2026-09-25,https://data.rbi.org.in/BOE/OpenDocument/opendoc/custom.jsp?iDocID=ARfEgy.WNSVIvFfvSIVmBCw&sIDType=CUID,Website,https://bomdigitalloans.bankofmaharashtra.bank.in/#/layout/banker/dashboard/pm-svanidhi,https://bomdigitalloans.bankofmaharashtra.bank.in/#/layout/banker/dashboard/pm-svanidhi,,299,0
PM Vishwakarma,Self Owned,BANK OF MAHARASHTRA,2026-09-25,https://data.rbi.org.in/BOE/OpenDocument/opendoc/custom.jsp?iDocID=ARfEgy.WNSVIvFfvSIVmBCw&sIDType=CUID,Website,https://bomdigitalloans.bankofmaharashtra.bank.in/pmvk/#/pmvk-signin,https://bomdigitalloans.bankofmaharashtra.bank.in/pmvk/#/pmvk-signin,,300,0
PQPL,Self Owned,BANK OF MAHARASHTRA,2026-09-25,https://data.rbi.org.in/BOE/OpenDocument/opendoc/custom.jsp?iDocID=ARfEgy.WNSVIvFfvSIVmBCw&sIDType=CUID,Website,https://bomdigitalloans.bankofmaharashtra.bank.in/#/layout/papl/login?bom,https://bomdigitalloans.bankofmaharashtra.bank.in/#/layout/papl/login?bom,,301,0
Self Helf Group,Self Owned,BANK OF MAHARASHTRA,2026-09-25,https://data.rbi.org.in/BOE/OpenDocument/opendoc/custom.jsp?iDocID=ARfEgy.WNSVIvFfvSIVmBCw&sIDType=CUID,Website,https://bomdigitalloans.bankofmaharashtra.bank.in/shg/#/shg-loan-home,https://bomdigitalloans.bankofmaharashtra.bank.in/shg/#/shg-loan-home,,302,0
ZenLyfe  Loan against Deposit( Mobile Banking App ),Self Owned,BANK OF MAHARASHTRA,2026-09-25,https://data.rbi.org.in/BOE/OpenDocument/opendoc/custom.jsp?iDocID=ARfEgy.WNSVIvFfvSIVmBCw&sIDType=CUID,Play Store / App Store,Available in Play Store / App Store,Available in Play Store / App Store,,303,0
My Money Bazaar,My Money Bazaar India Private Limited,BANSAL IN HOLD LTD.,2026-09-25,https://data.rbi.org.in/BOE/OpenDocument/opendoc/custom.jsp?iDocID=ARfEgy.WNSVIvFfvSIVmBCw&sIDType=CUID,Website,https://mymoneybazaar.com/,https://mymoneybazaar.com/,,304,0
Paisa24 Finance,Self owned,BAROTA FINANCE LIMITED,2026-09-25,https://data.rbi.org.in/BOE/OpenDocument/opendoc/custom.jsp?iDocID=ARfEgy.WNSVIvFfvSIVmBCw&sIDType=CUID,Website,https://paisa24finance.com/,https://paisa24finance.com/,,305,0
Cashboxx,Barwala Leasing & Finance Private Limited,BARWALA LEASING & FINANCE PVT.LTD,2026-09-25,https://data.rbi.org.in/BOE/OpenDocument/opendoc/custom.jsp?iDocID=ARfEgy.WNSVIvFfvSIVmBCw&sIDType=CUID,Website,https://cashboxx.in/,https://cashboxx.in/,,306,0
RapidRupee,AFG BUSINESS SOLUTIONS (INDIA) PRIVATE LIMITED,BEE PEE JAY FINANCE LTD,2026-09-25,https://data.rbi.org.in/BOE/OpenDocument/opendoc/custom.jsp?iDocID=ARfEgy.WNSVIvFfvSIVmBCw&sIDType=CUID,Google Play,https://play.google.com/store/apps/details?id=rapidrupee.app,https://play.google.com/store/apps/details?id=rapidrupee.app&pli=1,rapidrupee.app,307,0
RapidRupee,AFG BUSINESS SOLUTIONS (INDIA) PRIVATE LIMITED,BEE PEE JAY FINANCE LTD,2026-09-25,https://data.rbi.org.in/BOE/OpenDocument/opendoc/custom.jsp?iDocID=ARfEgy.WNSVIvFfvSIVmBCw&sIDType=CUID,Website,https://www.rapidrupee.in/,https://www.rapidrupee.in/,,308,0
CASHe,TSLC Pte Ltd with a sub-license to Bhanix Finance and Investment Limited,BHANIX FINANCE & INVESTMENT LTD,2026-09-25,https://data.rbi.org.in/BOE/OpenDocument/opendoc/custom.jsp?iDocID=ARfEgy.WNSVIvFfvSIVmBCw&sIDType=CUID,App store,https://apps.apple.com/in/app/cashe-loan-credit-line-app/id1261854922,https://apps.apple.com/in/app/cashe-loan-credit-line-app/id1261854922,,309,0
CASHe,TSLC Pte Ltd with a sub-license to Bhanix Finance and Investment Limited,BHANIX FINANCE & INVESTMENT LTD,2026-09-25,https://data.rbi.org.in/BOE/OpenDocument/opendoc/custom.jsp?iDocID=ARfEgy.WNSVIvFfvSIVmBCw&sIDType=CUID,Play store,https://play.google.com/store/apps/details?id=co.tslc.cashe.android,https://play.google.com/store/apps/details?id=co.tslc.cashe.android,co.tslc.cashe.android,310,0
CASHe,TSLC Pte Ltd with a sub-license to Bhanix Finance and Investment Limited,BHANIX FINANCE & INVESTMENT LTD,2026-09-25,https://data.rbi.org.in/BOE/OpenDocument/opendoc/custom.jsp?iDocID=ARfEgy.WNSVIvFfvSIVmBCw&sIDType=CUID,Web,https://web.cashe.co.in/,https://web.cashe.co.in/,,311,0
KarmaLife,Onionlife Private Limited,BHAWANA CAPITAL PVT LTD (FORMERLY BHAWANA SECURITIES & FINANCIAL SERVICES LTD),2026-09-25,https://data.rbi.org.in/BOE/OpenDocument/opendoc/custom.jsp?iDocID=ARfEgy.WNSVIvFfvSIVmBCw&sIDType=CUID,Google Play,https://play.google.com/store/apps/details?id=in.onionlife.karmalife,https://play.google.com/store/apps/details?id=in.onionlife.karmalife&pli=1,in.onionlife.karmalife,312,0
LoanFront,Vaibhav Vyapaar Private Limited,BHAWANA CAPITAL PVT LTD (FORMERLY BHAWANA SECURITIES & FINANCIAL SERVICES LTD),2026-09-25,https://data.rbi.org.in/BOE/OpenDocument/opendoc/custom.jsp?iDocID=ARfEgy.WNSVIvFfvSIVmBCw&sIDType=CUID,Google Play,https://play.google.com/store/apps/details?id=in.loanfront.android,https://play.google.com/store/apps/details?id=in.loanfront.android,in.loanfront.android,313,0
Ippopay for Stores,Ippopay Technologies Pvt Ltd,BILLIONLOANS FINANCIAL SERVICES PRIVATE LIMITED,2026-09-25,https://data.rbi.org.in/BOE/OpenDocument/opendoc/custom.jsp?iDocID=ARfEgy.WNSVIvFfvSIVmBCw&sIDType=CUID,Apple App Store,https://apps.apple.com/in/app/ippopay-for-stores/id6465133694,https://apps.apple.com/in/app/ippopay-for-stores/id6465133694,,314,0
Ippopay for Stores,Ippopay Technologies Pvt Ltd,BILLIONLOANS FINANCIAL SERVICES PRIVATE LIMITED,2026-09-25,https://data.rbi.org.in/BOE/OpenDocument/opendoc/custom.jsp?iDocID=ARfEgy.WNSVIvFfvSIVmBCw&sIDType=CUID,Google Play Store,https://play.google.com/store/apps/details?id=com.ippopay.store,https://play.google.com/store/apps/details?id=com.ippopay.store,com.ippopay.store,315,0
Next Capital,BILLUS INVESTMENTS PRIVATE LIMITED,BILLUS INVESTMENTS PVT. LTD.,2026-09-25,https://data.rbi.org.in/BOE/OpenDocument/opendoc/custom.jsp?iDocID=ARfEgy.WNSVIvFfvSIVmBCw&sIDType=CUID,Google Play Store,https://play.google.com/store/apps/details?id=com.nextcapital,https://play.google.com/apps/test/com.nextcapital/1,com.nextcapital,316,0
KapitaLoan,One Tone Collective LLP,BLUE CHIP FINANCE PVT. LTD.,2026-09-25,https://data.rbi.org.in/BOE/OpenDocument/opendoc/custom.jsp?iDocID=ARfEgy.WNSVIvFfvSIVmBCw&sIDType=CUID,One Tone Collective LLP,https://play.google.com/store/apps/details?id=com.onetone.kapitaloan,https://play.google.com/store/apps/details?id=com.onetone.kapitaloan,com.onetone.kapitaloan,317,0
KapitaLoan,One Tone Collective LLP,BLUE CHIP FINANCE PVT. LTD.,2026-09-25,https://data.rbi.org.in/BOE/OpenDocument/opendoc/custom.jsp?iDocID=ARfEgy.WNSVIvFfvSIVmBCw&sIDType=CUID,website,https://www.kapitaloan.com/,https://www.kapitaloan.com/,,318,0
Zapcash - Quick Loans,OMNISTACK INNOVATION PRIVATE LIMITED,BMW FIN-INVEST PRIVATE LIMITED,2026-09-25,https://data.rbi.org.in/BOE/OpenDocument/opendoc/custom.jsp?iDocID=ARfEgy.WNSVIvFfvSIVmBCw&sIDType=CUID,App Store,https://apps.apple.com/in/app/zapcash-quick-loans/id6761755166,https://apps.apple.com/in/app/zapcash-quick-loans/id6761755166,,319,0
Zapcash - Quick Loans,OMNISTACK INNOVATION PRIVATE LIMITED,BMW FIN-INVEST PRIVATE LIMITED,2026-09-25,https://data.rbi.org.in/BOE/OpenDocument/opendoc/custom.jsp?iDocID=ARfEgy.WNSVIvFfvSIVmBCw&sIDType=CUID,Google Play Store,https://play.google.com/store/apps/details?id=com.zapcash.loan,https://play.google.com/store/apps/details?id=com.zapcash.loan,com.zapcash.loan,320,0
Zapcash - Quick Loans,OMNISTACK INNOVATION PRIVATE LIMITED,BMW FIN-INVEST PRIVATE LIMITED,2026-09-25,https://data.rbi.org.in/BOE/OpenDocument/opendoc/custom.jsp?iDocID=ARfEgy.WNSVIvFfvSIVmBCw&sIDType=CUID,Website,https://zapcash.in/,https://zapcash.in/,,321,0
Myinstafunds,Self Owned,B.P. SECURITIES (INDIA) PVT. LTD.,2026-09-25,https://data.rbi.org.in/BOE/OpenDocument/opendoc/custom.jsp?iDocID=ARfEgy.WNSVIvFfvSIVmBCw&sIDType=CUID,Website,https://www.myinstafunds.com/,https://www.myinstafunds.com/,,323,0
Branch International Financial Services Private Limited,Branch International Financial Services Private Limited,BRANCH INTERNATIONAL FINANCIAL SERVICES PRIVATE LIMITED,2026-09-25,https://data.rbi.org.in/BOE/OpenDocument/opendoc/custom.jsp?iDocID=ARfEgy.WNSVIvFfvSIVmBCw&sIDType=CUID,Google Play Store,https://play.google.com/store/apps/details?id=com.branch_international.branch.branch_demo_android,https://play.google.com/store/apps/details?id=com.branch_international.branch.branch_demo_android&referrer=utm_source=IN_Website&utm_medium=CTA_Click&utm_term=CTA_click&gl=in,com.branch_international.branch.branch_demo_android,324,0
Branch International Financial Services Private Limited,Branch International Financial Services Private Limited,BRANCH INTERNATIONAL FINANCIAL SERVICES PRIVATE LIMITED,2026-09-25,https://data.rbi.org.in/BOE/OpenDocument/opendoc/custom.jsp?iDocID=ARfEgy.WNSVIvFfvSIVmBCw&sIDType=CUID,Website,https://branch.co/in/web/login,https://branch.co/in/web/login,,325,0
Branch International Financial Services Private Limited,Branch International Financial Services Private Limited,BRANCH INTERNATIONAL FINANCIAL SERVICES PRIVATE LIMITED,2026-09-25,https://data.rbi.org.in/BOE/OpenDocument/opendoc/custom.jsp?iDocID=ARfEgy.WNSVIvFfvSIVmBCw&sIDType=CUID,Website,https://phone.branchapp.in/,https://phone.branchapp.in/,,326,0
Petticash,BT Finance Pvt Ltd,BT FINANCE PRIVATE LIMITED (EARLIER KNOWN AS VANDEEP SUPPLIERS PRIVATE LIMITED),2026-09-25,https://data.rbi.org.in/BOE/OpenDocument/opendoc/custom.jsp?iDocID=ARfEgy.WNSVIvFfvSIVmBCw&sIDType=CUID,Google Play Store,https://play.google.com/store/apps/details?id=in.mobilemoney.finance,https://play.google.com/store/apps/details?id=in.mobilemoney.finance&hl=en_IN,in.mobilemoney.finance,327,0
CIRCLEPE,CIRCLEPE PRIVATE LIMITED,BUSSAN AUTO FINANCE INDIA PRIVATE LTD.,2026-09-25,https://data.rbi.org.in/BOE/OpenDocument/opendoc/custom.jsp?iDocID=ARfEgy.WNSVIvFfvSIVmBCw&sIDType=CUID,App Store,https://apps.apple.com/in/app/circlepe/id6677022752,https://apps.apple.com/in/app/circlepe/id6677022752,,328,0
CIRCLEPE,CIRCLEPE PRIVATE LIMITED,BUSSAN AUTO FINANCE INDIA PRIVATE LTD.,2026-09-25,https://data.rbi.org.in/BOE/OpenDocument/opendoc/custom.jsp?iDocID=ARfEgy.WNSVIvFfvSIVmBCw&sIDType=CUID,Google Play Store,https://play.google.com/store/apps/details?id=com.circlepe.club,https://play.google.com/store/apps/details?id=com.circlepe.club,com.circlepe.club,329,0
CIRCLEPE,CIRCLEPE PRIVATE LIMITED,BUSSAN AUTO FINANCE INDIA PRIVATE LTD.,2026-09-25,https://data.rbi.org.in/BOE/OpenDocument/opendoc/custom.jsp?iDocID=ARfEgy.WNSVIvFfvSIVmBCw&sIDType=CUID,Website,https://www.circlepe.club/,https://www.circlepe.club/,,330,0
Digital Lending Platform,Canara Bank,CANARA BANK,2026-09-25,https://data.rbi.org.in/BOE/OpenDocument/opendoc/custom.jsp?iDocID=ARfEgy.WNSVIvFfvSIVmBCw&sIDType=CUID,Website,https://portal.digiloans.canarabank.in/LoanPortal/,https://portal.digiloans.canarabank.in/LoanPortal/,,331,0
Tata Neu,Tata Digital Private Limited,CAPFLOAT FINANCIAL SERVICES PRIVATE LIMITED.,2026-09-25,https://data.rbi.org.in/BOE/OpenDocument/opendoc/custom.jsp?iDocID=ARfEgy.WNSVIvFfvSIVmBCw&sIDType=CUID,Android,https://play.google.com/store/apps/details?id=com.tatadigital.tcp,https://play.google.com/store/apps/details?id=com.tatadigital.tcp,com.tatadigital.tcp,332,0
Tata Neu,Tata Digital Private Limited,CAPFLOAT FINANCIAL SERVICES PRIVATE LIMITED.,2026-09-25,https://data.rbi.org.in/BOE/OpenDocument/opendoc/custom.jsp?iDocID=ARfEgy.WNSVIvFfvSIVmBCw&sIDType=CUID,iOS,https://apps.apple.com/in/app/tata-neu-shop-travel-finance/id1584669293,https://apps.apple.com/in/app/tata-neu-shop-travel-finance/id1584669293,,333,0
Tata Neu,Tata Digital Private Limited,CAPFLOAT FINANCIAL SERVICES PRIVATE LIMITED.,2026-09-25,https://data.rbi.org.in/BOE/OpenDocument/opendoc/custom.jsp?iDocID=ARfEgy.WNSVIvFfvSIVmBCw&sIDType=CUID,Website,https://www.tataneu.com,https://www.tataneu.com,,334,0
NYE,Rapipay Fintech Private Limited,CAPITAL INDIA FINANCE LIMITED,2026-09-25,https://data.rbi.org.in/BOE/OpenDocument/opendoc/custom.jsp?iDocID=ARfEgy.WNSVIvFfvSIVmBCw&sIDType=CUID,Android and iOS,https://in.rapipay.com,https://in.rapipay.com,,335,0
Paisanow,self owned,CAPITAL TRADE LINKS LIMITED,2026-09-25,https://data.rbi.org.in/BOE/OpenDocument/opendoc/custom.jsp?iDocID=ARfEgy.WNSVIvFfvSIVmBCw&sIDType=CUID,Website and app store,https://paisanow.in/PaisaNow.apk,https://paisanow.in/PaisaNow.apk,,336,0
Capital Gold Loan,Capital Trust Limited,CAPITAL TRUST LIMITED,2026-09-25,https://data.rbi.org.in/BOE/OpenDocument/opendoc/custom.jsp?iDocID=ARfEgy.WNSVIvFfvSIVmBCw&sIDType=CUID,Google Play Store,https://play.google.com/store/apps/details?id=com.ctl.capitalgold,https://play.google.com/store/apps/details?id=com.ctl.capitalgold,com.ctl.capitalgold,337,0
BharatPe for Business,Operated by Resilient Digi Services Private Limited,CAPRI GLOBAL CAPITAL LIMITED (FORMERLY MONEY MATTERS FINANCIAL SERVICES LTD.),2026-09-25,https://data.rbi.org.in/BOE/OpenDocument/opendoc/custom.jsp?iDocID=ARfEgy.WNSVIvFfvSIVmBCw&sIDType=CUID,Apple App Store,https://apps.apple.com/in/app/bharatpe-for-business/id1329385873,https://apps.apple.com/in/app/bharatpe-for-business/id1329385873,,338,0
BharatPe for Business,Operated by Resilient Digi Services Private Limited,CAPRI GLOBAL CAPITAL LIMITED (FORMERLY MONEY MATTERS FINANCIAL SERVICES LTD.),2026-09-25,https://data.rbi.org.in/BOE/OpenDocument/opendoc/custom.jsp?iDocID=ARfEgy.WNSVIvFfvSIVmBCw&sIDType=CUID,Google Play,https://play.google.com/store/apps/details?id=com.bharatpe.app,https://play.google.com/store/apps/details?id=com.bharatpe.app&hl=en_IN&pli=1,com.bharatpe.app,339,0
Capri Loans,Self Owned,CAPRI GLOBAL CAPITAL LIMITED (FORMERLY MONEY MATTERS FINANCIAL SERVICES LTD.),2026-09-25,https://data.rbi.org.in/BOE/OpenDocument/opendoc/custom.jsp?iDocID=ARfEgy.WNSVIvFfvSIVmBCw&sIDType=CUID,Apple App Store,https://apps.apple.com/in/app/capri-loans/id6504343732,https://apps.apple.com/in/app/capri-loans/id6504343732,,340,0
Capri Loans,Self Owned,CAPRI GLOBAL CAPITAL LIMITED (FORMERLY MONEY MATTERS FINANCIAL SERVICES LTD.),2026-09-25,https://data.rbi.org.in/BOE/OpenDocument/opendoc/custom.jsp?iDocID=ARfEgy.WNSVIvFfvSIVmBCw&sIDType=CUID,Google Play,https://play.google.com/store/apps/details?id=com.capriloans.consumer,https://play.google.com/store/apps/details?id=com.capriloans.consumer&hl=en_IN,com.capriloans.consumer,341,0
CMC BANK HAVERI,THE CARDAMOM MERCHATS COOP BANK LTD HAVERI,CARDAMOM MERCHANTS' CO-OP.BANK LTD.,2026-09-25,https://data.rbi.org.in/BOE/OpenDocument/opendoc/custom.jsp?iDocID=ARfEgy.WNSVIvFfvSIVmBCw&sIDType=CUID,PLAY STORE,https://play.google.com/store/apps/details?id=com.banksoft.client.cmcBa,https://play.google.com/store/ apps/details? id=com.banksoft.client.cmcBa nk&pcampaignid=web_share,com.banksoft.client.cmcBa,342,0
Carz4Sale?,M/S. Karot Technologies LLP,CARS24 FINANCIAL SERVICES PRIVATE LIMITED,2026-09-25,https://data.rbi.org.in/BOE/OpenDocument/opendoc/custom.jsp?iDocID=ARfEgy.WNSVIvFfvSIVmBCw&sIDType=CUID,Website,https://www.carz4sale.in/loan/?i=u,https://www.carz4sale.in/loan/?i=u,,343,0
MotorHunk?,"Motorhunk Private Limited,",CARS24 FINANCIAL SERVICES PRIVATE LIMITED,2026-09-25,https://data.rbi.org.in/BOE/OpenDocument/opendoc/custom.jsp?iDocID=ARfEgy.WNSVIvFfvSIVmBCw&sIDType=CUID,Website,https://motorhunk.com/,https://motorhunk.com/,,344,0
PhonePe,PhonePe Lending services Private Limited,CARS24 FINANCIAL SERVICES PRIVATE LIMITED,2026-09-25,https://data.rbi.org.in/BOE/OpenDocument/opendoc/custom.jsp?iDocID=ARfEgy.WNSVIvFfvSIVmBCw&sIDType=CUID,Apple AppStore / Google PlayStore,https://play.google.com/store/apps/details?id=com.phonepe.app,https://play.google.com/store/apps/details?id=com.phonepe.app   https://apps.apple.com/in/app/phonepe-secure-payments-app/id1170055821,com.phonepe.app,345,0
Vehicle Info,VASUNDHARA INFOTECH LLP,CARS24 FINANCIAL SERVICES PRIVATE LIMITED,2026-09-25,https://data.rbi.org.in/BOE/OpenDocument/opendoc/custom.jsp?iDocID=ARfEgy.WNSVIvFfvSIVmBCw&sIDType=CUID,Apple AppStore / Google PlayStore,https://play.google.com/store/apps/details?id=com.vehicle.rto.vahan.status.information.register,https://play.google.com/store/apps/details?id=com.vehicle.rto.vahan.status.information.register https://apps.apple.com/in/app/vehicleinfo-all-vahan-detail/id1319263976,com.vehicle.rto.vahan.status.information.register,346,0
Indifi Technologies Pvt Ltd,Indifi Technologies Pvt Ltd,CASPIAN IMPACT INVESTMENTS PRIVATE LIMITED,2026-09-25,https://data.rbi.org.in/BOE/OpenDocument/opendoc/custom.jsp?iDocID=ARfEgy.WNSVIvFfvSIVmBCw&sIDType=CUID,Website,https://www.indifi.com/,https://www.indifi.com/,,347,0
Digital Lending Platform,Self Owned,CENTRAL BANK OF INDIA,2026-09-25,https://data.rbi.org.in/BOE/OpenDocument/opendoc/custom.jsp?iDocID=ARfEgy.WNSVIvFfvSIVmBCw&sIDType=CUID,Website,https://centralbankofindia.co.in/en/Digital_Loan_Link,https://centralbankofindia.co.in/en/Digital_Loan_Link,,348,0
CreditSea,Innotech Creditsea Platforms Private Limited,CHHOTARIA SECURITIES  PVT.  LTD.,2026-09-25,https://data.rbi.org.in/BOE/OpenDocument/opendoc/custom.jsp?iDocID=ARfEgy.WNSVIvFfvSIVmBCw&sIDType=CUID,App Store,https://apps.apple.com/in/app/creditsea- personal-loan-app/id6743390338,https://apps.apple.com/in/app/creditsea- personal-loan-app/id6743390338,,349,0
CreditSea,Innotech Creditsea Platforms Private Limited,CHHOTARIA SECURITIES  PVT.  LTD.,2026-09-25,https://data.rbi.org.in/BOE/OpenDocument/opendoc/custom.jsp?iDocID=ARfEgy.WNSVIvFfvSIVmBCw&sIDType=CUID,Google Play Store,https://play.google.com/store/apps/details?id=com.creditsea.app,https://play.google.com/store/apps/details? id=com.creditsea.app,com.creditsea.app,350,0
CreditSea,Innotech Creditsea Platforms Private Limited,CHHOTARIA SECURITIES  PVT.  LTD.,2026-09-25,https://data.rbi.org.in/BOE/OpenDocument/opendoc/custom.jsp?iDocID=ARfEgy.WNSVIvFfvSIVmBCw&sIDType=CUID,Website,https://www.creditsea.com/,https://www.creditsea.com/,,351,0
GoCredit,Vijayalakshmi Technology Infinity NKB Private Limited,CHHOTARIA SECURITIES  PVT.  LTD.,2026-09-25,https://data.rbi.org.in/BOE/OpenDocument/opendoc/custom.jsp?iDocID=ARfEgy.WNSVIvFfvSIVmBCw&sIDType=CUID,Google Play Store,https://play.google.com/store/apps/details?id=money.gocredit.ai,https://play.google.com/store/apps/details?id=money.gocredit.ai,money.gocredit.ai,352,0
GoCredit,Vijayalakshmi Technology Infinity NKB Private Limited,CHHOTARIA SECURITIES  PVT.  LTD.,2026-09-25,https://data.rbi.org.in/BOE/OpenDocument/opendoc/custom.jsp?iDocID=ARfEgy.WNSVIvFfvSIVmBCw&sIDType=CUID,website,https://WWW.GOCREDIT.MONEY,WWW.GOCREDIT.MONEY,,353,0
GrowFi Loan Aggregator App,Gaman Technologiles Pvt Ltd.,CHHOTARIA SECURITIES  PVT.  LTD.,2026-09-25,https://data.rbi.org.in/BOE/OpenDocument/opendoc/custom.jsp?iDocID=ARfEgy.WNSVIvFfvSIVmBCw&sIDType=CUID,Play Store,https://play.google.com/store/search?q=growfi&c=apps&hl=en_IN,https://play.google.com/store/search?q=growfi&c=apps&hl=en_IN,,354,0
GrowFi Loan Aggregator App,Gaman Technologiles Pvt Ltd.,CHHOTARIA SECURITIES  PVT.  LTD.,2026-09-25,https://data.rbi.org.in/BOE/OpenDocument/opendoc/custom.jsp?iDocID=ARfEgy.WNSVIvFfvSIVmBCw&sIDType=CUID,Website,https://growfi.app/,https://growfi.app/,,355,0
Rupee24,Rupee24 Platforms Pvt. Ltd.,CHHOTARIA SECURITIES  PVT.  LTD.,2026-09-25,https://data.rbi.org.in/BOE/OpenDocument/opendoc/custom.jsp?iDocID=ARfEgy.WNSVIvFfvSIVmBCw&sIDType=CUID,Website,https://www.rupee24.com,www.rupee24.com,,356,0
Rupeeq.com,Intuino Business Consulting India Private Limited,CHHOTARIA SECURITIES  PVT.  LTD.,2026-09-25,https://data.rbi.org.in/BOE/OpenDocument/opendoc/custom.jsp?iDocID=ARfEgy.WNSVIvFfvSIVmBCw&sIDType=CUID,Website,https://www.rupeeq.com,www.rupeeq.com,,357,0
AryseFin,Vibhuprada Services Private Limited,CHINMAY FINLEASE LTD,2026-09-25,https://data.rbi.org.in/BOE/OpenDocument/opendoc/custom.jsp?iDocID=ARfEgy.WNSVIvFfvSIVmBCw&sIDType=CUID,Website,https://arysefin.com/,https://arysefin.com/,,358,0
Chinmay Finlease Limited,Self-owned,CHINMAY FINLEASE LTD,2026-09-25,https://data.rbi.org.in/BOE/OpenDocument/opendoc/custom.jsp?iDocID=ARfEgy.WNSVIvFfvSIVmBCw&sIDType=CUID,Apple App Store,https://apps.apple.com/in/app/chinmay- personal-loan-app/id6476261363,https://apps.apple.com/in/app/chinmay- personal-loan-app/id6476261363,,359,0
Chinmay Finlease Limited,Self-owned,CHINMAY FINLEASE LTD,2026-09-25,https://data.rbi.org.in/BOE/OpenDocument/opendoc/custom.jsp?iDocID=ARfEgy.WNSVIvFfvSIVmBCw&sIDType=CUID,Google Play Store,https://play.google.com/store/apps/details?id=com.chinmay.io,https://play.google.com/store/apps/details? id=com.chinmay.io&hl=en_IN,com.chinmay.io,360,0
Chinmay Finlease Limited,Self-owned,CHINMAY FINLEASE LTD,2026-09-25,https://data.rbi.org.in/BOE/OpenDocument/opendoc/custom.jsp?iDocID=ARfEgy.WNSVIvFfvSIVmBCw&sIDType=CUID,Website,https://www.chinmayfinlease.com/,https://www.chinmayfinlease.com/,,361,0
CreditHaat,Vibhuprada Services Private Limited,CHINMAY FINLEASE LTD,2026-09-25,https://data.rbi.org.in/BOE/OpenDocument/opendoc/custom.jsp?iDocID=ARfEgy.WNSVIvFfvSIVmBCw&sIDType=CUID,Website,https://www.credithaat.com/,https://www.credithaat.com/,,362,0
Lenditt,Lenditt Innovations & Technologies Pvt. Ltd,CHINMAY FINLEASE LTD,2026-09-25,https://data.rbi.org.in/BOE/OpenDocument/opendoc/custom.jsp?iDocID=ARfEgy.WNSVIvFfvSIVmBCw&sIDType=CUID,Apple App Store,https://apps.apple.com/in/app/lenditt- personal-loan-app/id1577363656,https://apps.apple.com/in/app/lenditt- personal-loan-app/id1577363656,,363,0
Lenditt,Lenditt Innovations & Technologies Pvt. Ltd,CHINMAY FINLEASE LTD,2026-09-25,https://data.rbi.org.in/BOE/OpenDocument/opendoc/custom.jsp?iDocID=ARfEgy.WNSVIvFfvSIVmBCw&sIDType=CUID,Google Play Store,https://play.google.com/store/apps/details?id=com.fintech.lenditt,https://play.google.com/store/apps/details? id=com.fintech.lenditt&hl=en_IN,com.fintech.lenditt,364,0
Samridhya,Samridhya Innovations Private Ltd,CHINMAY FINLEASE LTD,2026-09-25,https://data.rbi.org.in/BOE/OpenDocument/opendoc/custom.jsp?iDocID=ARfEgy.WNSVIvFfvSIVmBCw&sIDType=CUID,Apple App Store,https://apps.apple.com/in/app/samridhya/ id6745554387,https://apps.apple.com/in/app/samridhya/ id6745554387,,365,0
Samridhya,Samridhya Innovations Private Ltd,CHINMAY FINLEASE LTD,2026-09-25,https://data.rbi.org.in/BOE/OpenDocument/opendoc/custom.jsp?iDocID=ARfEgy.WNSVIvFfvSIVmBCw&sIDType=CUID,Google Play Store,https://play.google.com/store/apps/details?id=samridh.consumer,https://play.google.com/store/apps/details? id=samridh.consumer&hl=en_IN,samridh.consumer,366,0
Instant mudra,Self-Owned,CHINTAMANI FINLEASE LTD.,2026-09-25,https://data.rbi.org.in/BOE/OpenDocument/opendoc/custom.jsp?iDocID=ARfEgy.WNSVIvFfvSIVmBCw&sIDType=CUID,Website and Play Store,https://www.instantmudra.com/,https://www.instantmudra.com/,,367,0
NYE,Rapipay Fintech private Limited,CHOICE FINSERV PRIVATE LIMITED,2026-09-25,https://data.rbi.org.in/BOE/OpenDocument/opendoc/custom.jsp?iDocID=ARfEgy.WNSVIvFfvSIVmBCw&sIDType=CUID,Available on Google Play App Store,https://play.google.com/store/apps/details?id=com.rapipay.nye,https://play.google.com/store/apps/details?id=com.rapipay.nye,com.rapipay.nye,368,0
Chola One,Self-Owned,CHOLAMANDALAM INVESTMENT AND FINANCE COMPANY LIMITED,2026-09-25,https://data.rbi.org.in/BOE/OpenDocument/opendoc/custom.jsp?iDocID=ARfEgy.WNSVIvFfvSIVmBCw&sIDType=CUID,App store - ios,https://apps.apple.com/in/app/chola-one-digital-lending-app/id6505143802,https://apps.apple.com/in/app/chola-one-digital-lending-app/id6505143802,,369,0
Chola One,Self-Owned,CHOLAMANDALAM INVESTMENT AND FINANCE COMPANY LIMITED,2026-09-25,https://data.rbi.org.in/BOE/OpenDocument/opendoc/custom.jsp?iDocID=ARfEgy.WNSVIvFfvSIVmBCw&sIDType=CUID,Play store - Android,https://play.google.com/store/apps/details?id=io.ionic.d2c,https://play.google.com/store/apps/details?id=io.ionic.d2c&hl=en,io.ionic.d2c,370,0
Fibe,Social Worth Technologies Ltd,CHOLAMANDALAM INVESTMENT AND FINANCE COMPANY LIMITED,2026-09-25,https://data.rbi.org.in/BOE/OpenDocument/opendoc/custom.jsp?iDocID=ARfEgy.WNSVIvFfvSIVmBCw&sIDType=CUID,App Store (For iphone),https://apps.apple.com/in/app/fibe-instant-personal-loan-app/id1094602630,https://apps.apple.com/in/app/fibe-instant-personal-loan-app/id1094602630,,371,0
Fibe,Social Worth Technologies Ltd,CHOLAMANDALAM INVESTMENT AND FINANCE COMPANY LIMITED,2026-09-25,https://data.rbi.org.in/BOE/OpenDocument/opendoc/custom.jsp?iDocID=ARfEgy.WNSVIvFfvSIVmBCw&sIDType=CUID,Google Play Store (For Android),https://play.google.com/store/apps/details?id=com.earlysalary.android,https://play.google.com/store/apps/details?id=com.earlysalary.android&hl=en_IN&gl=IN,com.earlysalary.android,372,0
Flipkart,Flipkart internet Pvt.Ltd,CHOLAMANDALAM INVESTMENT AND FINANCE COMPANY LIMITED,2026-09-25,https://data.rbi.org.in/BOE/OpenDocument/opendoc/custom.jsp?iDocID=ARfEgy.WNSVIvFfvSIVmBCw&sIDType=CUID,Apple App Store,https://apps.apple.com/in/app/flipkart-online-shopping-app/id742044692,https://apps.apple.com/in/app/flipkart-online-shopping-app/id742044692,,373,0
Flipkart,Flipkart internet Pvt.Ltd,CHOLAMANDALAM INVESTMENT AND FINANCE COMPANY LIMITED,2026-09-25,https://data.rbi.org.in/BOE/OpenDocument/opendoc/custom.jsp?iDocID=ARfEgy.WNSVIvFfvSIVmBCw&sIDType=CUID,Google Play Store,https://play.google.com/store/apps/details?id=com.flipkart.android,https://play.google.com/store/apps/details?id=com.flipkart.android&hl=en_IN,com.flipkart.android,374,0
Flipkart,Flipkart internet Pvt.Ltd,CHOLAMANDALAM INVESTMENT AND FINANCE COMPANY LIMITED,2026-09-25,https://data.rbi.org.in/BOE/OpenDocument/opendoc/custom.jsp?iDocID=ARfEgy.WNSVIvFfvSIVmBCw&sIDType=CUID,Website,https://www.flipkart.com/,https://www.flipkart.com/,,375,0
Freo,MWYN Tech Private Limited,CHOLAMANDALAM INVESTMENT AND FINANCE COMPANY LIMITED,2026-09-25,https://data.rbi.org.in/BOE/OpenDocument/opendoc/custom.jsp?iDocID=ARfEgy.WNSVIvFfvSIVmBCw&sIDType=CUID,Apple App Store,https://apps.apple.com/in/app/freo-upi-insurance-loans/id1588894115,https://apps.apple.com/in/app/freo-upi-insurance-loans/id1588894115,,376,0
Freo,MWYN Tech Private Limited,CHOLAMANDALAM INVESTMENT AND FINANCE COMPANY LIMITED,2026-09-25,https://data.rbi.org.in/BOE/OpenDocument/opendoc/custom.jsp?iDocID=ARfEgy.WNSVIvFfvSIVmBCw&sIDType=CUID,Google Play Store,https://play.google.com/store/apps/details?id=com.moneytap.bnpl.app,https://play.google.com/store/apps/details?id=com.moneytap.bnpl.app&listing=freo_oneapp_moneytap,com.moneytap.bnpl.app,377,0
Freo,MWYN Tech Private Limited,CHOLAMANDALAM INVESTMENT AND FINANCE COMPANY LIMITED,2026-09-25,https://data.rbi.org.in/BOE/OpenDocument/opendoc/custom.jsp?iDocID=ARfEgy.WNSVIvFfvSIVmBCw&sIDType=CUID,IndusApp,https://play.google.com/store/apps/details?id=com.moneytap.bnpl.app,https://www.indusappstore.com/apps/finance/freo/com.moneytap.bnpl.app/?page=details&id=com.moneytap.bnpl.app,com.moneytap.bnpl.app,378,0
Freo,MWYN Tech Private Limited,CHOLAMANDALAM INVESTMENT AND FINANCE COMPANY LIMITED,2026-09-25,https://data.rbi.org.in/BOE/OpenDocument/opendoc/custom.jsp?iDocID=ARfEgy.WNSVIvFfvSIVmBCw&sIDType=CUID,Oppo App Store,oaps://mk/dt?pkg=com.moneytap.bnpl.app&style=1,oaps://mk/dt?pkg=com.moneytap.bnpl.app&style=1,,379,0
Freo,MWYN Tech Private Limited,CHOLAMANDALAM INVESTMENT AND FINANCE COMPANY LIMITED,2026-09-25,https://data.rbi.org.in/BOE/OpenDocument/opendoc/custom.jsp?iDocID=ARfEgy.WNSVIvFfvSIVmBCw&sIDType=CUID,Vivo Market,https://play.google.com/store/apps/details?id=com.moneytap.bnpl.app,vivomarket://details?id=com.moneytap.bnpl.app,com.moneytap.bnpl.app,380,0
Freo,MWYN Tech Private Limited,CHOLAMANDALAM INVESTMENT AND FINANCE COMPANY LIMITED,2026-09-25,https://data.rbi.org.in/BOE/OpenDocument/opendoc/custom.jsp?iDocID=ARfEgy.WNSVIvFfvSIVmBCw&sIDType=CUID,Website,https://www.freo.money,www.freo.money,,381,0
Freo,MWYN Tech Pvt Ltd,CHOLAMANDALAM INVESTMENT AND FINANCE COMPANY LIMITED,2026-09-25,https://data.rbi.org.in/BOE/OpenDocument/opendoc/custom.jsp?iDocID=ARfEgy.WNSVIvFfvSIVmBCw&sIDType=CUID,App (App store),https://apps.apple.com/in/app/freo-upi-insurance-loans/id1588894115,https://apps.apple.com/in/app/freo-upi-insurance-loans/id1588894115,,382,0
Freo,MWYN Tech Pvt Ltd,CHOLAMANDALAM INVESTMENT AND FINANCE COMPANY LIMITED,2026-09-25,https://data.rbi.org.in/BOE/OpenDocument/opendoc/custom.jsp?iDocID=ARfEgy.WNSVIvFfvSIVmBCw&sIDType=CUID,App (Playstore),https://play.google.com/store/apps/details?id=com.moneytap.bnpl.app,https://play.google.com/store/apps/details?id=com.moneytap.bnpl.app&hl=en_IN,com.moneytap.bnpl.app,383,0
Freo,MWYN Tech Pvt Ltd,CHOLAMANDALAM INVESTMENT AND FINANCE COMPANY LIMITED,2026-09-25,https://data.rbi.org.in/BOE/OpenDocument/opendoc/custom.jsp?iDocID=ARfEgy.WNSVIvFfvSIVmBCw&sIDType=CUID,Website,https://freo.money/,https://freo.money/,,384,0
Kreditbee,Finnovation Tech Solutions Private Limited,CHOLAMANDALAM INVESTMENT AND FINANCE COMPANY LIMITED,2026-09-25,https://data.rbi.org.in/BOE/OpenDocument/opendoc/custom.jsp?iDocID=ARfEgy.WNSVIvFfvSIVmBCw&sIDType=CUID,App,https://apps.apple.com/in/app/easy-personal-loan-kreditbee/id1488736283,https://apps.apple.com/in/app/easy-personal-loan-kreditbee/id1488736283,,385,0
Kreditbee,Finnovation Tech Solutions Private Limited,CHOLAMANDALAM INVESTMENT AND FINANCE COMPANY LIMITED,2026-09-25,https://data.rbi.org.in/BOE/OpenDocument/opendoc/custom.jsp?iDocID=ARfEgy.WNSVIvFfvSIVmBCw&sIDType=CUID,App,https://apps.samsung.com/appquery/appDetail.as?appId=com.kreditbee.android,https://apps.samsung.com/appquery/appDetail.as?appId=com.kreditbee.android,,386,0
Kreditbee,Finnovation Tech Solutions Private Limited,CHOLAMANDALAM INVESTMENT AND FINANCE COMPANY LIMITED,2026-09-25,https://data.rbi.org.in/BOE/OpenDocument/opendoc/custom.jsp?iDocID=ARfEgy.WNSVIvFfvSIVmBCw&sIDType=CUID,App,https://play.google.com/store/apps/details?id=com.kreditbee.android,https://global.app.mi.com/details?lo=IN&la=en_US&id=com.kreditbee.android,com.kreditbee.android,387,0
Kreditbee,Finnovation Tech Solutions Private Limited,CHOLAMANDALAM INVESTMENT AND FINANCE COMPANY LIMITED,2026-09-25,https://data.rbi.org.in/BOE/OpenDocument/opendoc/custom.jsp?iDocID=ARfEgy.WNSVIvFfvSIVmBCw&sIDType=CUID,App,https://indusapp.store/9ip3i05q,https://indusapp.store/9ip3i05q,,388,0
Kreditbee,Finnovation Tech Solutions Private Limited,CHOLAMANDALAM INVESTMENT AND FINANCE COMPANY LIMITED,2026-09-25,https://data.rbi.org.in/BOE/OpenDocument/opendoc/custom.jsp?iDocID=ARfEgy.WNSVIvFfvSIVmBCw&sIDType=CUID,App,https://play.google.com/store/apps/details?id=com.kreditbee.android,https://play.google.com/store/apps/details?id=com.kreditbee.android,com.kreditbee.android,389,0
Kreditbee,Finnovation Tech Solutions Private Limited,CHOLAMANDALAM INVESTMENT AND FINANCE COMPANY LIMITED,2026-09-25,https://data.rbi.org.in/BOE/OpenDocument/opendoc/custom.jsp?iDocID=ARfEgy.WNSVIvFfvSIVmBCw&sIDType=CUID,App,oaps://mk/dt?pkg=com.kreditbee.android&style=1,oaps://mk/dt?pkg=com.kreditbee.android&style=1,,390,0
Kreditbee,Finnovation Tech Solutions Private Limited,CHOLAMANDALAM INVESTMENT AND FINANCE COMPANY LIMITED,2026-09-25,https://data.rbi.org.in/BOE/OpenDocument/opendoc/custom.jsp?iDocID=ARfEgy.WNSVIvFfvSIVmBCw&sIDType=CUID,App,https://play.google.com/store/apps/details?id=com.kreditbee.android,vivomarket://details?id=com.kreditbee.android,com.kreditbee.android,391,0
Kreditbee,Finnovation Tech Solutions Private Limited,CHOLAMANDALAM INVESTMENT AND FINANCE COMPANY LIMITED,2026-09-25,https://data.rbi.org.in/BOE/OpenDocument/opendoc/custom.jsp?iDocID=ARfEgy.WNSVIvFfvSIVmBCw&sIDType=CUID,Website,https://www.kreditbee.in/,https://www.kreditbee.in/,,392,0
Lendingkart,Lendingkart Finance Limited,CHOLAMANDALAM INVESTMENT AND FINANCE COMPANY LIMITED,2026-09-25,https://data.rbi.org.in/BOE/OpenDocument/opendoc/custom.jsp?iDocID=ARfEgy.WNSVIvFfvSIVmBCw&sIDType=CUID,Google Play Store,https://play.google.com/store/apps/details?id=com.LendingKart,https://play.google.com/store/apps/details?id=com.LendingKart&hl=en_IN&pli=1,com.LendingKart,393,0
LENDINGKART,Lendingkart Finance Limited,CHOLAMANDALAM INVESTMENT AND FINANCE COMPANY LIMITED,2026-09-25,https://data.rbi.org.in/BOE/OpenDocument/opendoc/custom.jsp?iDocID=ARfEgy.WNSVIvFfvSIVmBCw&sIDType=CUID,Website,https://www.lendingkart.com/,https://www.lendingkart.com/,,394,0
MoneyTap,MWYN Tech Private Limited,CHOLAMANDALAM INVESTMENT AND FINANCE COMPANY LIMITED,2026-09-25,https://data.rbi.org.in/BOE/OpenDocument/opendoc/custom.jsp?iDocID=ARfEgy.WNSVIvFfvSIVmBCw&sIDType=CUID,Apple App Store,https://apps.apple.com/in/app/moneytap-is-now-freo-credit/id1374771286,https://apps.apple.com/in/app/moneytap-is-now-freo-credit/id1374771286,,395,0
MoneyTap,MWYN Tech Private Limited,CHOLAMANDALAM INVESTMENT AND FINANCE COMPANY LIMITED,2026-09-25,https://data.rbi.org.in/BOE/OpenDocument/opendoc/custom.jsp?iDocID=ARfEgy.WNSVIvFfvSIVmBCw&sIDType=CUID,Google Play Store,https://play.google.com/store/apps/details?id=com.mycash.moneytap.app,https://play.google.com/store/apps/details?id=com.mycash.moneytap.app,com.mycash.moneytap.app,396,0
MoneyTap,MWYN Tech Private Limited,CHOLAMANDALAM INVESTMENT AND FINANCE COMPANY LIMITED,2026-09-25,https://data.rbi.org.in/BOE/OpenDocument/opendoc/custom.jsp?iDocID=ARfEgy.WNSVIvFfvSIVmBCw&sIDType=CUID,IndusApp,https://play.google.com/store/apps/details?id=com.mycash.moneytap.app,https://www.indusappstore.com/apps/finance/moneytap/com.mycash.moneytap.app/?page=details&id=com.mycash.moneytap.app,com.mycash.moneytap.app,397,0
MoneyTap,MWYN Tech Private Limited,CHOLAMANDALAM INVESTMENT AND FINANCE COMPANY LIMITED,2026-09-25,https://data.rbi.org.in/BOE/OpenDocument/opendoc/custom.jsp?iDocID=ARfEgy.WNSVIvFfvSIVmBCw&sIDType=CUID,Oppo App Store,oaps://mk/dt?pkg=com.mycash.moneytap.app&style=1,oaps://mk/dt?pkg=com.mycash.moneytap.app&style=1,,398,0
MoneyTap,MWYN Tech Private Limited,CHOLAMANDALAM INVESTMENT AND FINANCE COMPANY LIMITED,2026-09-25,https://data.rbi.org.in/BOE/OpenDocument/opendoc/custom.jsp?iDocID=ARfEgy.WNSVIvFfvSIVmBCw&sIDType=CUID,Vivo Market,https://play.google.com/store/apps/details?id=com.mycash.moneytap.app,vivomarket://details?id=com.mycash.moneytap.app,com.mycash.moneytap.app,399,0
MoneyTap,MWYN Tech Private Limited,CHOLAMANDALAM INVESTMENT AND FINANCE COMPANY LIMITED,2026-09-25,https://data.rbi.org.in/BOE/OpenDocument/opendoc/custom.jsp?iDocID=ARfEgy.WNSVIvFfvSIVmBCw&sIDType=CUID,Website,https://www.moneytap.com,www.moneytap.com,,400,0
Moneyview,Moneyview Private Limited,CHOLAMANDALAM INVESTMENT AND FINANCE COMPANY LIMITED,2026-09-25,https://data.rbi.org.in/BOE/OpenDocument/opendoc/custom.jsp?iDocID=ARfEgy.WNSVIvFfvSIVmBCw&sIDType=CUID,Android App,https://play.google.com/store/search?q=moneyview&c=apps&hl=en,https://play.google.com/store/search?q=moneyview&c=apps&hl=en,,401,0
Moneyview,Moneyview Private Limited,CHOLAMANDALAM INVESTMENT AND FINANCE COMPANY LIMITED,2026-09-25,https://data.rbi.org.in/BOE/OpenDocument/opendoc/custom.jsp?iDocID=ARfEgy.WNSVIvFfvSIVmBCw&sIDType=CUID,Ios App,https://apps.apple.com/in/app/moneyview-loans-credit-cards/id6468976019,https://apps.apple.com/in/app/moneyview-loans-credit-cards/id6468976019,,402,0
Moneyview,Moneyview Private Limited,CHOLAMANDALAM INVESTMENT AND FINANCE COMPANY LIMITED,2026-09-25,https://data.rbi.org.in/BOE/OpenDocument/opendoc/custom.jsp?iDocID=ARfEgy.WNSVIvFfvSIVmBCw&sIDType=CUID,Website,https://moneyview.in/,https://moneyview.in/,,403,0
navi FINSERV,Navi Finserv Limited,CHOLAMANDALAM INVESTMENT AND FINANCE COMPANY LIMITED,2026-09-25,https://data.rbi.org.in/BOE/OpenDocument/opendoc/custom.jsp?iDocID=ARfEgy.WNSVIvFfvSIVmBCw&sIDType=CUID,Website,https://navi.com/pl,https://navi.com/pl,,404,0
Stashfin,EQX Analytics Private Limited,CHOLAMANDALAM INVESTMENT AND FINANCE COMPANY LIMITED,2026-09-25,https://data.rbi.org.in/BOE/OpenDocument/opendoc/custom.jsp?iDocID=ARfEgy.WNSVIvFfvSIVmBCw&sIDType=CUID,Apple App Store,https://apps.apple.com/in/app/stashfin-loans-bonds-more/id1276990457,https://apps.apple.com/in/app/stashfin-loans-bonds-more/id1276990457,,405,0
Stashfin,EQX Analytics Private Limited,CHOLAMANDALAM INVESTMENT AND FINANCE COMPANY LIMITED,2026-09-25,https://data.rbi.org.in/BOE/OpenDocument/opendoc/custom.jsp?iDocID=ARfEgy.WNSVIvFfvSIVmBCw&sIDType=CUID,Google Play Store,https://play.google.com/store/search?q=stashfin&c=apps,https://play.google.com/store/search?q=stashfin&c=apps,,406,0
Stashfin,EQX Analytics Private Limited,CHOLAMANDALAM INVESTMENT AND FINANCE COMPANY LIMITED,2026-09-25,https://data.rbi.org.in/BOE/OpenDocument/opendoc/custom.jsp?iDocID=ARfEgy.WNSVIvFfvSIVmBCw&sIDType=CUID,Website,https://www.stashfin.com/,https://www.stashfin.com/,,407,0
asapfinance.in,Cieco Securities Private Limited,CIECO SECURITIES PVT LTD,2026-09-25,https://data.rbi.org.in/BOE/OpenDocument/opendoc/custom.jsp?iDocID=ARfEgy.WNSVIvFfvSIVmBCw&sIDType=CUID,asapfinance.in,asapfinance.in,asapfinance.in,,408,0
PHOCKET,Phcoket Infotech Pvt Ltd,CITRA FINANCIALS PRIVATE LIMITED,2026-09-25,https://data.rbi.org.in/BOE/OpenDocument/opendoc/custom.jsp?iDocID=ARfEgy.WNSVIvFfvSIVmBCw&sIDType=CUID,https://play.google.com/store/apps/details?id=com.phocket&pcampaignid=web_share,https://play.google.com/store/apps/details?id=com.phocket,https://play.google.com/store/apps/details?id=com.phocket&pcampaignid=web_share,com.phocket,409,0
Credit line on UPI,Self-Owned,CITY UNION BANK LIMITED,2026-09-25,https://data.rbi.org.in/BOE/OpenDocument/opendoc/custom.jsp?iDocID=ARfEgy.WNSVIvFfvSIVmBCw&sIDType=CUID,Website,https://cubintra.cityunionbank.in/APP/CREDITLINEUPI/login.php,https://cubintra.cityunionbank.in/APP/CREDITLINEUPI/login.php,,410,0
Loan against Mutual Funds,Self-Owned,CITY UNION BANK LIMITED,2026-09-25,https://data.rbi.org.in/BOE/OpenDocument/opendoc/custom.jsp?iDocID=ARfEgy.WNSVIvFfvSIVmBCw&sIDType=CUID,Play store & iCloud,https://las.cityunionbank.in,https://las.cityunionbank.in,,411,0
Rapid.ai (Credit card),Self-Owned,CITY UNION BANK LIMITED,2026-09-25,https://data.rbi.org.in/BOE/OpenDocument/opendoc/custom.jsp?iDocID=ARfEgy.WNSVIvFfvSIVmBCw&sIDType=CUID,Website,https://cubcard.cityunionbank.in/cub-cc-ui/,https://cubcard.cityunionbank.in/cub-cc-ui/,,412,0
Vert-One App,Vert One Private Limited,CLIME FINANCE PRIVATE LIMITED,2026-09-25,https://data.rbi.org.in/BOE/OpenDocument/opendoc/custom.jsp?iDocID=ARfEgy.WNSVIvFfvSIVmBCw&sIDType=CUID,Google Play Store,https://play.google.com/store/apps/details?id=com.vertone,https://play.google.com/store/apps/details?id=com.vertone&pli=1,com.vertone,413,0
Moneyview,Moneyview Limited (formerly known as Moneyview Private Limited and Whizdm Innovations Pvt Limited),CLIX CAPITAL SERVICES PRIVATE LIMITED,2026-09-25,https://data.rbi.org.in/BOE/OpenDocument/opendoc/custom.jsp?iDocID=ARfEgy.WNSVIvFfvSIVmBCw&sIDType=CUID,Google Play Store and iOS App Store,https://play.google.com/store/apps/details?id=com.whizdm.moneyview.loans,Play Store: https://play.google.com/store/apps/details?id=com.whizdm.moneyview.loans&pcampaignid=web_share; App Store: https://apps.apple.com/in/app/moneyview-loans-credit-cards/id6468976019,com.whizdm.moneyview.loans,414,0
NYE,RAPIPAY FINTECH PVT LTD,CLIX CAPITAL SERVICES PRIVATE LIMITED,2026-09-25,https://data.rbi.org.in/BOE/OpenDocument/opendoc/custom.jsp?iDocID=ARfEgy.WNSVIvFfvSIVmBCw&sIDType=CUID,App store and Play Store,https://play.google.com/store/apps/details?id=com.rapipay.nye,Android - https://play.google.com/store/apps/details?id=com.rapipay.nye App Store - https://apps.apple.com/in/app/nye-money/id1662431820,com.rapipay.nye,415,0
Abhicash,Abhicash Infotech Private Limited,C.N.M.P. INVESTMENTS PVT.LTD.,2026-09-25,https://data.rbi.org.in/BOE/OpenDocument/opendoc/custom.jsp?iDocID=ARfEgy.WNSVIvFfvSIVmBCw&sIDType=CUID,Play Store,https://play.google.com/store/apps/details?id=com.abhicash.abhicashapp,https://play.google.com/store/apps/details?id=com.abhicash.abhicashapp&hl=en,com.abhicash.abhicashapp,416,0
Abhimoney,Abhicash Infotech Private Limited,C.N.M.P. INVESTMENTS PVT.LTD.,2026-09-25,https://data.rbi.org.in/BOE/OpenDocument/opendoc/custom.jsp?iDocID=ARfEgy.WNSVIvFfvSIVmBCw&sIDType=CUID,Website,https://abhimoney.in,https://abhimoney.in,,417,0
LOANDIDI,COLLOCATE MERCANTS PRIVATE LIMITED,COLLOCATE MERCHANTS (P) LTD,2026-09-25,https://data.rbi.org.in/BOE/OpenDocument/opendoc/custom.jsp?iDocID=ARfEgy.WNSVIvFfvSIVmBCw&sIDType=CUID,WEBSITE,https://www.loandidi.com/,https://www.loandidi.com/,,418,0
Xpressloan,Self Owned,COMERO LEASING & FINANCIALS PVT. LTD.,2026-09-25,https://data.rbi.org.in/BOE/OpenDocument/opendoc/custom.jsp?iDocID=ARfEgy.WNSVIvFfvSIVmBCw&sIDType=CUID,www.comero.in,https://www.xpressloan.in/,https://www.xpressloan.in/,,419,0
CreditSea,Innotech Creditsea Platforms Private Limited,CP CAPITAL LIMITED,2026-09-25,https://data.rbi.org.in/BOE/OpenDocument/opendoc/custom.jsp?iDocID=ARfEgy.WNSVIvFfvSIVmBCw&sIDType=CUID,"https://www.creditsea.com, https://apps.apple.com/in/app/creditsea, https://play.google.com/store",https://www.creditsea.com,https://www.creditsea.com,,420,0
Credila's Website,?Self Owned,CREDILA FINANCIAL SERVICES LIMITED (FORMERLY KNOWN AS HDFC CREDILA FINANCIAL SERVICES LIMITED),2026-09-25,https://data.rbi.org.in/BOE/OpenDocument/opendoc/custom.jsp?iDocID=ARfEgy.WNSVIvFfvSIVmBCw&sIDType=CUID,Website,https://www.credila.com/,https://www.credila.com/,,421,0
Credila's LOS,Self Owned,CREDILA FINANCIAL SERVICES LIMITED (FORMERLY KNOWN AS HDFC CREDILA FINANCIAL SERVICES LIMITED),2026-09-25,https://data.rbi.org.in/BOE/OpenDocument/opendoc/custom.jsp?iDocID=ARfEgy.WNSVIvFfvSIVmBCw&sIDType=CUID,Website,https://auth.credila.com/signin,https://auth.credila.com/signin,,422,0
spoctree website,Ausha Digital Private Limited,CREDILA FINANCIAL SERVICES LIMITED (FORMERLY KNOWN AS HDFC CREDILA FINANCIAL SERVICES LIMITED),2026-09-25,https://data.rbi.org.in/BOE/OpenDocument/opendoc/custom.jsp?iDocID=ARfEgy.WNSVIvFfvSIVmBCw&sIDType=CUID,Website,https://www.spoctree.com/,https://www.spoctree.com/,,423,0
Grameen MAHI,Self-owned,CREDITACCESS GRAMEEN LIMITED,2026-09-25,https://data.rbi.org.in/BOE/OpenDocument/opendoc/custom.jsp?iDocID=ARfEgy.WNSVIvFfvSIVmBCw&sIDType=CUID,Google Playstore,https://play.google.com/store/apps/details?id=com.creditaccessgrameen.mahi,https://play.google.com/store/apps/details?id=com.creditaccessgrameen.mahi&hl=en_IN,com.creditaccessgrameen.mahi,424,0
Grayquest Web Portal,Grayquest Education Finance Private Ltd,CSB BANK LIMITED,2026-09-25,https://data.rbi.org.in/BOE/OpenDocument/opendoc/custom.jsp?iDocID=ARfEgy.WNSVIvFfvSIVmBCw&sIDType=CUID,Website,http://www.grayquest.com/,http://www.grayquest.com/,,425,0
Davinta,Davinta Financial Services Private Limited,DAVINTA FINANCIAL SERVICES PRIVATE LIMITED,2026-09-25,https://data.rbi.org.in/BOE/OpenDocument/opendoc/custom.jsp?iDocID=ARfEgy.WNSVIvFfvSIVmBCw&sIDType=CUID,Available on website. Available on Google Playstore app,https://www.davintafinserv.com/digital_lending_partners.php,https://www.davintafinserv.com/digital_lending_partners.php,,426,0
"CRED: UPI, Credit Cards, Bills",Dreamplug Technologies Pvt Ltd,DBS BANK INDIA LIMITED,2026-09-25,https://data.rbi.org.in/BOE/OpenDocument/opendoc/custom.jsp?iDocID=ARfEgy.WNSVIvFfvSIVmBCw&sIDType=CUID,App store,https://apps.apple.com/in/app/cred-credit-cards-payments/id1428580080,https://apps.apple.com/in/app/cred-credit-cards-payments/id1428580080,,427,0
"CRED: UPI, Credit Cards, Bills",Dreamplug Technologies Pvt Ltd,DBS BANK INDIA LIMITED,2026-09-25,https://data.rbi.org.in/BOE/OpenDocument/opendoc/custom.jsp?iDocID=ARfEgy.WNSVIvFfvSIVmBCw&sIDType=CUID,Google Play,https://play.google.com/store/apps/details?id=com.dreamplug.androidapp,https://play.google.com/store/apps/details?id=com.dreamplug.androidapp&hl=en,com.dreamplug.androidapp,428,0
Home Credit: Personal Loan App,Home Credit,DBS BANK INDIA LIMITED,2026-09-25,https://data.rbi.org.in/BOE/OpenDocument/opendoc/custom.jsp?iDocID=ARfEgy.WNSVIvFfvSIVmBCw&sIDType=CUID,Google Play,https://play.google.com/store/apps/details?id=ph.homecredit.capp,https://play.google.com/store/apps/details?id=ph.homecredit.capp&hl=en-gb&gl=ph,ph.homecredit.capp,429,0
RULE MUDRA,TWOMINUTES FINTECH PRIVATE LIMITED,DECIMUS FINANCIAL LTD. (FORMERLY  K.C.FINCAP LIMITED),2026-09-25,https://data.rbi.org.in/BOE/OpenDocument/opendoc/custom.jsp?iDocID=ARfEgy.WNSVIvFfvSIVmBCw&sIDType=CUID,GOOGLE PLAY STORE,https://play.google.com/store/apps/details?id=com.rulemudra.loan,https://play.google.com/store/apps/details?id=com.rulemudra.loan,com.rulemudra.loan,430,0
RULE MUDRA,TWOMINUTES FINTECH PRIVATE LIMITED,DECIMUS FINANCIAL LTD. (FORMERLY  K.C.FINCAP LIMITED),2026-09-25,https://data.rbi.org.in/BOE/OpenDocument/opendoc/custom.jsp?iDocID=ARfEgy.WNSVIvFfvSIVmBCw&sIDType=CUID,WEBSITE,https://rulemudra.com/,https://rulemudra.com/,,431,0
Blinkr,Gaurav Kalra,DEV-AASHISH CAPITAL (P) LTD,2026-09-25,https://data.rbi.org.in/BOE/OpenDocument/opendoc/custom.jsp?iDocID=ARfEgy.WNSVIvFfvSIVmBCw&sIDType=CUID,Google Play Store,https://play.google.com/store/apps/details?id=com.blinkr_payday_app,https://play.google.com/store/apps/details?id=com.blinkr_payday_app,com.blinkr_payday_app,432,0
Blinkr,Gaurav Kalra,DEV-AASHISH CAPITAL (P) LTD,2026-09-25,https://data.rbi.org.in/BOE/OpenDocument/opendoc/custom.jsp?iDocID=ARfEgy.WNSVIvFfvSIVmBCw&sIDType=CUID,Website,https://blinkrloan.com/,https://blinkrloan.com/,,433,0
Rupeeontime – Instant Loan,Self owned,DEV-AASHISH CAPITAL (P) LTD,2026-09-25,https://data.rbi.org.in/BOE/OpenDocument/opendoc/custom.jsp?iDocID=ARfEgy.WNSVIvFfvSIVmBCw&sIDType=CUID,Google play Store,https://play.google.com/store/apps/details?id=com.devaashishcapitals.rot,https://play.google.com/store/apps/details?id=com.devaashishcapitals.rot,com.devaashishcapitals.rot,434,0
Rupeeontime – Instant Loan,Self owned,DEV-AASHISH CAPITAL (P) LTD,2026-09-25,https://data.rbi.org.in/BOE/OpenDocument/opendoc/custom.jsp?iDocID=ARfEgy.WNSVIvFfvSIVmBCw&sIDType=CUID,Website,https://rupeeontime.com/,https://rupeeontime.com/,,435,0
Loan112 Instant Personal Loan,Self owned,DEVMUNI LEASING & FINANCE LTD.,2026-09-25,https://data.rbi.org.in/BOE/OpenDocument/opendoc/custom.jsp?iDocID=ARfEgy.WNSVIvFfvSIVmBCw&sIDType=CUID,Google Play Store,https://play.google.com/store/apps/details?id=com.personalLoan.loan112,https://play.google.com/store/apps/details?id=com.personalLoan.loan112,com.personalLoan.loan112,436,0
Loan112 Instant Personal Loan,Self owned,DEVMUNI LEASING & FINANCE LTD.,2026-09-25,https://data.rbi.org.in/BOE/OpenDocument/opendoc/custom.jsp?iDocID=ARfEgy.WNSVIvFfvSIVmBCw&sIDType=CUID,Website,https://www.loan112.com/,https://www.loan112.com/,,437,0
Dhani,Inhouse,DHANI LOANS AND SERVICES LIMITED,2026-09-25,https://data.rbi.org.in/BOE/OpenDocument/opendoc/custom.jsp?iDocID=ARfEgy.WNSVIvFfvSIVmBCw&sIDType=CUID,App Store,https://apps.apple.com/in/app/dhani-upi-cards-bills/id1273192455,https://apps.apple.com/in/app/dhani-upi-cards-bills/id1273192455,,438,0
Dhani,Inhouse,DHANI LOANS AND SERVICES LIMITED,2026-09-25,https://data.rbi.org.in/BOE/OpenDocument/opendoc/custom.jsp?iDocID=ARfEgy.WNSVIvFfvSIVmBCw&sIDType=CUID,Google Play Store,https://play.google.com/store/apps/details?id=com.indiaBulls,https://play.google.com/store/apps/details?id=com.indiaBulls,com.indiaBulls,439,0
Dhani,Inhouse,DHANI LOANS AND SERVICES LIMITED,2026-09-25,https://data.rbi.org.in/BOE/OpenDocument/opendoc/custom.jsp?iDocID=ARfEgy.WNSVIvFfvSIVmBCw&sIDType=CUID,website,https://login.dhani.com,https://login.dhani.com,,440,0
NeoMoney,DHRUVA CAPITAL SERVICES LIMITED,DHRUVA CAPITAL SERVICES LTD.,2026-09-25,https://data.rbi.org.in/BOE/OpenDocument/opendoc/custom.jsp?iDocID=ARfEgy.WNSVIvFfvSIVmBCw&sIDType=CUID,Google Play Store,https://play.google.com/store/apps/details?id=com.neomoney.app,https://play.google.com/store/apps/details?id=com.neomoney.app,com.neomoney.app,441,0
NeoMoney,DHRUVA CAPITAL SERVICES LIMITED,DHRUVA CAPITAL SERVICES LTD.,2026-09-25,https://data.rbi.org.in/BOE/OpenDocument/opendoc/custom.jsp?iDocID=ARfEgy.WNSVIvFfvSIVmBCw&sIDType=CUID,Indus App Store,https://play.google.com/store/apps/details?id=com.neomoney.app,https://www.indusappstore.com/apps/finance/neo-money/com.neomoney.app/?page=details&id=com.neomoney.app,com.neomoney.app,442,0
Salary Flow,DHVIJA FINANCE LIMITED,DHVIJA FINANCE LIMITED  (EARLIER KNOWN AS F MEC INTERNATIONAL FINANCIAL SERVICES LTD.),2026-09-25,https://data.rbi.org.in/BOE/OpenDocument/opendoc/custom.jsp?iDocID=ARfEgy.WNSVIvFfvSIVmBCw&sIDType=CUID,Goggle Play Store,https://play.google.com/store/apps/details?id=com.salary.flow,https://play.google.com/store/apps/details?id=com.salary.flow,com.salary.flow,443,0
CashPey – India’s Own Loan App,CashPey – India’s Own Loan App,DIGNER FINLEASE & INVESTMENT PRIVATE LIMITED,2026-09-25,https://data.rbi.org.in/BOE/OpenDocument/opendoc/custom.jsp?iDocID=ARfEgy.WNSVIvFfvSIVmBCw&sIDType=CUID,Google Play Store,https://play.google.com/store/apps/details?id=com.cashpey,https://play.google.com/store/apps/details?id=com.cashpey,com.cashpey,444,0
Creditpey,Digner Fin-lease and Investment Private Limited,DIGNER FINLEASE & INVESTMENT PRIVATE LIMITED,2026-09-25,https://data.rbi.org.in/BOE/OpenDocument/opendoc/custom.jsp?iDocID=ARfEgy.WNSVIvFfvSIVmBCw&sIDType=CUID,Website,https://www.creditpey.com/,https://www.creditpey.com/,,445,0
Kreditsure,Digner Fin-lease and Investment Private Limited,DIGNER FINLEASE & INVESTMENT PRIVATE LIMITED,2026-09-25,https://data.rbi.org.in/BOE/OpenDocument/opendoc/custom.jsp?iDocID=ARfEgy.WNSVIvFfvSIVmBCw&sIDType=CUID,Website,https://www.kreditsure.com/,https://www.kreditsure.com/,,446,0
50Fin,Fifty Fintech pvt ltd,DMI FINANCE PVT LTD.,2026-09-25,https://data.rbi.org.in/BOE/OpenDocument/opendoc/custom.jsp?iDocID=ARfEgy.WNSVIvFfvSIVmBCw&sIDType=CUID,Apple Store,https://apps.apple.com/in/app/50fin/id1669039122,https://apps.apple.com/in/app/50fin/id1669039122,,447,0
50Fin,Fifty Fintech pvt ltd,DMI FINANCE PVT LTD.,2026-09-25,https://data.rbi.org.in/BOE/OpenDocument/opendoc/custom.jsp?iDocID=ARfEgy.WNSVIvFfvSIVmBCw&sIDType=CUID,Google Play store,https://play.google.com/store/apps/details?id=com.fiftyfin.app,https://play.google.com/store/apps/details?id=com.fiftyfin.app,com.fiftyfin.app,448,0
50Fin,Fifty Fintech pvt ltd,DMI FINANCE PVT LTD.,2026-09-25,https://data.rbi.org.in/BOE/OpenDocument/opendoc/custom.jsp?iDocID=ARfEgy.WNSVIvFfvSIVmBCw&sIDType=CUID,Website,https://www.50fin.in/,https://www.50fin.in/,,449,0
Abhiloans,KNAB finance pvt ltd,DMI FINANCE PVT LTD.,2026-09-25,https://data.rbi.org.in/BOE/OpenDocument/opendoc/custom.jsp?iDocID=ARfEgy.WNSVIvFfvSIVmBCw&sIDType=CUID,Website,https://abhiloans.com/,https://abhiloans.com/,,450,0
Airtel Thanks,Xtelify Limited?,DMI FINANCE PVT LTD.,2026-09-25,https://data.rbi.org.in/BOE/OpenDocument/opendoc/custom.jsp?iDocID=ARfEgy.WNSVIvFfvSIVmBCw&sIDType=CUID,Apple App Store?,https://apps.apple.com/in/app/airtel-thanks-recharge-bank/id543184334,https://apps.apple.com/in/app/airtel-thanks-recharge-bank/id543184334,,451,0
Airtel Thanks,Xtelify Limited?,DMI FINANCE PVT LTD.,2026-09-25,https://data.rbi.org.in/BOE/OpenDocument/opendoc/custom.jsp?iDocID=ARfEgy.WNSVIvFfvSIVmBCw&sIDType=CUID,Google Play Store,https://play.google.com/store/apps/details?id=com.myairtelapp,https://play.google.com/store/apps/details?id=com.myairtelapp,com.myairtelapp,452,0
Airtel Thanks,Xtelify Limited?,DMI FINANCE PVT LTD.,2026-09-25,https://data.rbi.org.in/BOE/OpenDocument/opendoc/custom.jsp?iDocID=ARfEgy.WNSVIvFfvSIVmBCw&sIDType=CUID,Mobile Web,?https://www.airtel.in/airtel-thanks-app,?https://www.airtel.in/airtel-thanks-app,,453,0
BHIM,NPCI BHIM Services Limited?,DMI FINANCE PVT LTD.,2026-09-25,https://data.rbi.org.in/BOE/OpenDocument/opendoc/custom.jsp?iDocID=ARfEgy.WNSVIvFfvSIVmBCw&sIDType=CUID,Apple App Store?,https://apps.apple.com/in/app/bhim-bharats-own-payments-app/id1200315258,https://apps.apple.com/in/app/bhim-bharats-own-payments-app/id1200315258,,454,0
BHIM,NPCI BHIM Services Limited?,DMI FINANCE PVT LTD.,2026-09-25,https://data.rbi.org.in/BOE/OpenDocument/opendoc/custom.jsp?iDocID=ARfEgy.WNSVIvFfvSIVmBCw&sIDType=CUID,Google Play Store,https://play.google.com/store/apps/details?id=in.org.npci.upiapp,https://play.google.com/store/apps/details?id=in.org.npci.upiapp&hl=en_IN,in.org.npci.upiapp,455,0
Billcut.com,Billplan Fintech Private Limited,DMI FINANCE PVT LTD.,2026-09-25,https://data.rbi.org.in/BOE/OpenDocument/opendoc/custom.jsp?iDocID=ARfEgy.WNSVIvFfvSIVmBCw&sIDType=CUID,Apple App Store,https://apps.apple.com/in/app/billcut-app/id6761058090,https://apps.apple.com/in/app/billcut-app/id6761058090,,456,0
Billcut.com,Billplan Fintech Private Limited,DMI FINANCE PVT LTD.,2026-09-25,https://data.rbi.org.in/BOE/OpenDocument/opendoc/custom.jsp?iDocID=ARfEgy.WNSVIvFfvSIVmBCw&sIDType=CUID,Google Playstore,https://play.google.com/store/apps/details?id=com.billcut.billcutapp,https://play.google.com/store/apps/details?id=com.billcut.billcutapp,com.billcut.billcutapp,457,0
Billcut.com,Billplan Fintech Private Limited,DMI FINANCE PVT LTD.,2026-09-25,https://data.rbi.org.in/BOE/OpenDocument/opendoc/custom.jsp?iDocID=ARfEgy.WNSVIvFfvSIVmBCw&sIDType=CUID,Website,https://www.billcut.com,www.billcut.com,,458,0
CRED,M/s Dreamplug Technologies Private Limited,DMI FINANCE PVT LTD.,2026-09-25,https://data.rbi.org.in/BOE/OpenDocument/opendoc/custom.jsp?iDocID=ARfEgy.WNSVIvFfvSIVmBCw&sIDType=CUID,Apple App Store?,https://apps.apple.com/in/app/cred-credit-cards-bills-upi/id1428580080,https://apps.apple.com/in/app/cred-credit-cards-bills-upi/id1428580080,,459,0
CRED,M/s Dreamplug Technologies Private Limited,DMI FINANCE PVT LTD.,2026-09-25,https://data.rbi.org.in/BOE/OpenDocument/opendoc/custom.jsp?iDocID=ARfEgy.WNSVIvFfvSIVmBCw&sIDType=CUID,Google Play Store,https://play.google.com/store/apps/details?id=com.dreamplug.androidapp,https://play.google.com/store/apps/details?id=com.dreamplug.androidapp&amp;amp;hl=en_IN,com.dreamplug.androidapp,460,0
DigitMoney,DigitMoney Technologies Private Limited,DMI FINANCE PVT LTD.,2026-09-25,https://data.rbi.org.in/BOE/OpenDocument/opendoc/custom.jsp?iDocID=ARfEgy.WNSVIvFfvSIVmBCw&sIDType=CUID,Website,https://digitmoney.in/,https://digitmoney.in/,,461,0
DMI Finance app,Self-Owned,DMI FINANCE PVT LTD.,2026-09-25,https://data.rbi.org.in/BOE/OpenDocument/opendoc/custom.jsp?iDocID=ARfEgy.WNSVIvFfvSIVmBCw&sIDType=CUID,Google Playstore,https://play.google.com/store/apps/details?id=in.dmifinance.app,https://play.google.com/store/apps/details?id=in.dmifinance.app&hl=en_IN,in.dmifinance.app,462,0
faircentpro.com,FTIPL Payments And Marketing Tech Private Limited,DMI FINANCE PVT LTD.,2026-09-25,https://data.rbi.org.in/BOE/OpenDocument/opendoc/custom.jsp?iDocID=ARfEgy.WNSVIvFfvSIVmBCw&sIDType=CUID,Website,https://www.faircentpro.com,www.faircentpro.com,,463,0
Finance Buddha,Finbud Financial Services Limited,DMI FINANCE PVT LTD.,2026-09-25,https://data.rbi.org.in/BOE/OpenDocument/opendoc/custom.jsp?iDocID=ARfEgy.WNSVIvFfvSIVmBCw&sIDType=CUID,Website,https://www.financebuddha.com/,https://www.financebuddha.com/,,464,0
Finnable,Finnable Technologies Private Limited,DMI FINANCE PVT LTD.,2026-09-25,https://data.rbi.org.in/BOE/OpenDocument/opendoc/custom.jsp?iDocID=ARfEgy.WNSVIvFfvSIVmBCw&sIDType=CUID,Apple App Store?,https://apps.apple.com/in/app/finnable/id1453358250,https://apps.apple.com/in/app/finnable/id1453358250,,465,0
Finnable,Finnable Technologies Private Limited,DMI FINANCE PVT LTD.,2026-09-25,https://data.rbi.org.in/BOE/OpenDocument/opendoc/custom.jsp?iDocID=ARfEgy.WNSVIvFfvSIVmBCw&sIDType=CUID,Google Play Store,https://play.google.com/store/apps/details?id=com.finnable.customer,https://play.google.com/store/apps/details?id=com.finnable.customer&hl=en_IN&pli=1,com.finnable.customer,466,0
Finnable,Finnable Technologies Private Limited,DMI FINANCE PVT LTD.,2026-09-25,https://data.rbi.org.in/BOE/OpenDocument/opendoc/custom.jsp?iDocID=ARfEgy.WNSVIvFfvSIVmBCw&sIDType=CUID,Website,https://www.finnable.com,www.finnable.com,,467,0
Flipkart,Flipkart Advanz Private Limited,DMI FINANCE PVT LTD.,2026-09-25,https://data.rbi.org.in/BOE/OpenDocument/opendoc/custom.jsp?iDocID=ARfEgy.WNSVIvFfvSIVmBCw&sIDType=CUID,Apple Store,https://apps.apple.com/in/app/flipkart-online-shopping-app/id742044692,https://apps.apple.com/in/app/flipkart-online-shopping-app/id742044692,,468,0
Flipkart,Flipkart Advanz Private Limited,DMI FINANCE PVT LTD.,2026-09-25,https://data.rbi.org.in/BOE/OpenDocument/opendoc/custom.jsp?iDocID=ARfEgy.WNSVIvFfvSIVmBCw&sIDType=CUID,Google Play store,https://play.google.com/store/apps/details?id=com.flipkart.android,https://play.google.com/store/apps/details?id=com.flipkart.android&hl=en_IN&pli=1,com.flipkart.android,469,0
GoodScore,Arthvit 1809 Tech Private Limited (through LSP - Upswing Financial Technologies Private Limited ),DMI FINANCE PVT LTD.,2026-09-25,https://data.rbi.org.in/BOE/OpenDocument/opendoc/custom.jsp?iDocID=ARfEgy.WNSVIvFfvSIVmBCw&sIDType=CUID,Apple App Store,https://apps.apple.com/in/app/goodscore-credit-score-app/id6654923902,https://apps.apple.com/in/app/goodscore-credit-score-app/id6654923902,,470,0
GoodScore,Arthvit 1809 Tech Private Limited (through LSP - Upswing Financial Technologies Private Limited ),DMI FINANCE PVT LTD.,2026-09-25,https://data.rbi.org.in/BOE/OpenDocument/opendoc/custom.jsp?iDocID=ARfEgy.WNSVIvFfvSIVmBCw&sIDType=CUID,Google Play Store,https://play.google.com/store/apps/details?id=com.rupicard.score,https://play.google.com/store/apps/details?id=com.rupicard.score&hl=en?,com.rupicard.score,471,0
Google pay,Google India Digital Services Pvt Ltd,DMI FINANCE PVT LTD.,2026-09-25,https://data.rbi.org.in/BOE/OpenDocument/opendoc/custom.jsp?iDocID=ARfEgy.WNSVIvFfvSIVmBCw&sIDType=CUID,Apple App Store?,https://apps.apple.com/in/app/google-pay-save-pay-manage/id1193357041,https://apps.apple.com/in/app/google-pay-save-pay-manage/id1193357041,,472,0
Google pay,Google India Digital Services Pvt Ltd,DMI FINANCE PVT LTD.,2026-09-25,https://data.rbi.org.in/BOE/OpenDocument/opendoc/custom.jsp?iDocID=ARfEgy.WNSVIvFfvSIVmBCw&sIDType=CUID,Google Play Store,https://play.google.com/store/apps/details?id=com.google.android.apps.nbu.paisa.user,https://play.google.com/store/apps/details?id=com.google.android.apps.nbu.paisa.user&hl=en_INhttps://apps.apple.com/in/app/google-pay-save-pay-manage/id1193357041,com.google.android.apps.nbu.paisa.user,473,0
Google Pay for Business,Google India Digital Services Pvt Ltd,DMI FINANCE PVT LTD.,2026-09-25,https://data.rbi.org.in/BOE/OpenDocument/opendoc/custom.jsp?iDocID=ARfEgy.WNSVIvFfvSIVmBCw&sIDType=CUID,Apple App Store?,https://apps.apple.com/in/app/google-pay-for-business/id6475613159,https://apps.apple.com/in/app/google-pay-for-business/id6475613159,,474,0
Google Pay for Business,Google India Digital Services Pvt Ltd,DMI FINANCE PVT LTD.,2026-09-25,https://data.rbi.org.in/BOE/OpenDocument/opendoc/custom.jsp?iDocID=ARfEgy.WNSVIvFfvSIVmBCw&sIDType=CUID,Google Play Store,https://play.google.com/store/apps/details?id=com.google.android.apps.nbu.paisa.merchant,https://play.google.com/store/apps/details?id=com.google.android.apps.nbu.paisa.merchant,com.google.android.apps.nbu.paisa.merchant,475,0
Moneyview,Moneyview Private Limited (formerly known as Whizdm Innovations Private Limited),DMI FINANCE PVT LTD.,2026-09-25,https://data.rbi.org.in/BOE/OpenDocument/opendoc/custom.jsp?iDocID=ARfEgy.WNSVIvFfvSIVmBCw&sIDType=CUID,Apple App Store?,https://apps.apple.com/in/app/moneyview-loans-credit-cards/id6468976019,https://apps.apple.com/in/app/moneyview-loans-credit-cards/id6468976019,,476,0
Moneyview,Moneyview Private Limited (formerly known as Whizdm Innovations Private Limited),DMI FINANCE PVT LTD.,2026-09-25,https://data.rbi.org.in/BOE/OpenDocument/opendoc/custom.jsp?iDocID=ARfEgy.WNSVIvFfvSIVmBCw&sIDType=CUID,Google Play Store,https://play.google.com/store/apps/details?id=com.whizdm.moneyview.loans,https://play.google.com/store/apps/details?id=com.whizdm.moneyview.loans&hl=en_IN&gl=IN,com.whizdm.moneyview.loans,477,0
Moneyview,Moneyview Private Limited (formerly known as Whizdm Innovations Private Limited),DMI FINANCE PVT LTD.,2026-09-25,https://data.rbi.org.in/BOE/OpenDocument/opendoc/custom.jsp?iDocID=ARfEgy.WNSVIvFfvSIVmBCw&sIDType=CUID,Website,https://www.moneyview.in/,https://www.moneyview.in/,,478,0
OLA,?ANI Technologies Pvt. Ltd.,DMI FINANCE PVT LTD.,2026-09-25,https://data.rbi.org.in/BOE/OpenDocument/opendoc/custom.jsp?iDocID=ARfEgy.WNSVIvFfvSIVmBCw&sIDType=CUID,Apple Store,https://apps.apple.com/in/app/ola-book-cab-auto-bike-taxi/id539179365,https://apps.apple.com/in/app/ola-book-cab-auto-bike-taxi/id539179365,,479,0
OLA,?ANI Technologies Pvt. Ltd.,DMI FINANCE PVT LTD.,2026-09-25,https://data.rbi.org.in/BOE/OpenDocument/opendoc/custom.jsp?iDocID=ARfEgy.WNSVIvFfvSIVmBCw&sIDType=CUID,Google Play store,https://play.google.com/store/apps/details?id=com.olacabs.customer,https://play.google.com/store/apps/details?id=com.olacabs.customer,com.olacabs.customer,480,0
Parkplus ( via Upswing),Parviom Technologies Private Limited (through LSP - Upswing Financial Technologies Private Limited),DMI FINANCE PVT LTD.,2026-09-25,https://data.rbi.org.in/BOE/OpenDocument/opendoc/custom.jsp?iDocID=ARfEgy.WNSVIvFfvSIVmBCw&sIDType=CUID,Apple App StoreGoogle Play Store,https://886bc.app.link/3YdXY305ilb?_p=c11029cb9f1c65f5e0038cfce8,https://886bc.app.link/3YdXY305ilb?_p=c11029cb9f1c65f5e0038cfce8,,481,0
Saarathi,Saarathi Finbiz Pvt. Ltd,DMI FINANCE PVT LTD.,2026-09-25,https://data.rbi.org.in/BOE/OpenDocument/opendoc/custom.jsp?iDocID=ARfEgy.WNSVIvFfvSIVmBCw&sIDType=CUID,Apple App Store?,https://apps.apple.com/in/app/saarathi/id1531149811,https://apps.apple.com/in/app/saarathi/id1531149811,,482,0
Saarathi,Saarathi Finbiz Pvt. Ltd,DMI FINANCE PVT LTD.,2026-09-25,https://data.rbi.org.in/BOE/OpenDocument/opendoc/custom.jsp?iDocID=ARfEgy.WNSVIvFfvSIVmBCw&sIDType=CUID,Google Play Store,https://play.google.com/store/apps/details?id=dataon.decimal.saarathi.mars,https://play.google.com/store/apps/details?id=dataon.decimal.saarathi.mars,dataon.decimal.saarathi.mars,483,0
Saarathi,Saarathi Finbiz Pvt. Ltd,DMI FINANCE PVT LTD.,2026-09-25,https://data.rbi.org.in/BOE/OpenDocument/opendoc/custom.jsp?iDocID=ARfEgy.WNSVIvFfvSIVmBCw&sIDType=CUID,Mobile Web,https://www.saarathi.ai/,https://www.saarathi.ai/,,484,0
Samsung Finance+,Samsung India Electronics Private Ltd.,DMI FINANCE PVT LTD.,2026-09-25,https://data.rbi.org.in/BOE/OpenDocument/opendoc/custom.jsp?iDocID=ARfEgy.WNSVIvFfvSIVmBCw&sIDType=CUID,Google Playstore,https://play.google.com/store/apps/details?id=com.samsung.android.samsungsure,https://play.google.com/store/apps/details?id=com.samsung.android.samsungsure&gl=in,com.samsung.android.samsungsure,485,0
Samsung Finance+,Samsung India Electronics Private Ltd.,DMI FINANCE PVT LTD.,2026-09-25,https://data.rbi.org.in/BOE/OpenDocument/opendoc/custom.jsp?iDocID=ARfEgy.WNSVIvFfvSIVmBCw&sIDType=CUID,Google Playstore,https://play.google.com/store/apps/details?id=com.samsung.android.sure.merchant,https://play.google.com/store/apps/details?id=com.samsung.android.sure.merchant&hl=en_,com.samsung.android.sure.merchant,486,0
Samsung Finance+,Samsung India Electronics Private Ltd.,DMI FINANCE PVT LTD.,2026-09-25,https://data.rbi.org.in/BOE/OpenDocument/opendoc/custom.jsp?iDocID=ARfEgy.WNSVIvFfvSIVmBCw&sIDType=CUID,Website,https://www.samsung.com,https://www.samsung.com,,487,0
Super.money,Scapic Innovations Private Limited,DMI FINANCE PVT LTD.,2026-09-25,https://data.rbi.org.in/BOE/OpenDocument/opendoc/custom.jsp?iDocID=ARfEgy.WNSVIvFfvSIVmBCw&sIDType=CUID,Apple App Store,https://apps.apple.com/in/app/super-money/id6502597504,https://apps.apple.com/in/app/super-money/id6502597504,,488,0
Super.money,Scapic Innovations Private Limited,DMI FINANCE PVT LTD.,2026-09-25,https://data.rbi.org.in/BOE/OpenDocument/opendoc/custom.jsp?iDocID=ARfEgy.WNSVIvFfvSIVmBCw&sIDType=CUID,Google Play Store,https://play.google.com/store/apps/details?id=money.super.payments,https://play.google.com/store/apps/details?id=money.super.payments&hl=en_IN,money.super.payments,489,0
Super.Money (Flipkart),Scapic Innovations Private Limited,DMI FINANCE PVT LTD.,2026-09-25,https://data.rbi.org.in/BOE/OpenDocument/opendoc/custom.jsp?iDocID=ARfEgy.WNSVIvFfvSIVmBCw&sIDType=CUID,Website,http://fkrt.it/fRXyz4NN,http://fkrt.it/fRXyz4NN,,490,0
Wishfin,Mywish Marketplaces Private Limited,DMI FINANCE PVT LTD.,2026-09-25,https://data.rbi.org.in/BOE/OpenDocument/opendoc/custom.jsp?iDocID=ARfEgy.WNSVIvFfvSIVmBCw&sIDType=CUID,Website,https://www.wishfin.com,https://www.wishfin.com,,491,0
ZestMoney,Glimmer Technologies Private Limited (earlier known as DMI Infotech Solutions Pvt. Ltd.),DMI FINANCE PVT LTD.,2026-09-25,https://data.rbi.org.in/BOE/OpenDocument/opendoc/custom.jsp?iDocID=ARfEgy.WNSVIvFfvSIVmBCw&sIDType=CUID,Apple App Store?,https://apps.apple.com/in/app/zestmoney/id1597244251,https://apps.apple.com/in/app/zestmoney/id1597244251,,492,0
ZestMoney,Glimmer Technologies Private Limited (earlier known as DMI Infotech Solutions Pvt. Ltd.),DMI FINANCE PVT LTD.,2026-09-25,https://data.rbi.org.in/BOE/OpenDocument/opendoc/custom.jsp?iDocID=ARfEgy.WNSVIvFfvSIVmBCw&sIDType=CUID,Google Playstore,https://play.google.com/store/apps/details?id=in.zestmoney.android.zestlife,https://play.google.com/store/apps/details?id=in.zestmoney.android.zestlife&pcampaignid=web_share,in.zestmoney.android.zestlife,493,0
DpalLoan,D.PAL LEASING AND FINANCE COMPANY LIMITED,D.PAL LEASING & FINANCE CO. LTD.,2026-09-25,https://data.rbi.org.in/BOE/OpenDocument/opendoc/custom.jsp?iDocID=ARfEgy.WNSVIvFfvSIVmBCw&sIDType=CUID,Website,https://dpalloan.com,https://dpalloan.com,,494,0
GetPaise,D.PAL LEASING AND FINANCE COMPANY LIMITED,D.PAL LEASING & FINANCE CO. LTD.,2026-09-25,https://data.rbi.org.in/BOE/OpenDocument/opendoc/custom.jsp?iDocID=ARfEgy.WNSVIvFfvSIVmBCw&sIDType=CUID,Website,https://getpaise.com,https://getpaise.com,,495,0
Loanbiz,D.PAL LEASING AND FINANCE COMPANY LIMITED,D.PAL LEASING & FINANCE CO. LTD.,2026-09-25,https://data.rbi.org.in/BOE/OpenDocument/opendoc/custom.jsp?iDocID=ARfEgy.WNSVIvFfvSIVmBCw&sIDType=CUID,Website,https://loanbiz.in,https://loanbiz.in,,496,0
Flot,Growcap creditwise pvt ltd,D S G INVESTMENTS PRIVATE LIMITED,2026-09-25,https://data.rbi.org.in/BOE/OpenDocument/opendoc/custom.jsp?iDocID=ARfEgy.WNSVIvFfvSIVmBCw&sIDType=CUID,website and app,https://myflot.com/,https://myflot.com/,,497,0
Flot,Growcap creditwise pvt ltd,D S G INVESTMENTS PRIVATE LIMITED,2026-09-25,https://data.rbi.org.in/BOE/OpenDocument/opendoc/custom.jsp?iDocID=ARfEgy.WNSVIvFfvSIVmBCw&sIDType=CUID,website and app,https://play.google.com/store/apps/details?id=com.myflot,https://play.google.com/store/apps/details?id=com.myflot&hl=en_IN,com.myflot,498,0
CreditJar,D.S. Integrated Finsec Private Limited ( Self-Owned),D. S. INTEGRATED FINSEC PVT. LTD.,2026-09-25,https://data.rbi.org.in/BOE/OpenDocument/opendoc/custom.jsp?iDocID=ARfEgy.WNSVIvFfvSIVmBCw&sIDType=CUID,Yes Both,https://play.google.com/store/apps/details?id=com.creditjar.app,https://play.google.com/store/apps/details?id=com.creditjar.app  https://creditjar.in,com.creditjar.app,499,0
BlinkMoney,Capline Ventures Private Limited,DSP FINANCE PRIVATE LIMITED,2026-09-25,https://data.rbi.org.in/BOE/OpenDocument/opendoc/custom.jsp?iDocID=ARfEgy.WNSVIvFfvSIVmBCw&sIDType=CUID,Playstore,https://play.google.com/store/apps/details?id=app.blinkmoney.in,https://play.google.com/store/apps/details?id=app.blinkmoney.in,app.blinkmoney.in,500,0
BlinkMoney,Capline Ventures Private Limited,DSP FINANCE PRIVATE LIMITED,2026-09-25,https://data.rbi.org.in/BOE/OpenDocument/opendoc/custom.jsp?iDocID=ARfEgy.WNSVIvFfvSIVmBCw&sIDType=CUID,Website,https://blinkmoney.in/,https://blinkmoney.in/,,501,0
Cred,Dreamplug Technologies Private Limited,DSP FINANCE PRIVATE LIMITED,2026-09-25,https://data.rbi.org.in/BOE/OpenDocument/opendoc/custom.jsp?iDocID=ARfEgy.WNSVIvFfvSIVmBCw&sIDType=CUID,Appstore,https://apps.apple.com/in/app/cred-credit-cards-payments/id1428580080,https://apps.apple.com/in/app/cred-credit-cards-payments/id1428580080,,502,0
Cred,Dreamplug Technologies Private Limited,DSP FINANCE PRIVATE LIMITED,2026-09-25,https://data.rbi.org.in/BOE/OpenDocument/opendoc/custom.jsp?iDocID=ARfEgy.WNSVIvFfvSIVmBCw&sIDType=CUID,Playstore,https://play.google.com/store/apps/details?id=com.dreamplug.androidapp,https://play.google.com/store/apps/details?id=com.dreamplug.androidapp&hl=en_IN,com.dreamplug.androidapp,503,0
Creditcase,Essential Investment Managers Private Limited,DSP FINANCE PRIVATE LIMITED,2026-09-25,https://data.rbi.org.in/BOE/OpenDocument/opendoc/custom.jsp?iDocID=ARfEgy.WNSVIvFfvSIVmBCw&sIDType=CUID,Appstore,https://apps.apple.com/in/app/creditcase-mutual-fund-loans/id6752245760,https://apps.apple.com/in/app/creditcase-mutual-fund-loans/id6752245760,,504,0
Creditcase,Essential Investment Managers Private Limited,DSP FINANCE PRIVATE LIMITED,2026-09-25,https://data.rbi.org.in/BOE/OpenDocument/opendoc/custom.jsp?iDocID=ARfEgy.WNSVIvFfvSIVmBCw&sIDType=CUID,Playstore,https://play.google.com/store/apps/details?id=com.smallcase.android.credit,https://play.google.com/store/apps/details?id=com.smallcase.android.credit,com.smallcase.android.credit,505,0
"ET Money: Mutual Funds, Stocks",BANAYANTREE SERVICES LIMITED,DSP FINANCE PRIVATE LIMITED,2026-09-25,https://data.rbi.org.in/BOE/OpenDocument/opendoc/custom.jsp?iDocID=ARfEgy.WNSVIvFfvSIVmBCw&sIDType=CUID,"Appstore - ET Money: Mutual Funds, Stocks",https://apps.apple.com/in/app/et-money-mutual-funds-stocks/id1212752482,https://apps.apple.com/in/app/et-money-mutual-funds-stocks/id1212752482,,506,0
"ET Money: Mutual Funds, Stocks",BANAYANTREE SERVICES LIMITED,DSP FINANCE PRIVATE LIMITED,2026-09-25,https://data.rbi.org.in/BOE/OpenDocument/opendoc/custom.jsp?iDocID=ARfEgy.WNSVIvFfvSIVmBCw&sIDType=CUID,"Playstore - ET Money: Mutual Funds, Stocks",https://play.google.com/store/apps/details?id=com.smartspends,https://play.google.com/store/apps/details?id=com.smartspends&hl=en_IN,com.smartspends,507,0
Groww App,Billionbrains Garage Ventures Limited,DSP FINANCE PRIVATE LIMITED,2026-09-25,https://data.rbi.org.in/BOE/OpenDocument/opendoc/custom.jsp?iDocID=ARfEgy.WNSVIvFfvSIVmBCw&sIDType=CUID,Apple App Store,https://apps.apple.com/in/app/groww-stocks-mutual-fund-upi/id1404871703,https://apps.apple.com/in/app/groww-stocks-mutual-fund-upi/id1404871703,,508,0
Groww App,Billionbrains Garage Ventures Limited,DSP FINANCE PRIVATE LIMITED,2026-09-25,https://data.rbi.org.in/BOE/OpenDocument/opendoc/custom.jsp?iDocID=ARfEgy.WNSVIvFfvSIVmBCw&sIDType=CUID,Google Playstore,https://play.google.com/store/apps/details?id=com.nextbillion.groww,https://play.google.com/store/apps/details?id=com.nextbillion.groww,com.nextbillion.groww,509,0
Groww Credit: Instant Loan App,Billionbrains Garage Ventures Limited,DSP FINANCE PRIVATE LIMITED,2026-09-25,https://data.rbi.org.in/BOE/OpenDocument/opendoc/custom.jsp?iDocID=ARfEgy.WNSVIvFfvSIVmBCw&sIDType=CUID,Appstore - Groww Credit: Instant Loan App,https://apps.apple.com/in/app/groww-credit-instant-loan-app/id6633433697,https://apps.apple.com/in/app/groww-credit-instant-loan-app/id6633433697,,510,0
Groww Credit: Instant Loan App,Billionbrains Garage Ventures Limited,DSP FINANCE PRIVATE LIMITED,2026-09-25,https://data.rbi.org.in/BOE/OpenDocument/opendoc/custom.jsp?iDocID=ARfEgy.WNSVIvFfvSIVmBCw&sIDType=CUID,Playstore - Groww Credit: Instant Loan App,https://play.google.com/store/apps/details?id=in.groww.dash,https://play.google.com/store/apps/details?id=in.groww.dash,in.groww.dash,511,0
"INDmoney: Stocks, Mutual funds",FINZOOMERS SERVICES PRIVATE LIMITED,DSP FINANCE PRIVATE LIMITED,2026-09-25,https://data.rbi.org.in/BOE/OpenDocument/opendoc/custom.jsp?iDocID=ARfEgy.WNSVIvFfvSIVmBCw&sIDType=CUID,"Appstore - INDmoney: Stocks, Mutual Fund",https://apps.apple.com/in/app/indmoney-stocks-mutual-fund/id1450178837,https://apps.apple.com/in/app/indmoney-stocks-mutual-fund/id1450178837,,512,0
"INDmoney: Stocks, Mutual funds",FINZOOMERS SERVICES PRIVATE LIMITED,DSP FINANCE PRIVATE LIMITED,2026-09-25,https://data.rbi.org.in/BOE/OpenDocument/opendoc/custom.jsp?iDocID=ARfEgy.WNSVIvFfvSIVmBCw&sIDType=CUID,"Playstore - INDmoney: Stocks, Mutual funds",https://play.google.com/store/apps/details?id=in.indwealth,https://play.google.com/store/apps/details?id=in.indwealth&hl=en_IN,in.indwealth,513,0
LARK Finserv,LARK FINSERV PRIVATE LIMITED,DSP FINANCE PRIVATE LIMITED,2026-09-25,https://data.rbi.org.in/BOE/OpenDocument/opendoc/custom.jsp?iDocID=ARfEgy.WNSVIvFfvSIVmBCw&sIDType=CUID,Website,https://www.larkfinserv.com,https://www.larkfinserv.com,,514,0
Paytm: Secure UPI Payments,One97 Communications Ltd,DSP FINANCE PRIVATE LIMITED,2026-09-25,https://data.rbi.org.in/BOE/OpenDocument/opendoc/custom.jsp?iDocID=ARfEgy.WNSVIvFfvSIVmBCw&sIDType=CUID,Appstore - Paytm: Secure UPI Payments,https://apps.apple.com/in/app/paytm-secure-upi-payments/id473941634,https://apps.apple.com/in/app/paytm-secure-upi-payments/id473941634,,515,0
Paytm: Secure UPI Payments,One97 Communications Ltd,DSP FINANCE PRIVATE LIMITED,2026-09-25,https://data.rbi.org.in/BOE/OpenDocument/opendoc/custom.jsp?iDocID=ARfEgy.WNSVIvFfvSIVmBCw&sIDType=CUID,Playstore - Paytm: Secure UPI Payments,https://play.google.com/store/apps/details?id=net.one97.paytm,https://play.google.com/store/apps/details?id=net.one97.paytm,net.one97.paytm,516,0
"PhonePe: UPI, Payments, Recharge",PHONEPE LENDING SERVICES PRIVATE LIMITED,DSP FINANCE PRIVATE LIMITED,2026-09-25,https://data.rbi.org.in/BOE/OpenDocument/opendoc/custom.jsp?iDocID=ARfEgy.WNSVIvFfvSIVmBCw&sIDType=CUID,"Appstore - PhonePe: UPI, Payments, Recharge",https://apps.apple.com/in/app/phonepe-secure-payments-app/id1170055821,https://apps.apple.com/in/app/phonepe-secure-payments-app/id1170055821,,517,0
"PhonePe: UPI, Payments, Recharge",PHONEPE LENDING SERVICES PRIVATE LIMITED,DSP FINANCE PRIVATE LIMITED,2026-09-25,https://data.rbi.org.in/BOE/OpenDocument/opendoc/custom.jsp?iDocID=ARfEgy.WNSVIvFfvSIVmBCw&sIDType=CUID,"Playstore - PhonePe: UPI, Payments, Recharge",https://play.google.com/store/apps/details?id=com.phonepe.app,https://play.google.com/store/apps/details?id=com.phonepe.app&hl=en_IN,com.phonepe.app,518,0
Quicklend,Finramp Technologies Private Limited,DSP FINANCE PRIVATE LIMITED,2026-09-25,https://data.rbi.org.in/BOE/OpenDocument/opendoc/custom.jsp?iDocID=ARfEgy.WNSVIvFfvSIVmBCw&sIDType=CUID,Website,https://www.quicklend.in/,https://www.quicklend.in/,,519,0
Smallcase,Essential Investment Managers Private Limited,DSP FINANCE PRIVATE LIMITED,2026-09-25,https://data.rbi.org.in/BOE/OpenDocument/opendoc/custom.jsp?iDocID=ARfEgy.WNSVIvFfvSIVmBCw&sIDType=CUID,Appstore,https://apps.apple.com/in/app/smallcase-stocks-mfs-fds/id1345309437,https://apps.apple.com/in/app/smallcase-stocks-mfs-fds/id1345309437,,520,0
Smallcase,Essential Investment Managers Private Limited,DSP FINANCE PRIVATE LIMITED,2026-09-25,https://data.rbi.org.in/BOE/OpenDocument/opendoc/custom.jsp?iDocID=ARfEgy.WNSVIvFfvSIVmBCw&sIDType=CUID,Playstore,https://play.google.com/store/apps/details?id=com.smallcase.android,https://play.google.com/store/apps/details?id=com.smallcase.android,com.smallcase.android,521,0
Smallcase,Essential Investment Managers Private Limited,DSP FINANCE PRIVATE LIMITED,2026-09-25,https://data.rbi.org.in/BOE/OpenDocument/opendoc/custom.jsp?iDocID=ARfEgy.WNSVIvFfvSIVmBCw&sIDType=CUID,Website,smallcase.com,smallcase.com,,522,0
Volt Money: Mutual Fund Loan,DSP FINANCE PRIVATE LIMITED,DSP FINANCE PRIVATE LIMITED,2026-09-25,https://data.rbi.org.in/BOE/OpenDocument/opendoc/custom.jsp?iDocID=ARfEgy.WNSVIvFfvSIVmBCw&sIDType=CUID,Volt Money: Mutual Fund Loan,https://play.google.com/store/apps/details?id=in.voltmoney,https://play.google.com/store/apps/details?id=in.voltmoney&hl=en_IN&pli=1,in.voltmoney,523,0
Volt Money: Mutual Fund Loan,DSP FINANCE PRIVATE LIMITED,DSP FINANCE PRIVATE LIMITED,2026-09-25,https://data.rbi.org.in/BOE/OpenDocument/opendoc/custom.jsp?iDocID=ARfEgy.WNSVIvFfvSIVmBCw&sIDType=CUID,Website,https://voltmoney.in/,https://voltmoney.in/,,524,0
Volt Money: Mutual Fund Loan,SALTER TECHNOLOGIES PRIVATE LIMITED,DSP FINANCE PRIVATE LIMITED,2026-09-25,https://data.rbi.org.in/BOE/OpenDocument/opendoc/custom.jsp?iDocID=ARfEgy.WNSVIvFfvSIVmBCw&sIDType=CUID,Volt Money: Mutual Fund Loan,https://apps.apple.com/in/app/volt-money-mutual-fund-loan/id6446775789,https://apps.apple.com/in/app/volt-money-mutual-fund-loan/id6446775789,,525,0
Yenmo Mutual Funds Loan App,YENMO TECHNOLOGIES PRIVATE LIMITED,DSP FINANCE PRIVATE LIMITED,2026-09-25,https://data.rbi.org.in/BOE/OpenDocument/opendoc/custom.jsp?iDocID=ARfEgy.WNSVIvFfvSIVmBCw&sIDType=CUID,Appstore - Yenmo: Mutual Funds Loans,https://apps.apple.com/in/app/yenmo-mutual-funds-loans/id6477531049,https://apps.apple.com/in/app/yenmo-mutual-funds-loans/id6477531049,,526,0
Yenmo Mutual Funds Loan App,YENMO TECHNOLOGIES PRIVATE LIMITED,DSP FINANCE PRIVATE LIMITED,2026-09-25,https://data.rbi.org.in/BOE/OpenDocument/opendoc/custom.jsp?iDocID=ARfEgy.WNSVIvFfvSIVmBCw&sIDType=CUID,Playstore - Yenmo: Mutual Funds Loans,https://play.google.com/store/apps/details?id=in.yenmo,https://play.google.com/store/apps/details?id=in.yenmo&hl=en_IN,in.yenmo,527,0
Paisa108,Paisa 108 Private Limited,DYTRON FINVEST PRIVATE LIMITED,2026-09-25,https://data.rbi.org.in/BOE/OpenDocument/opendoc/custom.jsp?iDocID=ARfEgy.WNSVIvFfvSIVmBCw&sIDType=CUID,Google Play Store,https://play.google.com/store/apps/details?id=app.paisa108.com,https://play.google.com/store/apps/details?id=app.paisa108.com,app.paisa108.com,528,0
Paisa108,Paisa 108 Private Limited,DYTRON FINVEST PRIVATE LIMITED,2026-09-25,https://data.rbi.org.in/BOE/OpenDocument/opendoc/custom.jsp?iDocID=ARfEgy.WNSVIvFfvSIVmBCw&sIDType=CUID,Website,https://www.paisa108.com,https://www.paisa108.com,,529,0
Paisa108,Paisa 108 Private Limited,DYTRON FINVEST PVT. LTD. C,2026-09-25,https://data.rbi.org.in/BOE/OpenDocument/opendoc/custom.jsp?iDocID=ARfEgy.WNSVIvFfvSIVmBCw&sIDType=CUID,Google Play Store,https://play.google.com/store/apps/details?id=com.paisa108.app,https://play.google.com/store/apps/details?id=com.paisa108.app,com.paisa108.app,530,0
Paisa108,Paisa 108 Private Limited,DYTRON FINVEST PVT. LTD. C,2026-09-25,https://data.rbi.org.in/BOE/OpenDocument/opendoc/custom.jsp?iDocID=ARfEgy.WNSVIvFfvSIVmBCw&sIDType=CUID,Website,https://www.paisa108.com,https://www.paisa108.com,,531,0
Aditya Birla Capital Digital,Aditya Birla Capital Digital Ltd,EARLYSALARY SERVICES PRIVATE LIMITED (OLD NAME ASHISH SECURITIES PVT. LTD.),2026-09-25,https://data.rbi.org.in/BOE/OpenDocument/opendoc/custom.jsp?iDocID=ARfEgy.WNSVIvFfvSIVmBCw&sIDType=CUID,Appstore,https://apps.apple.com/in/app/abcd-aditya-birla-capital-app/id6477909524,https://apps.apple.com/in/app/abcd-aditya-birla-capital-app/id6477909524,,532,0
Aditya Birla Capital Digital,Aditya Birla Capital Digital Ltd,EARLYSALARY SERVICES PRIVATE LIMITED (OLD NAME ASHISH SECURITIES PVT. LTD.),2026-09-25,https://data.rbi.org.in/BOE/OpenDocument/opendoc/custom.jsp?iDocID=ARfEgy.WNSVIvFfvSIVmBCw&sIDType=CUID,Playstore,https://play.google.com/store/apps/details?id=com.adityabirlacapitaldigital.OneApp,https://play.google.com/store/apps/details?id=com.adityabirlacapitaldigital.OneApp&hl=en,com.adityabirlacapitaldigital.OneApp,533,0
Aditya Birla Capital Digital,Aditya Birla Capital Digital Ltd,EARLYSALARY SERVICES PRIVATE LIMITED (OLD NAME ASHISH SECURITIES PVT. LTD.),2026-09-25,https://data.rbi.org.in/BOE/OpenDocument/opendoc/custom.jsp?iDocID=ARfEgy.WNSVIvFfvSIVmBCw&sIDType=CUID,Website,https://www.adityabirlacapital.com/,https://www.adityabirlacapital.com/,,534,0
Airtel Thanks App,Xtelify Limited,EARLYSALARY SERVICES PRIVATE LIMITED (OLD NAME ASHISH SECURITIES PVT. LTD.),2026-09-25,https://data.rbi.org.in/BOE/OpenDocument/opendoc/custom.jsp?iDocID=ARfEgy.WNSVIvFfvSIVmBCw&sIDType=CUID,Appstore,https://apps.apple.com/in/app/airtel-thanks-recharge-bank/id543184334,https://apps.apple.com/in/app/airtel-thanks-recharge-bank/id543184334,,535,0
Airtel Thanks App,Xtelify Limited,EARLYSALARY SERVICES PRIVATE LIMITED (OLD NAME ASHISH SECURITIES PVT. LTD.),2026-09-25,https://data.rbi.org.in/BOE/OpenDocument/opendoc/custom.jsp?iDocID=ARfEgy.WNSVIvFfvSIVmBCw&sIDType=CUID,Playstore,https://play.google.com/store/apps/details?id=com.myairtelapp,https://play.google.com/store/apps/details?id=com.myairtelapp&hl=en,com.myairtelapp,536,0
Airtel Thanks App,Xtelify Limited,EARLYSALARY SERVICES PRIVATE LIMITED (OLD NAME ASHISH SECURITIES PVT. LTD.),2026-09-25,https://data.rbi.org.in/BOE/OpenDocument/opendoc/custom.jsp?iDocID=ARfEgy.WNSVIvFfvSIVmBCw&sIDType=CUID,Website,https://www.airtel.in/,https://www.airtel.in/,,537,0
Angel One,Angel One Limited,EARLYSALARY SERVICES PRIVATE LIMITED (OLD NAME ASHISH SECURITIES PVT. LTD.),2026-09-25,https://data.rbi.org.in/BOE/OpenDocument/opendoc/custom.jsp?iDocID=ARfEgy.WNSVIvFfvSIVmBCw&sIDType=CUID,Appstore,https://apps.apple.com/in/app/angel-one-stocks-mutual-fund/id1060530981,https://apps.apple.com/in/app/angel-one-stocks-mutual-fund/id1060530981,,538,0
Angel One,Angel One Limited,EARLYSALARY SERVICES PRIVATE LIMITED (OLD NAME ASHISH SECURITIES PVT. LTD.),2026-09-25,https://data.rbi.org.in/BOE/OpenDocument/opendoc/custom.jsp?iDocID=ARfEgy.WNSVIvFfvSIVmBCw&sIDType=CUID,Playstore,https://play.google.com/store/apps/details?id=com.msf.angelmobile,https://play.google.com/store/apps/details?id=com.msf.angelmobile&hl=en,com.msf.angelmobile,539,0
Angel One,Angel One Limited,EARLYSALARY SERVICES PRIVATE LIMITED (OLD NAME ASHISH SECURITIES PVT. LTD.),2026-09-25,https://data.rbi.org.in/BOE/OpenDocument/opendoc/custom.jsp?iDocID=ARfEgy.WNSVIvFfvSIVmBCw&sIDType=CUID,Website,https://www.angelone.in/,https://www.angelone.in/,,540,0
Bajaj Markets,Bajaj Finserv Direct Limited,EARLYSALARY SERVICES PRIVATE LIMITED (OLD NAME ASHISH SECURITIES PVT. LTD.),2026-09-25,https://data.rbi.org.in/BOE/OpenDocument/opendoc/custom.jsp?iDocID=ARfEgy.WNSVIvFfvSIVmBCw&sIDType=CUID,Appstore,https://apps.apple.com/in/app/bajaj-markets-instant-loan-app/id1482914241,https://apps.apple.com/in/app/bajaj-markets-instant-loan-app/id1482914241,,541,0
Bajaj Markets,Bajaj Finserv Direct Limited,EARLYSALARY SERVICES PRIVATE LIMITED (OLD NAME ASHISH SECURITIES PVT. LTD.),2026-09-25,https://data.rbi.org.in/BOE/OpenDocument/opendoc/custom.jsp?iDocID=ARfEgy.WNSVIvFfvSIVmBCw&sIDType=CUID,Playstore,https://play.google.com/store/apps/details?id=in.bajajfinservmarkets.app,https://play.google.com/store/apps/details?id=in.bajajfinservmarkets.app,in.bajajfinservmarkets.app,542,0
Bajaj Markets,Bajaj Finserv Direct Limited,EARLYSALARY SERVICES PRIVATE LIMITED (OLD NAME ASHISH SECURITIES PVT. LTD.),2026-09-25,https://data.rbi.org.in/BOE/OpenDocument/opendoc/custom.jsp?iDocID=ARfEgy.WNSVIvFfvSIVmBCw&sIDType=CUID,Website,https://www.bajajfinservmarkets.in/,https://www.bajajfinservmarkets.in/,,543,0
Bitrocket,Bitrocket Labs Private Limited,EARLYSALARY SERVICES PRIVATE LIMITED (OLD NAME ASHISH SECURITIES PVT. LTD.),2026-09-25,https://data.rbi.org.in/BOE/OpenDocument/opendoc/custom.jsp?iDocID=ARfEgy.WNSVIvFfvSIVmBCw&sIDType=CUID,Appstore,https://www.apple.com/in/search/cheq?src=globalnav,https://www.apple.com/in/search/cheq?src=globalnav,,544,0
Bitrocket,Bitrocket Labs Private Limited,EARLYSALARY SERVICES PRIVATE LIMITED (OLD NAME ASHISH SECURITIES PVT. LTD.),2026-09-25,https://data.rbi.org.in/BOE/OpenDocument/opendoc/custom.jsp?iDocID=ARfEgy.WNSVIvFfvSIVmBCw&sIDType=CUID,Playstore,https://play.google.com/store/apps/details?id=com.cheq.retail,https://play.google.com/store/apps/details?id=com.cheq.retail&hl=en,com.cheq.retail,545,0
Bitrocket,Bitrocket Labs Private Limited,EARLYSALARY SERVICES PRIVATE LIMITED (OLD NAME ASHISH SECURITIES PVT. LTD.),2026-09-25,https://data.rbi.org.in/BOE/OpenDocument/opendoc/custom.jsp?iDocID=ARfEgy.WNSVIvFfvSIVmBCw&sIDType=CUID,Website,https://cheqfin.one,https://cheqfin.one,,546,0
Buddyloans,Bvalue Services Private Limited,EARLYSALARY SERVICES PRIVATE LIMITED (OLD NAME ASHISH SECURITIES PVT. LTD.),2026-09-25,https://data.rbi.org.in/BOE/OpenDocument/opendoc/custom.jsp?iDocID=ARfEgy.WNSVIvFfvSIVmBCw&sIDType=CUID,Appstore,https://apps.apple.com/in/app/buddy-loan-personal-loan/id1552911697,https://apps.apple.com/in/app/buddy-loan-personal-loan/id1552911697,,547,0
Buddyloans,Bvalue Services Private Limited,EARLYSALARY SERVICES PRIVATE LIMITED (OLD NAME ASHISH SECURITIES PVT. LTD.),2026-09-25,https://data.rbi.org.in/BOE/OpenDocument/opendoc/custom.jsp?iDocID=ARfEgy.WNSVIvFfvSIVmBCw&sIDType=CUID,Playstore,https://play.google.com/store/search?q=buddy+loan&c=apps&hl=en,https://play.google.com/store/search?q=buddy+loan&c=apps&hl=en,,548,0
Buddyloans,Bvalue Services Private Limited,EARLYSALARY SERVICES PRIVATE LIMITED (OLD NAME ASHISH SECURITIES PVT. LTD.),2026-09-25,https://data.rbi.org.in/BOE/OpenDocument/opendoc/custom.jsp?iDocID=ARfEgy.WNSVIvFfvSIVmBCw&sIDType=CUID,Website,https://www.buddyloan.com/,https://www.buddyloan.com/,,549,0
Cars24,Cars24 Financial Services Private Limited,EARLYSALARY SERVICES PRIVATE LIMITED (OLD NAME ASHISH SECURITIES PVT. LTD.),2026-09-25,https://data.rbi.org.in/BOE/OpenDocument/opendoc/custom.jsp?iDocID=ARfEgy.WNSVIvFfvSIVmBCw&sIDType=CUID,Appstore,https://apps.apple.com/in/app/cars24-sell-buy-used-cars/id1364492085,https://apps.apple.com/in/app/cars24-sell-buy-used-cars/id1364492085,,550,0
Cars24,Cars24 Financial Services Private Limited,EARLYSALARY SERVICES PRIVATE LIMITED (OLD NAME ASHISH SECURITIES PVT. LTD.),2026-09-25,https://data.rbi.org.in/BOE/OpenDocument/opendoc/custom.jsp?iDocID=ARfEgy.WNSVIvFfvSIVmBCw&sIDType=CUID,Playstore,https://play.google.com/store/apps/details?id=com.cars24.seller,https://play.google.com/store/apps/details?id=com.cars24.seller&hl=en,com.cars24.seller,551,0
Cars24,Cars24 Financial Services Private Limited,EARLYSALARY SERVICES PRIVATE LIMITED (OLD NAME ASHISH SECURITIES PVT. LTD.),2026-09-25,https://data.rbi.org.in/BOE/OpenDocument/opendoc/custom.jsp?iDocID=ARfEgy.WNSVIvFfvSIVmBCw&sIDType=CUID,Website,https://www.cars24.com/,https://www.cars24.com/,,552,0
Credithaat,Vibhuprada Services Pvt Ltd,EARLYSALARY SERVICES PRIVATE LIMITED (OLD NAME ASHISH SECURITIES PVT. LTD.),2026-09-25,https://data.rbi.org.in/BOE/OpenDocument/opendoc/custom.jsp?iDocID=ARfEgy.WNSVIvFfvSIVmBCw&sIDType=CUID,Website,https://www.credithaat.com/,https://www.credithaat.com/,,553,0
Creditmantri,Creditmantri Finserv Pvt Ltd,EARLYSALARY SERVICES PRIVATE LIMITED (OLD NAME ASHISH SECURITIES PVT. LTD.),2026-09-25,https://data.rbi.org.in/BOE/OpenDocument/opendoc/custom.jsp?iDocID=ARfEgy.WNSVIvFfvSIVmBCw&sIDType=CUID,Website,https://www.creditmantri.com/,https://www.creditmantri.com/,,554,0
Fibe,Social Worth Technologies Limited,EARLYSALARY SERVICES PRIVATE LIMITED (OLD NAME ASHISH SECURITIES PVT. LTD.),2026-09-25,https://data.rbi.org.in/BOE/OpenDocument/opendoc/custom.jsp?iDocID=ARfEgy.WNSVIvFfvSIVmBCw&sIDType=CUID,Appstore,https://apps.apple.com/in/app/fibe-instant-personal-loan-app/id1094602630,https://apps.apple.com/in/app/fibe-instant-personal-loan-app/id1094602630,,555,0
Fibe,Social Worth Technologies Limited,EARLYSALARY SERVICES PRIVATE LIMITED (OLD NAME ASHISH SECURITIES PVT. LTD.),2026-09-25,https://data.rbi.org.in/BOE/OpenDocument/opendoc/custom.jsp?iDocID=ARfEgy.WNSVIvFfvSIVmBCw&sIDType=CUID,Playstore,https://play.google.com/store/search?q=fibe&c=apps&hl=en,https://play.google.com/store/search?q=fibe&c=apps&hl=en,,556,0
Fibe,Social Worth Technologies Limited,EARLYSALARY SERVICES PRIVATE LIMITED (OLD NAME ASHISH SECURITIES PVT. LTD.),2026-09-25,https://data.rbi.org.in/BOE/OpenDocument/opendoc/custom.jsp?iDocID=ARfEgy.WNSVIvFfvSIVmBCw&sIDType=CUID,Website,https://www.fibe.in/,https://www.fibe.in/,,557,0
Fi Money,Epifi Technologies Pvt Ltd,EARLYSALARY SERVICES PRIVATE LIMITED (OLD NAME ASHISH SECURITIES PVT. LTD.),2026-09-25,https://data.rbi.org.in/BOE/OpenDocument/opendoc/custom.jsp?iDocID=ARfEgy.WNSVIvFfvSIVmBCw&sIDType=CUID,Appstore,https://apps.apple.com/in/app/fi-money-save-invest-smart/id1531564767,https://apps.apple.com/in/app/fi-money-save-invest-smart/id1531564767,,558,0
Fi Money,Epifi Technologies Pvt Ltd,EARLYSALARY SERVICES PRIVATE LIMITED (OLD NAME ASHISH SECURITIES PVT. LTD.),2026-09-25,https://data.rbi.org.in/BOE/OpenDocument/opendoc/custom.jsp?iDocID=ARfEgy.WNSVIvFfvSIVmBCw&sIDType=CUID,Playstore,https://play.google.com/store/apps/details?id=com.epifi.paisa,https://play.google.com/store/apps/details?id=com.epifi.paisa&hl=en_IN,com.epifi.paisa,559,0
Fi Money,Epifi Technologies Pvt Ltd,EARLYSALARY SERVICES PRIVATE LIMITED (OLD NAME ASHISH SECURITIES PVT. LTD.),2026-09-25,https://data.rbi.org.in/BOE/OpenDocument/opendoc/custom.jsp?iDocID=ARfEgy.WNSVIvFfvSIVmBCw&sIDType=CUID,Website,https://fi.money/,https://fi.money/,,560,0
Finance Buddha,Finbud Financials Services Ltd,EARLYSALARY SERVICES PRIVATE LIMITED (OLD NAME ASHISH SECURITIES PVT. LTD.),2026-09-25,https://data.rbi.org.in/BOE/OpenDocument/opendoc/custom.jsp?iDocID=ARfEgy.WNSVIvFfvSIVmBCw&sIDType=CUID,Website,https://www.financebuddha.com/,https://www.financebuddha.com/,,561,0
Finshell Pay,Growhiz Technologies Pvt Ltd,EARLYSALARY SERVICES PRIVATE LIMITED (OLD NAME ASHISH SECURITIES PVT. LTD.),2026-09-25,https://data.rbi.org.in/BOE/OpenDocument/opendoc/custom.jsp?iDocID=ARfEgy.WNSVIvFfvSIVmBCw&sIDType=CUID,Playstore,https://play.google.com/store/search?q=finshell&c=apps&hl=en,https://play.google.com/store/search?q=finshell&c=apps&hl=en,,562,0
Flipkart,Flipkart Advanz Private Limited,EARLYSALARY SERVICES PRIVATE LIMITED (OLD NAME ASHISH SECURITIES PVT. LTD.),2026-09-25,https://data.rbi.org.in/BOE/OpenDocument/opendoc/custom.jsp?iDocID=ARfEgy.WNSVIvFfvSIVmBCw&sIDType=CUID,Appstore,https://apps.apple.com/in/app/flipkart-online-shopping-app/id742044692,https://apps.apple.com/in/app/flipkart-online-shopping-app/id742044692,,563,0
Flipkart,Flipkart Advanz Private Limited,EARLYSALARY SERVICES PRIVATE LIMITED (OLD NAME ASHISH SECURITIES PVT. LTD.),2026-09-25,https://data.rbi.org.in/BOE/OpenDocument/opendoc/custom.jsp?iDocID=ARfEgy.WNSVIvFfvSIVmBCw&sIDType=CUID,Playstore,https://play.google.com/store/apps/details?id=com.flipkart.android,https://play.google.com/store/apps/details?id=com.flipkart.android&hl=en,com.flipkart.android,564,0
Flipkart,Flipkart Advanz Private Limited,EARLYSALARY SERVICES PRIVATE LIMITED (OLD NAME ASHISH SECURITIES PVT. LTD.),2026-09-25,https://data.rbi.org.in/BOE/OpenDocument/opendoc/custom.jsp?iDocID=ARfEgy.WNSVIvFfvSIVmBCw&sIDType=CUID,Website,https://www.flipkart.com/,https://www.flipkart.com/,,565,0
GoodScore,Arthvit 1809 Tech Private Limited,EARLYSALARY SERVICES PRIVATE LIMITED (OLD NAME ASHISH SECURITIES PVT. LTD.),2026-09-25,https://data.rbi.org.in/BOE/OpenDocument/opendoc/custom.jsp?iDocID=ARfEgy.WNSVIvFfvSIVmBCw&sIDType=CUID,Appstore,https://apps.apple.com/in/app/goodscore-credit-score-app/id6654923902,https://apps.apple.com/in/app/goodscore-credit-score-app/id6654923902,,566,0
GoodScore,Arthvit 1809 Tech Private Limited,EARLYSALARY SERVICES PRIVATE LIMITED (OLD NAME ASHISH SECURITIES PVT. LTD.),2026-09-25,https://data.rbi.org.in/BOE/OpenDocument/opendoc/custom.jsp?iDocID=ARfEgy.WNSVIvFfvSIVmBCw&sIDType=CUID,Playstore,https://play.google.com/store/apps/details?id=com.rupicard.score,https://play.google.com/store/apps/details?id=com.rupicard.score,com.rupicard.score,567,0
GoodScore,Arthvit 1809 Tech Private Limited,EARLYSALARY SERVICES PRIVATE LIMITED (OLD NAME ASHISH SECURITIES PVT. LTD.),2026-09-25,https://data.rbi.org.in/BOE/OpenDocument/opendoc/custom.jsp?iDocID=ARfEgy.WNSVIvFfvSIVmBCw&sIDType=CUID,Website,https://goodscore.app/,https://goodscore.app/,,568,0
Groww credit,Billionbrains Garage Ventures Ltd,EARLYSALARY SERVICES PRIVATE LIMITED (OLD NAME ASHISH SECURITIES PVT. LTD.),2026-09-25,https://data.rbi.org.in/BOE/OpenDocument/opendoc/custom.jsp?iDocID=ARfEgy.WNSVIvFfvSIVmBCw&sIDType=CUID,Appstore,http://apps.apple.com/in/app/groww-credit-instant-loan-app/id6633433697,http://apps.apple.com/in/app/groww-credit-instant-loan-app/id6633433697,,569,0
Groww credit,Billionbrains Garage Ventures Ltd,EARLYSALARY SERVICES PRIVATE LIMITED (OLD NAME ASHISH SECURITIES PVT. LTD.),2026-09-25,https://data.rbi.org.in/BOE/OpenDocument/opendoc/custom.jsp?iDocID=ARfEgy.WNSVIvFfvSIVmBCw&sIDType=CUID,Playstore,https://play.google.com/store/apps/details?id=in.groww.dash,https://play.google.com/store/apps/details?id=in.groww.dash&hl=en,in.groww.dash,570,0
Groww credit,Billionbrains Garage Ventures Ltd,EARLYSALARY SERVICES PRIVATE LIMITED (OLD NAME ASHISH SECURITIES PVT. LTD.),2026-09-25,https://data.rbi.org.in/BOE/OpenDocument/opendoc/custom.jsp?iDocID=ARfEgy.WNSVIvFfvSIVmBCw&sIDType=CUID,Website,https://credit.groww.in/,https://credit.groww.in/,,571,0
Indialends,GC Web Ventures Private Limited,EARLYSALARY SERVICES PRIVATE LIMITED (OLD NAME ASHISH SECURITIES PVT. LTD.),2026-09-25,https://data.rbi.org.in/BOE/OpenDocument/opendoc/custom.jsp?iDocID=ARfEgy.WNSVIvFfvSIVmBCw&sIDType=CUID,Appstore,https://apps.apple.com/in/app/indialends-instant-loan-app/id1163514601,https://apps.apple.com/in/app/indialends-instant-loan-app/id1163514601,,572,0
Indialends,GC Web Ventures Private Limited,EARLYSALARY SERVICES PRIVATE LIMITED (OLD NAME ASHISH SECURITIES PVT. LTD.),2026-09-25,https://data.rbi.org.in/BOE/OpenDocument/opendoc/custom.jsp?iDocID=ARfEgy.WNSVIvFfvSIVmBCw&sIDType=CUID,Playstore,https://play.google.com/store/search?q=indialends&c=apps&hl=en,https://play.google.com/store/search?q=indialends&c=apps&hl=en,,573,0
Indialends,GC Web Ventures Private Limited,EARLYSALARY SERVICES PRIVATE LIMITED (OLD NAME ASHISH SECURITIES PVT. LTD.),2026-09-25,https://data.rbi.org.in/BOE/OpenDocument/opendoc/custom.jsp?iDocID=ARfEgy.WNSVIvFfvSIVmBCw&sIDType=CUID,Website,https://indialends.com/,https://indialends.com/,,574,0
India Post Payments Bank,India Post Payments Bank Ltd,EARLYSALARY SERVICES PRIVATE LIMITED (OLD NAME ASHISH SECURITIES PVT. LTD.),2026-09-25,https://data.rbi.org.in/BOE/OpenDocument/opendoc/custom.jsp?iDocID=ARfEgy.WNSVIvFfvSIVmBCw&sIDType=CUID,Appstore,https://apps.apple.com/in/app/ippb-mobile-banking/id1447211192,https://apps.apple.com/in/app/ippb-mobile-banking/id1447211192,,575,0
India Post Payments Bank,India Post Payments Bank Ltd,EARLYSALARY SERVICES PRIVATE LIMITED (OLD NAME ASHISH SECURITIES PVT. LTD.),2026-09-25,https://data.rbi.org.in/BOE/OpenDocument/opendoc/custom.jsp?iDocID=ARfEgy.WNSVIvFfvSIVmBCw&sIDType=CUID,Playstore,https://play.google.com/store/apps/details?id=com.iexceed.appzillon.ippbMB,https://play.google.com/store/apps/details?id=com.iexceed.appzillon.ippbMB&hl=en,com.iexceed.appzillon.ippbMB,576,0
India Post Payments Bank,India Post Payments Bank Ltd,EARLYSALARY SERVICES PRIVATE LIMITED (OLD NAME ASHISH SECURITIES PVT. LTD.),2026-09-25,https://data.rbi.org.in/BOE/OpenDocument/opendoc/custom.jsp?iDocID=ARfEgy.WNSVIvFfvSIVmBCw&sIDType=CUID,Website,https://www.ippbonline.com/web/ippb,https://www.ippbonline.com/web/ippb,,577,0
Indmoney,Finzoomers Services Private Limited,EARLYSALARY SERVICES PRIVATE LIMITED (OLD NAME ASHISH SECURITIES PVT. LTD.),2026-09-25,https://data.rbi.org.in/BOE/OpenDocument/opendoc/custom.jsp?iDocID=ARfEgy.WNSVIvFfvSIVmBCw&sIDType=CUID,Appstore,https://apps.apple.com/in/app/indmoney-stocks-mutual-fund/id1450178837,https://apps.apple.com/in/app/indmoney-stocks-mutual-fund/id1450178837,,578,0
Indmoney,Finzoomers Services Private Limited,EARLYSALARY SERVICES PRIVATE LIMITED (OLD NAME ASHISH SECURITIES PVT. LTD.),2026-09-25,https://data.rbi.org.in/BOE/OpenDocument/opendoc/custom.jsp?iDocID=ARfEgy.WNSVIvFfvSIVmBCw&sIDType=CUID,Playstore,https://play.google.com/store/apps/details?id=in.indwealth,https://play.google.com/store/apps/details?id=in.indwealth&hl=en,in.indwealth,579,0
Indmoney,Finzoomers Services Private Limited,EARLYSALARY SERVICES PRIVATE LIMITED (OLD NAME ASHISH SECURITIES PVT. LTD.),2026-09-25,https://data.rbi.org.in/BOE/OpenDocument/opendoc/custom.jsp?iDocID=ARfEgy.WNSVIvFfvSIVmBCw&sIDType=CUID,Website,https://www.indmoney.com/,https://www.indmoney.com/,,580,0
Jio Finance,Jio Finance Platform and Service Ltd,EARLYSALARY SERVICES PRIVATE LIMITED (OLD NAME ASHISH SECURITIES PVT. LTD.),2026-09-25,https://data.rbi.org.in/BOE/OpenDocument/opendoc/custom.jsp?iDocID=ARfEgy.WNSVIvFfvSIVmBCw&sIDType=CUID,Appstore,https://apps.apple.com/in/app/jiofinance/id6469583963,https://apps.apple.com/in/app/jiofinance/id6469583963,,581,0
Jio Finance,Jio Finance Platform and Service Ltd,EARLYSALARY SERVICES PRIVATE LIMITED (OLD NAME ASHISH SECURITIES PVT. LTD.),2026-09-25,https://data.rbi.org.in/BOE/OpenDocument/opendoc/custom.jsp?iDocID=ARfEgy.WNSVIvFfvSIVmBCw&sIDType=CUID,Playstore,https://play.google.com/store/apps/details?id=in.jfs.jiofinance,https://play.google.com/store/apps/details?id=in.jfs.jiofinance&hl=en_IN,in.jfs.jiofinance,582,0
Jio Finance,Jio Finance Platform and Service Ltd,EARLYSALARY SERVICES PRIVATE LIMITED (OLD NAME ASHISH SECURITIES PVT. LTD.),2026-09-25,https://data.rbi.org.in/BOE/OpenDocument/opendoc/custom.jsp?iDocID=ARfEgy.WNSVIvFfvSIVmBCw&sIDType=CUID,Website,https://www.jiofinance.in/,https://www.jiofinance.in/,,583,0
Juspay,Juspay Technologies Private Limited,EARLYSALARY SERVICES PRIVATE LIMITED (OLD NAME ASHISH SECURITIES PVT. LTD.),2026-09-25,https://data.rbi.org.in/BOE/OpenDocument/opendoc/custom.jsp?iDocID=ARfEgy.WNSVIvFfvSIVmBCw&sIDType=CUID,Appstore,https://apps.apple.com/in/app/juspay-portal/id6740138129,https://apps.apple.com/in/app/juspay-portal/id6740138129,,584,0
Juspay,Juspay Technologies Private Limited,EARLYSALARY SERVICES PRIVATE LIMITED (OLD NAME ASHISH SECURITIES PVT. LTD.),2026-09-25,https://data.rbi.org.in/BOE/OpenDocument/opendoc/custom.jsp?iDocID=ARfEgy.WNSVIvFfvSIVmBCw&sIDType=CUID,Playstore,https://play.google.com/store/apps/details?id=io.juspay.juspayportal,https://play.google.com/store/apps/details?id=io.juspay.juspayportal&hl=en,io.juspay.juspayportal,585,0
Juspay,Juspay Technologies Private Limited,EARLYSALARY SERVICES PRIVATE LIMITED (OLD NAME ASHISH SECURITIES PVT. LTD.),2026-09-25,https://data.rbi.org.in/BOE/OpenDocument/opendoc/custom.jsp?iDocID=ARfEgy.WNSVIvFfvSIVmBCw&sIDType=CUID,Website,https://juspay.io/in,https://juspay.io/in,,586,0
Kashti,Kashti Finserv Private Limited,EARLYSALARY SERVICES PRIVATE LIMITED (OLD NAME ASHISH SECURITIES PVT. LTD.),2026-09-25,https://data.rbi.org.in/BOE/OpenDocument/opendoc/custom.jsp?iDocID=ARfEgy.WNSVIvFfvSIVmBCw&sIDType=CUID,Website,https://www.kashti.com/,https://www.kashti.com/,,587,0
Kpaisa,Kleio Innovation Labs Private Limited,EARLYSALARY SERVICES PRIVATE LIMITED (OLD NAME ASHISH SECURITIES PVT. LTD.),2026-09-25,https://data.rbi.org.in/BOE/OpenDocument/opendoc/custom.jsp?iDocID=ARfEgy.WNSVIvFfvSIVmBCw&sIDType=CUID,Playstore,https://play.google.com/store/apps/details?id=com.kleio.kpay,https://play.google.com/store/apps/details?id=com.kleio.kpay&hl=en,com.kleio.kpay,588,0
Kpaisa,Kleio Innovation Labs Private Limited,EARLYSALARY SERVICES PRIVATE LIMITED (OLD NAME ASHISH SECURITIES PVT. LTD.),2026-09-25,https://data.rbi.org.in/BOE/OpenDocument/opendoc/custom.jsp?iDocID=ARfEgy.WNSVIvFfvSIVmBCw&sIDType=CUID,Website,https://kpaisa.com/,https://kpaisa.com/,,589,0
Loans24,Cars24 Financial Services Private Limited,EARLYSALARY SERVICES PRIVATE LIMITED (OLD NAME ASHISH SECURITIES PVT. LTD.),2026-09-25,https://data.rbi.org.in/BOE/OpenDocument/opendoc/custom.jsp?iDocID=ARfEgy.WNSVIvFfvSIVmBCw&sIDType=CUID,Website,https://www.loans24.co.in/,https://www.loans24.co.in/,,590,0
Loantap,Loantap Financial Technologies Private Limited,EARLYSALARY SERVICES PRIVATE LIMITED (OLD NAME ASHISH SECURITIES PVT. LTD.),2026-09-25,https://data.rbi.org.in/BOE/OpenDocument/opendoc/custom.jsp?iDocID=ARfEgy.WNSVIvFfvSIVmBCw&sIDType=CUID,Appstore,https://apps.apple.com/in/app/loantap/id1461444558,https://apps.apple.com/in/app/loantap/id1461444558,,591,0
Loantap,Loantap Financial Technologies Private Limited,EARLYSALARY SERVICES PRIVATE LIMITED (OLD NAME ASHISH SECURITIES PVT. LTD.),2026-09-25,https://data.rbi.org.in/BOE/OpenDocument/opendoc/custom.jsp?iDocID=ARfEgy.WNSVIvFfvSIVmBCw&sIDType=CUID,Playstore,https://play.google.com/store/apps/details?id=in.loantap.app,https://play.google.com/store/apps/details?id=in.loantap.app&hl=en,in.loantap.app,592,0
Loantap,Loantap Financial Technologies Private Limited,EARLYSALARY SERVICES PRIVATE LIMITED (OLD NAME ASHISH SECURITIES PVT. LTD.),2026-09-25,https://data.rbi.org.in/BOE/OpenDocument/opendoc/custom.jsp?iDocID=ARfEgy.WNSVIvFfvSIVmBCw&sIDType=CUID,Website,https://loantap.in/,https://loantap.in/,,593,0
Mint Money,HT Digital Streams Ltd,EARLYSALARY SERVICES PRIVATE LIMITED (OLD NAME ASHISH SECURITIES PVT. LTD.),2026-09-25,https://data.rbi.org.in/BOE/OpenDocument/opendoc/custom.jsp?iDocID=ARfEgy.WNSVIvFfvSIVmBCw&sIDType=CUID,Appstore,https://apps.apple.com/in/app/mint-money-credit-score-loans/id6751579585,https://apps.apple.com/in/app/mint-money-credit-score-loans/id6751579585,,594,0
Mint Money,HT Digital Streams Ltd,EARLYSALARY SERVICES PRIVATE LIMITED (OLD NAME ASHISH SECURITIES PVT. LTD.),2026-09-25,https://data.rbi.org.in/BOE/OpenDocument/opendoc/custom.jsp?iDocID=ARfEgy.WNSVIvFfvSIVmBCw&sIDType=CUID,Playstore,https://play.google.com/store/apps/details?id=com.htmintmoney,https://play.google.com/store/apps/details?id=com.htmintmoney&hl=en_IN?,com.htmintmoney,595,0
Mint Money,HT Digital Streams Ltd,EARLYSALARY SERVICES PRIVATE LIMITED (OLD NAME ASHISH SECURITIES PVT. LTD.),2026-09-25,https://data.rbi.org.in/BOE/OpenDocument/opendoc/custom.jsp?iDocID=ARfEgy.WNSVIvFfvSIVmBCw&sIDType=CUID,Website,https://www.livemint.com/money/loan/personal-loan,https://www.livemint.com/money/loan/personal-loan,,596,0
Moneycontrol,Moneycontrol Dot Com India Limited,EARLYSALARY SERVICES PRIVATE LIMITED (OLD NAME ASHISH SECURITIES PVT. LTD.),2026-09-25,https://data.rbi.org.in/BOE/OpenDocument/opendoc/custom.jsp?iDocID=ARfEgy.WNSVIvFfvSIVmBCw&sIDType=CUID,Appstore,https://apps.apple.com/in/app/moneycontrol-markets-news/id408654600,https://apps.apple.com/in/app/moneycontrol-markets-news/id408654600,,597,0
Moneycontrol,Moneycontrol Dot Com India Limited,EARLYSALARY SERVICES PRIVATE LIMITED (OLD NAME ASHISH SECURITIES PVT. LTD.),2026-09-25,https://data.rbi.org.in/BOE/OpenDocument/opendoc/custom.jsp?iDocID=ARfEgy.WNSVIvFfvSIVmBCw&sIDType=CUID,Playstore,https://play.google.com/store/apps/details?id=com.divum.MoneyControl,https://play.google.com/store/apps/details?id=com.divum.MoneyControl&hl=en,com.divum.MoneyControl,598,0
Moneycontrol,Moneycontrol Dot Com India Limited,EARLYSALARY SERVICES PRIVATE LIMITED (OLD NAME ASHISH SECURITIES PVT. LTD.),2026-09-25,https://data.rbi.org.in/BOE/OpenDocument/opendoc/custom.jsp?iDocID=ARfEgy.WNSVIvFfvSIVmBCw&sIDType=CUID,Website,https://www.moneycontrol.com/,https://www.moneycontrol.com/,,599,0
Nobroker Instacash,Nobroker Technologies Solutions Private Limited,EARLYSALARY SERVICES PRIVATE LIMITED (OLD NAME ASHISH SECURITIES PVT. LTD.),2026-09-25,https://data.rbi.org.in/BOE/OpenDocument/opendoc/custom.jsp?iDocID=ARfEgy.WNSVIvFfvSIVmBCw&sIDType=CUID,Playstore,https://play.google.com/store/apps/details?id=com.nobroker.loans,https://play.google.com/store/apps/details?id=com.nobroker.loans&hl=en_IN,com.nobroker.loans,600,0
Nobroker Instacash,Nobroker Technologies Solutions Private Limited,EARLYSALARY SERVICES PRIVATE LIMITED (OLD NAME ASHISH SECURITIES PVT. LTD.),2026-09-25,https://data.rbi.org.in/BOE/OpenDocument/opendoc/custom.jsp?iDocID=ARfEgy.WNSVIvFfvSIVmBCw&sIDType=CUID,Website,https://www.nobroker.in/instacash/landing?isHybrid=true&hybridActionBar=false&nbFr=New_Home_Page_Banner,https://www.nobroker.in/instacash/landing?isHybrid=true&hybridActionBar=false&nbFr=New_Home_Page_Banner,,601,0
One Andro,Andromeda Sales and Distribution Private Limited,EARLYSALARY SERVICES PRIVATE LIMITED (OLD NAME ASHISH SECURITIES PVT. LTD.),2026-09-25,https://data.rbi.org.in/BOE/OpenDocument/opendoc/custom.jsp?iDocID=ARfEgy.WNSVIvFfvSIVmBCw&sIDType=CUID,Appstore,https://apps.apple.com/in/app/oneandro-loans-insurance/id6478778926,https://apps.apple.com/in/app/oneandro-loans-insurance/id6478778926,,602,0
One Andro,Andromeda Sales and Distribution Private Limited,EARLYSALARY SERVICES PRIVATE LIMITED (OLD NAME ASHISH SECURITIES PVT. LTD.),2026-09-25,https://data.rbi.org.in/BOE/OpenDocument/opendoc/custom.jsp?iDocID=ARfEgy.WNSVIvFfvSIVmBCw&sIDType=CUID,Playstore,https://play.google.com/store/apps/details?id=com.oneandro,https://play.google.com/store/apps/details?id=com.oneandro&hl=en,com.oneandro,603,0
One Andro,Andromeda Sales and Distribution Private Limited,EARLYSALARY SERVICES PRIVATE LIMITED (OLD NAME ASHISH SECURITIES PVT. LTD.),2026-09-25,https://data.rbi.org.in/BOE/OpenDocument/opendoc/custom.jsp?iDocID=ARfEgy.WNSVIvFfvSIVmBCw&sIDType=CUID,Website,https://www.andromedaloans.com/terms-of-use-app/,https://www.andromedaloans.com/terms-of-use-app/,,604,0
Paisabazar,Paisabazar Marketing and Consulting Pvt Ltd,EARLYSALARY SERVICES PRIVATE LIMITED (OLD NAME ASHISH SECURITIES PVT. LTD.),2026-09-25,https://data.rbi.org.in/BOE/OpenDocument/opendoc/custom.jsp?iDocID=ARfEgy.WNSVIvFfvSIVmBCw&sIDType=CUID,Appstore,https://apps.apple.com/in/app/paisabazaar-com-loans-cards/id1029403201,https://apps.apple.com/in/app/paisabazaar-com-loans-cards/id1029403201,,605,0
Paisabazar,Paisabazar Marketing and Consulting Pvt Ltd,EARLYSALARY SERVICES PRIVATE LIMITED (OLD NAME ASHISH SECURITIES PVT. LTD.),2026-09-25,https://data.rbi.org.in/BOE/OpenDocument/opendoc/custom.jsp?iDocID=ARfEgy.WNSVIvFfvSIVmBCw&sIDType=CUID,Playstore,https://play.google.com/store/apps/details?id=com.paisabazaar,https://play.google.com/store/apps/details?id=com.paisabazaar&hl=en,com.paisabazaar,606,0
Paisabazar,Paisabazar Marketing and Consulting Pvt Ltd,EARLYSALARY SERVICES PRIVATE LIMITED (OLD NAME ASHISH SECURITIES PVT. LTD.),2026-09-25,https://data.rbi.org.in/BOE/OpenDocument/opendoc/custom.jsp?iDocID=ARfEgy.WNSVIvFfvSIVmBCw&sIDType=CUID,Website,https://www.paisabazaar.com/,https://www.paisabazaar.com/,,607,0
Parkplus,Parviom Technologies Pvt Ltd,EARLYSALARY SERVICES PRIVATE LIMITED (OLD NAME ASHISH SECURITIES PVT. LTD.),2026-09-25,https://data.rbi.org.in/BOE/OpenDocument/opendoc/custom.jsp?iDocID=ARfEgy.WNSVIvFfvSIVmBCw&sIDType=CUID,Appstore,https://apps.apple.com/in/app/park-rto-parivahan-fastag/id1244749178,https://apps.apple.com/in/app/park-rto-parivahan-fastag/id1244749178,,608,0
Parkplus,Parviom Technologies Pvt Ltd,EARLYSALARY SERVICES PRIVATE LIMITED (OLD NAME ASHISH SECURITIES PVT. LTD.),2026-09-25,https://data.rbi.org.in/BOE/OpenDocument/opendoc/custom.jsp?iDocID=ARfEgy.WNSVIvFfvSIVmBCw&sIDType=CUID,Playstore,https://play.google.com/store/search?q=park+plus&c=apps&hl=en,https://play.google.com/store/search?q=park+plus&c=apps&hl=en,,609,0
Parkplus,Parviom Technologies Pvt Ltd,EARLYSALARY SERVICES PRIVATE LIMITED (OLD NAME ASHISH SECURITIES PVT. LTD.),2026-09-25,https://data.rbi.org.in/BOE/OpenDocument/opendoc/custom.jsp?iDocID=ARfEgy.WNSVIvFfvSIVmBCw&sIDType=CUID,Website,https://parkplus.io/,https://parkplus.io/,,610,0
Paytm,One97 Communications Limited,EARLYSALARY SERVICES PRIVATE LIMITED (OLD NAME ASHISH SECURITIES PVT. LTD.),2026-09-25,https://data.rbi.org.in/BOE/OpenDocument/opendoc/custom.jsp?iDocID=ARfEgy.WNSVIvFfvSIVmBCw&sIDType=CUID,Appstore,https://apps.apple.com/in/app/paytm/id473941634,https://apps.apple.com/in/app/paytm/id473941634,,611,0
Paytm,One97 Communications Limited,EARLYSALARY SERVICES PRIVATE LIMITED (OLD NAME ASHISH SECURITIES PVT. LTD.),2026-09-25,https://data.rbi.org.in/BOE/OpenDocument/opendoc/custom.jsp?iDocID=ARfEgy.WNSVIvFfvSIVmBCw&sIDType=CUID,Playstore,https://play.google.com/store/apps/details?id=net.one97.paytm,https://play.google.com/store/apps/details?id=net.one97.paytm,net.one97.paytm,612,0
Paytm,One97 Communications Limited,EARLYSALARY SERVICES PRIVATE LIMITED (OLD NAME ASHISH SECURITIES PVT. LTD.),2026-09-25,https://data.rbi.org.in/BOE/OpenDocument/opendoc/custom.jsp?iDocID=ARfEgy.WNSVIvFfvSIVmBCw&sIDType=CUID,Website,https://paytm.com/,https://paytm.com/,,613,0
RU connect,Ruloans Distribution Pvt Ltd,EARLYSALARY SERVICES PRIVATE LIMITED (OLD NAME ASHISH SECURITIES PVT. LTD.),2026-09-25,https://data.rbi.org.in/BOE/OpenDocument/opendoc/custom.jsp?iDocID=ARfEgy.WNSVIvFfvSIVmBCw&sIDType=CUID,Appstore,https://apps.apple.com/in/app/ruconnect-by-ruloans/id1661321073,https://apps.apple.com/in/app/ruconnect-by-ruloans/id1661321073,,614,0
RU connect,Ruloans Distribution Pvt Ltd,EARLYSALARY SERVICES PRIVATE LIMITED (OLD NAME ASHISH SECURITIES PVT. LTD.),2026-09-25,https://data.rbi.org.in/BOE/OpenDocument/opendoc/custom.jsp?iDocID=ARfEgy.WNSVIvFfvSIVmBCw&sIDType=CUID,Playstore,https://play.google.com/store/apps/details?id=com.ruloanss,https://play.google.com/store/apps/details?id=com.ruloanss&hl=en,com.ruloanss,615,0
RU connect,Ruloans Distribution Pvt Ltd,EARLYSALARY SERVICES PRIVATE LIMITED (OLD NAME ASHISH SECURITIES PVT. LTD.),2026-09-25,https://data.rbi.org.in/BOE/OpenDocument/opendoc/custom.jsp?iDocID=ARfEgy.WNSVIvFfvSIVmBCw&sIDType=CUID,Website,https://ruconnect.in/,https://ruconnect.in/,,616,0
Shopse,Newbazaar Technologies Pvt Ltd,EARLYSALARY SERVICES PRIVATE LIMITED (OLD NAME ASHISH SECURITIES PVT. LTD.),2026-09-25,https://data.rbi.org.in/BOE/OpenDocument/opendoc/custom.jsp?iDocID=ARfEgy.WNSVIvFfvSIVmBCw&sIDType=CUID,Appstore,https://apps.apple.com/in/app/shopse-shop-now-pay-later/id1501675725,https://apps.apple.com/in/app/shopse-shop-now-pay-later/id1501675725,,617,0
Shopse,Newbazaar Technologies Pvt Ltd,EARLYSALARY SERVICES PRIVATE LIMITED (OLD NAME ASHISH SECURITIES PVT. LTD.),2026-09-25,https://data.rbi.org.in/BOE/OpenDocument/opendoc/custom.jsp?iDocID=ARfEgy.WNSVIvFfvSIVmBCw&sIDType=CUID,Playstore,https://play.google.com/store/apps/details?id=com.shopse.consumer,https://play.google.com/store/apps/details?id=com.shopse.consumer&hl=en_IN,com.shopse.consumer,618,0
Shopse,Newbazaar Technologies Pvt Ltd,EARLYSALARY SERVICES PRIVATE LIMITED (OLD NAME ASHISH SECURITIES PVT. LTD.),2026-09-25,https://data.rbi.org.in/BOE/OpenDocument/opendoc/custom.jsp?iDocID=ARfEgy.WNSVIvFfvSIVmBCw&sIDType=CUID,Website,https://www.getshopse.com/,https://www.getshopse.com/,,619,0
Spoctree,Ausha Digital Pvt Ltd,EARLYSALARY SERVICES PRIVATE LIMITED (OLD NAME ASHISH SECURITIES PVT. LTD.),2026-09-25,https://data.rbi.org.in/BOE/OpenDocument/opendoc/custom.jsp?iDocID=ARfEgy.WNSVIvFfvSIVmBCw&sIDType=CUID,Website,https://www.spoctree.com/,https://www.spoctree.com/,,620,0
Supermoney,Scapic Innovations Pvt Ltd,EARLYSALARY SERVICES PRIVATE LIMITED (OLD NAME ASHISH SECURITIES PVT. LTD.),2026-09-25,https://data.rbi.org.in/BOE/OpenDocument/opendoc/custom.jsp?iDocID=ARfEgy.WNSVIvFfvSIVmBCw&sIDType=CUID,Appstore,https://apps.apple.com/in/app/super-money/id6502597504,https://apps.apple.com/in/app/super-money/id6502597504,,621,0
Supermoney,Scapic Innovations Pvt Ltd,EARLYSALARY SERVICES PRIVATE LIMITED (OLD NAME ASHISH SECURITIES PVT. LTD.),2026-09-25,https://data.rbi.org.in/BOE/OpenDocument/opendoc/custom.jsp?iDocID=ARfEgy.WNSVIvFfvSIVmBCw&sIDType=CUID,Playstore,https://play.google.com/store/apps/details?id=money.super.payments,https://play.google.com/store/apps/details?id=money.super.payments&hl=en,money.super.payments,622,0
Supermoney,Scapic Innovations Pvt Ltd,EARLYSALARY SERVICES PRIVATE LIMITED (OLD NAME ASHISH SECURITIES PVT. LTD.),2026-09-25,https://data.rbi.org.in/BOE/OpenDocument/opendoc/custom.jsp?iDocID=ARfEgy.WNSVIvFfvSIVmBCw&sIDType=CUID,Website,https://super.money/,https://super.money/,,623,0
Tata Neu,Tata Digital Private Limited,EARLYSALARY SERVICES PRIVATE LIMITED (OLD NAME ASHISH SECURITIES PVT. LTD.),2026-09-25,https://data.rbi.org.in/BOE/OpenDocument/opendoc/custom.jsp?iDocID=ARfEgy.WNSVIvFfvSIVmBCw&sIDType=CUID,Appstore,https://apps.apple.com/in/app/tata-neu-shop-travel-finance/id1584669293,https://apps.apple.com/in/app/tata-neu-shop-travel-finance/id1584669293,,624,0
Tata Neu,Tata Digital Private Limited,EARLYSALARY SERVICES PRIVATE LIMITED (OLD NAME ASHISH SECURITIES PVT. LTD.),2026-09-25,https://data.rbi.org.in/BOE/OpenDocument/opendoc/custom.jsp?iDocID=ARfEgy.WNSVIvFfvSIVmBCw&sIDType=CUID,Playstore,https://play.google.com/store/apps/details?id=com.tatadigital.tcp,https://play.google.com/store/apps/details?id=com.tatadigital.tcp&hl=en,com.tatadigital.tcp,625,0
Tata Neu,Tata Digital Private Limited,EARLYSALARY SERVICES PRIVATE LIMITED (OLD NAME ASHISH SECURITIES PVT. LTD.),2026-09-25,https://data.rbi.org.in/BOE/OpenDocument/opendoc/custom.jsp?iDocID=ARfEgy.WNSVIvFfvSIVmBCw&sIDType=CUID,Website,https://www.tataneu.com/home,https://www.tataneu.com/home,,626,0
Varthana,Varthana?Finance Private Limited,EARLYSALARY SERVICES PRIVATE LIMITED (OLD NAME ASHISH SECURITIES PVT. LTD.),2026-09-25,https://data.rbi.org.in/BOE/OpenDocument/opendoc/custom.jsp?iDocID=ARfEgy.WNSVIvFfvSIVmBCw&sIDType=CUID,Website,https://varthana.com/student/lsp/,https://varthana.com/student/lsp/,,627,0
Wishfin,Mywish Marketplaces Pvt Ltd,EARLYSALARY SERVICES PRIVATE LIMITED (OLD NAME ASHISH SECURITIES PVT. LTD.),2026-09-25,https://data.rbi.org.in/BOE/OpenDocument/opendoc/custom.jsp?iDocID=ARfEgy.WNSVIvFfvSIVmBCw&sIDType=CUID,Appstore,https://apps.apple.com/in/app/wishfin/id1448228668,https://apps.apple.com/in/app/wishfin/id1448228668,,628,0
Wishfin,Mywish Marketplaces Pvt Ltd,EARLYSALARY SERVICES PRIVATE LIMITED (OLD NAME ASHISH SECURITIES PVT. LTD.),2026-09-25,https://data.rbi.org.in/BOE/OpenDocument/opendoc/custom.jsp?iDocID=ARfEgy.WNSVIvFfvSIVmBCw&sIDType=CUID,Playstore,https://play.google.com/store/apps/details?id=com.mywish.wishfin.view,https://play.google.com/store/apps/details?id=com.mywish.wishfin.view&hl=en,com.mywish.wishfin.view,629,0
Wishfin,Mywish Marketplaces Pvt Ltd,EARLYSALARY SERVICES PRIVATE LIMITED (OLD NAME ASHISH SECURITIES PVT. LTD.),2026-09-25,https://data.rbi.org.in/BOE/OpenDocument/opendoc/custom.jsp?iDocID=ARfEgy.WNSVIvFfvSIVmBCw&sIDType=CUID,Website,https://www.wishfin.com/,https://www.wishfin.com/,,630,0
Zavo,Legalpay Technology Pvt Ltd,EARLYSALARY SERVICES PRIVATE LIMITED (OLD NAME ASHISH SECURITIES PVT. LTD.),2026-09-25,https://data.rbi.org.in/BOE/OpenDocument/opendoc/custom.jsp?iDocID=ARfEgy.WNSVIvFfvSIVmBCw&sIDType=CUID,Appstore,https://apps.apple.com/in/app/zavo-emi-payments-rewards/id6738023310,https://apps.apple.com/in/app/zavo-emi-payments-rewards/id6738023310,,631,0
Zavo,Legalpay Technology Pvt Ltd,EARLYSALARY SERVICES PRIVATE LIMITED (OLD NAME ASHISH SECURITIES PVT. LTD.),2026-09-25,https://data.rbi.org.in/BOE/OpenDocument/opendoc/custom.jsp?iDocID=ARfEgy.WNSVIvFfvSIVmBCw&sIDType=CUID,Playstore,https://play.google.com/store/apps/details?id=com.zavo.app,https://play.google.com/store/apps/details?id=com.zavo.app&hl=en,com.zavo.app,632,0
Zavo,Legalpay Technology Pvt Ltd,EARLYSALARY SERVICES PRIVATE LIMITED (OLD NAME ASHISH SECURITIES PVT. LTD.),2026-09-25,https://data.rbi.org.in/BOE/OpenDocument/opendoc/custom.jsp?iDocID=ARfEgy.WNSVIvFfvSIVmBCw&sIDType=CUID,Website,https://www.thezavo.com/,https://www.thezavo.com/,,633,0
Zet Partner,VISTAS TECHNOLABS PRIVATE LIMITED,EARLYSALARY SERVICES PRIVATE LIMITED (OLD NAME ASHISH SECURITIES PVT. LTD.),2026-09-25,https://data.rbi.org.in/BOE/OpenDocument/opendoc/custom.jsp?iDocID=ARfEgy.WNSVIvFfvSIVmBCw&sIDType=CUID,Playstore,https://play.google.com/store/apps/details?id=in.onecode.app,https://play.google.com/store/apps/details?id=in.onecode.app&referrer=utm_medium%3Dwebsite%26utm_source%3Dgoogle-play,in.onecode.app,634,0
Zet Partner,VISTAS TECHNOLABS PRIVATE LIMITED,EARLYSALARY SERVICES PRIVATE LIMITED (OLD NAME ASHISH SECURITIES PVT. LTD.),2026-09-25,https://data.rbi.org.in/BOE/OpenDocument/opendoc/custom.jsp?iDocID=ARfEgy.WNSVIvFfvSIVmBCw&sIDType=CUID,Website,https://partner.zetapp.in/,https://partner.zetapp.in/,,635,0
AHAsolar Technologies Limited,AHAsolar Technologies Limited,ECOFY FINANCE PRIVATE LIMITED (FORMERLY KNOWN AS ACCRETIVE CLEANTECH FINANCE PRIVATE LIMITED),2026-09-25,https://data.rbi.org.in/BOE/OpenDocument/opendoc/custom.jsp?iDocID=ARfEgy.WNSVIvFfvSIVmBCw&sIDType=CUID,Website,https://play.google.com/store/search?q=ahasolar%20on e&c=apps&hl=en,https://play.google.com/store/search?q=ahasolar%20on e&c=apps&hl=en,,636,0
Autovert Technologies Private Limited,self owned,ECOFY FINANCE PRIVATE LIMITED (FORMERLY KNOWN AS ACCRETIVE CLEANTECH FINANCE PRIVATE LIMITED),2026-09-25,https://data.rbi.org.in/BOE/OpenDocument/opendoc/custom.jsp?iDocID=ARfEgy.WNSVIvFfvSIVmBCw&sIDType=CUID,Website,https://los.dms.autovertplug.com/login,https://los.dms.autovertplug.com/login,,637,0
Husk Power Systems Private Limited,Husk Power Systems Private Limited,ECOFY FINANCE PRIVATE LIMITED (FORMERLY KNOWN AS ACCRETIVE CLEANTECH FINANCE PRIVATE LIMITED),2026-09-25,https://data.rbi.org.in/BOE/OpenDocument/opendoc/custom.jsp?iDocID=ARfEgy.WNSVIvFfvSIVmBCw&sIDType=CUID,Website,https://play.google.com/store/apps/details?id=com.bee,https://play.google.com/store/apps/details?id=com.bee m&pli=1,com.bee,638,0
Lok Suvidha Finance Limited,Lok Suvidha Finance Limited,ECOFY FINANCE PRIVATE LIMITED (FORMERLY KNOWN AS ACCRETIVE CLEANTECH FINANCE PRIVATE LIMITED),2026-09-25,https://data.rbi.org.in/BOE/OpenDocument/opendoc/custom.jsp?iDocID=ARfEgy.WNSVIvFfvSIVmBCw&sIDType=CUID,Google,https://play.google.com/store/apps/details?id=com.loksuvidha.loksuvidhaconsumerapp,https://play.google.com/store/apps/details?id=com.loksuvidha.loksuvidhaconsumerapp,com.loksuvidha.loksuvidhaconsumerapp,639,0
SolarSquare Energy Private Limited,SolarSquare Energy Private Limited,ECOFY FINANCE PRIVATE LIMITED (FORMERLY KNOWN AS ACCRETIVE CLEANTECH FINANCE PRIVATE LIMITED),2026-09-25,https://data.rbi.org.in/BOE/OpenDocument/opendoc/custom.jsp?iDocID=ARfEgy.WNSVIvFfvSIVmBCw&sIDType=CUID,website,https://play.google.com/store/apps/details?id=com.sse,https://play.google.com/store/apps/details?id=com.sse. solarpro_referral&hl=en-US&pli=1,com.sse,640,0
Vidyut Green Labs Pvt Ltd,Vidyut Green Labs Pvt Ltd,ECOFY FINANCE PRIVATE LIMITED (FORMERLY KNOWN AS ACCRETIVE CLEANTECH FINANCE PRIVATE LIMITED),2026-09-25,https://data.rbi.org.in/BOE/OpenDocument/opendoc/custom.jsp?iDocID=ARfEgy.WNSVIvFfvSIVmBCw&sIDType=CUID,website,https://play.google.com/store/apps/details?id=com.vidyuttech.dco,https://play.google.com/store/apps/details?id=com.vidyuttech.dco&hl=en,com.vidyuttech.dco,641,0
Bluebear Technology Private Limited (Propelld),Bluebear Technology Private Limited (Propelld),EDGRO FINANCE PRIVATE LIMITED,2026-09-25,https://data.rbi.org.in/BOE/OpenDocument/opendoc/custom.jsp?iDocID=ARfEgy.WNSVIvFfvSIVmBCw&sIDType=CUID,Website,https://propelld.com/,https://propelld.com/,,642,0
Kodo,Kodo Technologies Private Limited,EIGHT FINANCE PVT. LTD.,2026-09-25,https://data.rbi.org.in/BOE/OpenDocument/opendoc/custom.jsp?iDocID=ARfEgy.WNSVIvFfvSIVmBCw&sIDType=CUID,Website,app.kodo.in,app.kodo.in,,643,0
Money Multiplier (Empowered by Seven Fincorp),Noxven Ventures OPC Private Limited,ENN ENN CAPITAL PRIVATE LIMITED,2026-09-25,https://data.rbi.org.in/BOE/OpenDocument/opendoc/custom.jsp?iDocID=ARfEgy.WNSVIvFfvSIVmBCw&sIDType=CUID,Website,https://www.moneymultiplier.co,https://www.moneymultiplier.co,,644,0
bajajfinservmarkets,Bajaj Finserv Direct Limited,EPIMONEY PRIVATE LIMITED,2026-09-25,https://data.rbi.org.in/BOE/OpenDocument/opendoc/custom.jsp?iDocID=ARfEgy.WNSVIvFfvSIVmBCw&sIDType=CUID,Website,https://www.bajajfinservmarkets.in/,https://www.bajajfinservmarkets.in/,,645,0
Bajaj Finserv Markets Loan App,Bajaj Finserv Direct Limited,EPIMONEY PRIVATE LIMITED,2026-09-25,https://data.rbi.org.in/BOE/OpenDocument/opendoc/custom.jsp?iDocID=ARfEgy.WNSVIvFfvSIVmBCw&sIDType=CUID,Apple Store,https://apps.apple.com/in/app/bajaj-finserv-markets-loan-app/id1482914241,https://apps.apple.com/in/app/bajaj-finserv-markets-loan-app/id1482914241,,646,0
Bajaj Finserv Markets Loan App,Bajaj Finserv Direct Limited,EPIMONEY PRIVATE LIMITED,2026-09-25,https://data.rbi.org.in/BOE/OpenDocument/opendoc/custom.jsp?iDocID=ARfEgy.WNSVIvFfvSIVmBCw&sIDType=CUID,Google Play Store,https://play.google.com/store/apps/details?id=in.bajajfinservmarkets.app,https://play.google.com/store/apps/details?id=in.bajajfinservmarkets.app&hl=en,in.bajajfinservmarkets.app,647,0
Buddy Loan,Bvalue Services Private Limited,EPIMONEY PRIVATE LIMITED,2026-09-25,https://data.rbi.org.in/BOE/OpenDocument/opendoc/custom.jsp?iDocID=ARfEgy.WNSVIvFfvSIVmBCw&sIDType=CUID,Website,https://www.buddyloan.com/,https://www.buddyloan.com/,,648,0
Buddy Loan: Personal Loan App,Bvalue Services Private Limited,EPIMONEY PRIVATE LIMITED,2026-09-25,https://data.rbi.org.in/BOE/OpenDocument/opendoc/custom.jsp?iDocID=ARfEgy.WNSVIvFfvSIVmBCw&sIDType=CUID,Apple Store,https://apps.apple.com/in/app/buddy-loan-personal-loan-app/id1552911697,https://apps.apple.com/in/app/buddy-loan-personal-loan-app/id1552911697,,649,0
Buddy Loan: Personal Loan App,Bvalue Services Private Limited,EPIMONEY PRIVATE LIMITED,2026-09-25,https://data.rbi.org.in/BOE/OpenDocument/opendoc/custom.jsp?iDocID=ARfEgy.WNSVIvFfvSIVmBCw&sIDType=CUID,Google Play Store,https://play.google.com/store/apps/details?id=com.buddyloan.vls,https://play.google.com/store/apps/details?id=com.buddyloan.vls&referrer=utm_source%3DWebsite%26utm_medium%3DDownloadButton,com.buddyloan.vls,650,0
FlexiLoans,Epimoney Private Limited,EPIMONEY PRIVATE LIMITED,2026-09-25,https://data.rbi.org.in/BOE/OpenDocument/opendoc/custom.jsp?iDocID=ARfEgy.WNSVIvFfvSIVmBCw&sIDType=CUID,Website,https://flexiloans.com/,https://flexiloans.com/,,651,0
FlexiLoans: Business Loans,Epimoney Private Limited,EPIMONEY PRIVATE LIMITED,2026-09-25,https://data.rbi.org.in/BOE/OpenDocument/opendoc/custom.jsp?iDocID=ARfEgy.WNSVIvFfvSIVmBCw&sIDType=CUID,Google Play Store,https://play.google.com/store/apps/details?id=com.flexiloan,https://play.google.com/store/apps/details?id=com.flexiloan&hl=en_IN,com.flexiloan,652,0
Freedm,FTIPL Payment and Marketing Tech Private Limited,EPIMONEY PRIVATE LIMITED,2026-09-25,https://data.rbi.org.in/BOE/OpenDocument/opendoc/custom.jsp?iDocID=ARfEgy.WNSVIvFfvSIVmBCw&sIDType=CUID,Website,https://freedm.ai/,https://freedm.ai/,,653,0
Paisabazaar,Paisabazaar Marketing and Consulting Private Limited,EPIMONEY PRIVATE LIMITED,2026-09-25,https://data.rbi.org.in/BOE/OpenDocument/opendoc/custom.jsp?iDocID=ARfEgy.WNSVIvFfvSIVmBCw&sIDType=CUID,Website,https://www.paisabazaar.com/,https://www.paisabazaar.com/,,654,0
"Paisabazaar-Loans,Credit Score",Paisabazaar Marketing and Consulting Private Limited,EPIMONEY PRIVATE LIMITED,2026-09-25,https://data.rbi.org.in/BOE/OpenDocument/opendoc/custom.jsp?iDocID=ARfEgy.WNSVIvFfvSIVmBCw&sIDType=CUID,Apple Store,https://apps.apple.com/in/app/paisabazaar-com-loans-cards/id1029403201,https://apps.apple.com/in/app/paisabazaar-com-loans-cards/id1029403201,,655,0
"Paisabazaar-Loans,Credit Score",Paisabazaar Marketing and Consulting Private Limited,EPIMONEY PRIVATE LIMITED,2026-09-25,https://data.rbi.org.in/BOE/OpenDocument/opendoc/custom.jsp?iDocID=ARfEgy.WNSVIvFfvSIVmBCw&sIDType=CUID,Google Play Store,https://play.google.com/store/apps/details?id=com.paisabazaar,https://play.google.com/store/apps/details?id=com.paisabazaar,com.paisabazaar,656,0
Tally,Navmaya Tech Services Private Limited,EPIMONEY PRIVATE LIMITED,2026-09-25,https://data.rbi.org.in/BOE/OpenDocument/opendoc/custom.jsp?iDocID=ARfEgy.WNSVIvFfvSIVmBCw&sIDType=CUID,Website,https://tallycapital.tallysolutions.com/add-on/,https://tallycapital.tallysolutions.com/add-on/,,657,0
My Salary Loan,Fintech Cloud Private Limited,EPOCH MERCANTILES PRIVATE LIMITED,2026-09-25,https://data.rbi.org.in/BOE/OpenDocument/opendoc/custom.jsp?iDocID=ARfEgy.WNSVIvFfvSIVmBCw&sIDType=CUID,Website,https://mysalaryloan.com/,https://mysalaryloan.com/,,658,0
Velocity.in,White Wizard Technologies Pvt Ltd.,EQUENTIA FINANCIAL SERVICE PRIVATE LIMITED,2026-09-25,https://data.rbi.org.in/BOE/OpenDocument/opendoc/custom.jsp?iDocID=ARfEgy.WNSVIvFfvSIVmBCw&sIDType=CUID,website,https://www.velocity.in/,https://www.velocity.in/,,659,0
Equitas 2.0,Self-owned,EQUITAS SMALL FINANCE BANK LIMITED,2026-09-25,https://data.rbi.org.in/BOE/OpenDocument/opendoc/custom.jsp?iDocID=ARfEgy.WNSVIvFfvSIVmBCw&sIDType=CUID,Appstore,https://apps.apple.com/in/app/equitas-2-0-savings-fd-more/id6449971923,https://apps.apple.com/in/app/equitas-2-0-savings-fd-more/id6449971923,,660,0
Equitas 2.0,Self-owned,EQUITAS SMALL FINANCE BANK LIMITED,2026-09-25,https://data.rbi.org.in/BOE/OpenDocument/opendoc/custom.jsp?iDocID=ARfEgy.WNSVIvFfvSIVmBCw&sIDType=CUID,Playstore,https://play.google.com/store/apps/details?id=com.equitas.elevate,https://play.google.com/store/apps/details?id=com.equitas.elevate&hl=en_IN,com.equitas.elevate,661,0
Equitas Netbanking,Self-owned,EQUITAS SMALL FINANCE BANK LIMITED,2026-09-25,https://data.rbi.org.in/BOE/OpenDocument/opendoc/custom.jsp?iDocID=ARfEgy.WNSVIvFfvSIVmBCw&sIDType=CUID,Web,?https://ib.equip.equitas.bank.in/,?https://ib.equip.equitas.bank.in/,,662,0
Credcashy,TRANSITECH IT SERVICES PRIVATE LIMITED,EVERLIGHT HOLDING PVT LTD,2026-09-25,https://data.rbi.org.in/BOE/OpenDocument/opendoc/custom.jsp?iDocID=ARfEgy.WNSVIvFfvSIVmBCw&sIDType=CUID,Google Play Store and Apple App Store,https://credcashy.com/,https://credcashy.com/,,663,0
Mobile Banking,My Card Solutions Pvt Ltd,"EXCELLENT CO-OP.BANK LTD., MUMBAI",2026-09-25,https://data.rbi.org.in/BOE/OpenDocument/opendoc/custom.jsp?iDocID=ARfEgy.WNSVIvFfvSIVmBCw&sIDType=CUID,Play Store,Play Store - Excellent Co-op Bank Ltd,Play Store - Excellent Co-op Bank Ltd,,664,0
CredMe,Delviant AI Labs Private Limited,EXUDE VINCOM PRIVATE LIMITED,2026-09-25,https://data.rbi.org.in/BOE/OpenDocument/opendoc/custom.jsp?iDocID=ARfEgy.WNSVIvFfvSIVmBCw&sIDType=CUID,Google Play Store,https://play.google.com/store/apps/details?id=com.delviant.credme,https://play.google.com/store/apps/details?id=com.delviant.credme,com.delviant.credme,665,0
CredMe,Delviant AI Labs Private Limited,EXUDE VINCOM PRIVATE LIMITED,2026-09-25,https://data.rbi.org.in/BOE/OpenDocument/opendoc/custom.jsp?iDocID=ARfEgy.WNSVIvFfvSIVmBCw&sIDType=CUID,Website,https://www.credme.in,https://www.credme.in,,666,0
Aadi Finance,SUMTI VISTA VENTURES LLP,FDPL FINANCE PRIVATE LIMITED,2026-09-25,https://data.rbi.org.in/BOE/OpenDocument/opendoc/custom.jsp?iDocID=ARfEgy.WNSVIvFfvSIVmBCw&sIDType=CUID,Website,https://www.aadifinance.com/,https://www.aadifinance.com/,,667,0
Airpay Capital,Airpay Payment Services Private Limited,FDPL FINANCE PRIVATE LIMITED,2026-09-25,https://data.rbi.org.in/BOE/OpenDocument/opendoc/custom.jsp?iDocID=ARfEgy.WNSVIvFfvSIVmBCw&sIDType=CUID,Playstore,https://play.google.com/store/apps/details?id=com.airpay.capital,https://play.google.com/store/apps/details?id=com.airpay.capital,com.airpay.capital,668,0
Airpay Capital,Airpay Payment Services Private Limited,FDPL FINANCE PRIVATE LIMITED,2026-09-25,https://data.rbi.org.in/BOE/OpenDocument/opendoc/custom.jsp?iDocID=ARfEgy.WNSVIvFfvSIVmBCw&sIDType=CUID,Website,https://www.airpay.capital/,https://www.airpay.capital/,,669,0
AryseFin,Vibhuprada Services Private Limited,FDPL FINANCE PRIVATE LIMITED,2026-09-25,https://data.rbi.org.in/BOE/OpenDocument/opendoc/custom.jsp?iDocID=ARfEgy.WNSVIvFfvSIVmBCw&sIDType=CUID,Website,https://arysefin.com/,https://arysefin.com/,,670,0
Bachatt,Trusave Fintech Pvt Ltd,FDPL FINANCE PRIVATE LIMITED,2026-09-25,https://data.rbi.org.in/BOE/OpenDocument/opendoc/custom.jsp?iDocID=ARfEgy.WNSVIvFfvSIVmBCw&sIDType=CUID,App Store,https://apps.apple.com/in/app/bachatt-daily-fd-mutual-fund/id6749962231,https://apps.apple.com/in/app/bachatt-daily-fd-mutual-fund/id6749962231,,671,0
Bachatt,Trusave Fintech Pvt Ltd,FDPL FINANCE PRIVATE LIMITED,2026-09-25,https://data.rbi.org.in/BOE/OpenDocument/opendoc/custom.jsp?iDocID=ARfEgy.WNSVIvFfvSIVmBCw&sIDType=CUID,Play Store,https://play.google.com/store/apps/details?id=app.bachatt.customer,https://play.google.com/store/apps/details?id=app.bachatt.customer,app.bachatt.customer,672,0
Bachatt,Trusave Fintech Pvt Ltd,FDPL FINANCE PRIVATE LIMITED,2026-09-25,https://data.rbi.org.in/BOE/OpenDocument/opendoc/custom.jsp?iDocID=ARfEgy.WNSVIvFfvSIVmBCw&sIDType=CUID,Website,https://bachatt.app/,https://bachatt.app/,,673,0
BharatNXT,FCAP TECHNOLOGIES PRIVATE LIMITED,FDPL FINANCE PRIVATE LIMITED,2026-09-25,https://data.rbi.org.in/BOE/OpenDocument/opendoc/custom.jsp?iDocID=ARfEgy.WNSVIvFfvSIVmBCw&sIDType=CUID,BharatNXT,https://play.google.com/store/apps/details?id=com.fcap.bharatnxt,https://play.google.com/store/apps/details?id=com.fcap.bharatnxt&hl=en_IN https://apps.apple.com/in/app/bharatnxt-business-payment-app/id1627695125,com.fcap.bharatnxt,674,0
Cashkuber,ZV Consultant LLP,FDPL FINANCE PRIVATE LIMITED,2026-09-25,https://data.rbi.org.in/BOE/OpenDocument/opendoc/custom.jsp?iDocID=ARfEgy.WNSVIvFfvSIVmBCw&sIDType=CUID,Website,https://cashkuber.com/,https://cashkuber.com/,,675,0
Choice Connect,Choice Connect Private Limited,FDPL FINANCE PRIVATE LIMITED,2026-09-25,https://data.rbi.org.in/BOE/OpenDocument/opendoc/custom.jsp?iDocID=ARfEgy.WNSVIvFfvSIVmBCw&sIDType=CUID,App Store,https://apps.apple.com/in/app/choice-connect/id1668969201?l=mr,https://apps.apple.com/in/app/choice-connect/id1668969201?l=mr,,676,0
Choice Connect,Choice Connect Private Limited,FDPL FINANCE PRIVATE LIMITED,2026-09-25,https://data.rbi.org.in/BOE/OpenDocument/opendoc/custom.jsp?iDocID=ARfEgy.WNSVIvFfvSIVmBCw&sIDType=CUID,Play Store,https://play.google.com/store/apps/details?id=com.choicebroking.choiceconnect,https://play.google.com/store/apps/details?id=com.choicebroking.choiceconnect&hl=en_IN,com.choicebroking.choiceconnect,677,0
Choice Connect,Choice Connect Private Limited,FDPL FINANCE PRIVATE LIMITED,2026-09-25,https://data.rbi.org.in/BOE/OpenDocument/opendoc/custom.jsp?iDocID=ARfEgy.WNSVIvFfvSIVmBCw&sIDType=CUID,Website,https://choiceconnect.in/,https://choiceconnect.in/,,678,0
Cover Mantra,CoverMantra Services Private Limited,FDPL FINANCE PRIVATE LIMITED,2026-09-25,https://data.rbi.org.in/BOE/OpenDocument/opendoc/custom.jsp?iDocID=ARfEgy.WNSVIvFfvSIVmBCw&sIDType=CUID,Play Store,https://play.google.com/store/apps/details?id=com.covermantra.loan,https://play.google.com/store/apps/details?id=com.covermantra.loan,com.covermantra.loan,679,0
Cover Mantra,CoverMantra Services Private Limited,FDPL FINANCE PRIVATE LIMITED,2026-09-25,https://data.rbi.org.in/BOE/OpenDocument/opendoc/custom.jsp?iDocID=ARfEgy.WNSVIvFfvSIVmBCw&sIDType=CUID,Website,https://www.covermantra.com/,https://www.covermantra.com/,,680,0
CP Advisor,Chetan Pal Advisor Digital Private Limited,FDPL FINANCE PRIVATE LIMITED,2026-09-25,https://data.rbi.org.in/BOE/OpenDocument/opendoc/custom.jsp?iDocID=ARfEgy.WNSVIvFfvSIVmBCw&sIDType=CUID,Website,https://cpadvisordigital.in/home-1,https://cpadvisordigital.in/home-1,,681,0
CreditFit,CreditMantri Finserve Private Limited,FDPL FINANCE PRIVATE LIMITED,2026-09-25,https://data.rbi.org.in/BOE/OpenDocument/opendoc/custom.jsp?iDocID=ARfEgy.WNSVIvFfvSIVmBCw&sIDType=CUID,Play Store,https://play.google.com/store/apps/details?id=com.creditmantri,https://play.google.com/store/apps/details?id=com.creditmantri&hl=en_IN,com.creditmantri,682,0
CreditHaat,Vibhuprada Services Private Limited,FDPL FINANCE PRIVATE LIMITED,2026-09-25,https://data.rbi.org.in/BOE/OpenDocument/opendoc/custom.jsp?iDocID=ARfEgy.WNSVIvFfvSIVmBCw&sIDType=CUID,Website,https://www.credithaat.com/,https://www.credithaat.com/,,683,0
CreditMantri,CreditMantri Finserve Private Limited,FDPL FINANCE PRIVATE LIMITED,2026-09-25,https://data.rbi.org.in/BOE/OpenDocument/opendoc/custom.jsp?iDocID=ARfEgy.WNSVIvFfvSIVmBCw&sIDType=CUID,Website,https://www.creditmantri.com/,https://www.creditmantri.com/,,684,0
Credo Cash,Keish Commerce Private Limited,FDPL FINANCE PRIVATE LIMITED,2026-09-25,https://data.rbi.org.in/BOE/OpenDocument/opendoc/custom.jsp?iDocID=ARfEgy.WNSVIvFfvSIVmBCw&sIDType=CUID,Website,https://credocash.com/,https://credocash.com/,,685,0
DigitMoney,DigitMoney Technologies Private Limited,FDPL FINANCE PRIVATE LIMITED,2026-09-25,https://data.rbi.org.in/BOE/OpenDocument/opendoc/custom.jsp?iDocID=ARfEgy.WNSVIvFfvSIVmBCw&sIDType=CUID,Website,https://digitmoney.in/,https://digitmoney.in/,,686,0
FatakPay,FatakPay Digital Private Limited,FDPL FINANCE PRIVATE LIMITED,2026-09-25,https://data.rbi.org.in/BOE/OpenDocument/opendoc/custom.jsp?iDocID=ARfEgy.WNSVIvFfvSIVmBCw&sIDType=CUID,Apple Appstore,https://apps.apple.com/in/app/fatakpay/id6468567795,https://apps.apple.com/in/app/fatakpay/id6468567795,,687,0
FatakPay,FatakPay Digital Private Limited,FDPL FINANCE PRIVATE LIMITED,2026-09-25,https://data.rbi.org.in/BOE/OpenDocument/opendoc/custom.jsp?iDocID=ARfEgy.WNSVIvFfvSIVmBCw&sIDType=CUID,Google Playstore,https://play.google.com/store/apps/details?id=com.fatakpay,https://play.google.com/store/apps/details?id=com.fatakpay&gl=in,com.fatakpay,688,0
FatakPay,FatakPay Digital Private Limited,FDPL FINANCE PRIVATE LIMITED,2026-09-25,https://data.rbi.org.in/BOE/OpenDocument/opendoc/custom.jsp?iDocID=ARfEgy.WNSVIvFfvSIVmBCw&sIDType=CUID,Website,https://fatakpay.com/,https://fatakpay.com/,,689,0
FixoFin,AMMO Digital LLP,FDPL FINANCE PRIVATE LIMITED,2026-09-25,https://data.rbi.org.in/BOE/OpenDocument/opendoc/custom.jsp?iDocID=ARfEgy.WNSVIvFfvSIVmBCw&sIDType=CUID,Play Store,https://play.google.com/store/apps/details?id=ammodigital.fixofin,https://play.google.com/store/apps/details?id=ammodigital.fixofin,ammodigital.fixofin,690,0
FixoFin,AMMO Digital LLP,FDPL FINANCE PRIVATE LIMITED,2026-09-25,https://data.rbi.org.in/BOE/OpenDocument/opendoc/custom.jsp?iDocID=ARfEgy.WNSVIvFfvSIVmBCw&sIDType=CUID,Website,https://fixofin.com,https://fixofin.com,,691,0
FlipItMoney,Entorq Technologies Private Limited,FDPL FINANCE PRIVATE LIMITED,2026-09-25,https://data.rbi.org.in/BOE/OpenDocument/opendoc/custom.jsp?iDocID=ARfEgy.WNSVIvFfvSIVmBCw&sIDType=CUID,Apple Appstore,https://apps.apple.com/in/app/flipitmoney-flipitnews/id1554308443,https://apps.apple.com/in/app/flipitmoney-flipitnews/id1554308443,,692,0
FlipItMoney,Entorq Technologies Private Limited,FDPL FINANCE PRIVATE LIMITED,2026-09-25,https://data.rbi.org.in/BOE/OpenDocument/opendoc/custom.jsp?iDocID=ARfEgy.WNSVIvFfvSIVmBCw&sIDType=CUID,Google Play Store,https://play.google.com/store/apps/details?id=com.flipitnews.finance,https://play.google.com/store/apps/details?id=com.flipitnews.finance&hl=en_IN,com.flipitnews.finance,693,0
FlipItMoney,Entorq Technologies Private Limited,FDPL FINANCE PRIVATE LIMITED,2026-09-25,https://data.rbi.org.in/BOE/OpenDocument/opendoc/custom.jsp?iDocID=ARfEgy.WNSVIvFfvSIVmBCw&sIDType=CUID,Website,https://flipit.money,https://flipit.money,,694,0
GoCredit,Vijayalakshmi Technology Infinity NKB Private Limited,FDPL FINANCE PRIVATE LIMITED,2026-09-25,https://data.rbi.org.in/BOE/OpenDocument/opendoc/custom.jsp?iDocID=ARfEgy.WNSVIvFfvSIVmBCw&sIDType=CUID,Play Store,https://play.google.com/store/apps/details?id=money.gocredit.ai,https://play.google.com/store/apps/details?id=money.gocredit.ai,money.gocredit.ai,695,0
GoCredit,Vijayalakshmi Technology Infinity NKB Private Limited,FDPL FINANCE PRIVATE LIMITED,2026-09-25,https://data.rbi.org.in/BOE/OpenDocument/opendoc/custom.jsp?iDocID=ARfEgy.WNSVIvFfvSIVmBCw&sIDType=CUID,Website,https://www.gocredit.money/,https://www.gocredit.money/,,696,0
GoodScore,??Arthvit 1809 Tech Private Limited,FDPL FINANCE PRIVATE LIMITED,2026-09-25,https://data.rbi.org.in/BOE/OpenDocument/opendoc/custom.jsp?iDocID=ARfEgy.WNSVIvFfvSIVmBCw&sIDType=CUID,Apple store,https://apps.apple.com/in/app/goodscore-credit-score-app/id6654923902,https://apps.apple.com/in/app/goodscore-credit-score-app/id6654923902,,697,0
GoodScore,??Arthvit 1809 Tech Private Limited,FDPL FINANCE PRIVATE LIMITED,2026-09-25,https://data.rbi.org.in/BOE/OpenDocument/opendoc/custom.jsp?iDocID=ARfEgy.WNSVIvFfvSIVmBCw&sIDType=CUID,Play store,https://play.google.com/store/apps/details?id=com.rupicard.score,https://play.google.com/store/apps/details?id=com.rupicard.score,com.rupicard.score,698,0
Gromo,Vitrak Technologies Private Limited,FDPL FINANCE PRIVATE LIMITED,2026-09-25,https://data.rbi.org.in/BOE/OpenDocument/opendoc/custom.jsp?iDocID=ARfEgy.WNSVIvFfvSIVmBCw&sIDType=CUID,Website,"https://gromo.in/, https://indiasales.club/","https://gromo.in/, https://indiasales.club/",,699,0
KeshvaCredit,KeshvaCredit Services Private Limited,FDPL FINANCE PRIVATE LIMITED,2026-09-25,https://data.rbi.org.in/BOE/OpenDocument/opendoc/custom.jsp?iDocID=ARfEgy.WNSVIvFfvSIVmBCw&sIDType=CUID,Website,https://www.keshvacredit.com/,https://www.keshvacredit.com/,,700,0
Krux Finance,Raganan Technologies Private Limited,FDPL FINANCE PRIVATE LIMITED,2026-09-25,https://data.rbi.org.in/BOE/OpenDocument/opendoc/custom.jsp?iDocID=ARfEgy.WNSVIvFfvSIVmBCw&sIDType=CUID,Website,https://www.kruxfinance.com/,https://www.kruxfinance.com/,,701,0
LoanSparrow,True Focus Consultant Solution LLp,FDPL FINANCE PRIVATE LIMITED,2026-09-25,https://data.rbi.org.in/BOE/OpenDocument/opendoc/custom.jsp?iDocID=ARfEgy.WNSVIvFfvSIVmBCw&sIDType=CUID,Website,https://loansparrow.com/,https://loansparrow.com/,,702,0
Netambit,Netambit Value first Services Pvt. Ltd.,FDPL FINANCE PRIVATE LIMITED,2026-09-25,https://data.rbi.org.in/BOE/OpenDocument/opendoc/custom.jsp?iDocID=ARfEgy.WNSVIvFfvSIVmBCw&sIDType=CUID,Website,https://www.netambit.net,www.netambit.net,,703,0
Nivi Loans,Profirst Fincare Private Limited,FDPL FINANCE PRIVATE LIMITED,2026-09-25,https://data.rbi.org.in/BOE/OpenDocument/opendoc/custom.jsp?iDocID=ARfEgy.WNSVIvFfvSIVmBCw&sIDType=CUID,Website,https://niviloans.com/,https://niviloans.com/,,704,0
Ratecut,Leverse Labs Private Limited,FDPL FINANCE PRIVATE LIMITED,2026-09-25,https://data.rbi.org.in/BOE/OpenDocument/opendoc/custom.jsp?iDocID=ARfEgy.WNSVIvFfvSIVmBCw&sIDType=CUID,Website,https://www.ratecut.in,https://www.ratecut.in,,705,0
RupeeQ,Intuino Business consulting India Private Limited,FDPL FINANCE PRIVATE LIMITED,2026-09-25,https://data.rbi.org.in/BOE/OpenDocument/opendoc/custom.jsp?iDocID=ARfEgy.WNSVIvFfvSIVmBCw&sIDType=CUID,Google Playstore,https://play.google.com/store/apps/details?id=com.rupeeq.app,https://play.google.com/store/apps/details?id=com.rupeeq.app,com.rupeeq.app,706,0
RupeeQ,Intuino Business consulting India Private Limited,FDPL FINANCE PRIVATE LIMITED,2026-09-25,https://data.rbi.org.in/BOE/OpenDocument/opendoc/custom.jsp?iDocID=ARfEgy.WNSVIvFfvSIVmBCw&sIDType=CUID,Website,https://rupeeq.com/,https://rupeeq.com/,,707,0
SalarySe,Critical Path Technologies Private Limited,FDPL FINANCE PRIVATE LIMITED,2026-09-25,https://data.rbi.org.in/BOE/OpenDocument/opendoc/custom.jsp?iDocID=ARfEgy.WNSVIvFfvSIVmBCw&sIDType=CUID,App Store,https://apps.apple.com/in/app/salaryse/id6471236999,https://apps.apple.com/in/app/salaryse/id6471236999,,708,0
SalarySe,Critical Path Technologies Private Limited,FDPL FINANCE PRIVATE LIMITED,2026-09-25,https://data.rbi.org.in/BOE/OpenDocument/opendoc/custom.jsp?iDocID=ARfEgy.WNSVIvFfvSIVmBCw&sIDType=CUID,Play Store,https://play.google.com/store/apps/details?id=com.salaryse.android,https://play.google.com/store/apps/details?id=com.salaryse.android,com.salaryse.android,709,0
SalarySe,Critical Path Technologies Private Limited,FDPL FINANCE PRIVATE LIMITED,2026-09-25,https://data.rbi.org.in/BOE/OpenDocument/opendoc/custom.jsp?iDocID=ARfEgy.WNSVIvFfvSIVmBCw&sIDType=CUID,Website,https://www.salaryse.com/,https://www.salaryse.com/,,710,0
Swipe Loan,KGIL Fintech Solutions Pvt Ltd,FDPL FINANCE PRIVATE LIMITED,2026-09-25,https://data.rbi.org.in/BOE/OpenDocument/opendoc/custom.jsp?iDocID=ARfEgy.WNSVIvFfvSIVmBCw&sIDType=CUID,Play Store,https://play.google.com/store/apps/details?id=com.kgil.swipeloan,https://play.google.com/store/apps/details?id=com.kgil.swipeloan,com.kgil.swipeloan,711,0
Swipe Loan,KGIL Fintech Solutions Pvt Ltd,FDPL FINANCE PRIVATE LIMITED,2026-09-25,https://data.rbi.org.in/BOE/OpenDocument/opendoc/custom.jsp?iDocID=ARfEgy.WNSVIvFfvSIVmBCw&sIDType=CUID,Website,https://swipeloan.in,https://swipeloan.in,,712,0
Urban Money,Urban Money Private Limited,FDPL FINANCE PRIVATE LIMITED,2026-09-25,https://data.rbi.org.in/BOE/OpenDocument/opendoc/custom.jsp?iDocID=ARfEgy.WNSVIvFfvSIVmBCw&sIDType=CUID,App Store,https://apps.apple.com/in/app/urban-money/id6761172509,https://apps.apple.com/in/app/urban-money/id6761172509,,713,0
Urban Money,Urban Money Private Limited,FDPL FINANCE PRIVATE LIMITED,2026-09-25,https://data.rbi.org.in/BOE/OpenDocument/opendoc/custom.jsp?iDocID=ARfEgy.WNSVIvFfvSIVmBCw&sIDType=CUID,Website,https://www.urbanmoney.com,https://www.urbanmoney.com,,714,0
Vitto,Uthaan Technologies Private Limited,FDPL FINANCE PRIVATE LIMITED,2026-09-25,https://data.rbi.org.in/BOE/OpenDocument/opendoc/custom.jsp?iDocID=ARfEgy.WNSVIvFfvSIVmBCw&sIDType=CUID,Google Play,https://play.google.com/store/apps/details?id=ai.microfinance.vitto,https://play.google.com/store/apps/details?id=ai.microfinance.vitto,ai.microfinance.vitto,715,0
Vitto,Uthaan Technologies Private Limited,FDPL FINANCE PRIVATE LIMITED,2026-09-25,https://data.rbi.org.in/BOE/OpenDocument/opendoc/custom.jsp?iDocID=ARfEgy.WNSVIvFfvSIVmBCw&sIDType=CUID,Website,https://www.vitto.money/,https://www.vitto.money/,,716,0
WeCredit,QuantumX Global Private Limited,FDPL FINANCE PRIVATE LIMITED,2026-09-25,https://data.rbi.org.in/BOE/OpenDocument/opendoc/custom.jsp?iDocID=ARfEgy.WNSVIvFfvSIVmBCw&sIDType=CUID,Play Store,https://play.google.com/store/apps/details?id=com.wecredit.Wecredit,https://play.google.com/store/apps/details?id=com.wecredit.Wecredit&hl=en_IN,com.wecredit.Wecredit,717,0
WeCredit,QuantumX Global Private Limited,FDPL FINANCE PRIVATE LIMITED,2026-09-25,https://data.rbi.org.in/BOE/OpenDocument/opendoc/custom.jsp?iDocID=ARfEgy.WNSVIvFfvSIVmBCw&sIDType=CUID,Website,https://wecredit.co.in/,https://wecredit.co.in/,,718,0
Yubi Markets,Yubi Markets Private Limited,FDPL FINANCE PRIVATE LIMITED,2026-09-25,https://data.rbi.org.in/BOE/OpenDocument/opendoc/custom.jsp?iDocID=ARfEgy.WNSVIvFfvSIVmBCw&sIDType=CUID,Website,https://yubimarkets.com/lending/,https://yubimarkets.com/lending/,,719,0
Zavo,LegalPay Technology Pvt Ltd,FDPL FINANCE PRIVATE LIMITED,2026-09-25,https://data.rbi.org.in/BOE/OpenDocument/opendoc/custom.jsp?iDocID=ARfEgy.WNSVIvFfvSIVmBCw&sIDType=CUID,Play Store,https://play.google.com/store/apps/details?id=com.zavo.app,https://play.google.com/store/apps/details?id=com.zavo.app&hl=en-US&pli=1,com.zavo.app,720,0
Zavo,LegalPay Technology Pvt Ltd,FDPL FINANCE PRIVATE LIMITED,2026-09-25,https://data.rbi.org.in/BOE/OpenDocument/opendoc/custom.jsp?iDocID=ARfEgy.WNSVIvFfvSIVmBCw&sIDType=CUID,Website,https://www.thezavo.com/,https://www.thezavo.com/,,721,0
ZET,ZET Technolabs Private Limited,FDPL FINANCE PRIVATE LIMITED,2026-09-25,https://data.rbi.org.in/BOE/OpenDocument/opendoc/custom.jsp?iDocID=ARfEgy.WNSVIvFfvSIVmBCw&sIDType=CUID,App Store,https://apps.apple.com/in/app/zet-build-your-credit-score/id6736613540,https://apps.apple.com/in/app/zet-build-your-credit-score/id6736613540,,722,0
ZET,ZET Technolabs Private Limited,FDPL FINANCE PRIVATE LIMITED,2026-09-25,https://data.rbi.org.in/BOE/OpenDocument/opendoc/custom.jsp?iDocID=ARfEgy.WNSVIvFfvSIVmBCw&sIDType=CUID,Play Store,https://play.google.com/store/apps/details?id=in.magnetapp,https://play.google.com/store/apps/details?id=in.magnetapp&hl=en_IN,in.magnetapp,723,0
ZET,ZET Technolabs Private Limited,FDPL FINANCE PRIVATE LIMITED,2026-09-25,https://data.rbi.org.in/BOE/OpenDocument/opendoc/custom.jsp?iDocID=ARfEgy.WNSVIvFfvSIVmBCw&sIDType=CUID,Website,https://zetapp.in/,https://zetapp.in/,,724,0
Bajaj Markets,Bajaj Finserv Direct Limited,FEDERAL BANK LTD,2026-09-25,https://data.rbi.org.in/BOE/OpenDocument/opendoc/custom.jsp?iDocID=ARfEgy.WNSVIvFfvSIVmBCw&sIDType=CUID,https://www.bajajfinservmarkets.in/loans/personal-loan/federal-bank-personal-loan.html,https://apps.apple.com/in/app/bajaj-markets-instant-loan-app/id1482914241,https://apps.apple.com/in/app/bajaj-markets-instant-loan-app/id1482914241,,725,0
Bajaj Markets,Bajaj Finserv Direct Limited,FEDERAL BANK LTD,2026-09-25,https://data.rbi.org.in/BOE/OpenDocument/opendoc/custom.jsp?iDocID=ARfEgy.WNSVIvFfvSIVmBCw&sIDType=CUID,https://www.bajajfinservmarkets.in/loans/personal-loan/federal-bank-personal-loan.html,https://play.google.com/store/apps/details?id=in.bajajfinservmarkets.app,https//play.google.com/store/apps/details?id=in.bajajfinservmarkets.app,in.bajajfinservmarkets.app,726,0
FiMoney,EpiFi Technologies Private Limited,FEDERAL BANK LTD,2026-09-25,https://data.rbi.org.in/BOE/OpenDocument/opendoc/custom.jsp?iDocID=ARfEgy.WNSVIvFfvSIVmBCw&sIDType=CUID,App:(Android)  Fi Money,iOS: https://apps.apple.com/in/app/bajaj-markets-instant-loan-app/id1482914241,iOS: https://apps.apple.com/in/app/bajaj-markets-instant-loan-app/id1482914241,,727,0
FiMoney,EpiFi Technologies Private Limited,FEDERAL BANK LTD,2026-09-25,https://data.rbi.org.in/BOE/OpenDocument/opendoc/custom.jsp?iDocID=ARfEgy.WNSVIvFfvSIVmBCw&sIDType=CUID,https://fi.money/FAQs/about-fi/general-info/how-do-i-register-a-complaint-with-fi-money,https://play.google.com/store/apps/details?id=com.epifi.paisa,Android: https://play.google.com/store/apps/details?id=com.epifi.paisa,com.epifi.paisa,728,0
Paytm,One97 Communications Limited,FEDERAL BANK LTD,2026-09-25,https://data.rbi.org.in/BOE/OpenDocument/opendoc/custom.jsp?iDocID=ARfEgy.WNSVIvFfvSIVmBCw&sIDType=CUID,Available on Andriod Play Store,https://apps.apple.com/in/app/paytm-secure-upi-payments/id473941634,https://apps.apple.com/in/app/paytm-secure-upi-payments/id473941634,,729,0
Paytm,One97 Communications Limited,FEDERAL BANK LTD,2026-09-25,https://data.rbi.org.in/BOE/OpenDocument/opendoc/custom.jsp?iDocID=ARfEgy.WNSVIvFfvSIVmBCw&sIDType=CUID,Available on Andriod Play Store,https://play.google.com/store/apps/details?id=net.one97.paytm,https://play.google.com/store/apps/details?id=net.one97.paytm,net.one97.paytm,730,0
PaisaBazaar Application,Paisabazaar Marketing & Consulting Private Limited,FEDERAL BANK LTD,2026-09-25,https://data.rbi.org.in/BOE/OpenDocument/opendoc/custom.jsp?iDocID=ARfEgy.WNSVIvFfvSIVmBCw&sIDType=CUID,Website:https://www.paisabazaar.com/federal-bank/personal-loan/ App: (Android) Paisabazaar,https://play.google.com/store/apps/details?id=com.paisabazaar,https://play.google.com/store/apps/details?id=com.paisabazaar,com.paisabazaar,731,0
PaisaBazaar Application,Paisabazaar Marketing & Consulting Private Limited,FEDERAL BANK LTD,2026-09-25,https://data.rbi.org.in/BOE/OpenDocument/opendoc/custom.jsp?iDocID=ARfEgy.WNSVIvFfvSIVmBCw&sIDType=CUID,Website:https://www.paisabazaar.com/federal-bank/personal-loan/ App: (iOS)  Paisabazaar,https://apps.apple.com/in/app/paisabazaar-com-loans-cards/id1029403201,https://apps.apple.com/in/app/paisabazaar-com-loans-cards/id1029403201,,732,0
Digital personal loan,Self-owned,FEDERAL BANK LTD,2026-09-25,https://data.rbi.org.in/BOE/OpenDocument/opendoc/custom.jsp?iDocID=ARfEgy.WNSVIvFfvSIVmBCw&sIDType=CUID,website,https://personalloan.federalbank.co.in/#/entry,https://personalloan.federalbank.co.in/#/entry,,733,0
Anytime Rupee,Pi Credit Services Private Limited,FINAGLE FINANCIAL SERVICES PRIVATE LIMITED,2026-09-25,https://data.rbi.org.in/BOE/OpenDocument/opendoc/custom.jsp?iDocID=ARfEgy.WNSVIvFfvSIVmBCw&sIDType=CUID,Play Store,https://play.google.com/store/apps/details?id=com.anytimerupee,https://play.google.com/store/apps/details?id=com.anytimerupee,com.anytimerupee,734,0
MoneyDot,YRS Solutions,FINAGLE FINANCIAL SERVICES PRIVATE LIMITED,2026-09-25,https://data.rbi.org.in/BOE/OpenDocument/opendoc/custom.jsp?iDocID=ARfEgy.WNSVIvFfvSIVmBCw&sIDType=CUID,Play Store,https://play.google.com/store/apps/details?id=com.yrs.moneydot,https://play.google.com/store/apps/details?id=com.yrs.moneydot,com.yrs.moneydot,735,0
TezCredit,Finagle Financial Services Private Limited,FINAGLE FINANCIAL SERVICES PRIVATE LIMITED,2026-09-25,https://data.rbi.org.in/BOE/OpenDocument/opendoc/custom.jsp?iDocID=ARfEgy.WNSVIvFfvSIVmBCw&sIDType=CUID,Play Store,https://play.google.com/store/apps/details?id=com.tezcredit.app,https://play.google.com/store/apps/details?id=com.tezcredit.app&hl=en-US,com.tezcredit.app,736,0
TezCredit,Finagle Financial Services Private Limited,FINAGLE FINANCIAL SERVICES PRIVATE LIMITED,2026-09-25,https://data.rbi.org.in/BOE/OpenDocument/opendoc/custom.jsp?iDocID=ARfEgy.WNSVIvFfvSIVmBCw&sIDType=CUID,Website,https://tezcredit.com/,https://tezcredit.com/,,737,0
CASHO,Finaleap Finserv Private Limited,FINALEAP FINSERV PVT LTD,2026-09-25,https://data.rbi.org.in/BOE/OpenDocument/opendoc/custom.jsp?iDocID=ARfEgy.WNSVIvFfvSIVmBCw&sIDType=CUID,Website,https://mycasho.com/,https://mycasho.com/,,738,0
Rupeeredee,MONEYMITRA IT SOLUTIONS PRIVATE LIMITED,"FINCFRIENDS PRIVATE LIMITED (REISSUED ON DECEMBER 24, 2018)",2026-09-25,https://data.rbi.org.in/BOE/OpenDocument/opendoc/custom.jsp?iDocID=ARfEgy.WNSVIvFfvSIVmBCw&sIDType=CUID,Google Play Store,https://play.google.com/store/apps/details?id=com.rupeeredee.app,https://play.google.com/store/apps/details?id=com.rupeeredee.app,com.rupeeredee.app,739,0
Rupeeredee,MONEYMITRA IT SOLUTIONS PRIVATE LIMITED,"FINCFRIENDS PRIVATE LIMITED (REISSUED ON DECEMBER 24, 2018)",2026-09-25,https://data.rbi.org.in/BOE/OpenDocument/opendoc/custom.jsp?iDocID=ARfEgy.WNSVIvFfvSIVmBCw&sIDType=CUID,HONOR App Market,https://play.google.com/store/apps/details?id=com.rupeeredee.app,honormarket://details?id=com.rupeeredee.app,com.rupeeredee.app,740,0
Rupeeredee,MONEYMITRA IT SOLUTIONS PRIVATE LIMITED,"FINCFRIENDS PRIVATE LIMITED (REISSUED ON DECEMBER 24, 2018)",2026-09-25,https://data.rbi.org.in/BOE/OpenDocument/opendoc/custom.jsp?iDocID=ARfEgy.WNSVIvFfvSIVmBCw&sIDType=CUID,OPPO App Market,https://play.google.com/store/apps/details?id=com.rupeeredee.app,market://details?id=com.rupeeredee.app,com.rupeeredee.app,741,0
Rupeeredee,MONEYMITRA IT SOLUTIONS PRIVATE LIMITED,"FINCFRIENDS PRIVATE LIMITED (REISSUED ON DECEMBER 24, 2018)",2026-09-25,https://data.rbi.org.in/BOE/OpenDocument/opendoc/custom.jsp?iDocID=ARfEgy.WNSVIvFfvSIVmBCw&sIDType=CUID,Rupeeredee Website,https://rupeeredee.com/,https://rupeeredee.com/,,742,0
Rupeeredee,MONEYMITRA IT SOLUTIONS PRIVATE LIMITED,"FINCFRIENDS PRIVATE LIMITED (REISSUED ON DECEMBER 24, 2018)",2026-09-25,https://data.rbi.org.in/BOE/OpenDocument/opendoc/custom.jsp?iDocID=ARfEgy.WNSVIvFfvSIVmBCw&sIDType=CUID,Samsung App Market,samsungapps://ProductDetail/com.rupeeredee.app,samsungapps://ProductDetail/com.rupeeredee.app,,743,0
Rupeeredee,MONEYMITRA IT SOLUTIONS PRIVATE LIMITED,"FINCFRIENDS PRIVATE LIMITED (REISSUED ON DECEMBER 24, 2018)",2026-09-25,https://data.rbi.org.in/BOE/OpenDocument/opendoc/custom.jsp?iDocID=ARfEgy.WNSVIvFfvSIVmBCw&sIDType=CUID,Vivo App Market,https://play.google.com/store/apps/details?id=com.rupeeredee.app,vivomarket://details?id=com.rupeeredee.app,com.rupeeredee.app,744,0
Vivamoney,VIVAMONEY SOLUTIONS PRIVATE LIMITED,"FINCFRIENDS PRIVATE LIMITED (REISSUED ON DECEMBER 24, 2018)",2026-09-25,https://data.rbi.org.in/BOE/OpenDocument/opendoc/custom.jsp?iDocID=ARfEgy.WNSVIvFfvSIVmBCw&sIDType=CUID,App Store,https://apps.apple.com/in/app/viva-money-credit-line-loan/id6449091018,https://apps.apple.com/in/app/viva-money-credit-line-loan/id6449091018,,745,0
Vivamoney,VIVAMONEY SOLUTIONS PRIVATE LIMITED,"FINCFRIENDS PRIVATE LIMITED (REISSUED ON DECEMBER 24, 2018)",2026-09-25,https://data.rbi.org.in/BOE/OpenDocument/opendoc/custom.jsp?iDocID=ARfEgy.WNSVIvFfvSIVmBCw&sIDType=CUID,Google Play Store,https://play.google.com/store/apps/details?id=com.vivamoney,https://play.google.com/store/apps/details?id=com.vivamoney&hl=en_IN,com.vivamoney,746,0
Vivamoney,VIVAMONEY SOLUTIONS PRIVATE LIMITED,"FINCFRIENDS PRIVATE LIMITED (REISSUED ON DECEMBER 24, 2018)",2026-09-25,https://data.rbi.org.in/BOE/OpenDocument/opendoc/custom.jsp?iDocID=ARfEgy.WNSVIvFfvSIVmBCw&sIDType=CUID,Vivamoney Website,https://vivamoney.in/,https://vivamoney.in/,,747,0
CarePay,Carecoin Technologies Private Limited,FINDOC FINVEST (P) LTD(FORMALLY  AUJLA FINVEST PVT LTD AND NAME CHANGED ON 8.02.2016),2026-09-25,https://data.rbi.org.in/BOE/OpenDocument/opendoc/custom.jsp?iDocID=ARfEgy.WNSVIvFfvSIVmBCw&sIDType=CUID,Website,https://www.carepay.money,https://www.carepay.money,,748,0
Claimfriendy,Claimfriendy Private Limited,FINDOC FINVEST (P) LTD(FORMALLY  AUJLA FINVEST PVT LTD AND NAME CHANGED ON 8.02.2016),2026-09-25,https://data.rbi.org.in/BOE/OpenDocument/opendoc/custom.jsp?iDocID=ARfEgy.WNSVIvFfvSIVmBCw&sIDType=CUID,Website,https://www.claimfriendy.com/,https://www.claimfriendy.com/,,749,0
SaveIN,SaveIN Fintech Private Limited,FINDOC FINVEST (P) LTD(FORMALLY  AUJLA FINVEST PVT LTD AND NAME CHANGED ON 8.02.2016),2026-09-25,https://data.rbi.org.in/BOE/OpenDocument/opendoc/custom.jsp?iDocID=ARfEgy.WNSVIvFfvSIVmBCw&sIDType=CUID,Website,https://customer.savein.money/,https://customer.savein.money/,,750,0
Instant Fundz,Self-owned,FINE MOTORS FINVEST PRINATE LIMITED,2026-09-25,https://data.rbi.org.in/BOE/OpenDocument/opendoc/custom.jsp?iDocID=ARfEgy.WNSVIvFfvSIVmBCw&sIDType=CUID,Website,https://www.instantfundz.com/,https://www.instantfundz.com/,,751,0
Huey Tech Private Limited,Huey Tech Private Limited,FINKURVE FINANCIAL SERVICES LIMITED (OLD NAME- SANJAY LEASING LIMITED),2026-09-25,https://data.rbi.org.in/BOE/OpenDocument/opendoc/custom.jsp?iDocID=ARfEgy.WNSVIvFfvSIVmBCw&sIDType=CUID,PayMe Personal Loan App,https://play.google.com/store/apps/details?id=io.attabot.app.paymeindia,https://play.google.com/store/apps/details?id=io.attabot.app.paymeindia,io.attabot.app.paymeindia,752,0
KKSV BUSINESS SERVICES PVT LTD,KKSV BUSINESS SERVICES PVT LTD,FINKURVE FINANCIAL SERVICES LIMITED (OLD NAME- SANJAY LEASING LIMITED),2026-09-25,https://data.rbi.org.in/BOE/OpenDocument/opendoc/custom.jsp?iDocID=ARfEgy.WNSVIvFfvSIVmBCw&sIDType=CUID,Salary Now Quick Advance Loan,https://play.google.com/store/apps/details?id=com.kksv.salarynow,https://play.google.com/store/apps/details?id=com.kksv.salarynow,com.kksv.salarynow,753,0
Flipkart Online Shopping App,DLA is owned by Flipkart Internet Private Limited,FINNABLE CREDIT PRIVATE LIMITED,2026-09-25,https://data.rbi.org.in/BOE/OpenDocument/opendoc/custom.jsp?iDocID=ARfEgy.WNSVIvFfvSIVmBCw&sIDType=CUID,1) Google Play Store; and  2)Apple App Store,https://play.google.com/store/apps/details?id=com.flipkart.android,1)Link for Google Play Store - https://play.google.com/store/apps/details?id=com.flipkart.android  2)Link for Apple App Store:- https://apps.apple.com/in/app/flipkart-online-shopping-app/id742044692,com.flipkart.android,754,0
CirclePe,Circlepe Private Limited,FINTREE FINANCE PRIVATE LIMITED,2026-09-25,https://data.rbi.org.in/BOE/OpenDocument/opendoc/custom.jsp?iDocID=ARfEgy.WNSVIvFfvSIVmBCw&sIDType=CUID,Google Play Store,https://play.google.com/store/apps/details?id=com.circlepe.club,https://play.google.com/store/apps/details?id=com.circlepe.club,com.circlepe.club,755,0
Clayyo,Clayyo Health Support Private Limited,FINTREE FINANCE PRIVATE LIMITED,2026-09-25,https://data.rbi.org.in/BOE/OpenDocument/opendoc/custom.jsp?iDocID=ARfEgy.WNSVIvFfvSIVmBCw&sIDType=CUID,https://www.clayyo.com/,NA,NA,,756,0
Fincrest Capital,Fincrest Capital Services Private Limited,FINTREE FINANCE PRIVATE LIMITED,2026-09-25,https://data.rbi.org.in/BOE/OpenDocument/opendoc/custom.jsp?iDocID=ARfEgy.WNSVIvFfvSIVmBCw&sIDType=CUID,Website,https://fincrestcapital.co/,https://fincrestcapital.co/,,757,0
Helium,Nome Residences Private Limited,FINTREE FINANCE PRIVATE LIMITED,2026-09-25,https://data.rbi.org.in/BOE/OpenDocument/opendoc/custom.jsp?iDocID=ARfEgy.WNSVIvFfvSIVmBCw&sIDType=CUID,https://helium.in/,NA,NA,,758,0
Loandigit,Credit Wealth Technologies Private Limited,FINTREE FINANCE PRIVATE LIMITED,2026-09-25,https://data.rbi.org.in/BOE/OpenDocument/opendoc/custom.jsp?iDocID=ARfEgy.WNSVIvFfvSIVmBCw&sIDType=CUID,Google Play Store,https://play.google.com/store/apps/details?id=com.loandigit.android,https://play.google.com/store/apps/details?id=com.loandigit.android,com.loandigit.android,759,0
MartOnline,Sagar deposit and advances ltd,FINTREE FINANCE PRIVATE LIMITED,2026-09-25,https://data.rbi.org.in/BOE/OpenDocument/opendoc/custom.jsp?iDocID=ARfEgy.WNSVIvFfvSIVmBCw&sIDType=CUID,Google Play Store,http://www.martonline.co.in/#UserApp,http://www.martonline.co.in/#UserApp,,760,0
MOTION CORP,Motion Corp Private Limited,FINTREE FINANCE PRIVATE LIMITED,2026-09-25,https://data.rbi.org.in/BOE/OpenDocument/opendoc/custom.jsp?iDocID=ARfEgy.WNSVIvFfvSIVmBCw&sIDType=CUID,Website,Motion Corp | Smart EV Financing,Motion Corp | Smart EV Financing,,761,0
OkCredit,Psi phi global solutions pvt ltd,FINTREE FINANCE PRIVATE LIMITED,2026-09-25,https://data.rbi.org.in/BOE/OpenDocument/opendoc/custom.jsp?iDocID=ARfEgy.WNSVIvFfvSIVmBCw&sIDType=CUID,Google Play Store,https://play.google.com/store/apps/details?id=in.okcredit.merchant,https://play.google.com/store/apps/details?id=in.okcredit.merchant&referrer=af_tranid%3Do34fmTllSuKAB1SVDBU7wA%26af_dp%3Dokcredit%253A%252F%252Fmerchant%252Fv1%252Fhome%26c%3DHomePage%26pid%3DWebsite_OkCredit,in.okcredit.merchant,766,0
QUICKMONEY,Quicky Globaltech Private Limited,FINTREE FINANCE PRIVATE LIMITED,2026-09-25,https://data.rbi.org.in/BOE/OpenDocument/opendoc/custom.jsp?iDocID=ARfEgy.WNSVIvFfvSIVmBCw&sIDType=CUID,Website,https://www.quick.money/,https://www.quick.money/,,767,0
Rapid Money,Moneytime Technology Solutions Private Limited,FINTREE FINANCE PRIVATE LIMITED,2026-09-25,https://data.rbi.org.in/BOE/OpenDocument/opendoc/custom.jsp?iDocID=ARfEgy.WNSVIvFfvSIVmBCw&sIDType=CUID,Google Play Store,https://play.google.com/store/apps/details?id=com.rapid_money,https://play.google.com/store/apps/details?id=com.rapid_money&hl=en_IN,com.rapid_money,768,0
Saswat Money,SFT Finance Private Limited,FINTREE FINANCE PRIVATE LIMITED,2026-09-25,https://data.rbi.org.in/BOE/OpenDocument/opendoc/custom.jsp?iDocID=ARfEgy.WNSVIvFfvSIVmBCw&sIDType=CUID,Play Store,https://play.google.com/store/apps/details?id=com.saswatfinanace.saswatcustomer,https://play.google.com/store/apps/details?id=com.saswatfinanace.saswatcustomer,com.saswatfinanace.saswatcustomer,769,0
Seven Fincorp,Noxven Ventures (OPC) Private Limited,FINTREE FINANCE PRIVATE LIMITED,2026-09-25,https://data.rbi.org.in/BOE/OpenDocument/opendoc/custom.jsp?iDocID=ARfEgy.WNSVIvFfvSIVmBCw&sIDType=CUID,Website,Seven Fincorp - Money Multiplier & Enterprise Solutions,Seven Fincorp - Money Multiplier & Enterprise Solutions,,770,0
The EMI Club,Mash technologies pvt Ltd,FINTREE FINANCE PRIVATE LIMITED,2026-09-25,https://data.rbi.org.in/BOE/OpenDocument/opendoc/custom.jsp?iDocID=ARfEgy.WNSVIvFfvSIVmBCw&sIDType=CUID,https://theemiclub.com/,https://www.appbrain.com/app/the-emi-club-dealer-app/com.mash.emiclubdealer,https://www.appbrain.com/app/the-emi-club-dealer-app/com.mash.emiclubdealer,,771,0
Yamoney,Ya Money Marketing and consulting Private Limited,FINTREE FINANCE PRIVATE LIMITED,2026-09-25,https://data.rbi.org.in/BOE/OpenDocument/opendoc/custom.jsp?iDocID=ARfEgy.WNSVIvFfvSIVmBCw&sIDType=CUID,Website,Apply - YA Loans,Apply - YA Loans,,772,0
jUMPP,FINFUTECH SOLUTIONS PRIVATE LIMITED,FINVASIA FINANCIAL SERVICES PVT LTD,2026-09-25,https://data.rbi.org.in/BOE/OpenDocument/opendoc/custom.jsp?iDocID=ARfEgy.WNSVIvFfvSIVmBCw&sIDType=CUID,Google Play Store,https://play.google.com/store/apps/details?id=com.finvasia.jumpp,https://play.google.com/store/apps/details?id=com.finvasia.jumpp&hl=en_IN,com.finvasia.jumpp,773,0
Flipkart,Flipkart Internet Private Limited,FLIPKART FINANCE PRIVATE LIMITED,2026-09-25,https://data.rbi.org.in/BOE/OpenDocument/opendoc/custom.jsp?iDocID=ARfEgy.WNSVIvFfvSIVmBCw&sIDType=CUID,"""Google play store Apple app store """,https://play.google.com/store/apps/details?id=com.flipkart.android,"""https://play.google.com/store/apps/details? id=com.flipkart.android&hl=en_IN https:// apps.apple.com/in/app/flipkart-online- shopping-app/id742044692""",com.flipkart.android,774,0
Alrightyy,Twinsalary Technologies Private Limited,F MEC INTERNATIONAL FINANCIAL SERVICES LTD.,2026-09-25,https://data.rbi.org.in/BOE/OpenDocument/opendoc/custom.jsp?iDocID=ARfEgy.WNSVIvFfvSIVmBCw&sIDType=CUID,Website,https://www.alrightyy.com/,https://www.alrightyy.com/,,775,0
ClickmyLoan,Self owned,F MEC INTERNATIONAL FINANCIAL SERVICES LTD.,2026-09-25,https://data.rbi.org.in/BOE/OpenDocument/opendoc/custom.jsp?iDocID=ARfEgy.WNSVIvFfvSIVmBCw&sIDType=CUID,Google Play Store,https://play.google.com/store/apps/details?id=com.habile.cloudbankin.clickmyloan,https://play.google.com/store/apps/details?id=com.habile.cloudbankin.clickmyloan,com.habile.cloudbankin.clickmyloan,776,0
ClickmyLoan,Self owned,F MEC INTERNATIONAL FINANCIAL SERVICES LTD.,2026-09-25,https://data.rbi.org.in/BOE/OpenDocument/opendoc/custom.jsp?iDocID=ARfEgy.WNSVIvFfvSIVmBCw&sIDType=CUID,Website,https://clickmyloan.com/,https://clickmyloan.com/,,777,0
Finayo,Kilpi Technology & Services Pvt Ltd,F MEC INTERNATIONAL FINANCIAL SERVICES LTD.,2026-09-25,https://data.rbi.org.in/BOE/OpenDocument/opendoc/custom.jsp?iDocID=ARfEgy.WNSVIvFfvSIVmBCw&sIDType=CUID,Google Play Store,https://play.google.com/store/apps/details?id=com.app.finayo,https://play.google.com/store/apps/details?id=com.app.finayo,com.app.finayo,778,0
Swipe Loan,KGIL Fintech Solutions Pvt Ltd,F MEC INTERNATIONAL FINANCIAL SERVICES LTD.,2026-09-25,https://data.rbi.org.in/BOE/OpenDocument/opendoc/custom.jsp?iDocID=ARfEgy.WNSVIvFfvSIVmBCw&sIDType=CUID,Play Store,https://play.google.com/store/apps/details?id=com.kgil.swipeloan,https://play.google.com/store/apps/details?id=com.kgil.swipeloan,com.kgil.swipeloan,779,0
Swipe Loan,KGIL Fintech Solutions Pvt Ltd,F MEC INTERNATIONAL FINANCIAL SERVICES LTD.,2026-09-25,https://data.rbi.org.in/BOE/OpenDocument/opendoc/custom.jsp?iDocID=ARfEgy.WNSVIvFfvSIVmBCw&sIDType=CUID,Website,https://swipeloan.in,https://swipeloan.in,,780,0
www.i2ifunding.com,RNVP Technology Private Limited,FYNX CAPITAL LIMITED (EARLIER KNOWN AS RAJATH FINANCE LIMITED),2026-09-25,https://data.rbi.org.in/BOE/OpenDocument/opendoc/custom.jsp?iDocID=ARfEgy.WNSVIvFfvSIVmBCw&sIDType=CUID,Website or throught APIs,https://www.i2ifunding.com,www.i2ifunding.com,,781,0
https://karmalife.ai/,Onionlife Private Limited,FYNX CAPITAL LIMITED (EARLIER KNOWN AS RAJATH FINANCE LIMITED),2026-09-25,https://data.rbi.org.in/BOE/OpenDocument/opendoc/custom.jsp?iDocID=ARfEgy.WNSVIvFfvSIVmBCw&sIDType=CUID,Website or throught APIs,https://karmalife.ai/,https://karmalife.ai/,,782,0
https://moneyase.in/,Codemodulu Financial Investment Services Pvt Ltd,FYNX CAPITAL LIMITED (EARLIER KNOWN AS RAJATH FINANCE LIMITED),2026-09-25,https://data.rbi.org.in/BOE/OpenDocument/opendoc/custom.jsp?iDocID=ARfEgy.WNSVIvFfvSIVmBCw&sIDType=CUID,Website or throught APIs,https://moneyase.in/,https://moneyase.in/,,783,0
www.billmart.com,BillMart FinTech Private Limited.,FYNX CAPITAL LIMITED (EARLIER KNOWN AS RAJATH FINANCE LIMITED),2026-09-25,https://data.rbi.org.in/BOE/OpenDocument/opendoc/custom.jsp?iDocID=ARfEgy.WNSVIvFfvSIVmBCw&sIDType=CUID,Google Play Store,https://play.google.com/store/apps/details?id=com.billmart.finance,https://play.google.com/store/apps/details?id=com.billmart.finance&hl=en_IN,com.billmart.finance,784,0
www.billmart.com,BillMart FinTech Private Limited.,FYNX CAPITAL LIMITED (EARLIER KNOWN AS RAJATH FINANCE LIMITED),2026-09-25,https://data.rbi.org.in/BOE/OpenDocument/opendoc/custom.jsp?iDocID=ARfEgy.WNSVIvFfvSIVmBCw&sIDType=CUID,iOS App store,https://apps.apple.com/in/app/billmart-bill-discounting/id1628818618,https://apps.apple.com/in/app/billmart-bill-discounting/id1628818618,,785,0
www.billmart.com,BillMart FinTech Private Limited.,FYNX CAPITAL LIMITED (EARLIER KNOWN AS RAJATH FINANCE LIMITED),2026-09-25,https://data.rbi.org.in/BOE/OpenDocument/opendoc/custom.jsp?iDocID=ARfEgy.WNSVIvFfvSIVmBCw&sIDType=CUID,Website,https://app.billmart.com/sign-in,https://app.billmart.com/sign-in,,786,0
www.billmart.com,BillMart FinTech Private Limited.,FYNX CAPITAL LIMITED (EARLIER KNOWN AS RAJATH FINANCE LIMITED),2026-09-25,https://data.rbi.org.in/BOE/OpenDocument/opendoc/custom.jsp?iDocID=ARfEgy.WNSVIvFfvSIVmBCw&sIDType=CUID,Website,https://fynxapp.billmart.com/sign-in,https://fynxapp.billmart.com/sign-in,,787,0
Dhanrishi,Fintech Cloud Private Limited,GAGANDEEP SERVICES PRIVATE LIMITED,2026-09-25,https://data.rbi.org.in/BOE/OpenDocument/opendoc/custom.jsp?iDocID=ARfEgy.WNSVIvFfvSIVmBCw&sIDType=CUID,Website,https://dhanrishi.com/,https://dhanrishi.com/,,788,0
LoanVestra,Cloudepower Services Private Limited,GANESH LEASFIN PVT. LTD.,2026-09-25,https://data.rbi.org.in/BOE/OpenDocument/opendoc/custom.jsp?iDocID=ARfEgy.WNSVIvFfvSIVmBCw&sIDType=CUID,Play Store,https://play.google.com/store/apps/details?id=com.loanvestra.limit.cloudepower.instant,https://play.google.com/store/apps/details?id=com.loanvestra.limit.cloudepower.instant,com.loanvestra.limit.cloudepower.instant,789,0
LoanVestra,Cloudepower Services Private Limited,GANESH LEASFIN PVT. LTD.,2026-09-25,https://data.rbi.org.in/BOE/OpenDocument/opendoc/custom.jsp?iDocID=ARfEgy.WNSVIvFfvSIVmBCw&sIDType=CUID,Website,https://portal.cloudepower.com,https://portal.cloudepower.com,,790,0
ValuEnable,ValuEnable Private Limited,GEOJIT CREDITS (P) LTD (FORMERLY  A S R FINANCING & LEASING (P)LTD),2026-09-25,https://data.rbi.org.in/BOE/OpenDocument/opendoc/custom.jsp?iDocID=ARfEgy.WNSVIvFfvSIVmBCw&sIDType=CUID,Website,https://loan.valuenable.in/,https://loan.valuenable.in/,,791,0
Gem Sahay,Government Emarketplace,GETGROWTH CAPITAL PRIVATE LIMITED,2026-09-25,https://data.rbi.org.in/BOE/OpenDocument/opendoc/custom.jsp?iDocID=ARfEgy.WNSVIvFfvSIVmBCw&sIDType=CUID,iOS App store,https://apps.apple.com/in/app/gem-sahay/id6502699944,https://apps.apple.com/in/app/gem-sahay/id6502699944,,792,0
Gem Sahay,Government Emarketplace,GETGROWTH CAPITAL PRIVATE LIMITED,2026-09-25,https://data.rbi.org.in/BOE/OpenDocument/opendoc/custom.jsp?iDocID=ARfEgy.WNSVIvFfvSIVmBCw&sIDType=CUID,Website,https://gem-sahay.perfios.com/pcg-gem/gemLogin,https://gem-sahay.perfios.com/pcg-gem/gemLogin,,793,0
30daysLoan,Self-owned,GIRDHAR FINLEASE PVT LTD.,2026-09-25,https://data.rbi.org.in/BOE/OpenDocument/opendoc/custom.jsp?iDocID=ARfEgy.WNSVIvFfvSIVmBCw&sIDType=CUID,Website/Playstore/app store,https://30daysloan.com,https://30daysloan.com,,794,0
FundsMama,Self-owned,GIRDHAR FINLEASE PVT LTD.,2026-09-25,https://data.rbi.org.in/BOE/OpenDocument/opendoc/custom.jsp?iDocID=ARfEgy.WNSVIvFfvSIVmBCw&sIDType=CUID,Website/Playstore/app store,https://fundsmama.com,https://fundsmama.com,,795,0
fundsmama.in,Self-owned,GIRDHAR FINLEASE PVT LTD.,2026-09-25,https://data.rbi.org.in/BOE/OpenDocument/opendoc/custom.jsp?iDocID=ARfEgy.WNSVIvFfvSIVmBCw&sIDType=CUID,Website/Playstore/app store,https://fundsmama.in,https://fundsmama.in,,796,0
Bajaj Finserv Markets LoanApp,BAJAJ FINSERV DIRECT LIMITED,GODREJ FINANCE LIMITED (OLD NAME ENSEMBLE HOLDINGS & FINANCE LIMITED),2026-09-25,https://data.rbi.org.in/BOE/OpenDocument/opendoc/custom.jsp?iDocID=ARfEgy.WNSVIvFfvSIVmBCw&sIDType=CUID,Apple App Store Google Play Store,https://play.google.com/store/apps/details?id=in.bajajfinservmarkets.app,https://play.google.com/store/apps/details?id=in.bajajfinservmarkets.app https://apps.apple.com/in/app/bajajfinserv-loans-upi-fd/id505454145,in.bajajfinservmarkets.app,797,0
Catfin,CATEYE ADVISORS PRIVATE LIMITED,GODREJ FINANCE LIMITED (OLD NAME ENSEMBLE HOLDINGS & FINANCE LIMITED),2026-09-25,https://data.rbi.org.in/BOE/OpenDocument/opendoc/custom.jsp?iDocID=ARfEgy.WNSVIvFfvSIVmBCw&sIDType=CUID,https://app.catfin.in/#/login/partner-login,https://app.catfin.in/#/login/partner-login,https://app.catfin.in/#/login/partner-login,,798,0
Efundzz,EFUND TECHNICAL SERVICES PRIVATE LIMITED,GODREJ FINANCE LIMITED (OLD NAME ENSEMBLE HOLDINGS & FINANCE LIMITED),2026-09-25,https://data.rbi.org.in/BOE/OpenDocument/opendoc/custom.jsp?iDocID=ARfEgy.WNSVIvFfvSIVmBCw&sIDType=CUID,https://www.efundzz.com/,https://www.efundzz.com/,https://www.efundzz.com/,,799,0
Godrej Personal Loan - Priority Money,Self Owned,GODREJ FINANCE LIMITED (OLD NAME ENSEMBLE HOLDINGS & FINANCE LIMITED),2026-09-25,https://data.rbi.org.in/BOE/OpenDocument/opendoc/custom.jsp?iDocID=ARfEgy.WNSVIvFfvSIVmBCw&sIDType=CUID,https://www.godrejcapital.com/our-products/personal-loan,https://applynow-personal-loan.godrejfinance.com/auth/login?next=%2Fadmin%2Fapplications,https://applynow-personal-loan.godrejfinance.com/auth/login?next=%2Fadmin%2Fapplications,,800,0
Kosh24,UDYAN PLATFORMS (OPC) PRIVATE LIMITED,GODREJ FINANCE LIMITED (OLD NAME ENSEMBLE HOLDINGS & FINANCE LIMITED),2026-09-25,https://data.rbi.org.in/BOE/OpenDocument/opendoc/custom.jsp?iDocID=ARfEgy.WNSVIvFfvSIVmBCw&sIDType=CUID,https://kosh24.com/,https://kosh24.com/,https://kosh24.com/,,801,0
Paisabazaar,PAISABAZAAR MARKETING AND CONSULTING PRIVATE LIMITED,GODREJ FINANCE LIMITED (OLD NAME ENSEMBLE HOLDINGS & FINANCE LIMITED),2026-09-25,https://data.rbi.org.in/BOE/OpenDocument/opendoc/custom.jsp?iDocID=ARfEgy.WNSVIvFfvSIVmBCw&sIDType=CUID,Apple App Store Google Play Store,https://play.google.com/store/apps/details?id=com.paisabazaar,https://apps.apple.com/in/app/paisabazaar-com-loans-cards/id1029403201 https://play.google.com/store/apps/details?id=com.paisabazaar&hl=en_IN&pli=1,com.paisabazaar,802,0
Wecredit,QUANTUMX GLOBAL PRIVATE LIMITED,GODREJ FINANCE LIMITED (OLD NAME ENSEMBLE HOLDINGS & FINANCE LIMITED),2026-09-25,https://data.rbi.org.in/BOE/OpenDocument/opendoc/custom.jsp?iDocID=ARfEgy.WNSVIvFfvSIVmBCw&sIDType=CUID,Google Play Store,https://play.google.com/store/apps/details?id=com.wecredit.Wecredit,https://play.google.com/store/apps/details?id=com.wecredit.Wecredit&hl=en_IN,com.wecredit.Wecredit,803,0
Ashapurti Loans,GOLDEN LEGAND LEASING AND FINANCE LIMITED,GOLDEN LEGAND LEASING & FINANCE LTD.,2026-09-25,https://data.rbi.org.in/BOE/OpenDocument/opendoc/custom.jsp?iDocID=ARfEgy.WNSVIvFfvSIVmBCw&sIDType=CUID,"WEBSITE, GOOGLE PLAY STORE & APPLE APPSTORE",https://play.google.com/store/apps/details?id=com.ashapurtiloans,Website - https://ashapurtiloans.com/;  Playstore - https://play.google.com/store/apps/details?id=com.ashapurtiloans;  Appstore - https://apps.apple.com/in/app/ashapurtiloans/id6670594664,com.ashapurtiloans,804,0
Capital Now,Finxer Technologies  Private Limited,GOLDLINE FINANCE PVT LTD,2026-09-25,https://data.rbi.org.in/BOE/OpenDocument/opendoc/custom.jsp?iDocID=ARfEgy.WNSVIvFfvSIVmBCw&sIDType=CUID,"Google Play Store, iOS App Store, Website",https://play.google.com/store/search?q=capital%20now&c=apps https://apps.apple.com/in/app/capital-now-personal-loan-app/id1584771837 https://www.capitalnow.in/,https://play.google.com/store/search?q=capital%20now&c=apps https://apps.apple.com/in/app/capital-now-personal-loan-app/id1584771837 https://www.capitalnow.in/,,805,0
Salaried Loan,Gopi Securities Private Limited,GOPI SECURITIES PVT LTD.,2026-09-25,https://data.rbi.org.in/BOE/OpenDocument/opendoc/custom.jsp?iDocID=ARfEgy.WNSVIvFfvSIVmBCw&sIDType=CUID,Website,https://salariedloan.com/apply-now,https://salariedloan.com/apply-now,,806,0
Finnable,Finnable Technologies Private Limited,GOSREE FINANCE LIMITED,2026-09-25,https://data.rbi.org.in/BOE/OpenDocument/opendoc/custom.jsp?iDocID=ARfEgy.WNSVIvFfvSIVmBCw&sIDType=CUID,Google App store,https://play.google.com/store/apps/details?id=com.finnable.customer,https://play.google.com/store/apps/details?id=com.finnable.customer,com.finnable.customer,807,0
Finnable,Finnable Technologies Private Limited,GOSREE FINANCE LIMITED,2026-09-25,https://data.rbi.org.in/BOE/OpenDocument/opendoc/custom.jsp?iDocID=ARfEgy.WNSVIvFfvSIVmBCw&sIDType=CUID,IOS App store,https://apps.apple.com/in/app/finnable/id1453358250,https://apps.apple.com/in/app/finnable/id1453358250,,808,0
Finnable,Finnable Technologies Private Limited,GOSREE FINANCE LIMITED,2026-09-25,https://data.rbi.org.in/BOE/OpenDocument/opendoc/custom.jsp?iDocID=ARfEgy.WNSVIvFfvSIVmBCw&sIDType=CUID,Website,https://www.finnable.com/,https://www.finnable.com/,,809,0
Finflux by M2P,M2P,GREAVES FINANCE LIMITED,2026-09-25,https://data.rbi.org.in/BOE/OpenDocument/opendoc/custom.jsp?iDocID=ARfEgy.WNSVIvFfvSIVmBCw&sIDType=CUID,https://gfl.finflux.io/,https://m2pfintech.com/,https://m2pfintech.com/,,810,0
SaveIN,SAVEIN FINTECH PRIVATE LIMITED,GRESHMA FINVEST PRIVATE LIMITED,2026-09-25,https://data.rbi.org.in/BOE/OpenDocument/opendoc/custom.jsp?iDocID=ARfEgy.WNSVIvFfvSIVmBCw&sIDType=CUID,Website,https://savein.money/,https://savein.money/,,811,0
Turantloan,Self-owned,GRJ TRADES & FINANCE LTD.,2026-09-25,https://data.rbi.org.in/BOE/OpenDocument/opendoc/custom.jsp?iDocID=ARfEgy.WNSVIvFfvSIVmBCw&sIDType=CUID,Website,https://turantloan.com/,https://turantloan.com/,,812,0
Ninja,Ninjacart Services Private Limited,GROMOR FINANCE PRIVATE LIMITED,2026-09-25,https://data.rbi.org.in/BOE/OpenDocument/opendoc/custom.jsp?iDocID=ARfEgy.WNSVIvFfvSIVmBCw&sIDType=CUID,Google Play Store,https://play.google.com/store/apps/details?id=com.nc.trader,https://play.google.com/store/apps/details?id=com.nc.trader,com.nc.trader,813,0
Ninja,Ninjacart Services Private Limited,GROMOR FINANCE PRIVATE LIMITED,2026-09-25,https://data.rbi.org.in/BOE/OpenDocument/opendoc/custom.jsp?iDocID=ARfEgy.WNSVIvFfvSIVmBCw&sIDType=CUID,Ios App Store,https://apps.apple.com/in/app/ninja-app/id1626963855,https://apps.apple.com/in/app/ninja-app/id1626963855,,814,0
Pice,Nanosecond Technologies Private Limited,GROMOR FINANCE PRIVATE LIMITED,2026-09-25,https://data.rbi.org.in/BOE/OpenDocument/opendoc/custom.jsp?iDocID=ARfEgy.WNSVIvFfvSIVmBCw&sIDType=CUID,Google Play Store,https://play.google.com/store/apps/details?id=one.pice.pice_business_loan,https://play.google.com/store/apps/details?id=one.pice.pice_business_loan,one.pice.pice_business_loan,815,0
Pice,Nanosecond Technologies Private Limited,GROMOR FINANCE PRIVATE LIMITED,2026-09-25,https://data.rbi.org.in/BOE/OpenDocument/opendoc/custom.jsp?iDocID=ARfEgy.WNSVIvFfvSIVmBCw&sIDType=CUID,Ios App Store,https://apps.apple.com/in/app/pice-business-payments-app/id6463862579,https://apps.apple.com/in/app/pice-business-payments-app/id6463862579,,816,0
Shiprocket,Shiprocket Limited,GROMOR FINANCE PRIVATE LIMITED,2026-09-25,https://data.rbi.org.in/BOE/OpenDocument/opendoc/custom.jsp?iDocID=ARfEgy.WNSVIvFfvSIVmBCw&sIDType=CUID,Website,https://www.shiprocket.in/capital/,https://www.shiprocket.in/capital/,,817,0
Cashvia,Self-owned,GROW MONEY CAPITAL PVT LTD (FORMERLY ECLEAR LEASING & FINANCE PVT LTD),2026-09-25,https://data.rbi.org.in/BOE/OpenDocument/opendoc/custom.jsp?iDocID=ARfEgy.WNSVIvFfvSIVmBCw&sIDType=CUID,Google Play Store,https://play.google.com/store/apps/details?id=com.cashvia,https://play.google.com/store/apps/details?id=com.cashvia,com.cashvia,818,0
Cashvia,Self-owned,GROW MONEY CAPITAL PVT LTD (FORMERLY ECLEAR LEASING & FINANCE PVT LTD),2026-09-25,https://data.rbi.org.in/BOE/OpenDocument/opendoc/custom.jsp?iDocID=ARfEgy.WNSVIvFfvSIVmBCw&sIDType=CUID,Website,https://cashvia.in/,https://cashvia.in/,,819,0
FinEzzy,Radical Advisors India Private Limited,GROW MONEY CAPITAL PVT LTD (FORMERLY ECLEAR LEASING & FINANCE PVT LTD),2026-09-25,https://data.rbi.org.in/BOE/OpenDocument/opendoc/custom.jsp?iDocID=ARfEgy.WNSVIvFfvSIVmBCw&sIDType=CUID,Apple App store,"https://apps.apple.com/in/app/finezzy-mutual-funds-loan/id1632011179,","https://apps.apple.com/in/app/finezzy-mutual-funds-loan/id1632011179,",,820,0
FinEzzy,Radical Advisors India Private Limited,GROW MONEY CAPITAL PVT LTD (FORMERLY ECLEAR LEASING & FINANCE PVT LTD),2026-09-25,https://data.rbi.org.in/BOE/OpenDocument/opendoc/custom.jsp?iDocID=ARfEgy.WNSVIvFfvSIVmBCw&sIDType=CUID,Google Play store,https://play.google.com/store/apps/details?id=com.finezzy,https://play.google.com/store/apps/details?id=com.finezzy,com.finezzy,821,0
Lendingplate,Unifinz Capital India Limited,GROW MONEY CAPITAL PVT LTD (FORMERLY ECLEAR LEASING & FINANCE PVT LTD),2026-09-25,https://data.rbi.org.in/BOE/OpenDocument/opendoc/custom.jsp?iDocID=ARfEgy.WNSVIvFfvSIVmBCw&sIDType=CUID,Apple Store,https://apps.apple.com/in/app/lendingplate-personal-loan-app/id1658697924,https://apps.apple.com/in/app/lendingplate-personal-loan-app/id1658697924,,822,0
Lendingplate,Unifinz Capital India Limited,GROW MONEY CAPITAL PVT LTD (FORMERLY ECLEAR LEASING & FINANCE PVT LTD),2026-09-25,https://data.rbi.org.in/BOE/OpenDocument/opendoc/custom.jsp?iDocID=ARfEgy.WNSVIvFfvSIVmBCw&sIDType=CUID,Google Play Store,https://play.google.com/store/apps/details?id=com.lendingplate,https://play.google.com/store/apps/details?id=com.lendingplate&gl=in&pli=1,com.lendingplate,823,0
Lendingplate,Unifinz Capital India Limited,GROW MONEY CAPITAL PVT LTD (FORMERLY ECLEAR LEASING & FINANCE PVT LTD),2026-09-25,https://data.rbi.org.in/BOE/OpenDocument/opendoc/custom.jsp?iDocID=ARfEgy.WNSVIvFfvSIVmBCw&sIDType=CUID,MI,https://play.google.com/store/apps/details?id=com.lendingplate,https://global.app.mi.com/details?lo=IN&la=en_US&id=com.lendingplate,com.lendingplate,824,0
Lendingplate,Unifinz Capital India Limited,GROW MONEY CAPITAL PVT LTD (FORMERLY ECLEAR LEASING & FINANCE PVT LTD),2026-09-25,https://data.rbi.org.in/BOE/OpenDocument/opendoc/custom.jsp?iDocID=ARfEgy.WNSVIvFfvSIVmBCw&sIDType=CUID,Samsung,https://galaxystore.samsung.com/detail/000007398207,https://galaxystore.samsung.com/detail/000007398207,,825,0
Moneyview,Moneyview Limited,GROW MONEY CAPITAL PVT LTD (FORMERLY ECLEAR LEASING & FINANCE PVT LTD),2026-09-25,https://data.rbi.org.in/BOE/OpenDocument/opendoc/custom.jsp?iDocID=ARfEgy.WNSVIvFfvSIVmBCw&sIDType=CUID,Apple App Store,https://apps.apple.com/in/app/moneyview-loans-credit-cards/id6468976019,https://apps.apple.com/in/app/moneyview-loans-credit-cards/id6468976019,,826,0
Moneyview,Moneyview Limited,GROW MONEY CAPITAL PVT LTD (FORMERLY ECLEAR LEASING & FINANCE PVT LTD),2026-09-25,https://data.rbi.org.in/BOE/OpenDocument/opendoc/custom.jsp?iDocID=ARfEgy.WNSVIvFfvSIVmBCw&sIDType=CUID,Google Play Store,https://play.google.com/store/apps/details?id=com.whizdm.moneyview.loans,https://play.google.com/store/apps/details?id=com.whizdm.moneyview.loans&hl=en_IN&gl=IN,com.whizdm.moneyview.loans,827,0
OTO Capital,1T9 Technology Private Limited,GROW MONEY CAPITAL PVT LTD (FORMERLY ECLEAR LEASING & FINANCE PVT LTD),2026-09-25,https://data.rbi.org.in/BOE/OpenDocument/opendoc/custom.jsp?iDocID=ARfEgy.WNSVIvFfvSIVmBCw&sIDType=CUID,Google Play store,https://play.google.com/store/apps/details?id=com.oto.android.app,https://play.google.com/store/apps/details?id=com.oto.android.app,com.oto.android.app,828,0
OTO Capital,1T9 Technology Private Limited,GROW MONEY CAPITAL PVT LTD (FORMERLY ECLEAR LEASING & FINANCE PVT LTD),2026-09-25,https://data.rbi.org.in/BOE/OpenDocument/opendoc/custom.jsp?iDocID=ARfEgy.WNSVIvFfvSIVmBCw&sIDType=CUID,Website,https://www.otocapital.in,https://www.otocapital.in,,829,0
True Balance,Balancehero India Private Limited,GROW MONEY CAPITAL PVT LTD (FORMERLY ECLEAR LEASING & FINANCE PVT LTD),2026-09-25,https://data.rbi.org.in/BOE/OpenDocument/opendoc/custom.jsp?iDocID=ARfEgy.WNSVIvFfvSIVmBCw&sIDType=CUID,Galaxy Store (Samsung),https://galaxystore.samsung.com/detail/com.balancehero.truebalance,https://galaxystore.samsung.com/detail/com.balancehero.truebalance,,830,0
True Balance,Balancehero India Private Limited,GROW MONEY CAPITAL PVT LTD (FORMERLY ECLEAR LEASING & FINANCE PVT LTD),2026-09-25,https://data.rbi.org.in/BOE/OpenDocument/opendoc/custom.jsp?iDocID=ARfEgy.WNSVIvFfvSIVmBCw&sIDType=CUID,Google Play Store,https://play.google.com/store/apps/details?id=com.balancehero.truebalance,https://play.google.com/store/apps/details?id=com.balancehero.truebalance,com.balancehero.truebalance,831,0
True Balance,Balancehero India Private Limited,GROW MONEY CAPITAL PVT LTD (FORMERLY ECLEAR LEASING & FINANCE PVT LTD),2026-09-25,https://data.rbi.org.in/BOE/OpenDocument/opendoc/custom.jsp?iDocID=ARfEgy.WNSVIvFfvSIVmBCw&sIDType=CUID,Huawei AppGallery,https://appgallery.huawei.com/app/C101648675,https://appgallery.huawei.com/app/C101648675,,832,0
True Balance,Balancehero India Private Limited,GROW MONEY CAPITAL PVT LTD (FORMERLY ECLEAR LEASING & FINANCE PVT LTD),2026-09-25,https://data.rbi.org.in/BOE/OpenDocument/opendoc/custom.jsp?iDocID=ARfEgy.WNSVIvFfvSIVmBCw&sIDType=CUID,Indus Appstore (Xiaomi),https://play.google.com/store/apps/details?id=com.balancehero.truebalance,https://global.app.mi.com/details?lo=IN&la=en_US&id=com.balancehero.truebalance,com.balancehero.truebalance,833,0
Groww App,Billionbrains Garage Ventures Limited,GROWW CREDITSERV TECHNOLOGY PRIVATE LIMITED,2026-09-25,https://data.rbi.org.in/BOE/OpenDocument/opendoc/custom.jsp?iDocID=ARfEgy.WNSVIvFfvSIVmBCw&sIDType=CUID,Apple AppStore,https://apps.apple.com/in/app/groww-stocks-mutual-fund-ipo/id1404871703,https://apps.apple.com/in/app/groww-stocks-mutual-fund-ipo/id1404871703,,834,0
Groww App,Billionbrains Garage Ventures Limited,GROWW CREDITSERV TECHNOLOGY PRIVATE LIMITED,2026-09-25,https://data.rbi.org.in/BOE/OpenDocument/opendoc/custom.jsp?iDocID=ARfEgy.WNSVIvFfvSIVmBCw&sIDType=CUID,Google PlayStore,https://play.google.com/store/apps/details?id=com.nextbillion.groww,https://play.google.com/store/apps/details?id=com.nextbillion.groww&hl=en_IN,com.nextbillion.groww,835,0
Groww Credit,Billionbrains Garage Ventures Limited,GROWW CREDITSERV TECHNOLOGY PRIVATE LIMITED,2026-09-25,https://data.rbi.org.in/BOE/OpenDocument/opendoc/custom.jsp?iDocID=ARfEgy.WNSVIvFfvSIVmBCw&sIDType=CUID,https://credit.groww.in/,https://credit.groww.in/,https://credit.groww.in/,,836,0
Groww Credit: Instant Loan App,Billionbrains Garage Ventures Limited,GROWW CREDITSERV TECHNOLOGY PRIVATE LIMITED,2026-09-25,https://data.rbi.org.in/BOE/OpenDocument/opendoc/custom.jsp?iDocID=ARfEgy.WNSVIvFfvSIVmBCw&sIDType=CUID,Apple AppStore,https://apps.apple.com/in/app/groww-credit-instant-loan-app/id6633433697,https://apps.apple.com/in/app/groww-credit-instant-loan-app/id6633433697,,837,0
Groww Credit: Instant Loan App,Billionbrains Garage Ventures Limited,GROWW CREDITSERV TECHNOLOGY PRIVATE LIMITED,2026-09-25,https://data.rbi.org.in/BOE/OpenDocument/opendoc/custom.jsp?iDocID=ARfEgy.WNSVIvFfvSIVmBCw&sIDType=CUID,Google PlayStore,https://play.google.com/store/search?q=groww+credit&c=apps&hl=en_IN,https://play.google.com/store/search?q=groww+credit&c=apps&hl=en_IN,,838,0
CreditSea,Innotech Creditsea Platforms Private Limited,GSB FINANCE LTD.,2026-09-25,https://data.rbi.org.in/BOE/OpenDocument/opendoc/custom.jsp?iDocID=ARfEgy.WNSVIvFfvSIVmBCw&sIDType=CUID,"Website, IOS App Store, Google Play Store",https://www.creditsea.com,https://www.creditsea.com,,839,0
Kredito24,TECAZOID INNOVATIONS PRIVATE LIMITED,GSD TRADING AND FINANCIAL SERVICES PVT. LTD,2026-09-25,https://data.rbi.org.in/BOE/OpenDocument/opendoc/custom.jsp?iDocID=ARfEgy.WNSVIvFfvSIVmBCw&sIDType=CUID,Website,https://kredito24.in/,https://kredito24.in/,,840,0
GS FINANCE : PERSONAL LOAN,G S LEASING AND FINANCE PRIVATE LIMITED,G.S. LEASING & FINANCE PVT. LTD.,2026-09-25,https://data.rbi.org.in/BOE/OpenDocument/opendoc/custom.jsp?iDocID=ARfEgy.WNSVIvFfvSIVmBCw&sIDType=CUID,GOOLE PLAY STORE,https://play.google.com/store/apps/details?id=com.GSFinance.gsfinanceApp,https://play.google.com/store/apps/details?id=com.GSFinance.gsfinanceApp&pcampaignid=web_share,com.GSFinance.gsfinanceApp,841,0
Gyandhan Financial Service Private Limited,Self-owned,GYANDHAN FINANCIAL SERVICES PRIVATE LIMITED,2026-09-25,https://data.rbi.org.in/BOE/OpenDocument/opendoc/custom.jsp?iDocID=ARfEgy.WNSVIvFfvSIVmBCw&sIDType=CUID,Website,https://nbfc.gyandhan.com/,https://nbfc.gyandhan.com/,,842,0
Axio,Axio Digital Private Limited,HARI AND COMPANY INVESTMENTS MADRAS PRIVATE LIMITED,2026-09-25,https://data.rbi.org.in/BOE/OpenDocument/opendoc/custom.jsp?iDocID=ARfEgy.WNSVIvFfvSIVmBCw&sIDType=CUID,Apple Store,https://apps.apple.com/in/app/axio-bnpl-personal-loan/id6449531839,https://apps.apple.com/in/app/axio-bnpl-personal-loan/id6449531839,,843,0
Axio,Axio Digital Private Limited,HARI AND COMPANY INVESTMENTS MADRAS PRIVATE LIMITED,2026-09-25,https://data.rbi.org.in/BOE/OpenDocument/opendoc/custom.jsp?iDocID=ARfEgy.WNSVIvFfvSIVmBCw&sIDType=CUID,Play Store,https://play.google.com/store/apps/details?id=com.daamitt.walnut.app,https://play.google.com/store/apps/details?id=com.daamitt.walnut.app,com.daamitt.walnut.app,844,0
Branch- Personal Cash Loan App,Branch International Financial Services Private Limited,HARI AND COMPANY INVESTMENTS MADRAS PRIVATE LIMITED,2026-09-25,https://data.rbi.org.in/BOE/OpenDocument/opendoc/custom.jsp?iDocID=ARfEgy.WNSVIvFfvSIVmBCw&sIDType=CUID,Play Store,https://play.google.com/store/apps/details?id=com.branch_international.branch.branch_demo_android,https://play.google.com/store/apps/details?id=com.branch_international.branch.branch_demo_android,com.branch_international.branch.branch_demo_android,845,0
Branch- Personal Cash Loan App,Branch International Financial Services Private Limited,HARI AND COMPANY INVESTMENTS MADRAS PRIVATE LIMITED,2026-09-25,https://data.rbi.org.in/BOE/OpenDocument/opendoc/custom.jsp?iDocID=ARfEgy.WNSVIvFfvSIVmBCw&sIDType=CUID,Web,https://branchapp.in/,https://branchapp.in/,,846,0
CASHe,Bhanix Finance and Investment Ltd,HARI AND COMPANY INVESTMENTS MADRAS PRIVATE LIMITED,2026-09-25,https://data.rbi.org.in/BOE/OpenDocument/opendoc/custom.jsp?iDocID=ARfEgy.WNSVIvFfvSIVmBCw&sIDType=CUID,App store,https://apps.apple.com/in/app/cashe-online-instant-loan-app/id1261854922,https://apps.apple.com/in/app/cashe-online-instant-loan-app/id1261854922,,847,0
CASHe,Bhanix Finance and Investment Ltd,HARI AND COMPANY INVESTMENTS MADRAS PRIVATE LIMITED,2026-09-25,https://data.rbi.org.in/BOE/OpenDocument/opendoc/custom.jsp?iDocID=ARfEgy.WNSVIvFfvSIVmBCw&sIDType=CUID,Web,https://campaign.cashe.co.in/DoE8/CASHeWebD,https://campaign.cashe.co.in/DoE8/CASHeWebD,,848,0
CRED,Dreamplug Technologies Pvt. Ltd.,HARI AND COMPANY INVESTMENTS MADRAS PRIVATE LIMITED,2026-09-25,https://data.rbi.org.in/BOE/OpenDocument/opendoc/custom.jsp?iDocID=ARfEgy.WNSVIvFfvSIVmBCw&sIDType=CUID,Apple Store,https://apps.apple.com/in/app/cred-credit-cards-payments/id1428580080,https://apps.apple.com/in/app/cred-credit-cards-payments/id1428580080,,849,0
CRED,Dreamplug Technologies Pvt. Ltd.,HARI AND COMPANY INVESTMENTS MADRAS PRIVATE LIMITED,2026-09-25,https://data.rbi.org.in/BOE/OpenDocument/opendoc/custom.jsp?iDocID=ARfEgy.WNSVIvFfvSIVmBCw&sIDType=CUID,Play Store,https://play.google.com/store/apps/details?id=com.dreamplug.androidapp,https://play.google.com/store/apps/details?id=com.dreamplug.androidapp&hl=en_IN,com.dreamplug.androidapp,850,0
FatakPay,FatakPay Digital Pvt Ltd,HARI AND COMPANY INVESTMENTS MADRAS PRIVATE LIMITED,2026-09-25,https://data.rbi.org.in/BOE/OpenDocument/opendoc/custom.jsp?iDocID=ARfEgy.WNSVIvFfvSIVmBCw&sIDType=CUID,App store,https://apps.apple.com/in/app/fatakpay/id6468567795,https://apps.apple.com/in/app/fatakpay/id6468567795,,851,0
FatakPay,FatakPay Digital Pvt Ltd,HARI AND COMPANY INVESTMENTS MADRAS PRIVATE LIMITED,2026-09-25,https://data.rbi.org.in/BOE/OpenDocument/opendoc/custom.jsp?iDocID=ARfEgy.WNSVIvFfvSIVmBCw&sIDType=CUID,Play Store,https://play.google.com/store/apps/details?id=com.fatakpay,https://play.google.com/store/apps/details?id=com.fatakpay&gl=in,com.fatakpay,852,0
Fibe,Social Worth Technologies Ltd.,HARI AND COMPANY INVESTMENTS MADRAS PRIVATE LIMITED,2026-09-25,https://data.rbi.org.in/BOE/OpenDocument/opendoc/custom.jsp?iDocID=ARfEgy.WNSVIvFfvSIVmBCw&sIDType=CUID,App store,https://apps.apple.com/in/app/instant-personal-loan-by-fibe/id1094602630,https://apps.apple.com/in/app/instant-personal-loan-by-fibe/id1094602630,,853,0
Fibe,Social Worth Technologies Ltd.,HARI AND COMPANY INVESTMENTS MADRAS PRIVATE LIMITED,2026-09-25,https://data.rbi.org.in/BOE/OpenDocument/opendoc/custom.jsp?iDocID=ARfEgy.WNSVIvFfvSIVmBCw&sIDType=CUID,Play Store,https://play.google.com/store/apps/details?id=com.earlysalary.android,https://play.google.com/store/apps/details?id=com.earlysalary.android,com.earlysalary.android,854,0
Fibe,Social Worth Technologies Ltd.,HARI AND COMPANY INVESTMENTS MADRAS PRIVATE LIMITED,2026-09-25,https://data.rbi.org.in/BOE/OpenDocument/opendoc/custom.jsp?iDocID=ARfEgy.WNSVIvFfvSIVmBCw&sIDType=CUID,Web,https://www.fibe.in/contact-us/,https://www.fibe.in/contact-us/,,855,0
Finnable Personal Loan App,Finnable Technologies Private Limited,HARI AND COMPANY INVESTMENTS MADRAS PRIVATE LIMITED,2026-09-25,https://data.rbi.org.in/BOE/OpenDocument/opendoc/custom.jsp?iDocID=ARfEgy.WNSVIvFfvSIVmBCw&sIDType=CUID,Apple Store,https://apps.apple.com/in/app/finnable/id1453358250,https://apps.apple.com/in/app/finnable/id1453358250,,856,0
Finnable Personal Loan App,Finnable Technologies Private Limited,HARI AND COMPANY INVESTMENTS MADRAS PRIVATE LIMITED,2026-09-25,https://data.rbi.org.in/BOE/OpenDocument/opendoc/custom.jsp?iDocID=ARfEgy.WNSVIvFfvSIVmBCw&sIDType=CUID,Play Store,https://play.google.com/store/apps/details?id=com.finnable.customer,https://play.google.com/store/apps/details?id=com.finnable.customer&gl=IN,com.finnable.customer,857,0
Finnable Personal Loan App,Finnable Technologies Private Limited,HARI AND COMPANY INVESTMENTS MADRAS PRIVATE LIMITED,2026-09-25,https://data.rbi.org.in/BOE/OpenDocument/opendoc/custom.jsp?iDocID=ARfEgy.WNSVIvFfvSIVmBCw&sIDType=CUID,Web,https://www.finnable.com/,https://www.finnable.com/,,858,0
Finsall Resources Pvt Ltd.,Finsall Resources Pvt Ltd.,HARI AND COMPANY INVESTMENTS MADRAS PRIVATE LIMITED,2026-09-25,https://data.rbi.org.in/BOE/OpenDocument/opendoc/custom.jsp?iDocID=ARfEgy.WNSVIvFfvSIVmBCw&sIDType=CUID,Web,https://www.finsall.com/,https://www.finsall.com/,,859,0
Flash app,FINZO EV Solutions Pvt Ltd,HARI AND COMPANY INVESTMENTS MADRAS PRIVATE LIMITED,2026-09-25,https://data.rbi.org.in/BOE/OpenDocument/opendoc/custom.jsp?iDocID=ARfEgy.WNSVIvFfvSIVmBCw&sIDType=CUID,Web,https://www.turno.club/,https://www.turno.club/,,860,0
FlexiLoans: Business Loans,Epimoney Private Limited,HARI AND COMPANY INVESTMENTS MADRAS PRIVATE LIMITED,2026-09-25,https://data.rbi.org.in/BOE/OpenDocument/opendoc/custom.jsp?iDocID=ARfEgy.WNSVIvFfvSIVmBCw&sIDType=CUID,Play Store,https://play.google.com/store/apps/details?id=com.flexiloan,https://play.google.com/store/apps/details?id=com.flexiloan&hl=en_IN&pli=1,com.flexiloan,861,0
Inprime,STK Credit Private Limited (InPrime Finserv),HARI AND COMPANY INVESTMENTS MADRAS PRIVATE LIMITED,2026-09-25,https://data.rbi.org.in/BOE/OpenDocument/opendoc/custom.jsp?iDocID=ARfEgy.WNSVIvFfvSIVmBCw&sIDType=CUID,Web,https://www.inprime.in/apply-loan,https://www.inprime.in/apply-loan,,862,0
Jodo,Bharosepe Technology Services Pvt Ltd.,HARI AND COMPANY INVESTMENTS MADRAS PRIVATE LIMITED,2026-09-25,https://data.rbi.org.in/BOE/OpenDocument/opendoc/custom.jsp?iDocID=ARfEgy.WNSVIvFfvSIVmBCw&sIDType=CUID,Web,https://www.jodo.in/,https://www.jodo.in/,,863,0
Khatabook App,ADJ Utility Apps Private Limited,HARI AND COMPANY INVESTMENTS MADRAS PRIVATE LIMITED,2026-09-25,https://data.rbi.org.in/BOE/OpenDocument/opendoc/custom.jsp?iDocID=ARfEgy.WNSVIvFfvSIVmBCw&sIDType=CUID,Apple Store Khatabook Vyapar App,https://apps.apple.com/in/app/khatabook-vyapar-app/id1488204139,https://apps.apple.com/in/app/khatabook-vyapar-app/id1488204139,,864,0
Khatabook App,ADJ Utility Apps Private Limited,HARI AND COMPANY INVESTMENTS MADRAS PRIVATE LIMITED,2026-09-25,https://data.rbi.org.in/BOE/OpenDocument/opendoc/custom.jsp?iDocID=ARfEgy.WNSVIvFfvSIVmBCw&sIDType=CUID,Play Store,https://play.google.com/store/search?q=khatabook&c=apps,https://play.google.com/store/search?q=khatabook&c=apps,,865,0
KOSH,Adhikosh Financial Advisory Pvt Ltd (Kosh),HARI AND COMPANY INVESTMENTS MADRAS PRIVATE LIMITED,2026-09-25,https://data.rbi.org.in/BOE/OpenDocument/opendoc/custom.jsp?iDocID=ARfEgy.WNSVIvFfvSIVmBCw&sIDType=CUID,Play Store: Kosh - Loan App,https://play.google.com/store/apps/details?id=com.kosh,https://play.google.com/store/apps/details?id=com.kosh&gl=IN,com.kosh,866,0
Kreditbee,Finnovation Tech Solutions Private Limited,HARI AND COMPANY INVESTMENTS MADRAS PRIVATE LIMITED,2026-09-25,https://data.rbi.org.in/BOE/OpenDocument/opendoc/custom.jsp?iDocID=ARfEgy.WNSVIvFfvSIVmBCw&sIDType=CUID,Apple Store,https://apps.apple.com/in/app/easy-personal-loan-kreditbee/id1488736283,https://apps.apple.com/in/app/easy-personal-loan-kreditbee/id1488736283,,867,0
Kreditbee,Finnovation Tech Solutions Private Limited,HARI AND COMPANY INVESTMENTS MADRAS PRIVATE LIMITED,2026-09-25,https://data.rbi.org.in/BOE/OpenDocument/opendoc/custom.jsp?iDocID=ARfEgy.WNSVIvFfvSIVmBCw&sIDType=CUID,Other App Stores,https://apps.samsung.com/appquery/appDetail.as?appId=com.kreditbee.android,https://apps.samsung.com/appquery/appDetail.as?appId=com.kreditbee.android,,868,0
Kreditbee,Finnovation Tech Solutions Private Limited,HARI AND COMPANY INVESTMENTS MADRAS PRIVATE LIMITED,2026-09-25,https://data.rbi.org.in/BOE/OpenDocument/opendoc/custom.jsp?iDocID=ARfEgy.WNSVIvFfvSIVmBCw&sIDType=CUID,Other App Stores,https://play.google.com/store/apps/details?id=com.kreditbee.android,https://global.app.mi.com/details?lo=IN&la=en_US&id=com.kreditbee.android,com.kreditbee.android,869,0
Kreditbee,Finnovation Tech Solutions Private Limited,HARI AND COMPANY INVESTMENTS MADRAS PRIVATE LIMITED,2026-09-25,https://data.rbi.org.in/BOE/OpenDocument/opendoc/custom.jsp?iDocID=ARfEgy.WNSVIvFfvSIVmBCw&sIDType=CUID,Other App Stores,https://indusapp.store/9ip3i05q,https://indusapp.store/9ip3i05q,,870,0
Kreditbee,Finnovation Tech Solutions Private Limited,HARI AND COMPANY INVESTMENTS MADRAS PRIVATE LIMITED,2026-09-25,https://data.rbi.org.in/BOE/OpenDocument/opendoc/custom.jsp?iDocID=ARfEgy.WNSVIvFfvSIVmBCw&sIDType=CUID,Other App Stores,oaps://mk/dt?pkg=com.kreditbee.android&style=1,oaps://mk/dt?pkg=com.kreditbee.android&style=1,,871,0
Kreditbee,Finnovation Tech Solutions Private Limited,HARI AND COMPANY INVESTMENTS MADRAS PRIVATE LIMITED,2026-09-25,https://data.rbi.org.in/BOE/OpenDocument/opendoc/custom.jsp?iDocID=ARfEgy.WNSVIvFfvSIVmBCw&sIDType=CUID,Other App Stores,https://play.google.com/store/apps/details?id=com.kreditbee.android,vivomarket://details?id=com.kreditbee.android,com.kreditbee.android,872,0
Kreditbee,Finnovation Tech Solutions Private Limited,HARI AND COMPANY INVESTMENTS MADRAS PRIVATE LIMITED,2026-09-25,https://data.rbi.org.in/BOE/OpenDocument/opendoc/custom.jsp?iDocID=ARfEgy.WNSVIvFfvSIVmBCw&sIDType=CUID,Play Store:,https://play.google.com/store/apps/details?id=com.kreditbee.android,https://play.google.com/store/apps/details?id=com.kreditbee.android,com.kreditbee.android,873,0
Kreditbee,Finnovation Tech Solutions Private Limited,HARI AND COMPANY INVESTMENTS MADRAS PRIVATE LIMITED,2026-09-25,https://data.rbi.org.in/BOE/OpenDocument/opendoc/custom.jsp?iDocID=ARfEgy.WNSVIvFfvSIVmBCw&sIDType=CUID,Website,https://www.kreditbee.in/,https://www.kreditbee.in/,,874,0
Mobikwik,One Mobikwik Systems Ltd,HARI AND COMPANY INVESTMENTS MADRAS PRIVATE LIMITED,2026-09-25,https://data.rbi.org.in/BOE/OpenDocument/opendoc/custom.jsp?iDocID=ARfEgy.WNSVIvFfvSIVmBCw&sIDType=CUID,Apple,https://apps.apple.com/in/app/mobikwik-bhim-upi-wallet/id600002523,https://apps.apple.com/in/app/mobikwik-bhim-upi-wallet/id600002523,,875,0
Mobikwik,One Mobikwik Systems Ltd,HARI AND COMPANY INVESTMENTS MADRAS PRIVATE LIMITED,2026-09-25,https://data.rbi.org.in/BOE/OpenDocument/opendoc/custom.jsp?iDocID=ARfEgy.WNSVIvFfvSIVmBCw&sIDType=CUID,Play Store,https://play.google.com/store/apps/details?id=com.mobikwik_new,https://play.google.com/store/apps/details?id=com.mobikwik_new&hl=en_IN&gl=IN,com.mobikwik_new,876,0
Moneyview,Moneyview Private Limited formerly known as Whizdm Innovations Private Limited,HARI AND COMPANY INVESTMENTS MADRAS PRIVATE LIMITED,2026-09-25,https://data.rbi.org.in/BOE/OpenDocument/opendoc/custom.jsp?iDocID=ARfEgy.WNSVIvFfvSIVmBCw&sIDType=CUID,Apple Store,https://apps.apple.com/in/app/moneyview-loans-credit-cards/id6468976019,https://apps.apple.com/in/app/moneyview-loans-credit-cards/id6468976019,,877,0
Moneyview,Moneyview Private Limited formerly known as Whizdm Innovations Private Limited,HARI AND COMPANY INVESTMENTS MADRAS PRIVATE LIMITED,2026-09-25,https://data.rbi.org.in/BOE/OpenDocument/opendoc/custom.jsp?iDocID=ARfEgy.WNSVIvFfvSIVmBCw&sIDType=CUID,Play Store,https://play.google.com/store/search?q=moneyview&c=apps&gl=IN,https://play.google.com/store/search?q=moneyview&c=apps&gl=IN,,878,0
Okcredit,Psi Phi Global Solutions Private Limited,HARI AND COMPANY INVESTMENTS MADRAS PRIVATE LIMITED,2026-09-25,https://data.rbi.org.in/BOE/OpenDocument/opendoc/custom.jsp?iDocID=ARfEgy.WNSVIvFfvSIVmBCw&sIDType=CUID,Apple Store: OkCredit - Udhar Bahi Khata,https://play.google.com/store/apps/details?id=in.okcredit.merchant,https://play.google.com/store/apps/details?id=in.okcredit.merchant&referrer=af_tranid%3Dj2HGz-IuEmFkrTAVIGHIWA%26af_dp%3Dokcredit%253A%252F%252Fmerchant%252Fv1%252Fhome%26c%3DHomePage%26pid%3DWebsite_OkCredit,in.okcredit.merchant,879,0
Okcredit,Psi Phi Global Solutions Private Limited,HARI AND COMPANY INVESTMENTS MADRAS PRIVATE LIMITED,2026-09-25,https://data.rbi.org.in/BOE/OpenDocument/opendoc/custom.jsp?iDocID=ARfEgy.WNSVIvFfvSIVmBCw&sIDType=CUID,"Play Store: OkCredit: Ledger, UPI, Billing",https://apps.apple.com/in/app/okcredit-udhar-bahi-khata/id1488748286,https://apps.apple.com/in/app/okcredit-udhar-bahi-khata/id1488748286,,880,0
Olyv (SmartCoin),SmartCoin Financials Private Limited,HARI AND COMPANY INVESTMENTS MADRAS PRIVATE LIMITED,2026-09-25,https://data.rbi.org.in/BOE/OpenDocument/opendoc/custom.jsp?iDocID=ARfEgy.WNSVIvFfvSIVmBCw&sIDType=CUID,Play Store,https://play.google.com/store/apps/details?id=in.rebase.app,https://play.google.com/store/apps/details?id=in.rebase.app&pli=1,in.rebase.app,881,0
Olyv (SmartCoin),SmartCoin Financials Private Limited,HARI AND COMPANY INVESTMENTS MADRAS PRIVATE LIMITED,2026-09-25,https://data.rbi.org.in/BOE/OpenDocument/opendoc/custom.jsp?iDocID=ARfEgy.WNSVIvFfvSIVmBCw&sIDType=CUID,Web:Olyv,https://app.olyv.co.in/login,https://app.olyv.co.in/login,,882,0
Paytm,Paytm for Business App,HARI AND COMPANY INVESTMENTS MADRAS PRIVATE LIMITED,2026-09-25,https://data.rbi.org.in/BOE/OpenDocument/opendoc/custom.jsp?iDocID=ARfEgy.WNSVIvFfvSIVmBCw&sIDType=CUID,App store,https://apps.apple.com/in/app/paytm-secure-upi-payments/id473941634,https://apps.apple.com/in/app/paytm-secure-upi-payments/id473941634,,883,0
Paytm,Paytm for Business App,HARI AND COMPANY INVESTMENTS MADRAS PRIVATE LIMITED,2026-09-25,https://data.rbi.org.in/BOE/OpenDocument/opendoc/custom.jsp?iDocID=ARfEgy.WNSVIvFfvSIVmBCw&sIDType=CUID,Play Store,https://play.google.com/store/apps/details?id=net.one97.paytm,https://play.google.com/store/apps/details?id=net.one97.paytm&hl=en_IN&pli=1,net.one97.paytm,884,0
Paytm,Paytm for Business App,HARI AND COMPANY INVESTMENTS MADRAS PRIVATE LIMITED,2026-09-25,https://data.rbi.org.in/BOE/OpenDocument/opendoc/custom.jsp?iDocID=ARfEgy.WNSVIvFfvSIVmBCw&sIDType=CUID,Web,https://paytm.com,https://paytm.com,,885,0
PaywithRING (by Kissht),OnEMI Technology Solutions Private Limited,HARI AND COMPANY INVESTMENTS MADRAS PRIVATE LIMITED,2026-09-25,https://data.rbi.org.in/BOE/OpenDocument/opendoc/custom.jsp?iDocID=ARfEgy.WNSVIvFfvSIVmBCw&sIDType=CUID,App store,https://apps.apple.com/in/app/kissht-instant-personal-loan/id6752766331,https://apps.apple.com/in/app/kissht-instant-personal-loan/id6752766331,,886,0
PaywithRING (by Kissht),OnEMI Technology Solutions Private Limited,HARI AND COMPANY INVESTMENTS MADRAS PRIVATE LIMITED,2026-09-25,https://data.rbi.org.in/BOE/OpenDocument/opendoc/custom.jsp?iDocID=ARfEgy.WNSVIvFfvSIVmBCw&sIDType=CUID,Play Store,https://play.google.com/store/apps/details?id=com.fastbanking,https://play.google.com/store/apps/details?id=com.fastbanking,com.fastbanking,887,0
PaywithRING (by Kissht),OnEMI Technology Solutions Private Limited,HARI AND COMPANY INVESTMENTS MADRAS PRIVATE LIMITED,2026-09-25,https://data.rbi.org.in/BOE/OpenDocument/opendoc/custom.jsp?iDocID=ARfEgy.WNSVIvFfvSIVmBCw&sIDType=CUID,Play Store,https://play.google.com/store/apps/details?id=com.ideopay.user,https://play.google.com/store/apps/details?id=com.ideopay.user,com.ideopay.user,888,0
PaywithRING (by Kissht),OnEMI Technology Solutions Private Limited,HARI AND COMPANY INVESTMENTS MADRAS PRIVATE LIMITED,2026-09-25,https://data.rbi.org.in/BOE/OpenDocument/opendoc/custom.jsp?iDocID=ARfEgy.WNSVIvFfvSIVmBCw&sIDType=CUID,Web,https://www.kissht.com/,https://www.kissht.com/,,889,0
RESPO FINANCIAL CAPITAL PRIVATE LIMITED,RESPO FINANCIAL CAPITAL PRIVATE LIMITED,HARI AND COMPANY INVESTMENTS MADRAS PRIVATE LIMITED,2026-09-25,https://data.rbi.org.in/BOE/OpenDocument/opendoc/custom.jsp?iDocID=ARfEgy.WNSVIvFfvSIVmBCw&sIDType=CUID,Play Store,https://respo.co.in/,https://respo.co.in/,,890,0
RESPO FINANCIAL CAPITAL PRIVATE LIMITED,ZYPE,HARI AND COMPANY INVESTMENTS MADRAS PRIVATE LIMITED,2026-09-25,https://data.rbi.org.in/BOE/OpenDocument/opendoc/custom.jsp?iDocID=ARfEgy.WNSVIvFfvSIVmBCw&sIDType=CUID,App store,https://www.getzype.com/App Store Link,https://www.getzype.com/App Store Link,,891,0
Slice,slice Small Finance Bank Ltd,HARI AND COMPANY INVESTMENTS MADRAS PRIVATE LIMITED,2026-09-25,https://data.rbi.org.in/BOE/OpenDocument/opendoc/custom.jsp?iDocID=ARfEgy.WNSVIvFfvSIVmBCw&sIDType=CUID,Apple Store,https://apps.apple.com/in/app/slice-bank-at-rbi-repo-rate/id1123372237,https://apps.apple.com/in/app/slice-bank-at-rbi-repo-rate/id1123372237,,892,0
Slice,slice Small Finance Bank Ltd,HARI AND COMPANY INVESTMENTS MADRAS PRIVATE LIMITED,2026-09-25,https://data.rbi.org.in/BOE/OpenDocument/opendoc/custom.jsp?iDocID=ARfEgy.WNSVIvFfvSIVmBCw&sIDType=CUID,Play Store,https://play.google.com/store/apps/details?id=indwin.c3.shareapp,https://play.google.com/store/apps/details?id=indwin.c3.shareapp&hl=en_IN,indwin.c3.shareapp,893,0
True Balance,Balancehero India Private Limited,HARI AND COMPANY INVESTMENTS MADRAS PRIVATE LIMITED,2026-09-25,https://data.rbi.org.in/BOE/OpenDocument/opendoc/custom.jsp?iDocID=ARfEgy.WNSVIvFfvSIVmBCw&sIDType=CUID,App store,https://apps.apple.com/in/app/true-balance-personal-loan/id6752374449,https://apps.apple.com/in/app/true-balance-personal-loan/id6752374449,,894,0
True Balance,Balancehero India Private Limited,HARI AND COMPANY INVESTMENTS MADRAS PRIVATE LIMITED,2026-09-25,https://data.rbi.org.in/BOE/OpenDocument/opendoc/custom.jsp?iDocID=ARfEgy.WNSVIvFfvSIVmBCw&sIDType=CUID,Galaxy Store (Samsung),https://galaxystore.samsung.com/detail/com.balancehero.truebalance,https://galaxystore.samsung.com/detail/com.balancehero.truebalance,,895,0
True Balance,Balancehero India Private Limited,HARI AND COMPANY INVESTMENTS MADRAS PRIVATE LIMITED,2026-09-25,https://data.rbi.org.in/BOE/OpenDocument/opendoc/custom.jsp?iDocID=ARfEgy.WNSVIvFfvSIVmBCw&sIDType=CUID,Huawei AppGallery,https://appgallery.huawei.com/app/C101648675,https://appgallery.huawei.com/app/C101648675,,896,0
True Balance,Balancehero India Private Limited,HARI AND COMPANY INVESTMENTS MADRAS PRIVATE LIMITED,2026-09-25,https://data.rbi.org.in/BOE/OpenDocument/opendoc/custom.jsp?iDocID=ARfEgy.WNSVIvFfvSIVmBCw&sIDType=CUID,Indus Appstore (Xiaomi),https://play.google.com/store/apps/details?id=com.balancehero.truebalance,https://global.app.mi.com/details?lo=IN&la=en_US&id=com.balancehero.truebalance,com.balancehero.truebalance,897,0
True Balance,Balancehero India Private Limited,HARI AND COMPANY INVESTMENTS MADRAS PRIVATE LIMITED,2026-09-25,https://data.rbi.org.in/BOE/OpenDocument/opendoc/custom.jsp?iDocID=ARfEgy.WNSVIvFfvSIVmBCw&sIDType=CUID,Play Store,https://play.google.com/store/apps/details?id=com.balancehero.truebalance,https://play.google.com/store/apps/details?id=com.balancehero.truebalance,com.balancehero.truebalance,898,0
True Balance,Balancehero India Private Limited,HARI AND COMPANY INVESTMENTS MADRAS PRIVATE LIMITED,2026-09-25,https://data.rbi.org.in/BOE/OpenDocument/opendoc/custom.jsp?iDocID=ARfEgy.WNSVIvFfvSIVmBCw&sIDType=CUID,Web,https://www.truebalance.io/,https://www.truebalance.io/,,899,0
Upwards by Lendingkart.,Lendingkart Technologies Private Limited,HARI AND COMPANY INVESTMENTS MADRAS PRIVATE LIMITED,2026-09-25,https://data.rbi.org.in/BOE/OpenDocument/opendoc/custom.jsp?iDocID=ARfEgy.WNSVIvFfvSIVmBCw&sIDType=CUID,Play Store:,https://play.google.com/store/apps/details?id=com.goupwards,https://play.google.com/store/apps/details?id=com.goupwards&gl=IN,com.goupwards,900,0
WeRize Customer App,Wortgage Technologies Private Limited,HARI AND COMPANY INVESTMENTS MADRAS PRIVATE LIMITED,2026-09-25,https://data.rbi.org.in/BOE/OpenDocument/opendoc/custom.jsp?iDocID=ARfEgy.WNSVIvFfvSIVmBCw&sIDType=CUID,Google Play,https://play.google.com/store/apps/details?id=com.moneyonclick.customerapp,https://play.google.com/store/apps/details?id=com.moneyonclick.customerapp&hl=en,com.moneyonclick.customerapp,901,0
GoCredit,Vijayalakshmi Technology Infinity NKB Private Limited,HARSH TRACOM (P) LTD,2026-09-25,https://data.rbi.org.in/BOE/OpenDocument/opendoc/custom.jsp?iDocID=ARfEgy.WNSVIvFfvSIVmBCw&sIDType=CUID,Google Play Store,https://play.google.com/store/apps/details?id=money.gocredit.ai,https://play.google.com/store/apps/details?id=money.gocredit.ai,money.gocredit.ai,902,0
GoCredit,Vijayalakshmi Technology Infinity NKB Private Limited,HARSH TRACOM (P) LTD,2026-09-25,https://data.rbi.org.in/BOE/OpenDocument/opendoc/custom.jsp?iDocID=ARfEgy.WNSVIvFfvSIVmBCw&sIDType=CUID,Website,https://WWW.GOCREDIT.MONEY,WWW.GOCREDIT.MONEY,,903,0
Expessoloan,Fintech Cloud Private Limited,HARVINDER FINANCE COMPANY PRIVATE LIMITED,2026-09-25,https://data.rbi.org.in/BOE/OpenDocument/opendoc/custom.jsp?iDocID=ARfEgy.WNSVIvFfvSIVmBCw&sIDType=CUID,Website,https://expressoloan.com/,https://expressoloan.com/,,904,0
Fibe,Social Worth Technologies Limited,HDB FINANCIAL SERVICES LIMITED,2026-09-25,https://data.rbi.org.in/BOE/OpenDocument/opendoc/custom.jsp?iDocID=ARfEgy.WNSVIvFfvSIVmBCw&sIDType=CUID,App Store (For iphone),https://apps.apple.com/in/app/fibe-instant-personal-loan-app/id1094602630,https://apps.apple.com/in/app/fibe-instant-personal-loan-app/id1094602630,,905,0
Fibe,Social Worth Technologies Limited,HDB FINANCIAL SERVICES LIMITED,2026-09-25,https://data.rbi.org.in/BOE/OpenDocument/opendoc/custom.jsp?iDocID=ARfEgy.WNSVIvFfvSIVmBCw&sIDType=CUID,Google Play Store (For Android),https://play.google.com/store/apps/details?id=com.earlysalary.android,https://play.google.com/store/apps/details?id=com.earlysalary.android&hl=en_IN&gl=IN,com.earlysalary.android,906,0
ADOBE,Self Owned,HDFC BANK LTD.,2026-09-25,https://data.rbi.org.in/BOE/OpenDocument/opendoc/custom.jsp?iDocID=ARfEgy.WNSVIvFfvSIVmBCw&sIDType=CUID,Website,https://applyonline.hdfc.bank.in/,https://applyonline.hdfc.bank.in/,,907,0
DAP,Self Owned,HDFC BANK LTD.,2026-09-25,https://data.rbi.org.in/BOE/OpenDocument/opendoc/custom.jsp?iDocID=ARfEgy.WNSVIvFfvSIVmBCw&sIDType=CUID,Website,https://digiapply.hdfc.bank.in/vivid/las#LAS_Authentication,https://digiapply.hdfc.bank.in/vivid/las#LAS_Authentication,,908,0
DASH,Self Owned,HDFC BANK LTD.,2026-09-25,https://data.rbi.org.in/BOE/OpenDocument/opendoc/custom.jsp?iDocID=ARfEgy.WNSVIvFfvSIVmBCw&sIDType=CUID,Website,https://osappsext.hdfc.com/ONBOARDING_EXISTING_FE/HDFC_NOW_BasicDetails?Journey=HDFC_NOW&Parent=,https://osappsext.hdfc.com/ONBOARDING_EXISTING_FE/HDFC_NOW_BasicDetails?Journey=HDFC_NOW&Parent=,,909,0
FINAGG,Self Owned,HDFC BANK LTD.,2026-09-25,https://data.rbi.org.in/BOE/OpenDocument/opendoc/custom.jsp?iDocID=ARfEgy.WNSVIvFfvSIVmBCw&sIDType=CUID,Website,https://hscf.finagg.in/pwa/#/hdfcseller/login,https://hscf.finagg.in/pwa/#/hdfcseller/login,,910,0
FLUTTER,Self Owned,HDFC BANK LTD.,2026-09-25,https://data.rbi.org.in/BOE/OpenDocument/opendoc/custom.jsp?iDocID=ARfEgy.WNSVIvFfvSIVmBCw&sIDType=CUID,Website,https://applyonline-onboarding-uat.hbctxdom.com/gltp/,https://applyonline-onboarding-uat.hbctxdom.com/gltp/,,911,0
HDFC Bank Mobile Banking App,Self Owned,HDFC BANK LTD.,2026-09-25,https://data.rbi.org.in/BOE/OpenDocument/opendoc/custom.jsp?iDocID=ARfEgy.WNSVIvFfvSIVmBCw&sIDType=CUID,"Available on Playstore and App store with Name as ""HDFC Bank App (Early Access)""",https://play.google.com/store/apps/details?id=com.hdfcbank.android.now,Play Store https://play.google.com/store/apps/details?id=com.hdfcbank.android.now&pcampaignid=web_shareApp Store: https://apps.apple.com/in/app/hdfc-bank-app-early-access/id6504402552,com.hdfcbank.android.now,912,0
LEAD INSTA,Self Owned,HDFC BANK LTD.,2026-09-25,https://data.rbi.org.in/BOE/OpenDocument/opendoc/custom.jsp?iDocID=ARfEgy.WNSVIvFfvSIVmBCw&sIDType=CUID,Website,https://leadinsta.hdfc.bank.in/applications/webforms/apply/PADD_DD/CustVerification.aspx?,https://leadinsta.hdfc.bank.in/applications/webforms/apply/PADD_DD/CustVerification.aspx?,,913,0
LENTRA,Self Owned,HDFC BANK LTD.,2026-09-25,https://data.rbi.org.in/BOE/OpenDocument/opendoc/custom.jsp?iDocID=ARfEgy.WNSVIvFfvSIVmBCw&sIDType=CUID,Website,https://gonogo.hdfcbankapps.com/v8/portal/?instId=3989&envId=4500&product=OVERDRAFT&appType=INDEPENDENT&tag=SELF_SERVE&icid=website_organic_herobanner_dukandaroverdraftodfacility:banner:applynow#/selfserve/journey,https://gonogo.hdfcbankapps.com/v8/portal/?instId=3989&envId=4500&product=OVERDRAFT&appType=INDEPENDENT&tag=SELF_SERVE&icid=website_organic_herobanner_dukandaroverdraftodfacility:banner:applynow#/selfserve/journey,,914,0
LOAN ASSIST,Self Owned,HDFC BANK LTD.,2026-09-25,https://data.rbi.org.in/BOE/OpenDocument/opendoc/custom.jsp?iDocID=ARfEgy.WNSVIvFfvSIVmBCw&sIDType=CUID,Available on Playstore & Appstore with Name as Loan Assist – Quick Bank Loans,https://play.google.com/store/apps/details?id=com.indigo.hdfcloansApp,Playstore https://play.google.com/store/apps/details?id=com.indigo.hdfcloansApp store:  https://apps.apple.com/in/app/loan-assist-quick-bank-loans/id1190804856,com.indigo.hdfcloansApp,915,0
NET BANKING,Self Owned,HDFC BANK LTD.,2026-09-25,https://data.rbi.org.in/BOE/OpenDocument/opendoc/custom.jsp?iDocID=ARfEgy.WNSVIvFfvSIVmBCw&sIDType=CUID,Website,https://now.hdfc.bank.in/auth/realms/retail/protocol/openid-connect/auth?response_type=code&client_id=bb-web-client&state=dXRaZUNqMWlXQjRLR2ZxMG0uT1c5U0pXVzBXcXN2UE5MUmdxczNUanM1Y25L&redirect_uri=https%3A%2F%2Fnow.hdfc.bank.in%2Fretail-app%2Fselect-context&scope=openid&code_challenge=mqYYXBC17T-YdmwGdmgIiVU2z-6Z2zfMYjggaZQafdA&code_challenge_method=S256&nonce=dXRaZUNqMWlXQjRLR2ZxMG0uT1c5U0pXVzBXcXN2UE5MUmdxczNUanM1Y25L,https://now.hdfc.bank.in/auth/realms/retail/protocol/openid-connect/auth?response_type=code&client_id=bb-web-client&state=dXRaZUNqMWlXQjRLR2ZxMG0uT1c5U0pXVzBXcXN2UE5MUmdxczNUanM1Y25L&redirect_uri=https%3A%2F%2Fnow.hdfc.bank.in%2Fretail-app%2Fselect-context&scope=openid&code_challenge=mqYYXBC17T-YdmwGdmgIiVU2z-6Z2zfMYjggaZQafdA&code_challenge_method=S256&nonce=dXRaZUNqMWlXQjRLR2ZxMG0uT1c5U0pXVzBXcXN2UE5MUmdxczNUanM1Y25L,,916,0
Novopay,Self Owned,HDFC BANK LTD.,2026-09-25,https://data.rbi.org.in/BOE/OpenDocument/opendoc/custom.jsp?iDocID=ARfEgy.WNSVIvFfvSIVmBCw&sIDType=CUID,Website,https://agentapp.ddp.hdfc.bank.in/dsa-agent-portal/login,https://agentapp.ddp.hdfc.bank.in/dsa-agent-portal/login,,917,0
One Andro app (DLA of LSP),LSP - Andromeda Sales Distribution Private Ltd (Apna Paisa),HDFC BANK LTD.,2026-09-25,https://data.rbi.org.in/BOE/OpenDocument/opendoc/custom.jsp?iDocID=ARfEgy.WNSVIvFfvSIVmBCw&sIDType=CUID,Play Store and App Store,QR code available Website for direct download.https://www.andromedaloans.com/about-us/,QR code available Website for direct download.https://www.andromedaloans.com/about-us/,,918,0
Paisabazaar App (DLA of LSP),LSP-Paisabazaar Marketing Consulting Pvt Ltd,HDFC BANK LTD.,2026-09-25,https://data.rbi.org.in/BOE/OpenDocument/opendoc/custom.jsp?iDocID=ARfEgy.WNSVIvFfvSIVmBCw&sIDType=CUID,Playstore,https://play.google.com/store/apps/details?id=com.paisabazaar,https://play.google.com/store/apps/details?id=com.paisabazaar,com.paisabazaar,919,0
PayZapp,Self Owned,HDFC BANK LTD.,2026-09-25,https://data.rbi.org.in/BOE/OpenDocument/opendoc/custom.jsp?iDocID=ARfEgy.WNSVIvFfvSIVmBCw&sIDType=CUID,Playstore,https://v.hdfc.bank.in/payzapp/index.html,https://v.hdfc.bank.in/payzapp/index.html,,920,0
Salary Se App (DLA of LSP),LSP- Critical Path Technologies Pvt Ltd,HDFC BANK LTD.,2026-09-25,https://data.rbi.org.in/BOE/OpenDocument/opendoc/custom.jsp?iDocID=ARfEgy.WNSVIvFfvSIVmBCw&sIDType=CUID,Website,QR code available Website for direct download.https://www.salaryse.com/,QR code available Website for direct download.https://www.salaryse.com/,,921,0
Xpress Car Loan (DIAL),Self Owned,HDFC BANK LTD.,2026-09-25,https://data.rbi.org.in/BOE/OpenDocument/opendoc/custom.jsp?iDocID=ARfEgy.WNSVIvFfvSIVmBCw&sIDType=CUID,Website,https://applycarloan.hdfc.bank.in/DiAL/#/loans,https://applycarloan.hdfc.bank.in/DiAL/#/loans,,922,0
FinAGG SME,FinAGG Services Private Limited,HELPAGE FINLEASE LIMITED,2026-09-25,https://data.rbi.org.in/BOE/OpenDocument/opendoc/custom.jsp?iDocID=ARfEgy.WNSVIvFfvSIVmBCw&sIDType=CUID,Playstore,https://www.finagg.in,www.finagg.in,,923,0
Flipkart App,Flipkart Internet Private Limited(DLA),HERO FINCORP LIMITED,2026-09-25,https://data.rbi.org.in/BOE/OpenDocument/opendoc/custom.jsp?iDocID=ARfEgy.WNSVIvFfvSIVmBCw&sIDType=CUID,App Store,https://apps.apple.com/in/app/flipkart-online-shopping-app/id742044692,https://apps.apple.com/in/app/flipkart-online-shopping-app/id742044692,,924,0
Flipkart App,Flipkart Internet Private Limited(DLA),HERO FINCORP LIMITED,2026-09-25,https://data.rbi.org.in/BOE/OpenDocument/opendoc/custom.jsp?iDocID=ARfEgy.WNSVIvFfvSIVmBCw&sIDType=CUID,Google Play Store,https://play.google.com/store/apps/details?id=com.flipkart.android,https://play.google.com/store/apps/details?id=com.flipkart.android&hl=en_IN,com.flipkart.android,925,0
Flipkart App,Flipkart Internet Private Limited(DLA),HERO FINCORP LIMITED,2026-09-25,https://data.rbi.org.in/BOE/OpenDocument/opendoc/custom.jsp?iDocID=ARfEgy.WNSVIvFfvSIVmBCw&sIDType=CUID,Website,https://www.flipkart.com/,https://www.flipkart.com/,,926,0
Hero Digital Lending & UPI App,Hero FinCorp Limited,HERO FINCORP LIMITED,2026-09-25,https://data.rbi.org.in/BOE/OpenDocument/opendoc/custom.jsp?iDocID=ARfEgy.WNSVIvFfvSIVmBCw&sIDType=CUID,Apple AppStore,Hero Digital Lending & UPI App App - App Store,Hero Digital Lending & UPI App App - App Store,,927,0
Hero Digital Lending & UPI App,Hero FinCorp Limited,HERO FINCORP LIMITED,2026-09-25,https://data.rbi.org.in/BOE/OpenDocument/opendoc/custom.jsp?iDocID=ARfEgy.WNSVIvFfvSIVmBCw&sIDType=CUID,Google PlayStore,Hero Digital Lending & UPI App - Apps on Google Play,Hero Digital Lending & UPI App - Apps on Google Play,,928,0
Hero FinCorp Customer App,Hero FinCorp Limited,HERO FINCORP LIMITED,2026-09-25,https://data.rbi.org.in/BOE/OpenDocument/opendoc/custom.jsp?iDocID=ARfEgy.WNSVIvFfvSIVmBCw&sIDType=CUID,Apple App store,"https://apps.apple.com/in/app/hero-fincorp-customer-app/id1510121935,","https://apps.apple.com/in/app/hero-fincorp-customer-app/id1510121935,",,929,0
Hero FinCorp Customer App,Hero FinCorp Limited,HERO FINCORP LIMITED,2026-09-25,https://data.rbi.org.in/BOE/OpenDocument/opendoc/custom.jsp?iDocID=ARfEgy.WNSVIvFfvSIVmBCw&sIDType=CUID,Google play store,https://play.google.com/store/apps/details?id=com.customer.herofincorp,https://play.google.com/store/apps/details?id=com.customer.herofincorp,com.customer.herofincorp,930,0
Hero FinCorp Customer App,Hero FinCorp Limited,HERO FINCORP LIMITED,2026-09-25,https://data.rbi.org.in/BOE/OpenDocument/opendoc/custom.jsp?iDocID=ARfEgy.WNSVIvFfvSIVmBCw&sIDType=CUID,Website,https://www.herofincorp.com/,https://www.herofincorp.com/,,931,0
Hero FinCorp Digital UBL,Hero FinCorp Limited,HERO FINCORP LIMITED,2026-09-25,https://data.rbi.org.in/BOE/OpenDocument/opendoc/custom.jsp?iDocID=ARfEgy.WNSVIvFfvSIVmBCw&sIDType=CUID,Website,https://hfcl-bl-credit-link.finbox.in/dynamic-creditlink,https://hfcl-bl-credit-link.finbox.in/dynamic-creditlink,,932,0
Hero FinCorp Personal Loan App,Hero FinCorp Limited,HERO FINCORP LIMITED,2026-09-25,https://data.rbi.org.in/BOE/OpenDocument/opendoc/custom.jsp?iDocID=ARfEgy.WNSVIvFfvSIVmBCw&sIDType=CUID,Website,https://loans.apps.herofincorp.com/en/personal-loan,https://loans.apps.herofincorp.com/en/personal-loan,,933,0
"MobiKwik : Loans, UPI & Wallet",Owned byOne MobiKwik Systems Limited and Operated by MobiKwik Distribution Services Private Limited,HERO FINCORP LIMITED,2026-09-25,https://data.rbi.org.in/BOE/OpenDocument/opendoc/custom.jsp?iDocID=ARfEgy.WNSVIvFfvSIVmBCw&sIDType=CUID,App Store,https://apps.apple.com/in/app/mobikwik-loans-upi-wallet/id600002523,https://apps.apple.com/in/app/mobikwik-loans-upi-wallet/id600002523,,934,0
"MobiKwik : Loans, UPI & Wallet",Owned byOne MobiKwik Systems Limited and Operated by MobiKwik Distribution Services Private Limited,HERO FINCORP LIMITED,2026-09-25,https://data.rbi.org.in/BOE/OpenDocument/opendoc/custom.jsp?iDocID=ARfEgy.WNSVIvFfvSIVmBCw&sIDType=CUID,Google Play Store,https://play.google.com/store/apps/details?id=com.mobikwik_new,https://play.google.com/store/apps/details?id=com.mobikwik_new,com.mobikwik_new,935,0
PaisaBazar,Paisabazaar Marketing and Consulting Private Limited,HERO FINCORP LIMITED,2026-09-25,https://data.rbi.org.in/BOE/OpenDocument/opendoc/custom.jsp?iDocID=ARfEgy.WNSVIvFfvSIVmBCw&sIDType=CUID,Apple App store,https://apps.apple.com/in/app/paisabazaar-com-loans-cards/id1029403201,https://apps.apple.com/in/app/paisabazaar-com-loans-cards/id1029403201,,936,0
PaisaBazar,Paisabazaar Marketing and Consulting Private Limited,HERO FINCORP LIMITED,2026-09-25,https://data.rbi.org.in/BOE/OpenDocument/opendoc/custom.jsp?iDocID=ARfEgy.WNSVIvFfvSIVmBCw&sIDType=CUID,Google Play store,https://play.google.com/store/apps/details?id=com.paisabazaar,https://play.google.com.store/apps/details?id=com.paisabazaar,com.paisabazaar,937,0
PaisaBazar,Paisabazaar Marketing and Consulting Private Limited,HERO FINCORP LIMITED,2026-09-25,https://data.rbi.org.in/BOE/OpenDocument/opendoc/custom.jsp?iDocID=ARfEgy.WNSVIvFfvSIVmBCw&sIDType=CUID,Website,paisabazaar.com,paisabazaar.com,,938,0
Paytm,One97 Communications Limited,HERO FINCORP LIMITED,2026-09-25,https://data.rbi.org.in/BOE/OpenDocument/opendoc/custom.jsp?iDocID=ARfEgy.WNSVIvFfvSIVmBCw&sIDType=CUID,Apple App store,https://apps.apple.com/in/app/paytm-secure-upi-payments/id473941634,https://apps.apple.com/in/app/paytm-secure-upi-payments/id473941634,,939,0
Paytm,One97 Communications Limited,HERO FINCORP LIMITED,2026-09-25,https://data.rbi.org.in/BOE/OpenDocument/opendoc/custom.jsp?iDocID=ARfEgy.WNSVIvFfvSIVmBCw&sIDType=CUID,Google Play store,https://play.google.com/store/apps/details?id=net.one97.paytm,https://play.google.com/store/apps/details?id=net.one97.paytm,net.one97.paytm,940,0
Paytm,One97 Communications Limited,HERO FINCORP LIMITED,2026-09-25,https://data.rbi.org.in/BOE/OpenDocument/opendoc/custom.jsp?iDocID=ARfEgy.WNSVIvFfvSIVmBCw&sIDType=CUID,Website,https://paytm.com/contact-us,https://paytm.com/contact-us,,941,0
BimaPay,BimaPay Finsure Private Limited,HINDON MERCANTILE LIMITED,2026-09-25,https://data.rbi.org.in/BOE/OpenDocument/opendoc/custom.jsp?iDocID=ARfEgy.WNSVIvFfvSIVmBCw&sIDType=CUID,Website,https://app.bimapay.in/auth/login/,https://app.bimapay.in/auth/login/,,942,0
Finsall,Finsall Resources Private Limited,HINDON MERCANTILE LIMITED,2026-09-25,https://data.rbi.org.in/BOE/OpenDocument/opendoc/custom.jsp?iDocID=ARfEgy.WNSVIvFfvSIVmBCw&sIDType=CUID,Google Play Store & Apple Play Store,https://play.google.com/store/apps/details?id=com.finsall,https://play.google.com/store/apps/details?id=com.finsall&hl=en_IN and https://apps.apple.com/in/app/finsall/id155341993,com.finsall,943,0
Kosh,Adhikosh Finserve Pvt Ltd,HINDON MERCANTILE LIMITED,2026-09-25,https://data.rbi.org.in/BOE/OpenDocument/opendoc/custom.jsp?iDocID=ARfEgy.WNSVIvFfvSIVmBCw&sIDType=CUID,Google Play Store & Apple Play Store,https://play.google.com/store/apps/details?id=com.kosh,https://play.google.com/store/apps/details?id=com.kosh&hl=en_IN and https://apps.apple.com/us/app/kosh/id1465669370,com.kosh,944,0
LOAN TAP,LoanTap Financial Technologies Private Limited,HINDON MERCANTILE LIMITED,2026-09-25,https://data.rbi.org.in/BOE/OpenDocument/opendoc/custom.jsp?iDocID=ARfEgy.WNSVIvFfvSIVmBCw&sIDType=CUID,Google Play Store & Apple Play Store,https://play.google.com/store/apps/details?id=in.loantap.app,https://play.google.com/store/apps/details?id=in.loantap.app&hl=en_IN and https://apps.apple.com/in/app/loantap/id1461444558,in.loantap.app,945,0
UdaanCapital,KWICKEDGE TECHNOLOGY PRIVATE LIMITED,HIVELOOP CAPITAL PRIVATE LIMITED,2026-09-25,https://data.rbi.org.in/BOE/OpenDocument/opendoc/custom.jsp?iDocID=ARfEgy.WNSVIvFfvSIVmBCw&sIDType=CUID,Apple app store,https://apps.apple.com/in/app/udaancapital/id1579521584,https://apps.apple.com/in/app/udaancapital/id1579521584,,946,0
UdaanCapital,KWICKEDGE TECHNOLOGY PRIVATE LIMITED,HIVELOOP CAPITAL PRIVATE LIMITED,2026-09-25,https://data.rbi.org.in/BOE/OpenDocument/opendoc/custom.jsp?iDocID=ARfEgy.WNSVIvFfvSIVmBCw&sIDType=CUID,Google play store,https://play.google.com/store/apps/details?id=com.udaancapital.pratishtha,https://play.google.com/store/apps/details?id=com.udaancapital.pratishtha&hl=en_IN,com.udaancapital.pratishtha,947,0
UdaanCapital,KWICKEDGE TECHNOLOGY PRIVATE LIMITED,HIVELOOP CAPITAL PRIVATE LIMITED,2026-09-25,https://data.rbi.org.in/BOE/OpenDocument/opendoc/custom.jsp?iDocID=ARfEgy.WNSVIvFfvSIVmBCw&sIDType=CUID,Website,https://udaancapital.com/,https://udaancapital.com/,,948,0
Home Credit Personal Loan App,Self-owned,HOME CREDIT INDIA FINANCE PRIVATE LIMITED,2026-09-25,https://data.rbi.org.in/BOE/OpenDocument/opendoc/custom.jsp?iDocID=ARfEgy.WNSVIvFfvSIVmBCw&sIDType=CUID,Google Play Store,https://play.google.com/store/apps/details?id=com.portal.hcin,‭https://play.google.com/store/apps/details?id=com.portal.hcin,com.portal.hcin,949,0
InstaCred by Flexmoney,Flexmoney Technologies Private Limited,HOME CREDIT INDIA FINANCE PRIVATE LIMITED,2026-09-25,https://data.rbi.org.in/BOE/OpenDocument/opendoc/custom.jsp?iDocID=ARfEgy.WNSVIvFfvSIVmBCw&sIDType=CUID,Website,https://www.instacred.me/buy,https://www.instacred.me/buy,,950,0
UrbanMoney,Self-owned,HYTONE MERCHANTS (P) LTD,2026-09-25,https://data.rbi.org.in/BOE/OpenDocument/opendoc/custom.jsp?iDocID=ARfEgy.WNSVIvFfvSIVmBCw&sIDType=CUID,Google Play Store,https://play.google.com/store/apps/details?id=com.urbanhmpl,https://play.google.com/store/apps/details?id=com.urbanhmpl,com.urbanhmpl,951,0
UrbanMoney,Self-owned,HYTONE MERCHANTS (P) LTD,2026-09-25,https://data.rbi.org.in/BOE/OpenDocument/opendoc/custom.jsp?iDocID=ARfEgy.WNSVIvFfvSIVmBCw&sIDType=CUID,Indus App Store,https://play.google.com/store/apps/details?id=com.urbanhmpl,https://www.indusappstore.com/apps/finance/urbanmoney/com.urbanhmpl?page=details&id=com.urbanhmpl,com.urbanhmpl,952,0
IBL Finance Limited,IBL Finance Limited,IBL FINANCE LIMITED,2026-09-25,https://data.rbi.org.in/BOE/OpenDocument/opendoc/custom.jsp?iDocID=ARfEgy.WNSVIvFfvSIVmBCw&sIDType=CUID,Website,https://iblfinance.in/,https://iblfinance.in/,,953,0
IBL:Instant Personal Loan,IBL Finance Limited,IBL FINANCE LIMITED,2026-09-25,https://data.rbi.org.in/BOE/OpenDocument/opendoc/custom.jsp?iDocID=ARfEgy.WNSVIvFfvSIVmBCw&sIDType=CUID,Google Play,https://play.google.com/store/apps/details?id=com.ibl.moneymanagement.app,https://play.google.com/store/apps/details?id=com.ibl.moneymanagement.app&pli=1,com.ibl.moneymanagement.app,954,0
IBL Money:Instant Loan App,IBL Finance Limited,IBL FINANCE LIMITED,2026-09-25,https://data.rbi.org.in/BOE/OpenDocument/opendoc/custom.jsp?iDocID=ARfEgy.WNSVIvFfvSIVmBCw&sIDType=CUID,Google Play Store,https://play.google.com/store/apps/details?id=com.ibl.money.instantloan,https://play.google.com/store/apps/details?id=com.ibl.money.instantloan,com.ibl.money.instantloan,955,0
Corporate Internet Banking,Self-Owned,ICICI BANK LIMITED,2026-09-25,https://data.rbi.org.in/BOE/OpenDocument/opendoc/custom.jsp?iDocID=ARfEgy.WNSVIvFfvSIVmBCw&sIDType=CUID,ICICI Bank Website,https://cibnext.icici.bank.in/corp/AuthenticationController?FORMSGROUP_ID__=AuthenticationFG&__START_TRAN_FLAG__=Y&FG_BUTTONS__=LOAD&ACTION.LOAD=Y&AuthenticationFG.LOGIN_FLAG=1&BANK_ID=ICI&ITM=nli_digitalLending_digitalLending_na_headercomponent_237_CMS_login_corporate_CIBNXT,https://cibnext.icici.bank.in/corp/AuthenticationController?FORMSGROUP_ID__=AuthenticationFG&__START_TRAN_FLAG__=Y&FG_BUTTONS__=LOAD&ACTION.LOAD=Y&AuthenticationFG.LOGIN_FLAG=1&BANK_ID=ICI&ITM=nli_digitalLending_digitalLending_na_headercomponent_237_CMS_login_corporate_CIBNXT,,956,0
Digital Term Loan,Self-Owned,ICICI BANK LIMITED,2026-09-25,https://data.rbi.org.in/BOE/OpenDocument/opendoc/custom.jsp?iDocID=ARfEgy.WNSVIvFfvSIVmBCw&sIDType=CUID,Website / embedded into Gpay mobile app,https://clos.icici.bank.in/CAOOD/index.html,https://clos.icici.bank.in/CAOOD/index.html,,957,0
Express Home Loan,Self-Owned,ICICI BANK LIMITED,2026-09-25,https://data.rbi.org.in/BOE/OpenDocument/opendoc/custom.jsp?iDocID=ARfEgy.WNSVIvFfvSIVmBCw&sIDType=CUID,Website,https://loans.icici.bank.in/loans/home-loan/#/home-loan-application,https://loans.icici.bank.in/loans/home-loan/#/home-loan-application,,958,0
Finfinity,Synergenius Growth Private Limited,ICICI BANK LIMITED,2026-09-25,https://data.rbi.org.in/BOE/OpenDocument/opendoc/custom.jsp?iDocID=ARfEgy.WNSVIvFfvSIVmBCw&sIDType=CUID,Website,https://www.finfinity.co.in/#,https://www.finfinity.co.in/#,,959,0
iMobile (Android),Self-Owned,ICICI BANK LIMITED,2026-09-25,https://data.rbi.org.in/BOE/OpenDocument/opendoc/custom.jsp?iDocID=ARfEgy.WNSVIvFfvSIVmBCw&sIDType=CUID,Playstore,https://play.google.com/store/apps/details?id=com.csam.icici.bank.imobile,https://play.google.com/store/apps/details?id=com.csam.icici.bank.imobile,com.csam.icici.bank.imobile,960,0
iMobile (IOS),Self-Owned,ICICI BANK LIMITED,2026-09-25,https://data.rbi.org.in/BOE/OpenDocument/opendoc/custom.jsp?iDocID=ARfEgy.WNSVIvFfvSIVmBCw&sIDType=CUID,Appstore,https://apps.apple.com/in/app/imobile-by-icici-bank/id375276006,https://apps.apple.com/in/app/imobile-by-icici-bank/id375276006,,961,0
Insta BIL,Self-Owned,ICICI BANK LIMITED,2026-09-25,https://data.rbi.org.in/BOE/OpenDocument/opendoc/custom.jsp?iDocID=ARfEgy.WNSVIvFfvSIVmBCw&sIDType=CUID,Website,https://clos.icici.bank.in/BIL/Apply.jsp,https://clos.icici.bank.in/BIL/Apply.jsp,,962,0
InstaBIZ ( Android),Self-Owned,ICICI BANK LIMITED,2026-09-25,https://data.rbi.org.in/BOE/OpenDocument/opendoc/custom.jsp?iDocID=ARfEgy.WNSVIvFfvSIVmBCw&sIDType=CUID,Playstore,https://play.google.com/store/apps/details?id=com.icicibank.ibizz,https://play.google.com/store/apps/details?id=com.icicibank.ibizz,com.icicibank.ibizz,963,0
InstaBIZ (IOS),Self-Owned,ICICI BANK LIMITED,2026-09-25,https://data.rbi.org.in/BOE/OpenDocument/opendoc/custom.jsp?iDocID=ARfEgy.WNSVIvFfvSIVmBCw&sIDType=CUID,Appstore,https://apps.apple.com/in/app/instabiz-by-icici-bank/id731936356,https://apps.apple.com/in/app/instabiz-by-icici-bank/id731936356,,964,0
InstaOD,Self-Owned,ICICI BANK LIMITED,2026-09-25,https://data.rbi.org.in/BOE/OpenDocument/opendoc/custom.jsp?iDocID=ARfEgy.WNSVIvFfvSIVmBCw&sIDType=CUID,Website,https://clos.icici.bank.in/CAOOD/Apply.jsp,https://clos.icici.bank.in/CAOOD/Apply.jsp,,965,0
Internet Banking (Retail and NRI),Self-Owned,ICICI BANK LIMITED,2026-09-25,https://data.rbi.org.in/BOE/OpenDocument/opendoc/custom.jsp?iDocID=ARfEgy.WNSVIvFfvSIVmBCw&sIDType=CUID,ICICI Bank Website,https://retailnetbanking.icici.bank.in/login-page?utm_source=website&utm_medium=onelink&utm_campaign=home_home_na,https://retailnetbanking.icici.bank.in/login-page?utm_source=website&utm_medium=onelink&utm_campaign=home_home_na,,966,0
OD on Asset,Self-owned,ICICI BANK LIMITED,2026-09-25,https://data.rbi.org.in/BOE/OpenDocument/opendoc/custom.jsp?iDocID=ARfEgy.WNSVIvFfvSIVmBCw&sIDType=CUID,Website,https://clos.icici.bank.in/MortgageOD/Apply.jsp,https://clos.icici.bank.in/MortgageOD/Apply.jsp,,967,0
Online Asset Portal (OAP),Self-Owned,ICICI BANK LIMITED,2026-09-25,https://data.rbi.org.in/BOE/OpenDocument/opendoc/custom.jsp?iDocID=ARfEgy.WNSVIvFfvSIVmBCw&sIDType=CUID,Website,https://oapnext.icici.bank.in/asset-portal-all/apply-now?loanType=pl&SALOD=true,https://oapnext.icici.bank.in/asset-portal-all/apply-now?loanType=pl&SALOD=true,,968,0
Unified Customer Journey,Self-Owned,ICICI BANK LIMITED,2026-09-25,https://data.rbi.org.in/BOE/OpenDocument/opendoc/custom.jsp?iDocID=ARfEgy.WNSVIvFfvSIVmBCw&sIDType=CUID,ICICI Bank Website,https://buy.icici.bank.in/cap-v2/index,https://buy.icici.bank.in/cap-v2/index,,969,0
Zoop Money,Finspire Global Private Limited,ICICI BANK LIMITED,2026-09-25,https://data.rbi.org.in/BOE/OpenDocument/opendoc/custom.jsp?iDocID=ARfEgy.WNSVIvFfvSIVmBCw&sIDType=CUID,Website,https://zoop.money/,https://zoop.money/,,970,0
Bank's website,IDBI Bank Ltd,IDBI BANK LIMITED,2026-09-25,https://data.rbi.org.in/BOE/OpenDocument/opendoc/custom.jsp?iDocID=ARfEgy.WNSVIvFfvSIVmBCw&sIDType=CUID,Website,https://www.idbibank.in/personal-loan.aspx,www.idbibank.in/personal-loan.aspx,,971,0
Bank's website,IDBI Bank Ltd,IDBI BANK LIMITED,2026-09-25,https://data.rbi.org.in/BOE/OpenDocument/opendoc/custom.jsp?iDocID=ARfEgy.WNSVIvFfvSIVmBCw&sIDType=CUID,Website,https://www.idbibank.in/personal-loan.aspx,www.idbibank.in/personal-loan.aspx,,972,0
Bank's website,IDBI Bank Ltd,IDBI BANK LIMITED,2026-09-25,https://data.rbi.org.in/BOE/OpenDocument/opendoc/custom.jsp?iDocID=ARfEgy.WNSVIvFfvSIVmBCw&sIDType=CUID,Website,https://www.idbibank.in/personal-loan.aspx,www.idbibank.in/personal-loan.aspx,,973,0
Bank's website,IDBI Bank Ltd,IDBI BANK LIMITED,2026-09-25,https://data.rbi.org.in/BOE/OpenDocument/opendoc/custom.jsp?iDocID=ARfEgy.WNSVIvFfvSIVmBCw&sIDType=CUID,Website,https://www.idbibank.in/personal-loan.aspx,www.idbibank.in/personal-loan.aspx,,974,0
Bank's website,IDBI Bank Ltd,IDBI BANK LIMITED,2026-09-25,https://data.rbi.org.in/BOE/OpenDocument/opendoc/custom.jsp?iDocID=ARfEgy.WNSVIvFfvSIVmBCw&sIDType=CUID,Website,https://www.idbibank.in/personal-loan.aspx,www.idbibank.in/personal-loan.aspx,,975,0
Bank's website,IDBI Bank Ltd,IDBI BANK LIMITED,2026-09-25,https://data.rbi.org.in/BOE/OpenDocument/opendoc/custom.jsp?iDocID=ARfEgy.WNSVIvFfvSIVmBCw&sIDType=CUID,Website,https://www.idbibank.in/personal-loan.aspx,www.idbibank.in/personal-loan.aspx,,976,0
Bank's website,IDBI Bank Ltd,IDBI BANK LIMITED,2026-09-25,https://data.rbi.org.in/BOE/OpenDocument/opendoc/custom.jsp?iDocID=ARfEgy.WNSVIvFfvSIVmBCw&sIDType=CUID,Website,https://www.idbibank.in/personal-loan.aspx,www.idbibank.in/personal-loan.aspx,,977,0
Bank's website,IDBI Bank Ltd,IDBI BANK LIMITED,2026-09-25,https://data.rbi.org.in/BOE/OpenDocument/opendoc/custom.jsp?iDocID=ARfEgy.WNSVIvFfvSIVmBCw&sIDType=CUID,Website,https://www.idbibank.in/personal-loan.aspx,www.idbibank.in/personal-loan.aspx,,978,0
Bank's website,IDBI Bank Ltd,IDBI BANK LIMITED,2026-09-25,https://data.rbi.org.in/BOE/OpenDocument/opendoc/custom.jsp?iDocID=ARfEgy.WNSVIvFfvSIVmBCw&sIDType=CUID,Website,https://www.idbibank.in/personal-loan.aspx,www.idbibank.in/personal-loan.aspx,,979,0
Bank's website,IDBI Bank Ltd,IDBI BANK LIMITED,2026-09-25,https://data.rbi.org.in/BOE/OpenDocument/opendoc/custom.jsp?iDocID=ARfEgy.WNSVIvFfvSIVmBCw&sIDType=CUID,Website,https://www.idbibank.in/personal-loan.aspx,www.idbibank.in/personal-loan.aspx,,980,0
Bank's website,IDBI Bank Ltd,IDBI BANK LIMITED,2026-09-25,https://data.rbi.org.in/BOE/OpenDocument/opendoc/custom.jsp?iDocID=ARfEgy.WNSVIvFfvSIVmBCw&sIDType=CUID,Website,https://www.idbibank.in/personal-loan.aspx,www.idbibank.in/personal-loan.aspx,,981,0
Bank's website,IDBI Bank Ltd,IDBI BANK LIMITED,2026-09-25,https://data.rbi.org.in/BOE/OpenDocument/opendoc/custom.jsp?iDocID=ARfEgy.WNSVIvFfvSIVmBCw&sIDType=CUID,Website,https://www.idbibank.in/personal-loan.aspx,www.idbibank.in/personal-loan.aspx,,982,0
Bank's website,IDBI Bank Ltd,IDBI BANK LIMITED,2026-09-25,https://data.rbi.org.in/BOE/OpenDocument/opendoc/custom.jsp?iDocID=ARfEgy.WNSVIvFfvSIVmBCw&sIDType=CUID,Website,https://www.idbibank.in/personal-loan.aspx,www.idbibank.in/personal-loan.aspx,,983,0
Bank's website,IDBI Bank Ltd,IDBI BANK LIMITED,2026-09-25,https://data.rbi.org.in/BOE/OpenDocument/opendoc/custom.jsp?iDocID=ARfEgy.WNSVIvFfvSIVmBCw&sIDType=CUID,Website,https://www.idbibank.in/personal-loan.aspx,www.idbibank.in/personal-loan.aspx,,984,0
Bank's website,IDBI Bank Ltd,IDBI BANK LIMITED,2026-09-25,https://data.rbi.org.in/BOE/OpenDocument/opendoc/custom.jsp?iDocID=ARfEgy.WNSVIvFfvSIVmBCw&sIDType=CUID,Website,https://www.idbibank.in/personal-loan.aspx,www.idbibank.in/personal-loan.aspx,,985,0
Angel One,Angel One Limited,IDFC FIRST BANK LIMITED,2026-09-25,https://data.rbi.org.in/BOE/OpenDocument/opendoc/custom.jsp?iDocID=ARfEgy.WNSVIvFfvSIVmBCw&sIDType=CUID,Apple app store,https://apps.apple.com/in/app/angel-one-stocks-mutual-fund/id1060530981,https://apps.apple.com/in/app/angel-one-stocks-mutual-fund/id1060530981,,986,0
Angel One,Angel One Limited,IDFC FIRST BANK LIMITED,2026-09-25,https://data.rbi.org.in/BOE/OpenDocument/opendoc/custom.jsp?iDocID=ARfEgy.WNSVIvFfvSIVmBCw&sIDType=CUID,Google play store,https://play.google.com/store/apps/details?id=com.msf.angelmobile,https://play.google.com/store/apps/details?id=com.msf.angelmobile&hl=en_IN,com.msf.angelmobile,987,0
Cred,Dreamplug Technologies Private Limited,IDFC FIRST BANK LIMITED,2026-09-25,https://data.rbi.org.in/BOE/OpenDocument/opendoc/custom.jsp?iDocID=ARfEgy.WNSVIvFfvSIVmBCw&sIDType=CUID,Apple app store,https://apps.apple.com/in/app/cred-credit-cards-payments/id1428580080,https://apps.apple.com/in/app/cred-credit-cards-payments/id1428580080,,988,0
Cred,Dreamplug Technologies Private Limited,IDFC FIRST BANK LIMITED,2026-09-25,https://data.rbi.org.in/BOE/OpenDocument/opendoc/custom.jsp?iDocID=ARfEgy.WNSVIvFfvSIVmBCw&sIDType=CUID,Google play store,https://play.google.com/store/apps/details?id=com.dreamplug.androidapp,https://play.google.com/store/apps/details?id=com.dreamplug.androidapp,com.dreamplug.androidapp,989,0
ET Money,Banayantree Services Limited,IDFC FIRST BANK LIMITED,2026-09-25,https://data.rbi.org.in/BOE/OpenDocument/opendoc/custom.jsp?iDocID=ARfEgy.WNSVIvFfvSIVmBCw&sIDType=CUID,Apple app store,https://apps.apple.com/in/app/et-money-mutual-funds-stocks/id1212752482,https://apps.apple.com/in/app/et-money-mutual-funds-stocks/id1212752482,,990,0
ET Money,Banayantree Services Limited,IDFC FIRST BANK LIMITED,2026-09-25,https://data.rbi.org.in/BOE/OpenDocument/opendoc/custom.jsp?iDocID=ARfEgy.WNSVIvFfvSIVmBCw&sIDType=CUID,Google play store,https://play.google.com/store/apps/details?id=com.smartspends,https://play.google.com/store/apps/details?id=com.smartspends&hl=en_IN,com.smartspends,991,0
Flipkart,Flipkart Internet Private Limited,IDFC FIRST BANK LIMITED,2026-09-25,https://data.rbi.org.in/BOE/OpenDocument/opendoc/custom.jsp?iDocID=ARfEgy.WNSVIvFfvSIVmBCw&sIDType=CUID,Apple app store,https://apps.apple.com/in/app/flipkart-online-shopping-app/id742044692,https://apps.apple.com/in/app/flipkart-online-shopping-app/id742044692,,992,0
Flipkart,Flipkart Internet Private Limited,IDFC FIRST BANK LIMITED,2026-09-25,https://data.rbi.org.in/BOE/OpenDocument/opendoc/custom.jsp?iDocID=ARfEgy.WNSVIvFfvSIVmBCw&sIDType=CUID,Google play store,https://play.google.com/store/apps/details?id=com.flipkart.android,https://play.google.com/store/apps/details?id=com.flipkart.android&hl=en_IN,com.flipkart.android,993,0
Google Pay,Google India Digital Services Private Limited,IDFC FIRST BANK LIMITED,2026-09-25,https://data.rbi.org.in/BOE/OpenDocument/opendoc/custom.jsp?iDocID=ARfEgy.WNSVIvFfvSIVmBCw&sIDType=CUID,Apple app store,https://apps.apple.com/in/app/google-pay-save-pay-manage/id1193357041,https://apps.apple.com/in/app/google-pay-save-pay-manage/id1193357041,,994,0
Google Pay,Google India Digital Services Private Limited,IDFC FIRST BANK LIMITED,2026-09-25,https://data.rbi.org.in/BOE/OpenDocument/opendoc/custom.jsp?iDocID=ARfEgy.WNSVIvFfvSIVmBCw&sIDType=CUID,Google play store,https://play.google.com/store/apps/details?id=com.google.android.apps.nbu.paisa.user,https://play.google.com/store/apps/details?id=com.google.android.apps.nbu.paisa.user&hl=en_IN,com.google.android.apps.nbu.paisa.user,995,0
Groww Credit,Billionbrains Garage Ventures Limited,IDFC FIRST BANK LIMITED,2026-09-25,https://data.rbi.org.in/BOE/OpenDocument/opendoc/custom.jsp?iDocID=ARfEgy.WNSVIvFfvSIVmBCw&sIDType=CUID,Apple app store,https://apps.apple.com/in/app/groww-credit-instant-loan-app/id6633433697,https://apps.apple.com/in/app/groww-credit-instant-loan-app/id6633433697,,996,0
Groww Credit,Billionbrains Garage Ventures Limited,IDFC FIRST BANK LIMITED,2026-09-25,https://data.rbi.org.in/BOE/OpenDocument/opendoc/custom.jsp?iDocID=ARfEgy.WNSVIvFfvSIVmBCw&sIDType=CUID,Google play store,https://play.google.com/store/apps/details?id=in.groww.dash,https://play.google.com/store/apps/details?id=in.groww.dash,in.groww.dash,997,0
Groww: Stocks & Mutual Fund,Billionbrains Garage Ventures Limited,IDFC FIRST BANK LIMITED,2026-09-25,https://data.rbi.org.in/BOE/OpenDocument/opendoc/custom.jsp?iDocID=ARfEgy.WNSVIvFfvSIVmBCw&sIDType=CUID,Apple app store,https://apps.apple.com/in/app/groww-stocks-mutual-fund-upi/id1404871703,https://apps.apple.com/in/app/groww-stocks-mutual-fund-upi/id1404871703,,998,0
Groww: Stocks & Mutual Fund,Billionbrains Garage Ventures Limited,IDFC FIRST BANK LIMITED,2026-09-25,https://data.rbi.org.in/BOE/OpenDocument/opendoc/custom.jsp?iDocID=ARfEgy.WNSVIvFfvSIVmBCw&sIDType=CUID,Google play store,https://play.google.com/store/apps/details?id=com.nextbillion.groww,https://play.google.com/store/apps/details?id=com.nextbillion.groww,com.nextbillion.groww,999,0
IDFC FIRST BANK,IDFC FIRST BANK Limited,IDFC FIRST BANK LIMITED,2026-09-25,https://data.rbi.org.in/BOE/OpenDocument/opendoc/custom.jsp?iDocID=ARfEgy.WNSVIvFfvSIVmBCw&sIDType=CUID,Apple app store,https://apps.apple.com/in/app/idfc-first-bank-mobilebanking/id1521443352,https://apps.apple.com/in/app/idfc-first-bank-mobilebanking/id1521443352,,1000,0
IDFC FIRST BANK,IDFC FIRST BANK Limited,IDFC FIRST BANK LIMITED,2026-09-25,https://data.rbi.org.in/BOE/OpenDocument/opendoc/custom.jsp?iDocID=ARfEgy.WNSVIvFfvSIVmBCw&sIDType=CUID,Google play store,https://play.google.com/store/apps/details?id=com.idfcfirstbank.optimus,https://play.google.com/store/apps/details?id=com.idfcfirstbank.optimus,com.idfcfirstbank.optimus,1001,0
IDFC FIRST BANK,IDFC FIRST BANK Limited,IDFC FIRST BANK LIMITED,2026-09-25,https://data.rbi.org.in/BOE/OpenDocument/opendoc/custom.jsp?iDocID=ARfEgy.WNSVIvFfvSIVmBCw&sIDType=CUID,Website,https://my.idfcfirstbank.com/firstmoney/apply-loan,https://my.idfcfirstbank.com/firstmoney/apply-loan,,1002,0
INDmoney,Finzoomers Services Private Limited,IDFC FIRST BANK LIMITED,2026-09-25,https://data.rbi.org.in/BOE/OpenDocument/opendoc/custom.jsp?iDocID=ARfEgy.WNSVIvFfvSIVmBCw&sIDType=CUID,Apple app store,https://apps.apple.com/in/app/indmoney-stocks-mutual-funds/id1450178837,https://apps.apple.com/in/app/indmoney-stocks-mutual-funds/id1450178837,,1003,0
INDmoney,Finzoomers Services Private Limited,IDFC FIRST BANK LIMITED,2026-09-25,https://data.rbi.org.in/BOE/OpenDocument/opendoc/custom.jsp?iDocID=ARfEgy.WNSVIvFfvSIVmBCw&sIDType=CUID,Google play store,https://play.google.com/store/apps/details?id=in.indwealth,https://play.google.com/store/apps/details?id=in.indwealth&hl=en_IN&gl=US,in.indwealth,1004,0
InstaCred by Flexmoney,Flexmoney Technologies Pvt Ltd,IDFC FIRST BANK LIMITED,2026-09-25,https://data.rbi.org.in/BOE/OpenDocument/opendoc/custom.jsp?iDocID=ARfEgy.WNSVIvFfvSIVmBCw&sIDType=CUID,Website,https://www.instacred.me/buy,https://www.instacred.me/buy,,1005,0
Navi Finserv Limited,Navi Finserv Limited,IDFC FIRST BANK LIMITED,2026-09-25,https://data.rbi.org.in/BOE/OpenDocument/opendoc/custom.jsp?iDocID=ARfEgy.WNSVIvFfvSIVmBCw&sIDType=CUID,Website,http://navi.com/pl,http://navi.com/pl,,1006,0
NinjaCart,Ninjacart Services Private Limited,IDFC FIRST BANK LIMITED,2026-09-25,https://data.rbi.org.in/BOE/OpenDocument/opendoc/custom.jsp?iDocID=ARfEgy.WNSVIvFfvSIVmBCw&sIDType=CUID,Apple app store,https://apps.apple.com/in/app/ninja-app/id1626963855,https://apps.apple.com/in/app/ninja-app/id1626963855,,1007,0
NinjaCart,Ninjacart Services Private Limited,IDFC FIRST BANK LIMITED,2026-09-25,https://data.rbi.org.in/BOE/OpenDocument/opendoc/custom.jsp?iDocID=ARfEgy.WNSVIvFfvSIVmBCw&sIDType=CUID,Google play store,https://play.google.com/store/apps/details?id=com.nc.trader,https://play.google.com/store/apps/details?id=com.nc.trader,com.nc.trader,1008,0
Ola Money,ANI Technologies Private Limited,IDFC FIRST BANK LIMITED,2026-09-25,https://data.rbi.org.in/BOE/OpenDocument/opendoc/custom.jsp?iDocID=ARfEgy.WNSVIvFfvSIVmBCw&sIDType=CUID,Apple app store,https://apps.apple.com/us/app/ola-book-cab-auto-bike-taxi/id539179365,https://apps.apple.com/us/app/ola-book-cab-auto-bike-taxi/id539179365,,1009,0
Ola Money,ANI Technologies Private Limited,IDFC FIRST BANK LIMITED,2026-09-25,https://data.rbi.org.in/BOE/OpenDocument/opendoc/custom.jsp?iDocID=ARfEgy.WNSVIvFfvSIVmBCw&sIDType=CUID,Google play store,https://play.google.com/store/apps/details?id=com.olacabs.customer,https://play.google.com/store/apps/details?id=com.olacabs.customer&hl=en_IN,com.olacabs.customer,1010,0
Paisabazaar,PB Fintech,IDFC FIRST BANK LIMITED,2026-09-25,https://data.rbi.org.in/BOE/OpenDocument/opendoc/custom.jsp?iDocID=ARfEgy.WNSVIvFfvSIVmBCw&sIDType=CUID,Apple app store,https://apps.apple.com/in/app/paisabazaar-com-loans-cards/id1029403201,https://apps.apple.com/in/app/paisabazaar-com-loans-cards/id1029403201,,1011,0
Paisabazaar,PB Fintech,IDFC FIRST BANK LIMITED,2026-09-25,https://data.rbi.org.in/BOE/OpenDocument/opendoc/custom.jsp?iDocID=ARfEgy.WNSVIvFfvSIVmBCw&sIDType=CUID,Google play store,https://play.google.com/store/apps/details?id=com.paisabazaar,https://play.google.com/store/apps/details?id=com.paisabazaar,com.paisabazaar,1012,0
Paytm,One97 Communications Limited,IDFC FIRST BANK LIMITED,2026-09-25,https://data.rbi.org.in/BOE/OpenDocument/opendoc/custom.jsp?iDocID=ARfEgy.WNSVIvFfvSIVmBCw&sIDType=CUID,Apple app store,https://apps.apple.com/in/app/paytm-for-business/id1351301966,https://apps.apple.com/in/app/paytm-for-business/id1351301966,,1013,0
Paytm,One97 Communications Limited,IDFC FIRST BANK LIMITED,2026-09-25,https://data.rbi.org.in/BOE/OpenDocument/opendoc/custom.jsp?iDocID=ARfEgy.WNSVIvFfvSIVmBCw&sIDType=CUID,Apple app store,https://apps.apple.com/in/app/paytm-secure-upi-payments/id473941634,https://apps.apple.com/in/app/paytm-secure-upi-payments/id473941634,,1014,0
Paytm,One97 Communications Limited,IDFC FIRST BANK LIMITED,2026-09-25,https://data.rbi.org.in/BOE/OpenDocument/opendoc/custom.jsp?iDocID=ARfEgy.WNSVIvFfvSIVmBCw&sIDType=CUID,Google play store,https://play.google.com/store/apps/details?id=com.paytm.business,https://play.google.com/store/apps/details?id=com.paytm.business&hl=en_IN,com.paytm.business,1015,0
Paytm,One97 Communications Limited,IDFC FIRST BANK LIMITED,2026-09-25,https://data.rbi.org.in/BOE/OpenDocument/opendoc/custom.jsp?iDocID=ARfEgy.WNSVIvFfvSIVmBCw&sIDType=CUID,Google play store,https://play.google.com/store/apps/details?id=net.one97.paytm,https://play.google.com/store/apps/details?id=net.one97.paytm&pcampaignid=web_share,net.one97.paytm,1016,0
PhonePe,PhonePe Lending Services Private Limited,IDFC FIRST BANK LIMITED,2026-09-25,https://data.rbi.org.in/BOE/OpenDocument/opendoc/custom.jsp?iDocID=ARfEgy.WNSVIvFfvSIVmBCw&sIDType=CUID,Apple app store,https://apps.apple.com/in/app/phonepe-secure-payments-app/id1170055821,https://apps.apple.com/in/app/phonepe-secure-payments-app/id1170055821,,1017,0
PhonePe,PhonePe Lending Services Private Limited,IDFC FIRST BANK LIMITED,2026-09-25,https://data.rbi.org.in/BOE/OpenDocument/opendoc/custom.jsp?iDocID=ARfEgy.WNSVIvFfvSIVmBCw&sIDType=CUID,Google play store,https://play.google.com/store/apps/details?id=com.phonepe.app,https://play.google.com/store/apps/details?id=com.phonepe.app,com.phonepe.app,1018,0
SaveIN,Savein Fintech Private Limited,IDFC FIRST BANK LIMITED,2026-09-25,https://data.rbi.org.in/BOE/OpenDocument/opendoc/custom.jsp?iDocID=ARfEgy.WNSVIvFfvSIVmBCw&sIDType=CUID,Website,https://savein.money/,https://savein.money/,,1019,0
ShopSe,Newbazaar Technologies Private Limited,IDFC FIRST BANK LIMITED,2026-09-25,https://data.rbi.org.in/BOE/OpenDocument/opendoc/custom.jsp?iDocID=ARfEgy.WNSVIvFfvSIVmBCw&sIDType=CUID,Apple app store,https://apps.apple.com/in/app/shopse-shop-now-pay-later/id1501675725,https://apps.apple.com/in/app/shopse-shop-now-pay-later/id1501675725,,1020,0
ShopSe,Newbazaar Technologies Private Limited,IDFC FIRST BANK LIMITED,2026-09-25,https://data.rbi.org.in/BOE/OpenDocument/opendoc/custom.jsp?iDocID=ARfEgy.WNSVIvFfvSIVmBCw&sIDType=CUID,Google play store,https://play.google.com/store/apps/details?id=com.shopse.consumer,https://play.google.com/store/apps/details?id=com.shopse.consumer&hl=en_IN,com.shopse.consumer,1021,0
Paisa Pop,Fintech Cloud Private Limited,IDF FINANCIAL SERVICES PRIVATE LIMITED,2026-09-25,https://data.rbi.org.in/BOE/OpenDocument/opendoc/custom.jsp?iDocID=ARfEgy.WNSVIvFfvSIVmBCw&sIDType=CUID,Website,https://paisapop.com/,https://paisapop.com/,,1022,0
IFL Gold Loan,SELF OWNED,IFL FINANCE LIMITED (FORMERLY KNOWN AS IFL HOUSING FINANCE LIMITED),2026-09-25,https://data.rbi.org.in/BOE/OpenDocument/opendoc/custom.jsp?iDocID=ARfEgy.WNSVIvFfvSIVmBCw&sIDType=CUID,Website and Google Playstore,https://play.google.com/store/apps/details?id=com.iflGoldLoan,https://play.google.com/store/apps/details?id=com.iflGoldLoan,com.iflGoldLoan,1023,0
Bridge2Capital,Xtracap Fintech India Private Limited,IIFL FINANCE LIMITED,2026-09-25,https://data.rbi.org.in/BOE/OpenDocument/opendoc/custom.jsp?iDocID=ARfEgy.WNSVIvFfvSIVmBCw&sIDType=CUID,Appstore,https://apps.apple.com/in/app/bridge2capital/id6479605724,https://apps.apple.com/in/app/bridge2capital/id6479605724,,1024,0
Bridge2Capital,Xtracap Fintech India Private Limited,IIFL FINANCE LIMITED,2026-09-25,https://data.rbi.org.in/BOE/OpenDocument/opendoc/custom.jsp?iDocID=ARfEgy.WNSVIvFfvSIVmBCw&sIDType=CUID,Playstore,https://play.google.com/store/apps/details?id=com.bridge2capital,https://play.google.com/store/apps/details?id=com.bridge2capital&hl=en,com.bridge2capital,1025,0
IIFL Loans App,Self-owned,IIFL FINANCE LIMITED,2026-09-25,https://data.rbi.org.in/BOE/OpenDocument/opendoc/custom.jsp?iDocID=ARfEgy.WNSVIvFfvSIVmBCw&sIDType=CUID,Appstore,https://apps.apple.com/in/app/iifl-gold-business loans/id1066732918,https://apps.apple.com/in/app/iifl-gold-business loans/id1066732918,,1026,0
IIFL Loans App,Self-owned,IIFL FINANCE LIMITED,2026-09-25,https://data.rbi.org.in/BOE/OpenDocument/opendoc/custom.jsp?iDocID=ARfEgy.WNSVIvFfvSIVmBCw&sIDType=CUID,Playstore,https://play.google.com/store/apps/details?id=com.iifl.mobile.hfc,https://play.google.com/store/apps/details?id=com.iifl.mobile.hfc&hl=enIN,com.iifl.mobile.hfc,1027,0
Loantap,LoanTap Financial Technologies Pvt. Ltd. (LSP on behalf of I-LOAN CREDIT PRIVATE LIMITED – NBFC),I-LOAN CREDIT PRIVATE LIMITED,2026-09-25,https://data.rbi.org.in/BOE/OpenDocument/opendoc/custom.jsp?iDocID=ARfEgy.WNSVIvFfvSIVmBCw&sIDType=CUID,Apple App Store,https://apps.apple.com/in/app/loantap/id1461444558,https://apps.apple.com/in/app/loantap/id1461444558,,1028,0
Loantap,LoanTap Financial Technologies Pvt. Ltd. (LSP on behalf of I-LOAN CREDIT PRIVATE LIMITED – NBFC),I-LOAN CREDIT PRIVATE LIMITED,2026-09-25,https://data.rbi.org.in/BOE/OpenDocument/opendoc/custom.jsp?iDocID=ARfEgy.WNSVIvFfvSIVmBCw&sIDType=CUID,Website,https://loantap.in/,https://loantap.in/,,1029,0
Loantap - Personal Loan App,LoanTap Financial Technologies Pvt. Ltd. (LSP on behalf of I-LOAN CREDIT PRIVATE LIMITED – NBFC),I-LOAN CREDIT PRIVATE LIMITED,2026-09-25,https://data.rbi.org.in/BOE/OpenDocument/opendoc/custom.jsp?iDocID=ARfEgy.WNSVIvFfvSIVmBCw&sIDType=CUID,Google Play store,https://play.google.com/store/apps/details?id=in.loantap.app,https://play.google.com/store/apps/details?id=in.loantap.app,in.loantap.app,1030,0
iMSHAKTI (P2PL),Self - owned,IMFAST FINFOTECH PRIVATE LIMITED,2026-09-25,https://data.rbi.org.in/BOE/OpenDocument/opendoc/custom.jsp?iDocID=ARfEgy.WNSVIvFfvSIVmBCw&sIDType=CUID,Play Store,https://play.google.com/store/apps/details?id=com.integra.imfast,https://play.google.com/store/apps/details?id=com.integra.imfast,com.integra.imfast,1031,0
iMSHAKTI (P2PL),Self - owned,IMFAST FINFOTECH PRIVATE LIMITED,2026-09-25,https://data.rbi.org.in/BOE/OpenDocument/opendoc/custom.jsp?iDocID=ARfEgy.WNSVIvFfvSIVmBCw&sIDType=CUID,Website,https://if-p2p.com/,https://if-p2p.com/,,1032,0
Bajaj Markets,Bajaj Finserv Direct Limited,INCRED FINANCIAL SERVICES LIMITED (FORMERLY KKR INDIA FINANCIAL SERVICES LTD),2026-09-25,https://data.rbi.org.in/BOE/OpenDocument/opendoc/custom.jsp?iDocID=ARfEgy.WNSVIvFfvSIVmBCw&sIDType=CUID,Apple Appstore,https://apps.apple.com/in/app/bajaj-finserv-markets-loan-app/id1482914241,https://apps.apple.com/in/app/bajaj-finserv-markets-loan-app/id1482914241,,1033,0
Bajaj Markets,Bajaj Finserv Direct Limited,INCRED FINANCIAL SERVICES LIMITED (FORMERLY KKR INDIA FINANCIAL SERVICES LTD),2026-09-25,https://data.rbi.org.in/BOE/OpenDocument/opendoc/custom.jsp?iDocID=ARfEgy.WNSVIvFfvSIVmBCw&sIDType=CUID,Google Playstore,https://play.google.com/store/apps/details?id=in.bajajfinservmarkets.app,https://play.google.com/store/apps/details?id=in.bajajfinservmarkets.app&hl=en_IN,in.bajajfinservmarkets.app,1034,0
Bajaj Markets,Bajaj Finserv Direct Limited,INCRED FINANCIAL SERVICES LIMITED (FORMERLY KKR INDIA FINANCIAL SERVICES LTD),2026-09-25,https://data.rbi.org.in/BOE/OpenDocument/opendoc/custom.jsp?iDocID=ARfEgy.WNSVIvFfvSIVmBCw&sIDType=CUID,Website,https://www.bajajfinservmarkets.in,https://www.bajajfinservmarkets.in,,1035,0
BankSathi,BS Fintech Private Limited,INCRED FINANCIAL SERVICES LIMITED (FORMERLY KKR INDIA FINANCIAL SERVICES LTD),2026-09-25,https://data.rbi.org.in/BOE/OpenDocument/opendoc/custom.jsp?iDocID=ARfEgy.WNSVIvFfvSIVmBCw&sIDType=CUID,Google Playstore,https://play.google.com/store/apps/details?id=com.app.banksathi,https://play.google.com/store/apps/details?id=com.app.banksathi,com.app.banksathi,1036,0
BankSathi,BS Fintech Private Limited,INCRED FINANCIAL SERVICES LIMITED (FORMERLY KKR INDIA FINANCIAL SERVICES LTD),2026-09-25,https://data.rbi.org.in/BOE/OpenDocument/opendoc/custom.jsp?iDocID=ARfEgy.WNSVIvFfvSIVmBCw&sIDType=CUID,Website,https://www.banksathi.com/personal-loan/leads/eligibility01,https://www.banksathi.com/personal-loan/leads/eligibility01,,1037,0
Bikewale,CarTrade Tech. Limited,INCRED FINANCIAL SERVICES LIMITED (FORMERLY KKR INDIA FINANCIAL SERVICES LTD),2026-09-25,https://data.rbi.org.in/BOE/OpenDocument/opendoc/custom.jsp?iDocID=ARfEgy.WNSVIvFfvSIVmBCw&sIDType=CUID,Apple Appstore,https://apps.apple.com/in/app/bikewale-buy-new-bike-scooty/id1492806145,https://apps.apple.com/in/app/bikewale-buy-new-bike-scooty/id1492806145,,1038,0
Bikewale,CarTrade Tech. Limited,INCRED FINANCIAL SERVICES LIMITED (FORMERLY KKR INDIA FINANCIAL SERVICES LTD),2026-09-25,https://data.rbi.org.in/BOE/OpenDocument/opendoc/custom.jsp?iDocID=ARfEgy.WNSVIvFfvSIVmBCw&sIDType=CUID,Google Playstore,https://play.google.com/store/apps/details?id=com.bikewale.app,https://play.google.com/store/apps/details?id=com.bikewale.app,com.bikewale.app,1039,0
Bikewale,CarTrade Tech. Limited,INCRED FINANCIAL SERVICES LIMITED (FORMERLY KKR INDIA FINANCIAL SERVICES LTD),2026-09-25,https://data.rbi.org.in/BOE/OpenDocument/opendoc/custom.jsp?iDocID=ARfEgy.WNSVIvFfvSIVmBCw&sIDType=CUID,Website,https://www.bikewale.com/,https://www.bikewale.com/,,1040,0
Buddy Loans,BValue Services Private Limited,INCRED FINANCIAL SERVICES LIMITED (FORMERLY KKR INDIA FINANCIAL SERVICES LTD),2026-09-25,https://data.rbi.org.in/BOE/OpenDocument/opendoc/custom.jsp?iDocID=ARfEgy.WNSVIvFfvSIVmBCw&sIDType=CUID,Apple Appstore,https://apps.apple.com/in/app/buddy-loan-personal-loan-app/id1552911697,https://apps.apple.com/in/app/buddy-loan-personal-loan-app/id1552911697,,1041,0
Buddy Loans,BValue Services Private Limited,INCRED FINANCIAL SERVICES LIMITED (FORMERLY KKR INDIA FINANCIAL SERVICES LTD),2026-09-25,https://data.rbi.org.in/BOE/OpenDocument/opendoc/custom.jsp?iDocID=ARfEgy.WNSVIvFfvSIVmBCw&sIDType=CUID,Google Playstore,https://play.google.com/store/apps/details?id=com.buddyloan.vls,https://play.google.com/store/apps/details?id=com.buddyloan.vls,com.buddyloan.vls,1042,0
Buddy Loans,BValue Services Private Limited,INCRED FINANCIAL SERVICES LIMITED (FORMERLY KKR INDIA FINANCIAL SERVICES LTD),2026-09-25,https://data.rbi.org.in/BOE/OpenDocument/opendoc/custom.jsp?iDocID=ARfEgy.WNSVIvFfvSIVmBCw&sIDType=CUID,Website,https://www.buddyloan.com/apply-loan-online?utm_medium=WebOrgainc&utm_source=SEO&utm_campaign=bl2&la=1,https://www.buddyloan.com/apply-loan-online?utm_medium=WebOrgainc&utm_source=SEO&utm_campaign=bl2&la=1,,1043,0
Choice Connect,Choice Connect Private Limited,INCRED FINANCIAL SERVICES LIMITED (FORMERLY KKR INDIA FINANCIAL SERVICES LTD),2026-09-25,https://data.rbi.org.in/BOE/OpenDocument/opendoc/custom.jsp?iDocID=ARfEgy.WNSVIvFfvSIVmBCw&sIDType=CUID,Apple Appstore,https://apps.apple.com/in/app/choice-connect/id1668969201,https://apps.apple.com/in/app/choice-connect/id1668969201,,1044,0
Choice Connect,Choice Connect Private Limited,INCRED FINANCIAL SERVICES LIMITED (FORMERLY KKR INDIA FINANCIAL SERVICES LTD),2026-09-25,https://data.rbi.org.in/BOE/OpenDocument/opendoc/custom.jsp?iDocID=ARfEgy.WNSVIvFfvSIVmBCw&sIDType=CUID,Google Playstore,https://play.google.com/store/apps/details?id=com.choicebroking.choiceconnect,https://play.google.com/store/apps/details?id=com.choicebroking.choiceconnect&hl=en_IN,com.choicebroking.choiceconnect,1045,0
Cready,Switch My Loan Private Limited,INCRED FINANCIAL SERVICES LIMITED (FORMERLY KKR INDIA FINANCIAL SERVICES LTD),2026-09-25,https://data.rbi.org.in/BOE/OpenDocument/opendoc/custom.jsp?iDocID=ARfEgy.WNSVIvFfvSIVmBCw&sIDType=CUID,Google Playstore,https://play.google.com/store/apps/details?id=com.creddy.app,https://play.google.com/store/apps/details?id=com.creddy.app,com.creddy.app,1046,0
Cready,Switch My Loan Private Limited,INCRED FINANCIAL SERVICES LIMITED (FORMERLY KKR INDIA FINANCIAL SERVICES LTD),2026-09-25,https://data.rbi.org.in/BOE/OpenDocument/opendoc/custom.jsp?iDocID=ARfEgy.WNSVIvFfvSIVmBCw&sIDType=CUID,Website,https://www.cready.in/,https://www.cready.in/,,1047,0
CredBuddha,CREDBUDDHA FINANCIAL CONSULTANCY SERVICES PRIVATE LIMITED,INCRED FINANCIAL SERVICES LIMITED (FORMERLY KKR INDIA FINANCIAL SERVICES LTD),2026-09-25,https://data.rbi.org.in/BOE/OpenDocument/opendoc/custom.jsp?iDocID=ARfEgy.WNSVIvFfvSIVmBCw&sIDType=CUID,Google Playstore,https://play.google.com/store/apps/details?id=com.app.credbuddha,https://play.google.com/store/apps/details?id=com.app.credbuddha&hl=en&pli=1,com.app.credbuddha,1048,0
CredBuddha,CREDBUDDHA FINANCIAL CONSULTANCY SERVICES PRIVATE LIMITED,INCRED FINANCIAL SERVICES LIMITED (FORMERLY KKR INDIA FINANCIAL SERVICES LTD),2026-09-25,https://data.rbi.org.in/BOE/OpenDocument/opendoc/custom.jsp?iDocID=ARfEgy.WNSVIvFfvSIVmBCw&sIDType=CUID,Website,https://credbuddha.com/cbform,https://credbuddha.com/cbform,,1049,0
Credilio Financial Technologies,Credilio Financial Technologies Private Limited,INCRED FINANCIAL SERVICES LIMITED (FORMERLY KKR INDIA FINANCIAL SERVICES LTD),2026-09-25,https://data.rbi.org.in/BOE/OpenDocument/opendoc/custom.jsp?iDocID=ARfEgy.WNSVIvFfvSIVmBCw&sIDType=CUID,Google Playstore,https://play.google.com/store/apps/details?id=com.credilio.credilio_advisor.prod,https://play.google.com/store/apps/details?id=com.credilio.credilio_advisor.prod&hl=en_IN,com.credilio.credilio_advisor.prod,1050,0
CreditHaat,VIBHUPRADA SERVICES PRIVATE LIMITED,INCRED FINANCIAL SERVICES LIMITED (FORMERLY KKR INDIA FINANCIAL SERVICES LTD),2026-09-25,https://data.rbi.org.in/BOE/OpenDocument/opendoc/custom.jsp?iDocID=ARfEgy.WNSVIvFfvSIVmBCw&sIDType=CUID,Website,https://www.credithaat.com/,https://www.credithaat.com/,,1051,0
CreditLinks,Asset Direct DBA CreditLinks India Pvt Ltd,INCRED FINANCIAL SERVICES LIMITED (FORMERLY KKR INDIA FINANCIAL SERVICES LTD),2026-09-25,https://data.rbi.org.in/BOE/OpenDocument/opendoc/custom.jsp?iDocID=ARfEgy.WNSVIvFfvSIVmBCw&sIDType=CUID,Website,https://www.creditlinks.in/,https://www.creditlinks.in/,,1052,0
Finance Buddha,Fin Bud Financial Services Private Limited,INCRED FINANCIAL SERVICES LIMITED (FORMERLY KKR INDIA FINANCIAL SERVICES LTD),2026-09-25,https://data.rbi.org.in/BOE/OpenDocument/opendoc/custom.jsp?iDocID=ARfEgy.WNSVIvFfvSIVmBCw&sIDType=CUID,Website,https://www.financebuddha.com/,https://www.financebuddha.com/,,1053,0
FinCrif,FinCrif India Private Limited,INCRED FINANCIAL SERVICES LIMITED (FORMERLY KKR INDIA FINANCIAL SERVICES LTD),2026-09-25,https://data.rbi.org.in/BOE/OpenDocument/opendoc/custom.jsp?iDocID=ARfEgy.WNSVIvFfvSIVmBCw&sIDType=CUID,Google Playstore,https://play.google.com/store/apps/details?id=fincrif.india,https://play.google.com/store/apps/details?id=fincrif.india,fincrif.india,1054,0
FinCrif,FinCrif India Private Limited,INCRED FINANCIAL SERVICES LIMITED (FORMERLY KKR INDIA FINANCIAL SERVICES LTD),2026-09-25,https://data.rbi.org.in/BOE/OpenDocument/opendoc/custom.jsp?iDocID=ARfEgy.WNSVIvFfvSIVmBCw&sIDType=CUID,Website,https://fincrif.com/,https://fincrif.com/,,1055,0
Finlab.one,Bynd Finserve Private Limited,INCRED FINANCIAL SERVICES LIMITED (FORMERLY KKR INDIA FINANCIAL SERVICES LTD),2026-09-25,https://data.rbi.org.in/BOE/OpenDocument/opendoc/custom.jsp?iDocID=ARfEgy.WNSVIvFfvSIVmBCw&sIDType=CUID,Website,https://finlab.one,https://finlab.one,,1056,0
GoodScore: Credit Score App (Rupicard),Arthvit 1809 Tech Private Limited,INCRED FINANCIAL SERVICES LIMITED (FORMERLY KKR INDIA FINANCIAL SERVICES LTD),2026-09-25,https://data.rbi.org.in/BOE/OpenDocument/opendoc/custom.jsp?iDocID=ARfEgy.WNSVIvFfvSIVmBCw&sIDType=CUID,Apple Appstore,https://apps.apple.com/in/app/goodscore-credit-score-app/id6654923902,https://apps.apple.com/in/app/goodscore-credit-score-app/id6654923902,,1057,0
GoodScore: Credit Score App (Rupicard),Arthvit 1809 Tech Private Limited,INCRED FINANCIAL SERVICES LIMITED (FORMERLY KKR INDIA FINANCIAL SERVICES LTD),2026-09-25,https://data.rbi.org.in/BOE/OpenDocument/opendoc/custom.jsp?iDocID=ARfEgy.WNSVIvFfvSIVmBCw&sIDType=CUID,Google Playstore,https://play.google.com/store/apps/details?id=com.rupicard.score,https://play.google.com/store/apps/details?id=com.rupicard.score&hl=en_IN,com.rupicard.score,1058,0
GoodScore: Credit Score App (Rupicard),Arthvit 1809 Tech Private Limited,INCRED FINANCIAL SERVICES LIMITED (FORMERLY KKR INDIA FINANCIAL SERVICES LTD),2026-09-25,https://data.rbi.org.in/BOE/OpenDocument/opendoc/custom.jsp?iDocID=ARfEgy.WNSVIvFfvSIVmBCw&sIDType=CUID,Website,https://goodscore.app/,https://goodscore.app/,,1059,0
GroMo,Vitrak Technologies Private Limited,INCRED FINANCIAL SERVICES LIMITED (FORMERLY KKR INDIA FINANCIAL SERVICES LTD),2026-09-25,https://data.rbi.org.in/BOE/OpenDocument/opendoc/custom.jsp?iDocID=ARfEgy.WNSVIvFfvSIVmBCw&sIDType=CUID,Google Playstore,https://play.google.com/store/apps/details?id=com.gromo.partner,https://play.google.com/store/apps/details?id=com.gromo.partner&hl=en_IN,com.gromo.partner,1060,0
InCred Finance,Self-owned,INCRED FINANCIAL SERVICES LIMITED (FORMERLY KKR INDIA FINANCIAL SERVICES LTD),2026-09-25,https://data.rbi.org.in/BOE/OpenDocument/opendoc/custom.jsp?iDocID=ARfEgy.WNSVIvFfvSIVmBCw&sIDType=CUID,Apple Appstore,https://apps.apple.com/in/app/incred-finance/id6443757735,https://apps.apple.com/in/app/incred-finance/id6443757735,,1061,0
InCred Finance,Self-owned,INCRED FINANCIAL SERVICES LIMITED (FORMERLY KKR INDIA FINANCIAL SERVICES LTD),2026-09-25,https://data.rbi.org.in/BOE/OpenDocument/opendoc/custom.jsp?iDocID=ARfEgy.WNSVIvFfvSIVmBCw&sIDType=CUID,Google Playstore,https://play.google.com/store/apps/details?id=com.incred.customer,https://play.google.com/store/apps/details?id=com.incred.customer&hl=en_IN,com.incred.customer,1062,0
InCred Finance,Self-owned,INCRED FINANCIAL SERVICES LIMITED (FORMERLY KKR INDIA FINANCIAL SERVICES LTD),2026-09-25,https://data.rbi.org.in/BOE/OpenDocument/opendoc/custom.jsp?iDocID=ARfEgy.WNSVIvFfvSIVmBCw&sIDType=CUID,Website,https://www.incred.com,www.incred.com,,1063,0
Infinz,RAKSHITHA FINSERVE PRIVATE LIMITED,INCRED FINANCIAL SERVICES LIMITED (FORMERLY KKR INDIA FINANCIAL SERVICES LTD),2026-09-25,https://data.rbi.org.in/BOE/OpenDocument/opendoc/custom.jsp?iDocID=ARfEgy.WNSVIvFfvSIVmBCw&sIDType=CUID,Website,http://www.1infinz.com/,http://www.1infinz.com/,,1064,0
Jio Finance,Jio Finance Platform and Service Limited,INCRED FINANCIAL SERVICES LIMITED (FORMERLY KKR INDIA FINANCIAL SERVICES LTD),2026-09-25,https://data.rbi.org.in/BOE/OpenDocument/opendoc/custom.jsp?iDocID=ARfEgy.WNSVIvFfvSIVmBCw&sIDType=CUID,Apple Appstore,https://apps.apple.com/in/app/jiofinance/id6469583963,https://apps.apple.com/in/app/jiofinance/id6469583963,,1065,0
Jio Finance,Jio Finance Platform and Service Limited,INCRED FINANCIAL SERVICES LIMITED (FORMERLY KKR INDIA FINANCIAL SERVICES LTD),2026-09-25,https://data.rbi.org.in/BOE/OpenDocument/opendoc/custom.jsp?iDocID=ARfEgy.WNSVIvFfvSIVmBCw&sIDType=CUID,Google Playstore,https://play.google.com/store/apps/details?id=in.jfs.jiofinance,https://play.google.com/store/apps/details?id=in.jfs.jiofinance,in.jfs.jiofinance,1066,0
Jio Finance,Jio Finance Platform and Service Limited,INCRED FINANCIAL SERVICES LIMITED (FORMERLY KKR INDIA FINANCIAL SERVICES LTD),2026-09-25,https://data.rbi.org.in/BOE/OpenDocument/opendoc/custom.jsp?iDocID=ARfEgy.WNSVIvFfvSIVmBCw&sIDType=CUID,Website,https://www.jiofinance.in/,https://www.jiofinance.in/,,1067,0
Match My Money,Zaynet Digital Ventures,INCRED FINANCIAL SERVICES LIMITED (FORMERLY KKR INDIA FINANCIAL SERVICES LTD),2026-09-25,https://data.rbi.org.in/BOE/OpenDocument/opendoc/custom.jsp?iDocID=ARfEgy.WNSVIvFfvSIVmBCw&sIDType=CUID,Website,https://matchmymoney.com/,https://matchmymoney.com/,,1068,0
Moneycontrol-ShareMarketNews,Moneycontrol Dot Com India Limited,INCRED FINANCIAL SERVICES LIMITED (FORMERLY KKR INDIA FINANCIAL SERVICES LTD),2026-09-25,https://data.rbi.org.in/BOE/OpenDocument/opendoc/custom.jsp?iDocID=ARfEgy.WNSVIvFfvSIVmBCw&sIDType=CUID,Apple Appstore,https://apps.apple.com/in/app/moneycontrol-markets-news/id408654600,https://apps.apple.com/in/app/moneycontrol-markets-news/id408654600,,1069,0
Moneycontrol-ShareMarketNews,Moneycontrol Dot Com India Limited,INCRED FINANCIAL SERVICES LIMITED (FORMERLY KKR INDIA FINANCIAL SERVICES LTD),2026-09-25,https://data.rbi.org.in/BOE/OpenDocument/opendoc/custom.jsp?iDocID=ARfEgy.WNSVIvFfvSIVmBCw&sIDType=CUID,Google Playstore,https://play.google.com/store/apps/details?id=com.divum.MoneyControl,https://play.google.com/store/apps/details?id=com.divum.MoneyControl&hl=en_IN,com.divum.MoneyControl,1070,0
MoneyTap  and Freo,MWYN Tech Private Limited,INCRED FINANCIAL SERVICES LIMITED (FORMERLY KKR INDIA FINANCIAL SERVICES LTD),2026-09-25,https://data.rbi.org.in/BOE/OpenDocument/opendoc/custom.jsp?iDocID=ARfEgy.WNSVIvFfvSIVmBCw&sIDType=CUID,Apple Appstore,https://apps.apple.com/in/app/freo-upi-insurance-loans/id1588894115,https://apps.apple.com/in/app/freo-upi-insurance-loans/id1588894115,,1071,0
MoneyTap  and Freo,MWYN Tech Private Limited,INCRED FINANCIAL SERVICES LIMITED (FORMERLY KKR INDIA FINANCIAL SERVICES LTD),2026-09-25,https://data.rbi.org.in/BOE/OpenDocument/opendoc/custom.jsp?iDocID=ARfEgy.WNSVIvFfvSIVmBCw&sIDType=CUID,Google Playstore,https://play.google.com/store/apps/details?id=com.moneytap.bnpl.app,https://play.google.com/store/apps/details?id=com.moneytap.bnpl.app&hl=en_IN,com.moneytap.bnpl.app,1072,0
MyMoney Mantra,My Money Mantra Fintech Private Limited,INCRED FINANCIAL SERVICES LIMITED (FORMERLY KKR INDIA FINANCIAL SERVICES LTD),2026-09-25,https://data.rbi.org.in/BOE/OpenDocument/opendoc/custom.jsp?iDocID=ARfEgy.WNSVIvFfvSIVmBCw&sIDType=CUID,Apple Appstore,https://apps.apple.com/in/app/mymoneymantra-loans-credits/id1568452714,https://apps.apple.com/in/app/mymoneymantra-loans-credits/id1568452714,,1073,0
MyMoney Mantra,My Money Mantra Fintech Private Limited,INCRED FINANCIAL SERVICES LIMITED (FORMERLY KKR INDIA FINANCIAL SERVICES LTD),2026-09-25,https://data.rbi.org.in/BOE/OpenDocument/opendoc/custom.jsp?iDocID=ARfEgy.WNSVIvFfvSIVmBCw&sIDType=CUID,Google Playstore,https://play.google.com/store/apps/details?id=com.mymoneymantra.customer.app,https://play.google.com/store/apps/details?id=com.mymoneymantra.customer.app,com.mymoneymantra.customer.app,1074,0
MyMoney Mantra,My Money Mantra Fintech Private Limited,INCRED FINANCIAL SERVICES LIMITED (FORMERLY KKR INDIA FINANCIAL SERVICES LTD),2026-09-25,https://data.rbi.org.in/BOE/OpenDocument/opendoc/custom.jsp?iDocID=ARfEgy.WNSVIvFfvSIVmBCw&sIDType=CUID,Website,https://www.mymoneymantra.com/personal-loans/journey?slide=,https://www.mymoneymantra.com/personal-loans/journey?slide=,,1075,0
OLA Money,ola financial services Private Limited,INCRED FINANCIAL SERVICES LIMITED (FORMERLY KKR INDIA FINANCIAL SERVICES LTD),2026-09-25,https://data.rbi.org.in/BOE/OpenDocument/opendoc/custom.jsp?iDocID=ARfEgy.WNSVIvFfvSIVmBCw&sIDType=CUID,Apple Appstore,https://apps.apple.com/in/app/ola-book-cab-auto-bike-taxi/id539179365,https://apps.apple.com/in/app/ola-book-cab-auto-bike-taxi/id539179365,,1076,0
OLA Money,ola financial services Private Limited,INCRED FINANCIAL SERVICES LIMITED (FORMERLY KKR INDIA FINANCIAL SERVICES LTD),2026-09-25,https://data.rbi.org.in/BOE/OpenDocument/opendoc/custom.jsp?iDocID=ARfEgy.WNSVIvFfvSIVmBCw&sIDType=CUID,Google Playstore,https://play.google.com/store/apps/details?id=com.olacabs.customer,https://play.google.com/store/apps/details?id=com.olacabs.customer&hl=en_IN,com.olacabs.customer,1077,0
Olyv,SmartCoin Financials Private Limited,INCRED FINANCIAL SERVICES LIMITED (FORMERLY KKR INDIA FINANCIAL SERVICES LTD),2026-09-25,https://data.rbi.org.in/BOE/OpenDocument/opendoc/custom.jsp?iDocID=ARfEgy.WNSVIvFfvSIVmBCw&sIDType=CUID,Google Playstore,https://play.google.com/store/apps/details?id=in.rebase.app,https://play.google.com/store/apps/details?id=in.rebase.app,in.rebase.app,1078,0
Onescore,FPL Consumer Services Private Limited,INCRED FINANCIAL SERVICES LIMITED (FORMERLY KKR INDIA FINANCIAL SERVICES LTD),2026-09-25,https://data.rbi.org.in/BOE/OpenDocument/opendoc/custom.jsp?iDocID=ARfEgy.WNSVIvFfvSIVmBCw&sIDType=CUID,Apple Appstore,https://apps.apple.com/in/app/onescore-credit-score-insight/id1462059417,https://apps.apple.com/in/app/onescore-credit-score-insight/id1462059417,,1079,0
Onescore,FPL Consumer Services Private Limited,INCRED FINANCIAL SERVICES LIMITED (FORMERLY KKR INDIA FINANCIAL SERVICES LTD),2026-09-25,https://data.rbi.org.in/BOE/OpenDocument/opendoc/custom.jsp?iDocID=ARfEgy.WNSVIvFfvSIVmBCw&sIDType=CUID,Google Playstore,https://play.google.com/store/apps/details?id=tech.fplabs.score,https://play.google.com/store/apps/details?id=tech.fplabs.score,tech.fplabs.score,1080,0
Oolka,Sixdis Technologies Private Limited,INCRED FINANCIAL SERVICES LIMITED (FORMERLY KKR INDIA FINANCIAL SERVICES LTD),2026-09-25,https://data.rbi.org.in/BOE/OpenDocument/opendoc/custom.jsp?iDocID=ARfEgy.WNSVIvFfvSIVmBCw&sIDType=CUID,Google Playstore,https://play.google.com/store/apps/details?id=app.oolka.com,https://play.google.com/store/apps/details?id=app.oolka.com&hl=en_IN,app.oolka.com,1081,0
PaisaOne,PaisaOne Digifin Private Limited,INCRED FINANCIAL SERVICES LIMITED (FORMERLY KKR INDIA FINANCIAL SERVICES LTD),2026-09-25,https://data.rbi.org.in/BOE/OpenDocument/opendoc/custom.jsp?iDocID=ARfEgy.WNSVIvFfvSIVmBCw&sIDType=CUID,Website,https://www.paisaone.com/,https://www.paisaone.com/,,1082,0
PayInstaCard Private Limited,PayInstaCard Private Limited,INCRED FINANCIAL SERVICES LIMITED (FORMERLY KKR INDIA FINANCIAL SERVICES LTD),2026-09-25,https://data.rbi.org.in/BOE/OpenDocument/opendoc/custom.jsp?iDocID=ARfEgy.WNSVIvFfvSIVmBCw&sIDType=CUID,Apple Appstore,https://apps.apple.com/in/app/payinstacard/id6738269762,https://apps.apple.com/in/app/payinstacard/id6738269762,,1083,0
PayInstaCard Private Limited,PayInstaCard Private Limited,INCRED FINANCIAL SERVICES LIMITED (FORMERLY KKR INDIA FINANCIAL SERVICES LTD),2026-09-25,https://data.rbi.org.in/BOE/OpenDocument/opendoc/custom.jsp?iDocID=ARfEgy.WNSVIvFfvSIVmBCw&sIDType=CUID,Google Playstore,https://play.google.com/store/apps/details?id=com.payinstacard,https://play.google.com/store/apps/details?id=com.payinstacard&pcampaigni&pli=1,com.payinstacard,1084,0
PayInstaCard Private Limited,PayInstaCard Private Limited,INCRED FINANCIAL SERVICES LIMITED (FORMERLY KKR INDIA FINANCIAL SERVICES LTD),2026-09-25,https://data.rbi.org.in/BOE/OpenDocument/opendoc/custom.jsp?iDocID=ARfEgy.WNSVIvFfvSIVmBCw&sIDType=CUID,Website,https://www.payinstacard.com/,https://www.payinstacard.com/,,1085,0
Payrup,BPSPLUS PRIVATE LIMITED,INCRED FINANCIAL SERVICES LIMITED (FORMERLY KKR INDIA FINANCIAL SERVICES LTD),2026-09-25,https://data.rbi.org.in/BOE/OpenDocument/opendoc/custom.jsp?iDocID=ARfEgy.WNSVIvFfvSIVmBCw&sIDType=CUID,Apple Appstore,https://apps.apple.com/in/app/payrup/id1660920972,https://apps.apple.com/in/app/payrup/id1660920972,,1086,0
Payrup,BPSPLUS PRIVATE LIMITED,INCRED FINANCIAL SERVICES LIMITED (FORMERLY KKR INDIA FINANCIAL SERVICES LTD),2026-09-25,https://data.rbi.org.in/BOE/OpenDocument/opendoc/custom.jsp?iDocID=ARfEgy.WNSVIvFfvSIVmBCw&sIDType=CUID,Google Playstore,https://play.google.com/store/apps/details?id=com.payrup.app,https://play.google.com/store/apps/details?id=com.payrup.app&hl=en_IN,com.payrup.app,1087,0
Payrup,BPSPLUS PRIVATE LIMITED,INCRED FINANCIAL SERVICES LIMITED (FORMERLY KKR INDIA FINANCIAL SERVICES LTD),2026-09-25,https://data.rbi.org.in/BOE/OpenDocument/opendoc/custom.jsp?iDocID=ARfEgy.WNSVIvFfvSIVmBCw&sIDType=CUID,Website,https://payrup.com/,https://payrup.com/,,1088,0
Paytm,One 97 Communications Limited,INCRED FINANCIAL SERVICES LIMITED (FORMERLY KKR INDIA FINANCIAL SERVICES LTD),2026-09-25,https://data.rbi.org.in/BOE/OpenDocument/opendoc/custom.jsp?iDocID=ARfEgy.WNSVIvFfvSIVmBCw&sIDType=CUID,Apple Appstore,https://apps.apple.com/in/app/paytm-secure-upi-payments/id473941634,https://apps.apple.com/in/app/paytm-secure-upi-payments/id473941634,,1089,0
Paytm,One 97 Communications Limited,INCRED FINANCIAL SERVICES LIMITED (FORMERLY KKR INDIA FINANCIAL SERVICES LTD),2026-09-25,https://data.rbi.org.in/BOE/OpenDocument/opendoc/custom.jsp?iDocID=ARfEgy.WNSVIvFfvSIVmBCw&sIDType=CUID,Google Playstore,https://play.google.com/store/apps/details?id=net.one97.paytm,https://play.google.com/store/apps/details?id=net.one97.paytm&hl=en_IN,net.one97.paytm,1090,0
Quid,Quid Innovations Private Limited,INCRED FINANCIAL SERVICES LIMITED (FORMERLY KKR INDIA FINANCIAL SERVICES LTD),2026-09-25,https://data.rbi.org.in/BOE/OpenDocument/opendoc/custom.jsp?iDocID=ARfEgy.WNSVIvFfvSIVmBCw&sIDType=CUID,Google Playstore,https://play.google.com/store/apps/details?id=quid.money,https://play.google.com/store/apps/details?id=quid.money,quid.money,1091,0
Quid,Quid Innovations Private Limited,INCRED FINANCIAL SERVICES LIMITED (FORMERLY KKR INDIA FINANCIAL SERVICES LTD),2026-09-25,https://data.rbi.org.in/BOE/OpenDocument/opendoc/custom.jsp?iDocID=ARfEgy.WNSVIvFfvSIVmBCw&sIDType=CUID,Website,https://quid.money/,https://quid.money/,,1092,0
Ruloans,Ruloans Distribution Services Private Limited,INCRED FINANCIAL SERVICES LIMITED (FORMERLY KKR INDIA FINANCIAL SERVICES LTD),2026-09-25,https://data.rbi.org.in/BOE/OpenDocument/opendoc/custom.jsp?iDocID=ARfEgy.WNSVIvFfvSIVmBCw&sIDType=CUID,Apple Appstore,https://apps.apple.com/in/app/ruconnect-by-ruloans/id1661321073,https://apps.apple.com/in/app/ruconnect-by-ruloans/id1661321073,,1093,0
Ruloans,Ruloans Distribution Services Private Limited,INCRED FINANCIAL SERVICES LIMITED (FORMERLY KKR INDIA FINANCIAL SERVICES LTD),2026-09-25,https://data.rbi.org.in/BOE/OpenDocument/opendoc/custom.jsp?iDocID=ARfEgy.WNSVIvFfvSIVmBCw&sIDType=CUID,Google Playstore,https://play.google.com/store/apps/details?id=com.ruloanss,https://play.google.com/store/apps/details?id=com.ruloanss,com.ruloanss,1094,0
Ruloans,Ruloans Distribution Services Private Limited,INCRED FINANCIAL SERVICES LIMITED (FORMERLY KKR INDIA FINANCIAL SERVICES LTD),2026-09-25,https://data.rbi.org.in/BOE/OpenDocument/opendoc/custom.jsp?iDocID=ARfEgy.WNSVIvFfvSIVmBCw&sIDType=CUID,Website,https://www.ruloans.com,https://www.ruloans.com,,1095,0
Spoctree,Ausha Digital Private Limited,INCRED FINANCIAL SERVICES LIMITED (FORMERLY KKR INDIA FINANCIAL SERVICES LTD),2026-09-25,https://data.rbi.org.in/BOE/OpenDocument/opendoc/custom.jsp?iDocID=ARfEgy.WNSVIvFfvSIVmBCw&sIDType=CUID,Website,https://www.spoctree.com/,https://www.spoctree.com/,,1096,0
True Balance,Balancehero India Private Limited,INCRED FINANCIAL SERVICES LIMITED (FORMERLY KKR INDIA FINANCIAL SERVICES LTD),2026-09-25,https://data.rbi.org.in/BOE/OpenDocument/opendoc/custom.jsp?iDocID=ARfEgy.WNSVIvFfvSIVmBCw&sIDType=CUID,Galaxy Store (Samsung),https://galaxystore.samsung.com/detail/com.balancehero.truebalance,https://galaxystore.samsung.com/detail/com.balancehero.truebalance,,1097,0
True Balance,Balancehero India Private Limited,INCRED FINANCIAL SERVICES LIMITED (FORMERLY KKR INDIA FINANCIAL SERVICES LTD),2026-09-25,https://data.rbi.org.in/BOE/OpenDocument/opendoc/custom.jsp?iDocID=ARfEgy.WNSVIvFfvSIVmBCw&sIDType=CUID,Google Play Store,https://play.google.com/store/apps/details?id=com.balancehero.truebalance,https://play.google.com/store/apps/details?id=com.balancehero.truebalance,com.balancehero.truebalance,1098,0
True Balance,Balancehero India Private Limited,INCRED FINANCIAL SERVICES LIMITED (FORMERLY KKR INDIA FINANCIAL SERVICES LTD),2026-09-25,https://data.rbi.org.in/BOE/OpenDocument/opendoc/custom.jsp?iDocID=ARfEgy.WNSVIvFfvSIVmBCw&sIDType=CUID,Huawei AppGallery,https://appgallery.huawei.com/app/C101648675,https://appgallery.huawei.com/app/C101648675,,1099,0
True Balance,Balancehero India Private Limited,INCRED FINANCIAL SERVICES LIMITED (FORMERLY KKR INDIA FINANCIAL SERVICES LTD),2026-09-25,https://data.rbi.org.in/BOE/OpenDocument/opendoc/custom.jsp?iDocID=ARfEgy.WNSVIvFfvSIVmBCw&sIDType=CUID,Indus Appstore (Xiaomi),https://play.google.com/store/apps/details?id=com.balancehero.truebalance,https://global.app.mi.com/details?lo=IN&la=en_US&id=com.balancehero.truebalance,com.balancehero.truebalance,1100,0
Upswing,Upswing Financial Technologies Private Limited,INCRED FINANCIAL SERVICES LIMITED (FORMERLY KKR INDIA FINANCIAL SERVICES LTD),2026-09-25,https://data.rbi.org.in/BOE/OpenDocument/opendoc/custom.jsp?iDocID=ARfEgy.WNSVIvFfvSIVmBCw&sIDType=CUID,Website,https://www.upswing.one/,https://www.upswing.one/,,1101,0
INDcredit Loan on Mutual Funds,INDcredit Fincap Private Limited - Self-owned,INDCREDIT FINCAP PRIVATE LIMITED,2026-09-25,https://data.rbi.org.in/BOE/OpenDocument/opendoc/custom.jsp?iDocID=ARfEgy.WNSVIvFfvSIVmBCw&sIDType=CUID,Playstore- INDcredit loan on Mutual Funds,https://play.google.com/store/apps/details?id=com.indcredit.indcredit,https://play.google.com/store/apps/details?id=com.indcredit.indcredit,com.indcredit.indcredit,1102,0
"INDmoney: Stocks, Mutual funds",Finzoomers Services Private Limited,INDCREDIT FINCAP PRIVATE LIMITED,2026-09-25,https://data.rbi.org.in/BOE/OpenDocument/opendoc/custom.jsp?iDocID=ARfEgy.WNSVIvFfvSIVmBCw&sIDType=CUID,"Appstore - INDmoney: Stocks, Mutual funds",https://apps.apple.com/in/app/indmoney-stocks-mutual-fund/id1450178837,https://apps.apple.com/in/app/indmoney-stocks-mutual-fund/id1450178837,,1103,0
"INDmoney: Stocks, Mutual funds",Finzoomers Services Private Limited,INDCREDIT FINCAP PRIVATE LIMITED,2026-09-25,https://data.rbi.org.in/BOE/OpenDocument/opendoc/custom.jsp?iDocID=ARfEgy.WNSVIvFfvSIVmBCw&sIDType=CUID,"Playstore - INDmoney: Stocks, Mutual funds",https://play.google.com/store/apps/details?id=in.indwealth,https://play.google.com/store/apps/details?id=in.indwealth&hl=en_IN,in.indwealth,1104,0
ECONNECT / INDEL MONEY,INDEL MONEY LIMITED,INDEL MONEY LIMITED,2026-09-25,https://data.rbi.org.in/BOE/OpenDocument/opendoc/custom.jsp?iDocID=ARfEgy.WNSVIvFfvSIVmBCw&sIDType=CUID,"Indel Money E-Connect, Google Play Store, App Store",https://play.google.com/store/apps/details?id=com.lcode.indelmoney,https://econnect.indelmoney.com/payments/web-app/terms  https://play.google.com/store/apps/details?id=com.lcode.indelmoney  https://apps.apple.com/in/app/indel-money/id1506183773,com.lcode.indelmoney,1105,0
Dhancash,Self-owned,IND GLOBAL SECURITIES LTD.,2026-09-25,https://data.rbi.org.in/BOE/OpenDocument/opendoc/custom.jsp?iDocID=ARfEgy.WNSVIvFfvSIVmBCw&sIDType=CUID,Website,https://www.dhancash.com/,https://www.dhancash.com/,,1106,0
Digital Lending Platform,Indian Bank,INDIAN BANK,2026-09-25,https://data.rbi.org.in/BOE/OpenDocument/opendoc/custom.jsp?iDocID=ARfEgy.WNSVIvFfvSIVmBCw&sIDType=CUID,"Bank Website, IndSMART",https://www.indianbank.in/departments/onlineloans/,https://www.indianbank.in/departments/onlineloans/,,1107,0
JanSamarth,Online PSB Loans Ltd,INDIAN BANK,2026-09-25,https://data.rbi.org.in/BOE/OpenDocument/opendoc/custom.jsp?iDocID=ARfEgy.WNSVIvFfvSIVmBCw&sIDType=CUID,Bank Website,https://indmsmedigi.indianbank.in/,https://indmsmedigi.indianbank.in/,,1108,0
JanSamarth,Online PSB Loans Ltd,INDIAN BANK,2026-09-25,https://data.rbi.org.in/BOE/OpenDocument/opendoc/custom.jsp?iDocID=ARfEgy.WNSVIvFfvSIVmBCw&sIDType=CUID,IndSMART,IndSMART/apply loans,IndSMART/apply loans,,1109,0
JanSamarth,Online PSB Loans Ltd,INDIAN BANK,2026-09-25,https://data.rbi.org.in/BOE/OpenDocument/opendoc/custom.jsp?iDocID=ARfEgy.WNSVIvFfvSIVmBCw&sIDType=CUID,Website,https://www.jansamarth.in/home,https://www.jansamarth.in/home,,1110,0
Maruti Suzuki Smart Finance,Maruti Suzuki India Ltd,INDIAN BANK,2026-09-25,https://data.rbi.org.in/BOE/OpenDocument/opendoc/custom.jsp?iDocID=ARfEgy.WNSVIvFfvSIVmBCw&sIDType=CUID,Website,https://www.marutisuzuki.com/more-from-us/finance,https://www.marutisuzuki.com/more-from-us/finance,,1111,0
One Card,FPL Technologies,INDIAN BANK,2026-09-25,https://data.rbi.org.in/BOE/OpenDocument/opendoc/custom.jsp?iDocID=ARfEgy.WNSVIvFfvSIVmBCw&sIDType=CUID,Website,https://apply.getonecard.app/,https://apply.getonecard.app/,,1112,0
PM Vidya Laxmi,Canara Bank,INDIAN BANK,2026-09-25,https://data.rbi.org.in/BOE/OpenDocument/opendoc/custom.jsp?iDocID=ARfEgy.WNSVIvFfvSIVmBCw&sIDType=CUID,Website,https://pmvidyalaxmi.co.in/,https://pmvidyalaxmi.co.in/,,1113,0
UdyamiMitra,SIDBI,INDIAN BANK,2026-09-25,https://data.rbi.org.in/BOE/OpenDocument/opendoc/custom.jsp?iDocID=ARfEgy.WNSVIvFfvSIVmBCw&sIDType=CUID,Back office portal,https://pmvportal.udyamimitra.in/Login,https://pmvportal.udyamimitra.in/Login,,1114,0
Indifi Technologies Private Limited,Indifi Technologies Private Limited,INDIFI CAPITAL PRIVATE LIMITED (FORMERLY RIVIERA INVESTORS PRIVATE LIMITED),2026-09-25,https://data.rbi.org.in/BOE/OpenDocument/opendoc/custom.jsp?iDocID=ARfEgy.WNSVIvFfvSIVmBCw&sIDType=CUID,Website,https://www.indifi.com,https://www.indifi.com,,1115,0
Indifi Unsecured Business loan,Indifi Technologies Private Limited,INDIFI CAPITAL PRIVATE LIMITED (FORMERLY RIVIERA INVESTORS PRIVATE LIMITED),2026-09-25,https://data.rbi.org.in/BOE/OpenDocument/opendoc/custom.jsp?iDocID=ARfEgy.WNSVIvFfvSIVmBCw&sIDType=CUID,Google Play Store,https://play.google.com/store/apps/details?id=com.riviera.indifi.app,https://play.google.com/store/apps/details?id=com.riviera.indifi.app&hl=en_IN,com.riviera.indifi.app,1116,0
Paytm,One97 Communications Limited,INDIFI CAPITAL PRIVATE LIMITED (FORMERLY RIVIERA INVESTORS PRIVATE LIMITED),2026-09-25,https://data.rbi.org.in/BOE/OpenDocument/opendoc/custom.jsp?iDocID=ARfEgy.WNSVIvFfvSIVmBCw&sIDType=CUID,Website,https://paytm.com,https://paytm.com,,1117,0
Mahila Money,Mahila Money India Pvt Ltd,INDIUMPLUS FINANCIAL SERVICES PRIVATE LIMITED,2026-09-25,https://data.rbi.org.in/BOE/OpenDocument/opendoc/custom.jsp?iDocID=ARfEgy.WNSVIvFfvSIVmBCw&sIDType=CUID,Google Playstore,https://play.google.com/store/apps/details?id=com.sm.mahilamoney,https://play.google.com/store/apps/details?id=com.sm.mahilamoney&amp,com.sm.mahilamoney,1118,0
Business Loans (Small Ticket Business Loans),Self-owned,INDUSIND BANK LTD,2026-09-25,https://data.rbi.org.in/BOE/OpenDocument/opendoc/custom.jsp?iDocID=ARfEgy.WNSVIvFfvSIVmBCw&sIDType=CUID,Website,https://induseasycredit.indusind.com/STBL/small-ticket/getting-started?utm_source=website&utm_medium=headernavigation&utm_campaign=website1,https://induseasycredit.indusind.com/STBL/small-ticket/getting-started?utm_source=website&utm_medium=headernavigation&utm_campaign=website1,,1119,0
EasyCredit Personal Loans (DIY Platform),Self-owned,INDUSIND BANK LTD,2026-09-25,https://data.rbi.org.in/BOE/OpenDocument/opendoc/custom.jsp?iDocID=ARfEgy.WNSVIvFfvSIVmBCw&sIDType=CUID,Website,https://induseasycredit.indusind.com/customer/personal-loan/new-lead,https://induseasycredit.indusind.com/customer/personal-loan/new-lead,,1120,0
IndusInd Bank Mobile App- Indie,Self-Owned,INDUSIND BANK LTD,2026-09-25,https://data.rbi.org.in/BOE/OpenDocument/opendoc/custom.jsp?iDocID=ARfEgy.WNSVIvFfvSIVmBCw&sIDType=CUID,Apple app store,https://indieapp-referral.onelink.me/WEEF/1wpxl5ck,https://indieapp-referral.onelink.me/WEEF/1wpxl5ck,,1121,0
IndusInd Bank Mobile App- Indie,Self-owned,INDUSIND BANK LTD,2026-09-25,https://data.rbi.org.in/BOE/OpenDocument/opendoc/custom.jsp?iDocID=ARfEgy.WNSVIvFfvSIVmBCw&sIDType=CUID,Google Play Store,https://indieapp-referral.onelink.me/WEEF/1wpxl5ck,https://indieapp-referral.onelink.me/WEEF/1wpxl5ck,,1122,0
Paisabazaar,Paisabazaar Marketing And Consulting Private Limited,INDUSIND BANK LTD,2026-09-25,https://data.rbi.org.in/BOE/OpenDocument/opendoc/custom.jsp?iDocID=ARfEgy.WNSVIvFfvSIVmBCw&sIDType=CUID,Apple Play Store,https://apps.apple.com/in/app/paisabazaar-com-loans-cards/id1029403201,https://apps.apple.com/in/app/paisabazaar-com-loans-cards/id1029403201,,1123,0
Paisabazaar,Paisabazaar Marketing And Consulting Private Limited,INDUSIND BANK LTD,2026-09-25,https://data.rbi.org.in/BOE/OpenDocument/opendoc/custom.jsp?iDocID=ARfEgy.WNSVIvFfvSIVmBCw&sIDType=CUID,Google Play Store,https://play.google.com/store/apps/details?id=com.paisabazaar,?https://play.google.com/store/apps/details?id=com.paisabazaar,com.paisabazaar,1124,0
Paisabazaar,Paisabazaar Marketing And Consulting Private Limited,INDUSIND BANK LTD,2026-09-25,https://data.rbi.org.in/BOE/OpenDocument/opendoc/custom.jsp?iDocID=ARfEgy.WNSVIvFfvSIVmBCw&sIDType=CUID,Website,https://www.paisabazaar.com,www.paisabazaar.com,,1125,0
Creditas Solutions Private Limited,Self owned,INDUSIND BANK LTD,2026-09-25,https://data.rbi.org.in/BOE/OpenDocument/opendoc/custom.jsp?iDocID=ARfEgy.WNSVIvFfvSIVmBCw&sIDType=CUID,Portal managed by DLA,"Customized link is generated for each eligible customer, hence no generic URL available","Customized link is generated for each eligible customer, hence no generic URL available",,1126,0
50 Fin,Fifty Fintech Pvt Ltd,INFINA FINANCE PVT. LTD.,2026-09-25,https://data.rbi.org.in/BOE/OpenDocument/opendoc/custom.jsp?iDocID=ARfEgy.WNSVIvFfvSIVmBCw&sIDType=CUID,Yes,https://www.50fin.in,https://www.50fin.in,,1127,0
BharatPe for Business,Operated by Resilient Digi Services Private Limited,INNOFIN SOLUTIONS PRIVATE LIMITED (NBFC - P2P),2026-09-25,https://data.rbi.org.in/BOE/OpenDocument/opendoc/custom.jsp?iDocID=ARfEgy.WNSVIvFfvSIVmBCw&sIDType=CUID,Apple App Store,https://apps.apple.com/in/app/bharatpe-for-business/id1329385873,https://apps.apple.com/in/app/bharatpe-for-business/id1329385873,,1128,0
BharatPe for Business,Operated by Resilient Digi Services Private Limited,INNOFIN SOLUTIONS PRIVATE LIMITED (NBFC - P2P),2026-09-25,https://data.rbi.org.in/BOE/OpenDocument/opendoc/custom.jsp?iDocID=ARfEgy.WNSVIvFfvSIVmBCw&sIDType=CUID,Google Play,https://play.google.com/store/apps/details?id=com.bharatpe.app,https://play.google.com/store/apps/details?id=com.bharatpe.app&hl=en_IN&pli=1,com.bharatpe.app,1129,0
CashE,AERIES FINANCIALTECHNOLOGIES PRIVATE LIMITED,INNOFIN SOLUTIONS PRIVATE LIMITED (NBFC - P2P),2026-09-25,https://data.rbi.org.in/BOE/OpenDocument/opendoc/custom.jsp?iDocID=ARfEgy.WNSVIvFfvSIVmBCw&sIDType=CUID,"Website, Playstore, AppStore",https://play.google.com/store/apps/details?id=co.tslc.cashe.androidhttps,https://www.cashe.co.in/ https://play.google.com/store/apps/details?id=co.tslc.cashe.androidhttps://apps.apple.com/in/app/cashe-online-instant-loan-app/id1261854922,co.tslc.cashe.androidhttps,1130,0
Fi Money,Epifi Technologies Private Limited / Fi Money,INNOFIN SOLUTIONS PRIVATE LIMITED (NBFC - P2P),2026-09-25,https://data.rbi.org.in/BOE/OpenDocument/opendoc/custom.jsp?iDocID=ARfEgy.WNSVIvFfvSIVmBCw&sIDType=CUID,Epifi Technologies Private Limited,https://play.google.com/store/apps/details?id=com.epifi.paisa,https://play.google.com/store/apps/details?id=com.epifi.paisa&hl=en https://apps.apple.com/in/app/fi-money-save-invest-smart/id1531564767  https://fi.money/,com.epifi.paisa,1131,0
FINBUD FINANCIAL SERVICES LIMITED,PARTH PANDE (Director),INNOFIN SOLUTIONS PRIVATE LIMITED (NBFC - P2P),2026-09-25,https://data.rbi.org.in/BOE/OpenDocument/opendoc/custom.jsp?iDocID=ARfEgy.WNSVIvFfvSIVmBCw&sIDType=CUID,Website,https://www.financebuddha.com/grievance-redressal,https://www.financebuddha.com/grievance-redressal,,1132,0
Indialends,GC Web Ventures Private Limited,INNOFIN SOLUTIONS PRIVATE LIMITED (NBFC - P2P),2026-09-25,https://data.rbi.org.in/BOE/OpenDocument/opendoc/custom.jsp?iDocID=ARfEgy.WNSVIvFfvSIVmBCw&sIDType=CUID,"Website, App and IOS",https://play.google.com/store/apps/details?id=com.indialends.android,"https://indialends.com/, https://play.google.com/store/apps/details?id=com.indialends.android&hl=en_IN, https://apps.apple.com/in/app/indialends-instant-loan-app/id1163514601",com.indialends.android,1133,0
InstaMoney,Roctogen Services Private Limited,INNOFIN SOLUTIONS PRIVATE LIMITED (NBFC - P2P),2026-09-25,https://data.rbi.org.in/BOE/OpenDocument/opendoc/custom.jsp?iDocID=ARfEgy.WNSVIvFfvSIVmBCw&sIDType=CUID,Google Play Store,https://play.google.com/store/apps/details?id=com.innofinsolutions.instamoney,https://play.google.com/store/apps/details?id=com.innofinsolutions.instamoney,com.innofinsolutions.instamoney,1134,0
InstaVyapaar,Roctogen Services Private Limited,INNOFIN SOLUTIONS PRIVATE LIMITED (NBFC - P2P),2026-09-25,https://data.rbi.org.in/BOE/OpenDocument/opendoc/custom.jsp?iDocID=ARfEgy.WNSVIvFfvSIVmBCw&sIDType=CUID,Google Play Store,https://play.google.com/store/apps/details?id=com.rspl.instavyapaar,https://play.google.com/store/apps/details?id=com.rspl.instavyapaar,com.rspl.instavyapaar,1135,0
Kredit Rupee,Mobavenue Media Private Limited,INNOFIN SOLUTIONS PRIVATE LIMITED (NBFC - P2P),2026-09-25,https://data.rbi.org.in/BOE/OpenDocument/opendoc/custom.jsp?iDocID=ARfEgy.WNSVIvFfvSIVmBCw&sIDType=CUID,App,https://play.google.com/store/search?q=kreditrupee&c=apps&hl=en_IN,https://play.google.com/store/search?q=kreditrupee&c=apps&hl=en_IN,,1136,0
PayTM,One97 Communication Ltd,INNOFIN SOLUTIONS PRIVATE LIMITED (NBFC - P2P),2026-09-25,https://data.rbi.org.in/BOE/OpenDocument/opendoc/custom.jsp?iDocID=ARfEgy.WNSVIvFfvSIVmBCw&sIDType=CUID,Play Store & App Store,https://paytm.com/loans-credit-cards/personal-loan/,https://paytm.com/loans-credit-cards/personal-loan/,,1137,0
Phonepe,PhonePe Lending Services Private Limited,INNOFIN SOLUTIONS PRIVATE LIMITED (NBFC - P2P),2026-09-25,https://data.rbi.org.in/BOE/OpenDocument/opendoc/custom.jsp?iDocID=ARfEgy.WNSVIvFfvSIVmBCw&sIDType=CUID,App and Website,https://play.google.com/store/apps/details?id=com.phonepe.app,https://play.google.com/store/apps/details?id=com.phonepe.app https://apps.apple.com/in/app/phonepe-secure-payments-app/id1170055821,com.phonepe.app,1138,0
Quid,Quid,INNOFIN SOLUTIONS PRIVATE LIMITED (NBFC - P2P),2026-09-25,https://data.rbi.org.in/BOE/OpenDocument/opendoc/custom.jsp?iDocID=ARfEgy.WNSVIvFfvSIVmBCw&sIDType=CUID,"yes, web & app both are there",https://play.google.com/store/apps/details?id=quid.money,https://play.google.com/store/apps/details?id=quid.money,quid.money,1139,0
Vodafone Idea,vodafone idea business services limited,INNOFIN SOLUTIONS PRIVATE LIMITED (NBFC - P2P),2026-09-25,https://data.rbi.org.in/BOE/OpenDocument/opendoc/custom.jsp?iDocID=ARfEgy.WNSVIvFfvSIVmBCw&sIDType=CUID,App,https://play.google.com/store/apps/details?id=com.mventus.selfcare.activity,https://play.google.com/store/apps/details?id=com.mventus.selfcare.activity&hl=en_IN,com.mventus.selfcare.activity,1140,0
ZET TECHNOLABS PRIVATE LIMITED,Manish Shara & Yash Desai,INNOFIN SOLUTIONS PRIVATE LIMITED (NBFC - P2P),2026-09-25,https://data.rbi.org.in/BOE/OpenDocument/opendoc/custom.jsp?iDocID=ARfEgy.WNSVIvFfvSIVmBCw&sIDType=CUID,ZETPARTNER,https://partner.zetapp.in/,https://partner.zetapp.in/,,1141,0
Pocket Mitra,Jai Finance (India) Limited,JAI FINANCE (INDIA) LTD.,2026-09-25,https://data.rbi.org.in/BOE/OpenDocument/opendoc/custom.jsp?iDocID=ARfEgy.WNSVIvFfvSIVmBCw&sIDType=CUID,App Store,https://play.google.com/store/apps/details?id=in.pocketmitra,https://play.google.com/store/apps/details?id=in.pocketmitra&hl=en_IN,in.pocketmitra,1142,0
Truepay,Self-Owned,JAIN FINSCAP PRIVATE LIMITED,2026-09-25,https://data.rbi.org.in/BOE/OpenDocument/opendoc/custom.jsp?iDocID=ARfEgy.WNSVIvFfvSIVmBCw&sIDType=CUID,Website,https://jain-fintech-assets.s3.us-east-1.amazonaws.com/Application/Truepay.apk,https://jain-fintech-assets.s3.us-east-1.amazonaws.com/Application/Truepay.apk,,1143,0
Digital Loans,Self-Owned,JAMMU & KASHMIR BANK LTD,2026-09-25,https://data.rbi.org.in/BOE/OpenDocument/opendoc/custom.jsp?iDocID=ARfEgy.WNSVIvFfvSIVmBCw&sIDType=CUID,Website,https://digital.jkbank.com/JKBALPortal/,https://digital.jkbank.com/JKBALPortal/,,1144,0
STP,Self-Owned,JAMMU & KASHMIR BANK LTD,2026-09-25,https://data.rbi.org.in/BOE/OpenDocument/opendoc/custom.jsp?iDocID=ARfEgy.WNSVIvFfvSIVmBCw&sIDType=CUID,Website,https://www.jkbank.com/stp,https://www.jkbank.com/stp,,1145,0
Loan in Seconds,Self-owned,JINDAL FINCAP LTD.,2026-09-25,https://data.rbi.org.in/BOE/OpenDocument/opendoc/custom.jsp?iDocID=ARfEgy.WNSVIvFfvSIVmBCw&sIDType=CUID,Website,https://loaninseconds.com/,https://loaninseconds.com/,,1146,0
Bajaj Finserv Direct Limited,Bajaj Finserv Direct Limited,JIO CREDIT LIMITED (FORMERLY KNOWN AS JIO FINANCE LIMITED),2026-09-25,https://data.rbi.org.in/BOE/OpenDocument/opendoc/custom.jsp?iDocID=ARfEgy.WNSVIvFfvSIVmBCw&sIDType=CUID,Website and App ; Name of App - Bajaj Markets,https://play.google.com/store/apps/details?id=in.bajajfinservmarkets.app,IOS - https://apps.apple.com/in/app/bajaj-finserv-markets-loan-app/id1482914241 - Android - https://play.google.com/store/apps/details?id=in.bajajfinservmarkets.app,in.bajajfinservmarkets.app,1147,0
SYNERGENIUS GROWTH PRIVATE LIMITED,SYNERGENIUS GROWTH PRIVATE LIMITED,JIO CREDIT LIMITED (FORMERLY KNOWN AS JIO FINANCE LIMITED),2026-09-25,https://data.rbi.org.in/BOE/OpenDocument/opendoc/custom.jsp?iDocID=ARfEgy.WNSVIvFfvSIVmBCw&sIDType=CUID,Website and App ; Name of App store - Finfinity,IOS - https://apps.apple.com/in/app/finfinity/id6737900071 - Android https://sgpl.finfinity.co.in/FinApp/,IOS - https://apps.apple.com/in/app/finfinity/id6737900071 - Android https://sgpl.finfinity.co.in/FinApp/,,1148,0
Jio Finance Platform and Service Limited,Jio Finance Platform and Service Limited,JIO CREDIT LIMITED (FORMERLY KNOWN AS JIO FINANCE LIMITED),2026-09-25,https://data.rbi.org.in/BOE/OpenDocument/opendoc/custom.jsp?iDocID=ARfEgy.WNSVIvFfvSIVmBCw&sIDType=CUID,Website and App : Name of App store - Available on App Store:-  JioFinance: For your life!,https://play.google.com/store/apps/details?id=in.jfs.jiofinance,IOS - https://apps.apple.com/in/app/jiofinance/id6469583963 / Android - https://play.google.com/store/apps/details?id=in.jfs.jiofinance&referrer=utm_source%3Djfc%26utm_medium%3Dwb-dwn%26utm_campaign%3Dfooter,in.jfs.jiofinance,1149,0
Paisabazaar Marketing and Consulting Private Limited,Paisabazaar Marketing and Consulting Private Limited,JIO CREDIT LIMITED (FORMERLY KNOWN AS JIO FINANCE LIMITED),2026-09-25,https://data.rbi.org.in/BOE/OpenDocument/opendoc/custom.jsp?iDocID=ARfEgy.WNSVIvFfvSIVmBCw&sIDType=CUID,"Website and App ; Name of App store -  PaisaBazaar Credit Score, Loan",https://play.google.com/store/apps/details?id=com.paisabazaar,IOS - https://apps.apple.com/in/app/paisabazaar-credit-score-loan/id1029403201 Android - https://play.google.com/store/apps/details?id=com.paisabazaar,com.paisabazaar,1150,0
Ausha Digital Pvt Ltd,Spoctree,JIO CREDIT LIMITED (FORMERLY KNOWN AS JIO FINANCE LIMITED),2026-09-25,https://data.rbi.org.in/BOE/OpenDocument/opendoc/custom.jsp?iDocID=ARfEgy.WNSVIvFfvSIVmBCw&sIDType=CUID,Website,https://www.spoctree.com/,https://www.spoctree.com/,,1151,0
JioFinance: For your life!,Jio Finance Platform and Service Limited,JIO FINANCE LIMITED,2026-09-25,https://data.rbi.org.in/BOE/OpenDocument/opendoc/custom.jsp?iDocID=ARfEgy.WNSVIvFfvSIVmBCw&sIDType=CUID,Apple Store,https://apps.apple.com/in/app/jiofinance/id6469583963?referrer=utm_source%3Djfc%26utm_medium%3Dwb-dwn%26utm_campaign%3Dfooter,https://apps.apple.com/in/app/jiofinance/id6469583963?referrer=utm_source%3Djfc%26utm_medium%3Dwb-dwn%26utm_campaign%3Dfooter,,1152,0
JioFinance: For your life!,Jio Finance Platform and Service Limited,JIO FINANCE LIMITED,2026-09-25,https://data.rbi.org.in/BOE/OpenDocument/opendoc/custom.jsp?iDocID=ARfEgy.WNSVIvFfvSIVmBCw&sIDType=CUID,Google Play,https://play.google.com/store/apps/details?id=in.jfs.jiofinance,https://play.google.com/store/apps/details?id=in.jfs.jiofinance&referrer=utm_source%3Djfc%26utm_medium%3Dwb-dwn%26utm_campaign%3Dfooter,in.jfs.jiofinance,1153,0
Credit Fair,K.M. Global Credit Private Ltd,JM FINANCIAL PRODUCTS LTD. (FORMERLY - JM FINANCIAL PRODUCTS PVT LTD),2026-09-25,https://data.rbi.org.in/BOE/OpenDocument/opendoc/custom.jsp?iDocID=ARfEgy.WNSVIvFfvSIVmBCw&sIDType=CUID,website,Yes,Yes,,1154,0
Leo1,Gajju Technologies Private Limited,JM FINANCIAL PRODUCTS LTD. (FORMERLY - JM FINANCIAL PRODUCTS PVT LTD),2026-09-25,https://data.rbi.org.in/BOE/OpenDocument/opendoc/custom.jsp?iDocID=ARfEgy.WNSVIvFfvSIVmBCw&sIDType=CUID,website,Yes,Yes,,1155,0
propelled,Bluebear Technology Pvt. Ltd.,JM FINANCIAL PRODUCTS LTD. (FORMERLY - JM FINANCIAL PRODUCTS PVT LTD),2026-09-25,https://data.rbi.org.in/BOE/OpenDocument/opendoc/custom.jsp?iDocID=ARfEgy.WNSVIvFfvSIVmBCw&sIDType=CUID,website,Yes,Yes,,1156,0
MONEYBRO,JMJ FINTECH LIMITED,JMJ FINTECH LIMITED,2026-09-25,https://data.rbi.org.in/BOE/OpenDocument/opendoc/custom.jsp?iDocID=ARfEgy.WNSVIvFfvSIVmBCw&sIDType=CUID,YES,https://web.moneybro.in/onboard/?referral_code=finbridge_01#/login/borrower,https://web.moneybro.in/onboard/?referral_code=finbridge_01#/login/borrower,,1157,0
EARLY WAGES,Self-owned,JUNOON CAPITAL SERVICES (P) LTD.,2026-09-25,https://data.rbi.org.in/BOE/OpenDocument/opendoc/custom.jsp?iDocID=ARfEgy.WNSVIvFfvSIVmBCw&sIDType=CUID,Website,https://www.earlywages.in/,https://www.earlywages.in/,,1159,0
INSTA PAISE,Self-owned,JUNOON CAPITAL SERVICES (P) LTD.,2026-09-25,https://data.rbi.org.in/BOE/OpenDocument/opendoc/custom.jsp?iDocID=ARfEgy.WNSVIvFfvSIVmBCw&sIDType=CUID,Website,https://instapaise.com,https://instapaise.com,,1160,0
PAISA UDHAR,Self-owned,JUNOON CAPITAL SERVICES (P) LTD.,2026-09-25,https://data.rbi.org.in/BOE/OpenDocument/opendoc/custom.jsp?iDocID=ARfEgy.WNSVIvFfvSIVmBCw&sIDType=CUID,Website,https://www.paisaudhar.com,https://www.paisaudhar.com,,1161,0
REFYNE,Refyne Tech Private Limited,JUNOON CAPITAL SERVICES (P) LTD.,2026-09-25,https://data.rbi.org.in/BOE/OpenDocument/opendoc/custom.jsp?iDocID=ARfEgy.WNSVIvFfvSIVmBCw&sIDType=CUID,Google Playstore,https://play.google.com/store/apps/details?id=in.co.refyne.android,https://play.google.com/store/apps/details?id=in.co.refyne.android&hl=en_IN,in.co.refyne.android,1162,0
Ippopay,IppoPay Technologies Private Limited,KALEIDOFIN CAPITAL PRIVATE LIMITED,2026-09-25,https://data.rbi.org.in/BOE/OpenDocument/opendoc/custom.jsp?iDocID=ARfEgy.WNSVIvFfvSIVmBCw&sIDType=CUID,Playstore,https://play.google.com/store/apps/details?id=com.ippopay.store,https://play.google.com/store/apps/details?id=com.ippopay.store,com.ippopay.store,1163,0
Fund by Khera,Fintech Cloud Private Limited,"KANTA CREDITS & HOLDINGS PVT.LTD,",2026-09-25,https://data.rbi.org.in/BOE/OpenDocument/opendoc/custom.jsp?iDocID=ARfEgy.WNSVIvFfvSIVmBCw&sIDType=CUID,Website,https://www.fundbykhera.com/,https://www.fundbykhera.com/,,1164,0
FUNDLY,Ardour Analytics Private Limited,KARAMJYOTI SALES (P) LTD,2026-09-25,https://data.rbi.org.in/BOE/OpenDocument/opendoc/custom.jsp?iDocID=ARfEgy.WNSVIvFfvSIVmBCw&sIDType=CUID,Google Playstore,https://play.google.com/store/apps/details?id=com.fundly.fundly,https://play.google.com/store/apps/details?id=com.fundly.fundly,com.fundly.fundly,1165,0
DGV Money,Digivriddhi Technologies Pvt Ltd,KARNATAKA BANK LTD,2026-09-25,https://data.rbi.org.in/BOE/OpenDocument/opendoc/custom.jsp?iDocID=ARfEgy.WNSVIvFfvSIVmBCw&sIDType=CUID,Available to onboarded agents/ Field staff through MDM,-,-,,1166,0
NAVI TREZO,NAVI FINTECH PRIVATE LIMITED,KARNATAKA BANK LTD,2026-09-25,https://data.rbi.org.in/BOE/OpenDocument/opendoc/custom.jsp?iDocID=ARfEgy.WNSVIvFfvSIVmBCw&sIDType=CUID,WEBSITE,http://navitrezo.ktkbank.com/?,http://navitrezo.ktkbank.com/?,,1167,0
Xpress Cash Loan,KARNATAKA BANK,KARNATAKA BANK LTD,2026-09-25,https://data.rbi.org.in/BOE/OpenDocument/opendoc/custom.jsp?iDocID=ARfEgy.WNSVIvFfvSIVmBCw&sIDType=CUID,WEBSITE,https://www.karnatakabank.bank.in/personal/loans/salary-loan,https://www.karnatakabank.bank.in/personal/loans/salary-loan,,1168,0
Salaryontime,LNVS Fintech Pvt Ltd,KARN SECURITIES PVT.LTD.,2026-09-25,https://data.rbi.org.in/BOE/OpenDocument/opendoc/custom.jsp?iDocID=ARfEgy.WNSVIvFfvSIVmBCw&sIDType=CUID,App Store,https://apps.apple.com/in/app/salaryontime/id6503283983,https://apps.apple.com/in/app/salaryontime/id6503283983,,1169,0
Salaryontime,LNVS Fintech Pvt Ltd,KARN SECURITIES PVT.LTD.,2026-09-25,https://data.rbi.org.in/BOE/OpenDocument/opendoc/custom.jsp?iDocID=ARfEgy.WNSVIvFfvSIVmBCw&sIDType=CUID,Play store,https://play.google.com/store/search?q=salaryontime&c=apps&hl=en,https://play.google.com/store/search?q=salaryontime&c=apps&hl=en,,1170,0
Salaryontime,LNVS Fintech Pvt Ltd,KARN SECURITIES PVT.LTD.,2026-09-25,https://data.rbi.org.in/BOE/OpenDocument/opendoc/custom.jsp?iDocID=ARfEgy.WNSVIvFfvSIVmBCw&sIDType=CUID,Website,https://salaryontime.com/,https://salaryontime.com/,,1171,0
1,KVB - Dlite & Mobile Banking,KARUR VYSYA BANK LTD,2026-09-25,https://data.rbi.org.in/BOE/OpenDocument/opendoc/custom.jsp?iDocID=ARfEgy.WNSVIvFfvSIVmBCw&sIDType=CUID,THE KARUR VYSYA BANK LIMITED,https://apps.apple.com/in/app/kvb-dlite-mobile-banking/id1428536937,https://apps.apple.com/in/app/kvb-dlite-mobile-banking/id1428536937,,1172,0
2,KVB - Dlite & Mobile Banking,KARUR VYSYA BANK LTD,2026-09-25,https://data.rbi.org.in/BOE/OpenDocument/opendoc/custom.jsp?iDocID=ARfEgy.WNSVIvFfvSIVmBCw&sIDType=CUID,THE KARUR VYSYA BANK LIMITED,https://play.google.com/store/apps/details?id=com.kvb.mobilebanking,https://play.google.com/store/apps/details?id=com.kvb.mobilebanking&hl=en_IN,com.kvb.mobilebanking,1173,0
3,amazon.in,KARUR VYSYA BANK LTD,2026-09-25,https://data.rbi.org.in/BOE/OpenDocument/opendoc/custom.jsp?iDocID=ARfEgy.WNSVIvFfvSIVmBCw&sIDType=CUID,Amazon Finance (India) Private Limited,https://play.google.com/store/apps/details?id=com.amazon.mShop.android.shopping,https://play.google.com/store/apps/details?id=com.amazon.mShop.android.shopping&hl=en_IN,com.amazon.mShop.android.shopping,1174,0
4,amazon.in,KARUR VYSYA BANK LTD,2026-09-25,https://data.rbi.org.in/BOE/OpenDocument/opendoc/custom.jsp?iDocID=ARfEgy.WNSVIvFfvSIVmBCw&sIDType=CUID,Amazon Finance (India) Private Limited,https://apps.apple.com/us/app/amazon-shopping/id297606951,https://apps.apple.com/us/app/amazon-shopping/id297606951,,1175,0
5,amazon.in,KARUR VYSYA BANK LTD,2026-09-25,https://data.rbi.org.in/BOE/OpenDocument/opendoc/custom.jsp?iDocID=ARfEgy.WNSVIvFfvSIVmBCw&sIDType=CUID,Amazon Finance (India) Private Limited,https://www.amazon.in,https://www.amazon.in,,1176,0
Salaryontime,LNVS FINTECH PRIVATE LIMITED,KASAR CREDIT & CAPITAL PVT.LTD.,2026-09-25,https://data.rbi.org.in/BOE/OpenDocument/opendoc/custom.jsp?iDocID=ARfEgy.WNSVIvFfvSIVmBCw&sIDType=CUID,Apple App Store,https://apps.apple.com/in/app/salaryontime/id6503283983,https://apps.apple.com/in/app/salaryontime/id6503283983,,1177,0
Salaryontime,LNVS FINTECH PRIVATE LIMITED,KASAR CREDIT & CAPITAL PVT.LTD.,2026-09-25,https://data.rbi.org.in/BOE/OpenDocument/opendoc/custom.jsp?iDocID=ARfEgy.WNSVIvFfvSIVmBCw&sIDType=CUID,Google Play Store,https://play.google.com/store/apps/details?id=com.salaryontime.salaryontime,https://play.google.com/store/apps/details?id=com.salaryontime.salaryontime&pcampaignid=web_share,com.salaryontime.salaryontime,1178,0
Salaryontime,LNVS FINTECH PRIVATE LIMITED,KASAR CREDIT & CAPITAL PVT.LTD.,2026-09-25,https://data.rbi.org.in/BOE/OpenDocument/opendoc/custom.jsp?iDocID=ARfEgy.WNSVIvFfvSIVmBCw&sIDType=CUID,Website,https://salaryontime.com,https://salaryontime.com,,1179,0
Finsall,Finsall Resources Private Limited,KAUNSHYA INVESTMENTS PRIVATE LIMITED,2026-09-25,https://data.rbi.org.in/BOE/OpenDocument/opendoc/custom.jsp?iDocID=ARfEgy.WNSVIvFfvSIVmBCw&sIDType=CUID,Yes (www.finsall.com/Finsall),https://apps.apple.com/in/app/finsall/id155341993 and Finsall - Apps on Google Play,https://apps.apple.com/in/app/finsall/id155341993 and Finsall - Apps on Google Play,,1180,0
Well Money,Swarit Advisors Pvt Ltd,KEMEX ENGINEERING (P) LTD,2026-09-25,https://data.rbi.org.in/BOE/OpenDocument/opendoc/custom.jsp?iDocID=ARfEgy.WNSVIvFfvSIVmBCw&sIDType=CUID,Website & app Store,https://wellmoney.in/,https://wellmoney.in/,,1181,0
Digicredit,Self-owned,KHOSYA FINLEASE (P) LTD.,2026-09-25,https://data.rbi.org.in/BOE/OpenDocument/opendoc/custom.jsp?iDocID=ARfEgy.WNSVIvFfvSIVmBCw&sIDType=CUID,website / Google Play store,https://play.google.com/store/apps/details?id=com.digicredit,https://digicredit.in/     and    https://play.google.com/store/apps/details?id=com.digicredit,com.digicredit,1182,0
GLAAS,Gromor Finance Private Limited,KINARA CAPITAL PRIVATE LIMITED [FORMERLY KNOWN AS VISAGE HOLDINGS AND FINANCE PRIVATE LIMITED],2026-09-25,https://data.rbi.org.in/BOE/OpenDocument/opendoc/custom.jsp?iDocID=ARfEgy.WNSVIvFfvSIVmBCw&sIDType=CUID,Website,https://los.glaas.co/en,https://los.glaas.co/en,,1183,0
Khatabook,ADJ Utility Apps Private Limited,KINARA CAPITAL PRIVATE LIMITED [FORMERLY KNOWN AS VISAGE HOLDINGS AND FINANCE PRIVATE LIMITED],2026-09-25,https://data.rbi.org.in/BOE/OpenDocument/opendoc/custom.jsp?iDocID=ARfEgy.WNSVIvFfvSIVmBCw&sIDType=CUID,App Store,https://apps.apple.com/in/app/khatabook-vyapar-app/id1488204139,https://apps.apple.com/in/app/khatabook-vyapar-app/id1488204139,,1184,0
Khatabook,ADJ Utility Apps Private Limited,KINARA CAPITAL PRIVATE LIMITED [FORMERLY KNOWN AS VISAGE HOLDINGS AND FINANCE PRIVATE LIMITED],2026-09-25,https://data.rbi.org.in/BOE/OpenDocument/opendoc/custom.jsp?iDocID=ARfEgy.WNSVIvFfvSIVmBCw&sIDType=CUID,Google Play,https://play.google.com/store/apps/details?id=com.vaibhavkalpe.android.khatabook,https://play.google.com/store/apps/details?id=com.vaibhavkalpe.android.khatabook&pcampaignid=web_share,com.vaibhavkalpe.android.khatabook,1185,0
Khatabook,ADJ Utility Apps Private Limited,KINARA CAPITAL PRIVATE LIMITED [FORMERLY KNOWN AS VISAGE HOLDINGS AND FINANCE PRIVATE LIMITED],2026-09-25,https://data.rbi.org.in/BOE/OpenDocument/opendoc/custom.jsp?iDocID=ARfEgy.WNSVIvFfvSIVmBCw&sIDType=CUID,Website,https://khatabook.com/,https://khatabook.com/,,1186,0
GLAAS,Gromor Finance Private Limited,KINARA CAPITAL PRIVATE LIMITED (FORMERLY  VISAGE HOLDINGS AND FINANCE PRIVATE LIMITED),2026-09-25,https://data.rbi.org.in/BOE/OpenDocument/opendoc/custom.jsp?iDocID=ARfEgy.WNSVIvFfvSIVmBCw&sIDType=CUID,Website,https://los.glaas.co/en,https://los.glaas.co/en,,1187,0
Khatabook,ADJ Utility Apps Private Limited,KINARA CAPITAL PRIVATE LIMITED (FORMERLY  VISAGE HOLDINGS AND FINANCE PRIVATE LIMITED),2026-09-25,https://data.rbi.org.in/BOE/OpenDocument/opendoc/custom.jsp?iDocID=ARfEgy.WNSVIvFfvSIVmBCw&sIDType=CUID,App Store,https://apps.apple.com/in/app/khatabook-vyapar-app/id1488204139,https://apps.apple.com/in/app/khatabook-vyapar-app/id1488204139,,1188,0
Khatabook,ADJ Utility Apps Private Limited,KINARA CAPITAL PRIVATE LIMITED (FORMERLY  VISAGE HOLDINGS AND FINANCE PRIVATE LIMITED),2026-09-25,https://data.rbi.org.in/BOE/OpenDocument/opendoc/custom.jsp?iDocID=ARfEgy.WNSVIvFfvSIVmBCw&sIDType=CUID,Google Play,https://play.google.com/store/apps/details?id=com.vaibhavkalpe.android.khatabook,https://play.google.com/store/apps/details?id=com.vaibhavkalpe.android.khatabook&pcampaignid=web_share,com.vaibhavkalpe.android.khatabook,1189,0
Khatabook,ADJ Utility Apps Private Limited,KINARA CAPITAL PRIVATE LIMITED (FORMERLY  VISAGE HOLDINGS AND FINANCE PRIVATE LIMITED),2026-09-25,https://data.rbi.org.in/BOE/OpenDocument/opendoc/custom.jsp?iDocID=ARfEgy.WNSVIvFfvSIVmBCw&sIDType=CUID,Website,https://khatabook.com/,https://khatabook.com/,,1190,0
Credit Saison India,Kisetsu Saison Finance (India) Private Limited,KISETSU SAISON FINANCE (INDIA) PRIVATE LIMITED,2026-09-25,https://data.rbi.org.in/BOE/OpenDocument/opendoc/custom.jsp?iDocID=ARfEgy.WNSVIvFfvSIVmBCw&sIDType=CUID,Apple App Store,https://apps.apple.com/in/app/credit-saison-india-loan-app/id6450202147?mt=8,https://apps.apple.com/in/app/credit-saison-india-loan-app/id6450202147?mt=8,,1191,0
Credit Saison India,Kisetsu Saison Finance (India) Private Limited,KISETSU SAISON FINANCE (INDIA) PRIVATE LIMITED,2026-09-25,https://data.rbi.org.in/BOE/OpenDocument/opendoc/custom.jsp?iDocID=ARfEgy.WNSVIvFfvSIVmBCw&sIDType=CUID,Google Playstore,https://apps.apple.com/in/app/credit-saison-india-loan-app/id6450202147?mt=8,https://apps.apple.com/in/app/credit-saison-india-loan-app/id6450202147?mt=8,,1192,0
Airtel Thanks App,XTELIFY LIMITED (FORMERLY AIRTEL DIGITAL LIMITED),KISETSU SAISON FINANCE (INDIA) PRIVATE LIMITED,2026-09-25,https://data.rbi.org.in/BOE/OpenDocument/opendoc/custom.jsp?iDocID=ARfEgy.WNSVIvFfvSIVmBCw&sIDType=CUID,Apple App Store,https://apps.apple.com/us/app/airtel-thanks-recharge-upi/id543184334,https://apps.apple.com/us/app/airtel-thanks-recharge-upi/id543184334,,1193,0
Airtel Thanks App,XTELIFY LIMITED (FORMERLY AIRTEL DIGITAL LIMITED),KISETSU SAISON FINANCE (INDIA) PRIVATE LIMITED,2026-09-25,https://data.rbi.org.in/BOE/OpenDocument/opendoc/custom.jsp?iDocID=ARfEgy.WNSVIvFfvSIVmBCw&sIDType=CUID,Google Playstore,https://play.google.com/store/apps/details?id=com.myairtelapp,https://play.google.com/store/apps/details?id=com.myairtelapp&hl=en_IN&gl=US,com.myairtelapp,1194,0
Airtel Thanks App,XTELIFY LIMITED (FORMERLY AIRTEL DIGITAL LIMITED),KISETSU SAISON FINANCE (INDIA) PRIVATE LIMITED,2026-09-25,https://data.rbi.org.in/BOE/OpenDocument/opendoc/custom.jsp?iDocID=ARfEgy.WNSVIvFfvSIVmBCw&sIDType=CUID,Website,https://www.airtel.in/finance/personal-loan,https://www.airtel.in/finance/personal-loan,,1195,0
Angel One,Angel One Limited,KISETSU SAISON FINANCE (INDIA) PRIVATE LIMITED,2026-09-25,https://data.rbi.org.in/BOE/OpenDocument/opendoc/custom.jsp?iDocID=ARfEgy.WNSVIvFfvSIVmBCw&sIDType=CUID,Apple App Store,https://apps.apple.com/in/app/angel-one-stocks-mutual-fund/id1060530981,https://apps.apple.com/in/app/angel-one-stocks-mutual-fund/id1060530981,,1196,0
Angel One,Angel One Limited,KISETSU SAISON FINANCE (INDIA) PRIVATE LIMITED,2026-09-25,https://data.rbi.org.in/BOE/OpenDocument/opendoc/custom.jsp?iDocID=ARfEgy.WNSVIvFfvSIVmBCw&sIDType=CUID,Google Playstore,https://play.google.com/store/apps/details?id=com.msf.angelmobile,https://play.google.com/store/apps/details?id=com.msf.angelmobile&hl=en&gl=US,com.msf.angelmobile,1197,0
Angel One,Angel One Limited,KISETSU SAISON FINANCE (INDIA) PRIVATE LIMITED,2026-09-25,https://data.rbi.org.in/BOE/OpenDocument/opendoc/custom.jsp?iDocID=ARfEgy.WNSVIvFfvSIVmBCw&sIDType=CUID,Website,https://www.angelone.in/,https://www.angelone.in/,,1198,0
Bajaj Markets,Bajaj Finserv Direct Limited,KISETSU SAISON FINANCE (INDIA) PRIVATE LIMITED,2026-09-25,https://data.rbi.org.in/BOE/OpenDocument/opendoc/custom.jsp?iDocID=ARfEgy.WNSVIvFfvSIVmBCw&sIDType=CUID,Apple App Store,https://apple.co/3K7c8M6,https://apple.co/3K7c8M6,,1199,0
Bajaj Markets,Bajaj Finserv Direct Limited,KISETSU SAISON FINANCE (INDIA) PRIVATE LIMITED,2026-09-25,https://data.rbi.org.in/BOE/OpenDocument/opendoc/custom.jsp?iDocID=ARfEgy.WNSVIvFfvSIVmBCw&sIDType=CUID,Google Play Store,https://bit.ly/3KfaI20,https://bit.ly/3KfaI20,,1200,0
Bajaj Markets,Bajaj Finserv Direct Limited,KISETSU SAISON FINANCE (INDIA) PRIVATE LIMITED,2026-09-25,https://data.rbi.org.in/BOE/OpenDocument/opendoc/custom.jsp?iDocID=ARfEgy.WNSVIvFfvSIVmBCw&sIDType=CUID,Website,https://www.bajajfinservmarkets.in/,https://www.bajajfinservmarkets.in/,,1201,0
Bharatpe for Business,Resilient Digi Services Private Limited,KISETSU SAISON FINANCE (INDIA) PRIVATE LIMITED,2026-09-25,https://data.rbi.org.in/BOE/OpenDocument/opendoc/custom.jsp?iDocID=ARfEgy.WNSVIvFfvSIVmBCw&sIDType=CUID,Apple App Store,https://apps.apple.com/in/app/bharatpe-for-business/id1329385873,https://apps.apple.com/in/app/bharatpe-for-business/id1329385873,,1202,0
Bharatpe for Business,Resilient Digi Services Private Limited,KISETSU SAISON FINANCE (INDIA) PRIVATE LIMITED,2026-09-25,https://data.rbi.org.in/BOE/OpenDocument/opendoc/custom.jsp?iDocID=ARfEgy.WNSVIvFfvSIVmBCw&sIDType=CUID,Google Playstore,https://play.google.com/store/apps/details?id=com.bharatpe.app,https://play.google.com/store/apps/details?id=com.bharatpe.app&hl=en_IN&pli=1,com.bharatpe.app,1203,0
CRED,Dreamplug Technologies Pvt. Ltd.,KISETSU SAISON FINANCE (INDIA) PRIVATE LIMITED,2026-09-25,https://data.rbi.org.in/BOE/OpenDocument/opendoc/custom.jsp?iDocID=ARfEgy.WNSVIvFfvSIVmBCw&sIDType=CUID,Apple App Store,https://apps.apple.com/in/app/cred-credit-cards-payments/id1428580080,https://apps.apple.com/in/app/cred-credit-cards-payments/id1428580080,,1204,0
CRED,Dreamplug Technologies Pvt. Ltd.,KISETSU SAISON FINANCE (INDIA) PRIVATE LIMITED,2026-09-25,https://data.rbi.org.in/BOE/OpenDocument/opendoc/custom.jsp?iDocID=ARfEgy.WNSVIvFfvSIVmBCw&sIDType=CUID,Google Playstore,https://play.google.com/store/apps/details?id=com.dreamplug.androidapp,https://play.google.com/store/apps/details?id=com.dreamplug.androidapp&pcampaignid=web_share,com.dreamplug.androidapp,1205,0
CRED,Dreamplug Technologies Pvt. Ltd.,KISETSU SAISON FINANCE (INDIA) PRIVATE LIMITED,2026-09-25,https://data.rbi.org.in/BOE/OpenDocument/opendoc/custom.jsp?iDocID=ARfEgy.WNSVIvFfvSIVmBCw&sIDType=CUID,Website,https://cred.club/,https://cred.club/,,1206,0
Digital lending pages of PhonePe Lending on PhonePe consumer app,PhonePe Lending Services Pvt. Ltd,KISETSU SAISON FINANCE (INDIA) PRIVATE LIMITED,2026-09-25,https://data.rbi.org.in/BOE/OpenDocument/opendoc/custom.jsp?iDocID=ARfEgy.WNSVIvFfvSIVmBCw&sIDType=CUID,Apple App Store,https://apps.apple.com/in/app/phonepe-secure-payments-app/id1170055821,https://apps.apple.com/in/app/phonepe-secure-payments-app/id1170055821,,1207,0
Digital lending pages of PhonePe Lending on PhonePe consumer app,PhonePe Lending Services Pvt. Ltd,KISETSU SAISON FINANCE (INDIA) PRIVATE LIMITED,2026-09-25,https://data.rbi.org.in/BOE/OpenDocument/opendoc/custom.jsp?iDocID=ARfEgy.WNSVIvFfvSIVmBCw&sIDType=CUID,Google Playstore,https://play.google.com/store/apps/det,https://play.google.com/store/apps/det,,1208,0
Digital lending pages of PhonePe Lending on PhonePe consumer app,PhonePe Lending Services Pvt. Ltd,KISETSU SAISON FINANCE (INDIA) PRIVATE LIMITED,2026-09-25,https://data.rbi.org.in/BOE/OpenDocument/opendoc/custom.jsp?iDocID=ARfEgy.WNSVIvFfvSIVmBCw&sIDType=CUID,Website,https://www.phonepe.com/lending/,https://www.phonepe.com/lending/,,1209,0
EFundzz,EFund Technical Services Private Limited,KISETSU SAISON FINANCE (INDIA) PRIVATE LIMITED,2026-09-25,https://data.rbi.org.in/BOE/OpenDocument/opendoc/custom.jsp?iDocID=ARfEgy.WNSVIvFfvSIVmBCw&sIDType=CUID,Website,https://www.efundzz.com/?brand=EF,https://www.efundzz.com/?brand=EF,,1210,0
Fibe,Social Worth Technologies Limited,KISETSU SAISON FINANCE (INDIA) PRIVATE LIMITED,2026-09-25,https://data.rbi.org.in/BOE/OpenDocument/opendoc/custom.jsp?iDocID=ARfEgy.WNSVIvFfvSIVmBCw&sIDType=CUID,Apple App Store,https://apps.apple.com/in/app/fibe-instant-personal-loan-app/id1094602630,https://apps.apple.com/in/app/fibe-instant-personal-loan-app/id1094602630,,1211,0
Fibe,Social Worth Technologies Limited,KISETSU SAISON FINANCE (INDIA) PRIVATE LIMITED,2026-09-25,https://data.rbi.org.in/BOE/OpenDocument/opendoc/custom.jsp?iDocID=ARfEgy.WNSVIvFfvSIVmBCw&sIDType=CUID,Google Playstore,https://play.google.com/store/apps/details?id=com.earlysalary.android,https://play.google.com/store/apps/details id=com.earlysalary.android&hl=en&gl=IN,com.earlysalary.android,1212,0
Fibe,Social Worth Technologies Limited,KISETSU SAISON FINANCE (INDIA) PRIVATE LIMITED,2026-09-25,https://data.rbi.org.in/BOE/OpenDocument/opendoc/custom.jsp?iDocID=ARfEgy.WNSVIvFfvSIVmBCw&sIDType=CUID,Website,https://www.fibe.in/,https://www.fibe.in/,,1213,0
FlexiLoans,Epimoney Private Limited,KISETSU SAISON FINANCE (INDIA) PRIVATE LIMITED,2026-09-25,https://data.rbi.org.in/BOE/OpenDocument/opendoc/custom.jsp?iDocID=ARfEgy.WNSVIvFfvSIVmBCw&sIDType=CUID,Website,https://flexiloans.com/,https://flexiloans.com/,,1214,0
Freo,MWYN Tech Pvt Ltd,KISETSU SAISON FINANCE (INDIA) PRIVATE LIMITED,2026-09-25,https://data.rbi.org.in/BOE/OpenDocument/opendoc/custom.jsp?iDocID=ARfEgy.WNSVIvFfvSIVmBCw&sIDType=CUID,Apple App Store,https://apps.apple.com/in/app/freo-pay-save-borrow/id1588894115,https://apps.apple.com/in/app/freo-pay-save-borrow/id1588894115,,1215,0
Freo,MWYN Tech Pvt Ltd,KISETSU SAISON FINANCE (INDIA) PRIVATE LIMITED,2026-09-25,https://data.rbi.org.in/BOE/OpenDocument/opendoc/custom.jsp?iDocID=ARfEgy.WNSVIvFfvSIVmBCw&sIDType=CUID,Google Playstore,https://play.google.com/store/apps/details?id=com.moneytap.bnpl.app,https://play.google.com/store/apps/details?id=com.moneytap.bnpl.app&hl=en_US&pli=1,com.moneytap.bnpl.app,1216,0
Freo,MWYN Tech Pvt Ltd,KISETSU SAISON FINANCE (INDIA) PRIVATE LIMITED,2026-09-25,https://data.rbi.org.in/BOE/OpenDocument/opendoc/custom.jsp?iDocID=ARfEgy.WNSVIvFfvSIVmBCw&sIDType=CUID,Website,https://freo.money/,https://freo.money/,,1217,0
FTCash,Nomisma Mobile Solutions Private Limited,KISETSU SAISON FINANCE (INDIA) PRIVATE LIMITED,2026-09-25,https://data.rbi.org.in/BOE/OpenDocument/opendoc/custom.jsp?iDocID=ARfEgy.WNSVIvFfvSIVmBCw&sIDType=CUID,Website,https://ftcash.com,https://ftcash.com,,1218,0
Groww,Billionbrains Garage Ventures Ltd,KISETSU SAISON FINANCE (INDIA) PRIVATE LIMITED,2026-09-25,https://data.rbi.org.in/BOE/OpenDocument/opendoc/custom.jsp?iDocID=ARfEgy.WNSVIvFfvSIVmBCw&sIDType=CUID,Apple App Store,https://apps.apple.com/in/app/groww-stocks-mutual-fund-upi/id1404871703,https://apps.apple.com/in/app/groww-stocks-mutual-fund-upi/id1404871703,,1219,0
Groww,Billionbrains Garage Ventures Ltd,KISETSU SAISON FINANCE (INDIA) PRIVATE LIMITED,2026-09-25,https://data.rbi.org.in/BOE/OpenDocument/opendoc/custom.jsp?iDocID=ARfEgy.WNSVIvFfvSIVmBCw&sIDType=CUID,Google Playstore,https://play.google.com/store/apps/details?id=com.nextbillion.groww,https://play.google.com/store/apps/details?id=com.nextbillion.groww,com.nextbillion.groww,1220,0
Groww Credit,Billionbrains Garage Ventures Ltd,KISETSU SAISON FINANCE (INDIA) PRIVATE LIMITED,2026-09-25,https://data.rbi.org.in/BOE/OpenDocument/opendoc/custom.jsp?iDocID=ARfEgy.WNSVIvFfvSIVmBCw&sIDType=CUID,Apple App Store,https://apps.apple.com/in/app/groww-credit-instant-loan-app/id6633433697,https://apps.apple.com/in/app/groww-credit-instant-loan-app/id6633433697,,1221,0
Groww Credit,Billionbrains Garage Ventures Ltd,KISETSU SAISON FINANCE (INDIA) PRIVATE LIMITED,2026-09-25,https://data.rbi.org.in/BOE/OpenDocument/opendoc/custom.jsp?iDocID=ARfEgy.WNSVIvFfvSIVmBCw&sIDType=CUID,Google Playstore,https://play.google.com/store/apps/details?id=in.groww.dash,https://play.google.com/store/apps/details?id=in.groww.dash&hl=e,in.groww.dash,1222,0
INDmoney,Finzoomers Services Private Limited,KISETSU SAISON FINANCE (INDIA) PRIVATE LIMITED,2026-09-25,https://data.rbi.org.in/BOE/OpenDocument/opendoc/custom.jsp?iDocID=ARfEgy.WNSVIvFfvSIVmBCw&sIDType=CUID,Apple App Store,https://apps.apple.com/in/app/indmoney-invest-in-us-stocks/id1450178837,https://apps.apple.com/in/app/indmoney-invest-in-us-stocks/id1450178837,,1223,0
INDmoney,Finzoomers Services Private Limited,KISETSU SAISON FINANCE (INDIA) PRIVATE LIMITED,2026-09-25,https://data.rbi.org.in/BOE/OpenDocument/opendoc/custom.jsp?iDocID=ARfEgy.WNSVIvFfvSIVmBCw&sIDType=CUID,Google Playstore,https://play.google.com/store/apps/details?id=in.indwealth,https://play.google.com/store/apps/details?id=in.indwealth,in.indwealth,1224,0
INDmoney,Finzoomers Services Private Limited,KISETSU SAISON FINANCE (INDIA) PRIVATE LIMITED,2026-09-25,https://data.rbi.org.in/BOE/OpenDocument/opendoc/custom.jsp?iDocID=ARfEgy.WNSVIvFfvSIVmBCw&sIDType=CUID,Website,http://www.indmoney.com/,http://www.indmoney.com/,,1225,0
JAR,Changejar Technologies Private Limited,KISETSU SAISON FINANCE (INDIA) PRIVATE LIMITED,2026-09-25,https://data.rbi.org.in/BOE/OpenDocument/opendoc/custom.jsp?iDocID=ARfEgy.WNSVIvFfvSIVmBCw&sIDType=CUID,Apple App Store,https://apps.apple.com/in/app/jar-save-daily-in-digital-gold/id1586776687,https://apps.apple.com/in/app/jar-save-daily-in-digital-gold/id1586776687,,1226,0
JAR,Changejar Technologies Private Limited,KISETSU SAISON FINANCE (INDIA) PRIVATE LIMITED,2026-09-25,https://data.rbi.org.in/BOE/OpenDocument/opendoc/custom.jsp?iDocID=ARfEgy.WNSVIvFfvSIVmBCw&sIDType=CUID,Google Playstore,https://play.google.com/store/apps/details?id=com.jar.app,https://play.google.com/store/apps/details?id=com.jar.app,com.jar.app,1227,0
JAR,Changejar Technologies Private Limited,KISETSU SAISON FINANCE (INDIA) PRIVATE LIMITED,2026-09-25,https://data.rbi.org.in/BOE/OpenDocument/opendoc/custom.jsp?iDocID=ARfEgy.WNSVIvFfvSIVmBCw&sIDType=CUID,Website,https://www.myjar.app,https://www.myjar.app,,1228,0
Jupiter,Amica Financial Technologies Private Limited (Owner of the DLA) Amica Finance Private Limited (LSP),KISETSU SAISON FINANCE (INDIA) PRIVATE LIMITED,2026-09-25,https://data.rbi.org.in/BOE/OpenDocument/opendoc/custom.jsp?iDocID=ARfEgy.WNSVIvFfvSIVmBCw&sIDType=CUID,Apple App Store,https://apps.apple.com/in/app/jupiter-money/id1507748747,https://apps.apple.com/in/app/jupiter-money/id1507748747,,1229,0
Jupiter,Amica Financial Technologies Private Limited (Owner of the DLA) Amica Finance Private Limited (LSP),KISETSU SAISON FINANCE (INDIA) PRIVATE LIMITED,2026-09-25,https://data.rbi.org.in/BOE/OpenDocument/opendoc/custom.jsp?iDocID=ARfEgy.WNSVIvFfvSIVmBCw&sIDType=CUID,Google Playstore,https://play.google.com/store/apps/details?id=money.jupiter,https://play.google.com/store/apps/details?id=money.jupiter&hl=en&gl=US,money.jupiter,1230,0
Jupiter,Amica Financial Technologies Private Limited (Owner of the DLA) Amica Finance Private Limited (LSP),KISETSU SAISON FINANCE (INDIA) PRIVATE LIMITED,2026-09-25,https://data.rbi.org.in/BOE/OpenDocument/opendoc/custom.jsp?iDocID=ARfEgy.WNSVIvFfvSIVmBCw&sIDType=CUID,Website,https://www.jupiter.credit/,https://www.jupiter.credit/,,1231,0
KreditBee,Finnovation Tech Solution Private Limited,KISETSU SAISON FINANCE (INDIA) PRIVATE LIMITED,2026-09-25,https://data.rbi.org.in/BOE/OpenDocument/opendoc/custom.jsp?iDocID=ARfEgy.WNSVIvFfvSIVmBCw&sIDType=CUID,Apple App Store,https://apps.apple.com/in/app/id1488736283,https://apps.apple.com/in/app/id1488736283,,1232,0
KreditBee,Finnovation Tech Solution Private Limited,KISETSU SAISON FINANCE (INDIA) PRIVATE LIMITED,2026-09-25,https://data.rbi.org.in/BOE/OpenDocument/opendoc/custom.jsp?iDocID=ARfEgy.WNSVIvFfvSIVmBCw&sIDType=CUID,Google Playstore,https://play.google.com/store/apps/details?id=com.kreditbee.android,https://play.google.com/store/apps/details?id=com.kreditbee.android,com.kreditbee.android,1233,0
KreditBee,Finnovation Tech Solution Private Limited,KISETSU SAISON FINANCE (INDIA) PRIVATE LIMITED,2026-09-25,https://data.rbi.org.in/BOE/OpenDocument/opendoc/custom.jsp?iDocID=ARfEgy.WNSVIvFfvSIVmBCw&sIDType=CUID,Indus Appstore,https://indusapp.store/9ip3i05q,https://indusapp.store/9ip3i05q,,1234,0
KreditBee,Finnovation Tech Solution Private Limited,KISETSU SAISON FINANCE (INDIA) PRIVATE LIMITED,2026-09-25,https://data.rbi.org.in/BOE/OpenDocument/opendoc/custom.jsp?iDocID=ARfEgy.WNSVIvFfvSIVmBCw&sIDType=CUID,Mi Store,https://play.google.com/store/apps/details?id=com.kreditbee.android,https://global.app.mi.com/details?lo=IN&la=en_US&id=com.kreditbee.android,com.kreditbee.android,1235,0
KreditBee,Finnovation Tech Solution Private Limited,KISETSU SAISON FINANCE (INDIA) PRIVATE LIMITED,2026-09-25,https://data.rbi.org.in/BOE/OpenDocument/opendoc/custom.jsp?iDocID=ARfEgy.WNSVIvFfvSIVmBCw&sIDType=CUID,Oppo Store,oaps://mk/dt?pkg=com.kreditbee.android&style=1,oaps://mk/dt?pkg=com.kreditbee.android&style=1,,1236,0
KreditBee,Finnovation Tech Solution Private Limited,KISETSU SAISON FINANCE (INDIA) PRIVATE LIMITED,2026-09-25,https://data.rbi.org.in/BOE/OpenDocument/opendoc/custom.jsp?iDocID=ARfEgy.WNSVIvFfvSIVmBCw&sIDType=CUID,Samsung Store,https://apps.samsung.com/appquery/appDetail.as?appId=com.kreditbee.android,https://apps.samsung.com/appquery/appDetail.as?appId=com.kreditbee.android,,1237,0
KreditBee,Finnovation Tech Solution Private Limited,KISETSU SAISON FINANCE (INDIA) PRIVATE LIMITED,2026-09-25,https://data.rbi.org.in/BOE/OpenDocument/opendoc/custom.jsp?iDocID=ARfEgy.WNSVIvFfvSIVmBCw&sIDType=CUID,Vivo Market,https://play.google.com/store/apps/details?id=com.kreditbee.android,vivomarket://details?id=com.kreditbee.android,com.kreditbee.android,1238,0
KreditBee,Finnovation Tech Solution Private Limited,KISETSU SAISON FINANCE (INDIA) PRIVATE LIMITED,2026-09-25,https://data.rbi.org.in/BOE/OpenDocument/opendoc/custom.jsp?iDocID=ARfEgy.WNSVIvFfvSIVmBCw&sIDType=CUID,Website,https://www.kreditbee.in/,https://www.kreditbee.in/,,1239,0
Lendingkart: Business Loan App,Lendingkart Technologies private limited,KISETSU SAISON FINANCE (INDIA) PRIVATE LIMITED,2026-09-25,https://data.rbi.org.in/BOE/OpenDocument/opendoc/custom.jsp?iDocID=ARfEgy.WNSVIvFfvSIVmBCw&sIDType=CUID,Google Playstore,https://play.google.com/store/apps/details?id=com.LendingKart,https://play.google.com/store/apps/details?id=com.LendingKart,com.LendingKart,1240,0
Lendingkart: Business Loan App,Lendingkart Technologies private limited,KISETSU SAISON FINANCE (INDIA) PRIVATE LIMITED,2026-09-25,https://data.rbi.org.in/BOE/OpenDocument/opendoc/custom.jsp?iDocID=ARfEgy.WNSVIvFfvSIVmBCw&sIDType=CUID,Website,https://www.lendingkart.com,www.lendingkart.com,,1241,0
Mint Money,HT Digital Streams Limited,KISETSU SAISON FINANCE (INDIA) PRIVATE LIMITED,2026-09-25,https://data.rbi.org.in/BOE/OpenDocument/opendoc/custom.jsp?iDocID=ARfEgy.WNSVIvFfvSIVmBCw&sIDType=CUID,Apple App Store,https://apps.apple.com/in/app/mint-money-credit-score-loans/id6751579585,https://apps.apple.com/in/app/mint-money-credit-score-loans/id6751579585,,1242,0
Mint Money,HT Digital Streams Limited,KISETSU SAISON FINANCE (INDIA) PRIVATE LIMITED,2026-09-25,https://data.rbi.org.in/BOE/OpenDocument/opendoc/custom.jsp?iDocID=ARfEgy.WNSVIvFfvSIVmBCw&sIDType=CUID,Google Playstore,https://play.google.com/store/apps/details?id=com.htmintmoney,https://play.google.com/store/apps/details?id=com.htmintmoney,com.htmintmoney,1243,0
Mobikwik,One MobiKwik Systems Limited,KISETSU SAISON FINANCE (INDIA) PRIVATE LIMITED,2026-09-25,https://data.rbi.org.in/BOE/OpenDocument/opendoc/custom.jsp?iDocID=ARfEgy.WNSVIvFfvSIVmBCw&sIDType=CUID,Website,https://www.mobikwik.com/,https://www.mobikwik.com/,,1244,0
MoneyAse,Codemodulu Financial Investment Services Private Limited,KISETSU SAISON FINANCE (INDIA) PRIVATE LIMITED,2026-09-25,https://data.rbi.org.in/BOE/OpenDocument/opendoc/custom.jsp?iDocID=ARfEgy.WNSVIvFfvSIVmBCw&sIDType=CUID,Website,https://moneyase.in/index.html,https://moneyase.in/index.html,,1245,0
Moneycontrol,Moneycontrol,KISETSU SAISON FINANCE (INDIA) PRIVATE LIMITED,2026-09-25,https://data.rbi.org.in/BOE/OpenDocument/opendoc/custom.jsp?iDocID=ARfEgy.WNSVIvFfvSIVmBCw&sIDType=CUID,Apple App Store,https://apps.apple.com/in/app/moneycontrol-markets-news/id408654600,https://apps.apple.com/in/app/moneycontrol-markets-news/id408654600,,1246,0
Moneycontrol,Moneycontrol,KISETSU SAISON FINANCE (INDIA) PRIVATE LIMITED,2026-09-25,https://data.rbi.org.in/BOE/OpenDocument/opendoc/custom.jsp?iDocID=ARfEgy.WNSVIvFfvSIVmBCw&sIDType=CUID,Google Playstore,https://play.google.com/store/apps/details?id=com.divum.MoneyControl,https://play.google.com/store/apps/details?id=com.divum.MoneyControl&hl=en_IN,com.divum.MoneyControl,1247,0
Moneycontrol,Moneycontrol,KISETSU SAISON FINANCE (INDIA) PRIVATE LIMITED,2026-09-25,https://data.rbi.org.in/BOE/OpenDocument/opendoc/custom.jsp?iDocID=ARfEgy.WNSVIvFfvSIVmBCw&sIDType=CUID,Website,https://www.moneycontrol.com/,https://www.moneycontrol.com/,,1248,0
Money Tap,MWYN Tech Pvt Ltd,KISETSU SAISON FINANCE (INDIA) PRIVATE LIMITED,2026-09-25,https://data.rbi.org.in/BOE/OpenDocument/opendoc/custom.jsp?iDocID=ARfEgy.WNSVIvFfvSIVmBCw&sIDType=CUID,Apple App Store,https://apps.apple.com/in/app/moneytap-is-now-freo-credit/id1374771286,https://apps.apple.com/in/app/moneytap-is-now-freo-credit/id1374771286,,1249,0
Money Tap,MWYN Tech Pvt Ltd,KISETSU SAISON FINANCE (INDIA) PRIVATE LIMITED,2026-09-25,https://data.rbi.org.in/BOE/OpenDocument/opendoc/custom.jsp?iDocID=ARfEgy.WNSVIvFfvSIVmBCw&sIDType=CUID,Google Playstore,https://play.google.com/store/apps/details?id=com.mycash.moneytap.app,https://play.google.com/store/apps/details?id=com.mycash.moneytap.app&hl=en,com.mycash.moneytap.app,1250,0
Money Tap,MWYN Tech Pvt Ltd,KISETSU SAISON FINANCE (INDIA) PRIVATE LIMITED,2026-09-25,https://data.rbi.org.in/BOE/OpenDocument/opendoc/custom.jsp?iDocID=ARfEgy.WNSVIvFfvSIVmBCw&sIDType=CUID,Website,https://www.moneytap.com/,https://www.moneytap.com/,,1251,0
MoneyView,Moneyview Limited (formerly known as Moneyview Private Limited and Whizdm Innovations Pvt Limited),KISETSU SAISON FINANCE (INDIA) PRIVATE LIMITED,2026-09-25,https://data.rbi.org.in/BOE/OpenDocument/opendoc/custom.jsp?iDocID=ARfEgy.WNSVIvFfvSIVmBCw&sIDType=CUID,Apple App Store,https://apps.apple.com/in/app/moneyview-loans-credit-cards/id6468976019,https://apps.apple.com/in/app/moneyview-loans-credit-cards/id6468976019,,1252,0
MoneyView,Moneyview Limited (formerly known as Moneyview Private Limited and Whizdm Innovations Pvt Limited),KISETSU SAISON FINANCE (INDIA) PRIVATE LIMITED,2026-09-25,https://data.rbi.org.in/BOE/OpenDocument/opendoc/custom.jsp?iDocID=ARfEgy.WNSVIvFfvSIVmBCw&sIDType=CUID,Google Playstore,https://play.google.com/store/apps/details?id=com.whizdm.moneyview.loans,https://play.google.com/store/apps/details?id=com.whizdm.moneyview.loans&pcampaignid=web_share,com.whizdm.moneyview.loans,1253,0
MoneyView,Moneyview Limited (formerly known as Moneyview Private Limited and Whizdm Innovations Pvt Limited),KISETSU SAISON FINANCE (INDIA) PRIVATE LIMITED,2026-09-25,https://data.rbi.org.in/BOE/OpenDocument/opendoc/custom.jsp?iDocID=ARfEgy.WNSVIvFfvSIVmBCw&sIDType=CUID,Website,https://moneyview.in/,https://moneyview.in/,,1254,0
Navi,Navi Finserv Limited,KISETSU SAISON FINANCE (INDIA) PRIVATE LIMITED,2026-09-25,https://data.rbi.org.in/BOE/OpenDocument/opendoc/custom.jsp?iDocID=ARfEgy.WNSVIvFfvSIVmBCw&sIDType=CUID,Website,navi.com/pl,navi.com/pl,,1255,0
Niro,QFi Technologies Pvt. Ltd.,KISETSU SAISON FINANCE (INDIA) PRIVATE LIMITED,2026-09-25,https://data.rbi.org.in/BOE/OpenDocument/opendoc/custom.jsp?iDocID=ARfEgy.WNSVIvFfvSIVmBCw&sIDType=CUID,Apple App Store,https://apple.co/3LCKKXj,https://apple.co/3LCKKXj,,1256,0
Niro,QFi Technologies Pvt. Ltd.,KISETSU SAISON FINANCE (INDIA) PRIVATE LIMITED,2026-09-25,https://data.rbi.org.in/BOE/OpenDocument/opendoc/custom.jsp?iDocID=ARfEgy.WNSVIvFfvSIVmBCw&sIDType=CUID,Google Playstore,https://bit.ly/3Wgo31a,https://bit.ly/3Wgo31a,,1257,0
Niro,QFi Technologies Pvt. Ltd.,KISETSU SAISON FINANCE (INDIA) PRIVATE LIMITED,2026-09-25,https://data.rbi.org.in/BOE/OpenDocument/opendoc/custom.jsp?iDocID=ARfEgy.WNSVIvFfvSIVmBCw&sIDType=CUID,Website,https://niro.money/,https://niro.money/,,1258,0
Nobroker,NoBroker Technologies Solutions Pvt Ltd,KISETSU SAISON FINANCE (INDIA) PRIVATE LIMITED,2026-09-25,https://data.rbi.org.in/BOE/OpenDocument/opendoc/custom.jsp?iDocID=ARfEgy.WNSVIvFfvSIVmBCw&sIDType=CUID,Apple App Store,https://apps.apple.com/us/app/nobroker-flats-for-rent-sale/id1200507100,https://apps.apple.com/us/app/nobroker-flats-for-rent-sale/id1200507100,,1259,0
Nobroker,NoBroker Technologies Solutions Pvt Ltd,KISETSU SAISON FINANCE (INDIA) PRIVATE LIMITED,2026-09-25,https://data.rbi.org.in/BOE/OpenDocument/opendoc/custom.jsp?iDocID=ARfEgy.WNSVIvFfvSIVmBCw&sIDType=CUID,Google Playstore,https://play.google.com/store/apps/details?id=com.nobroker.app,https://play.google.com/store/apps/details?id=com.nobroker.app&hl=en&gl=US&pli=1,com.nobroker.app,1260,0
Nobroker,NoBroker Technologies Solutions Pvt Ltd,KISETSU SAISON FINANCE (INDIA) PRIVATE LIMITED,2026-09-25,https://data.rbi.org.in/BOE/OpenDocument/opendoc/custom.jsp?iDocID=ARfEgy.WNSVIvFfvSIVmBCw&sIDType=CUID,Website,https://www.nobroker.in/instacash/landing?isHybrid=true&hybridActionBar=false,https://www.nobroker.in/instacash/landing?isHybrid=true&hybridActionBar=false,,1261,0
Ola Money,Ola Financial Services Pvt Ltd,KISETSU SAISON FINANCE (INDIA) PRIVATE LIMITED,2026-09-25,https://data.rbi.org.in/BOE/OpenDocument/opendoc/custom.jsp?iDocID=ARfEgy.WNSVIvFfvSIVmBCw&sIDType=CUID,Apple App Store,https://apps.apple.com/us/app/ola-book-cab-auto-bike-taxi/id539179365,https://apps.apple.com/us/app/ola-book-cab-auto-bike-taxi/id539179365,,1262,0
Ola Money,Ola Financial Services Pvt Ltd,KISETSU SAISON FINANCE (INDIA) PRIVATE LIMITED,2026-09-25,https://data.rbi.org.in/BOE/OpenDocument/opendoc/custom.jsp?iDocID=ARfEgy.WNSVIvFfvSIVmBCw&sIDType=CUID,Google Playstore,https://play.google.com/store/apps/details?id=com.olacabs.customer,https://play.google.com/store/apps/details?id=com.olacabs.customer&hl=en_IN,com.olacabs.customer,1263,0
Ola Money,Ola Financial Services Pvt Ltd,KISETSU SAISON FINANCE (INDIA) PRIVATE LIMITED,2026-09-25,https://data.rbi.org.in/BOE/OpenDocument/opendoc/custom.jsp?iDocID=ARfEgy.WNSVIvFfvSIVmBCw&sIDType=CUID,Website,https://www.olamoney.com/,https://www.olamoney.com/,,1264,0
One Score,FPL Consumer Solutions Private Limited,KISETSU SAISON FINANCE (INDIA) PRIVATE LIMITED,2026-09-25,https://data.rbi.org.in/BOE/OpenDocument/opendoc/custom.jsp?iDocID=ARfEgy.WNSVIvFfvSIVmBCw&sIDType=CUID,Apple App Store,https://apps.apple.com/in/app/onescore-credit-score-insight/id1462059417,https://apps.apple.com/in/app/onescore-credit-score-insight/id1462059417,,1265,0
One Score,FPL Consumer Solutions Private Limited,KISETSU SAISON FINANCE (INDIA) PRIVATE LIMITED,2026-09-25,https://data.rbi.org.in/BOE/OpenDocument/opendoc/custom.jsp?iDocID=ARfEgy.WNSVIvFfvSIVmBCw&sIDType=CUID,Google Playstore,https://play.google.com/store/apps/details?id=tech.fplabs.score,https://play.google.com/store/apps/details?id=tech.fplabs.score,tech.fplabs.score,1266,0
One Score,FPL Consumer Solutions Private Limited,KISETSU SAISON FINANCE (INDIA) PRIVATE LIMITED,2026-09-25,https://data.rbi.org.in/BOE/OpenDocument/opendoc/custom.jsp?iDocID=ARfEgy.WNSVIvFfvSIVmBCw&sIDType=CUID,Website,https://www.onescore.app/,https://www.onescore.app/,,1267,0
Paisabazaar,Paisabazaar Marketing And Consulting Private Limited,KISETSU SAISON FINANCE (INDIA) PRIVATE LIMITED,2026-09-25,https://data.rbi.org.in/BOE/OpenDocument/opendoc/custom.jsp?iDocID=ARfEgy.WNSVIvFfvSIVmBCw&sIDType=CUID,Apple App Store,https://apps.apple.com/in/app/id1029403201,https://apps.apple.com/in/app/id1029403201,,1268,0
Paisabazaar,Paisabazaar Marketing And Consulting Private Limited,KISETSU SAISON FINANCE (INDIA) PRIVATE LIMITED,2026-09-25,https://data.rbi.org.in/BOE/OpenDocument/opendoc/custom.jsp?iDocID=ARfEgy.WNSVIvFfvSIVmBCw&sIDType=CUID,Google Playstore,https://play.google.com/store/apps/,https://play.google.com/store/apps/,,1269,0
Paisabazaar,Paisabazaar Marketing And Consulting Private Limited,KISETSU SAISON FINANCE (INDIA) PRIVATE LIMITED,2026-09-25,https://data.rbi.org.in/BOE/OpenDocument/opendoc/custom.jsp?iDocID=ARfEgy.WNSVIvFfvSIVmBCw&sIDType=CUID,Website,https://www.paisabazaar.com/,https://www.paisabazaar.com/,,1270,0
Park+,Parivom Technologies Private Limited,KISETSU SAISON FINANCE (INDIA) PRIVATE LIMITED,2026-09-25,https://data.rbi.org.in/BOE/OpenDocument/opendoc/custom.jsp?iDocID=ARfEgy.WNSVIvFfvSIVmBCw&sIDType=CUID,Apple App Store,https://apps.apple.com/in/app/park-rto-parivahan-fastag/id1244749178,https://apps.apple.com/in/app/park-rto-parivahan-fastag/id1244749178,,1271,0
Park+,Parivom Technologies Private Limited,KISETSU SAISON FINANCE (INDIA) PRIVATE LIMITED,2026-09-25,https://data.rbi.org.in/BOE/OpenDocument/opendoc/custom.jsp?iDocID=ARfEgy.WNSVIvFfvSIVmBCw&sIDType=CUID,Google Playstore,https://play.google.com/store/apps/details?id=com.ovunque.parkwheels,https://play.google.com/store/apps/details?id=com.ovunque.parkwheels&hl=en&pli=1,com.ovunque.parkwheels,1272,0
Park+,Parivom Technologies Private Limited,KISETSU SAISON FINANCE (INDIA) PRIVATE LIMITED,2026-09-25,https://data.rbi.org.in/BOE/OpenDocument/opendoc/custom.jsp?iDocID=ARfEgy.WNSVIvFfvSIVmBCw&sIDType=CUID,Website,https://parkplus.io/,https://parkplus.io/,,1273,0
Paysense,PaySense Services India Private Limited,KISETSU SAISON FINANCE (INDIA) PRIVATE LIMITED,2026-09-25,https://data.rbi.org.in/BOE/OpenDocument/opendoc/custom.jsp?iDocID=ARfEgy.WNSVIvFfvSIVmBCw&sIDType=CUID,Google Playstore,https://play.google.com/store/apps/details?id=com.gopaysense.android.boost,https://play.google.com/store/apps/details?id=com.gopaysense.android.boost&pli=1,com.gopaysense.android.boost,1274,0
Paysense,PaySense Services India Private Limited,KISETSU SAISON FINANCE (INDIA) PRIVATE LIMITED,2026-09-25,https://data.rbi.org.in/BOE/OpenDocument/opendoc/custom.jsp?iDocID=ARfEgy.WNSVIvFfvSIVmBCw&sIDType=CUID,Website,https://www.gopaysense.com/,https://www.gopaysense.com/,,1275,0
Paytm App,One97 Communications Ltd,KISETSU SAISON FINANCE (INDIA) PRIVATE LIMITED,2026-09-25,https://data.rbi.org.in/BOE/OpenDocument/opendoc/custom.jsp?iDocID=ARfEgy.WNSVIvFfvSIVmBCw&sIDType=CUID,Apple App Store,https://p.paytm.me/xCTH/adpaias,https://p.paytm.me/xCTH/adpaias,,1276,0
Paytm App,One97 Communications Ltd,KISETSU SAISON FINANCE (INDIA) PRIVATE LIMITED,2026-09-25,https://data.rbi.org.in/BOE/OpenDocument/opendoc/custom.jsp?iDocID=ARfEgy.WNSVIvFfvSIVmBCw&sIDType=CUID,Google Playstore,https://p.paytm.me/xCTH/adpai,https://p.paytm.me/xCTH/adpai,,1277,0
Paytm App,One97 Communications Ltd,KISETSU SAISON FINANCE (INDIA) PRIVATE LIMITED,2026-09-25,https://data.rbi.org.in/BOE/OpenDocument/opendoc/custom.jsp?iDocID=ARfEgy.WNSVIvFfvSIVmBCw&sIDType=CUID,Website,https://paytm.com/,https://paytm.com/,,1278,0
Paytm for Business,One97 Communications Ltd,KISETSU SAISON FINANCE (INDIA) PRIVATE LIMITED,2026-09-25,https://data.rbi.org.in/BOE/OpenDocument/opendoc/custom.jsp?iDocID=ARfEgy.WNSVIvFfvSIVmBCw&sIDType=CUID,Apple App Store,https://apps.apple.com/in/app/paytm-for-business/id1351301966,https://apps.apple.com/in/app/paytm-for-business/id1351301966,,1279,0
Paytm for Business,One97 Communications Ltd,KISETSU SAISON FINANCE (INDIA) PRIVATE LIMITED,2026-09-25,https://data.rbi.org.in/BOE/OpenDocument/opendoc/custom.jsp?iDocID=ARfEgy.WNSVIvFfvSIVmBCw&sIDType=CUID,Google Playstore,https://play.google.com/store/apps/details?id=com.paytm.business,https://play.google.com/store/apps/details?id=com.paytm.business,com.paytm.business,1280,0
Propelld,Bluebear Technology Private Limited owner Edgro Finance Private Limited LSP,KISETSU SAISON FINANCE (INDIA) PRIVATE LIMITED,2026-09-25,https://data.rbi.org.in/BOE/OpenDocument/opendoc/custom.jsp?iDocID=ARfEgy.WNSVIvFfvSIVmBCw&sIDType=CUID,Website,https://propelld.com/,https://propelld.com/,,1281,0
Saarathi,Saarathi FinBiz Private Limited,KISETSU SAISON FINANCE (INDIA) PRIVATE LIMITED,2026-09-25,https://data.rbi.org.in/BOE/OpenDocument/opendoc/custom.jsp?iDocID=ARfEgy.WNSVIvFfvSIVmBCw&sIDType=CUID,Website,https://www.saarathi.ai/,https://www.saarathi.ai/,,1282,0
Supermoney,Scapic Innovations Pvt. Ltd,KISETSU SAISON FINANCE (INDIA) PRIVATE LIMITED,2026-09-25,https://data.rbi.org.in/BOE/OpenDocument/opendoc/custom.jsp?iDocID=ARfEgy.WNSVIvFfvSIVmBCw&sIDType=CUID,Website,https://www.super.money/,https://www.super.money/,,1283,0
Uni Cards:Next-gen cards & Paychek,Uniorbit Technologies Private Limited,KISETSU SAISON FINANCE (INDIA) PRIVATE LIMITED,2026-09-25,https://data.rbi.org.in/BOE/OpenDocument/opendoc/custom.jsp?iDocID=ARfEgy.WNSVIvFfvSIVmBCw&sIDType=CUID,Apple App Store,https://apps.apple.com/in/app/uni-cards/id1582949126,https://apps.apple.com/in/app/uni-cards/id1582949126,,1284,0
Uni Cards:Next-gen cards & Paychek,Uniorbit Technologies Private Limited,KISETSU SAISON FINANCE (INDIA) PRIVATE LIMITED,2026-09-25,https://data.rbi.org.in/BOE/OpenDocument/opendoc/custom.jsp?iDocID=ARfEgy.WNSVIvFfvSIVmBCw&sIDType=CUID,Google Playstore,https://play.google.com/store/apps/details?id=cards.uni.app.credit,https://play.google.com/store/apps/details?id=cards.uni.app.credit&referrer=af_tranid%3Dn2LTNoFQT2DpspQybMv4rg,cards.uni.app.credit,1285,0
Uni Cards:Next-gen cards & Paychek,Uniorbit Technologies Private Limited,KISETSU SAISON FINANCE (INDIA) PRIVATE LIMITED,2026-09-25,https://data.rbi.org.in/BOE/OpenDocument/opendoc/custom.jsp?iDocID=ARfEgy.WNSVIvFfvSIVmBCw&sIDType=CUID,Website,https://www.uni.cards/,https://www.uni.cards/,,1286,0
ZestMoney,Camden Town Technologies Pvt Ltd,KISETSU SAISON FINANCE (INDIA) PRIVATE LIMITED,2026-09-25,https://data.rbi.org.in/BOE/OpenDocument/opendoc/custom.jsp?iDocID=ARfEgy.WNSVIvFfvSIVmBCw&sIDType=CUID,Google Playstore,https://play.google.com/store/apps/details?id=in.zestmoney.android.zestlife,https://play.google.com/store/apps/details?id=in.zestmoney.android.zestlife&hl=en_IN,in.zestmoney.android.zestlife,1287,0
ZestMoney,Camden Town Technologies Pvt Ltd,KISETSU SAISON FINANCE (INDIA) PRIVATE LIMITED,2026-09-25,https://data.rbi.org.in/BOE/OpenDocument/opendoc/custom.jsp?iDocID=ARfEgy.WNSVIvFfvSIVmBCw&sIDType=CUID,Website,https://www.zestmoney.in/,https://www.zestmoney.in/,,1288,0
b4salary,KISGA LEASING AND FINANCE PRIVATE LIMITED,KISGA LEASING & FINANCE PVT. LTD.,2026-09-25,https://data.rbi.org.in/BOE/OpenDocument/opendoc/custom.jsp?iDocID=ARfEgy.WNSVIvFfvSIVmBCw&sIDType=CUID,Google Play Store,https://play.google.com/store/apps/details?id=com.kisga.b4salary_app,https://play.google.com/store/apps/details?id=com.kisga.b4salary_app,com.kisga.b4salary_app,1289,0
b4salary,KISGA LEASING AND FINANCE PRIVATE LIMITED,KISGA LEASING & FINANCE PVT. LTD.,2026-09-25,https://data.rbi.org.in/BOE/OpenDocument/opendoc/custom.jsp?iDocID=ARfEgy.WNSVIvFfvSIVmBCw&sIDType=CUID,Website,https://b4salary.com,https://b4salary.com,,1290,0
ScoreLoan,Capora Fintech Private Limited (LSP),KISGA LEASING & FINANCE PVT. LTD.,2026-09-25,https://data.rbi.org.in/BOE/OpenDocument/opendoc/custom.jsp?iDocID=ARfEgy.WNSVIvFfvSIVmBCw&sIDType=CUID,Google Play Store,https://play.google.com/store/apps/details?id=com.capora.scoreloan,https://play.google.com/store/apps/details?id=com.capora.scoreloan,com.capora.scoreloan,1291,0
ScoreLoan,Capora Fintech Private Limited (LSP),KISGA LEASING & FINANCE PVT. LTD.,2026-09-25,https://data.rbi.org.in/BOE/OpenDocument/opendoc/custom.jsp?iDocID=ARfEgy.WNSVIvFfvSIVmBCw&sIDType=CUID,Ios,https://apps.apple.com/us/app/id6776628430,https://apps.apple.com/us/app/id6776628430,,1292,0
ScoreLoan,Capora Fintech Private Limited (LSP),KISGA LEASING & FINANCE PVT. LTD.,2026-09-25,https://data.rbi.org.in/BOE/OpenDocument/opendoc/custom.jsp?iDocID=ARfEgy.WNSVIvFfvSIVmBCw&sIDType=CUID,Website,https://scoreloan.app/,https://scoreloan.app/,,1293,0
Rupeeplant,Kissandhan Agri Financial Services Private Limited,KISSANDHAN AGRI FINANCIAL SERVICES PRIVATE LIMITED,2026-09-25,https://data.rbi.org.in/BOE/OpenDocument/opendoc/custom.jsp?iDocID=ARfEgy.WNSVIvFfvSIVmBCw&sIDType=CUID,Website,https://rupeeplant.com/,https://rupeeplant.com/,,1294,0
The Cashero,Kissandhan Agri Financial Services Private Limited,KISSANDHAN AGRI FINANCIAL SERVICES PRIVATE LIMITED,2026-09-25,https://data.rbi.org.in/BOE/OpenDocument/opendoc/custom.jsp?iDocID=ARfEgy.WNSVIvFfvSIVmBCw&sIDType=CUID,Website,https://thecashero.com/,https://thecashero.com/,,1295,0
Fixofin,AMMO Digital LLP,KNAB FINANCE ADVISORS PRIVATE LIMITED,2026-09-25,https://data.rbi.org.in/BOE/OpenDocument/opendoc/custom.jsp?iDocID=ARfEgy.WNSVIvFfvSIVmBCw&sIDType=CUID,Website,https://www.fixofin.com/,https://www.fixofin.com/,,1296,0
Freo,MWYN Tech Private Limited,KOMAC INVESTMENTS & FINANCE PVT. LTD.,2026-09-25,https://data.rbi.org.in/BOE/OpenDocument/opendoc/custom.jsp?iDocID=ARfEgy.WNSVIvFfvSIVmBCw&sIDType=CUID,Apple App Store,https://apps.apple.com/in/app/freo-upi-insurance-loans/id1588894115,https://apps.apple.com/in/app/freo-upi-insurance-loans/id1588894115,,1297,0
Freo,MWYN Tech Private Limited,KOMAC INVESTMENTS & FINANCE PVT. LTD.,2026-09-25,https://data.rbi.org.in/BOE/OpenDocument/opendoc/custom.jsp?iDocID=ARfEgy.WNSVIvFfvSIVmBCw&sIDType=CUID,Google Play Store,https://play.google.com/store/apps/details?id=com.moneytap.bnpl.app,https://play.google.com/store/apps/details?id=com.moneytap.bnpl.app&listing=freo_oneapp_moneytap,com.moneytap.bnpl.app,1298,0
Freo,MWYN Tech Private Limited,KOMAC INVESTMENTS & FINANCE PVT. LTD.,2026-09-25,https://data.rbi.org.in/BOE/OpenDocument/opendoc/custom.jsp?iDocID=ARfEgy.WNSVIvFfvSIVmBCw&sIDType=CUID,IndusApp,https://play.google.com/store/apps/details?id=com.moneytap.bnpl.app,https://www.indusappstore.com/apps/finance/freo/com.moneytap.bnpl.app/?page=details&id=com.moneytap.bnpl.app,com.moneytap.bnpl.app,1299,0
Freo,MWYN Tech Private Limited,KOMAC INVESTMENTS & FINANCE PVT. LTD.,2026-09-25,https://data.rbi.org.in/BOE/OpenDocument/opendoc/custom.jsp?iDocID=ARfEgy.WNSVIvFfvSIVmBCw&sIDType=CUID,Oppo App Store,oaps://mk/dt?pkg=com.moneytap.bnpl.app&style=1,oaps://mk/dt?pkg=com.moneytap.bnpl.app&style=1,,1300,0
Freo,MWYN Tech Private Limited,KOMAC INVESTMENTS & FINANCE PVT. LTD.,2026-09-25,https://data.rbi.org.in/BOE/OpenDocument/opendoc/custom.jsp?iDocID=ARfEgy.WNSVIvFfvSIVmBCw&sIDType=CUID,Vivo Market,https://play.google.com/store/apps/details?id=com.moneytap.bnpl.app,vivomarket://details?id=com.moneytap.bnpl.app,com.moneytap.bnpl.app,1301,0
Freo,MWYN Tech Private Limited,KOMAC INVESTMENTS & FINANCE PVT. LTD.,2026-09-25,https://data.rbi.org.in/BOE/OpenDocument/opendoc/custom.jsp?iDocID=ARfEgy.WNSVIvFfvSIVmBCw&sIDType=CUID,Website,https://www.freo.money,www.freo.money,,1302,0
IFHL,Daksfirst India Finance House Private Limited,KOMAC INVESTMENTS & FINANCE PVT. LTD.,2026-09-25,https://data.rbi.org.in/BOE/OpenDocument/opendoc/custom.jsp?iDocID=ARfEgy.WNSVIvFfvSIVmBCw&sIDType=CUID,Google Play Store,https://play.google.com/store/apps/details?id=com.ifhl,https://play.google.com/store/apps/details?id=com.ifhl,com.ifhl,1303,0
MoneyTap,MWYN Tech Private Limited,KOMAC INVESTMENTS & FINANCE PVT. LTD.,2026-09-25,https://data.rbi.org.in/BOE/OpenDocument/opendoc/custom.jsp?iDocID=ARfEgy.WNSVIvFfvSIVmBCw&sIDType=CUID,Apple App Store,https://apps.apple.com/in/app/moneytap-is-now-freo-credit/id1374771286,https://apps.apple.com/in/app/moneytap-is-now-freo-credit/id1374771286,,1304,0
MoneyTap,MWYN Tech Private Limited,KOMAC INVESTMENTS & FINANCE PVT. LTD.,2026-09-25,https://data.rbi.org.in/BOE/OpenDocument/opendoc/custom.jsp?iDocID=ARfEgy.WNSVIvFfvSIVmBCw&sIDType=CUID,Google Play Store,https://play.google.com/store/apps/details?id=com.mycash.moneytap.app,https://play.google.com/store/apps/details?id=com.mycash.moneytap.app,com.mycash.moneytap.app,1305,0
MoneyTap,MWYN Tech Private Limited,KOMAC INVESTMENTS & FINANCE PVT. LTD.,2026-09-25,https://data.rbi.org.in/BOE/OpenDocument/opendoc/custom.jsp?iDocID=ARfEgy.WNSVIvFfvSIVmBCw&sIDType=CUID,IndusApp,https://play.google.com/store/apps/details?id=com.mycash.moneytap.app,https://www.indusappstore.com/apps/finance/moneytap/com.mycash.moneytap.app/?page=details&id=com.mycash.moneytap.app,com.mycash.moneytap.app,1306,0
MoneyTap,MWYN Tech Private Limited,KOMAC INVESTMENTS & FINANCE PVT. LTD.,2026-09-25,https://data.rbi.org.in/BOE/OpenDocument/opendoc/custom.jsp?iDocID=ARfEgy.WNSVIvFfvSIVmBCw&sIDType=CUID,Oppo App Store,oaps://mk/dt?pkg=com.mycash.moneytap.app&style=1,oaps://mk/dt?pkg=com.mycash.moneytap.app&style=1,,1307,0
MoneyTap,MWYN Tech Private Limited,KOMAC INVESTMENTS & FINANCE PVT. LTD.,2026-09-25,https://data.rbi.org.in/BOE/OpenDocument/opendoc/custom.jsp?iDocID=ARfEgy.WNSVIvFfvSIVmBCw&sIDType=CUID,Vivo Market,https://play.google.com/store/apps/details?id=com.mycash.moneytap.app,vivomarket://details?id=com.mycash.moneytap.app,com.mycash.moneytap.app,1308,0
MoneyTap,MWYN Tech Private Limited,KOMAC INVESTMENTS & FINANCE PVT. LTD.,2026-09-25,https://data.rbi.org.in/BOE/OpenDocument/opendoc/custom.jsp?iDocID=ARfEgy.WNSVIvFfvSIVmBCw&sIDType=CUID,Website,https://www.moneytap.com,www.moneytap.com,,1309,0
NIRA,Shuhari tech ventures PVT LTD,KOMAC INVESTMENTS & FINANCE PVT. LTD.,2026-09-25,https://data.rbi.org.in/BOE/OpenDocument/opendoc/custom.jsp?iDocID=ARfEgy.WNSVIvFfvSIVmBCw&sIDType=CUID,Google Playstore,https://play.google.com/store/apps/details?id=com.nirafinance.customer,https://play.google.com/store/apps/details?id=com.nirafinance.customer,com.nirafinance.customer,1310,0
Android - Kotak Bank 811 Mobile App,Kotak Mahindra Bank Limited (Self-owned),KOTAK MAHINDRA BANK LTD.,2026-09-25,https://data.rbi.org.in/BOE/OpenDocument/opendoc/custom.jsp?iDocID=ARfEgy.WNSVIvFfvSIVmBCw&sIDType=CUID,Google Play Store,https://play.google.com/store/apps/details?id=com.kotak811mobilebankingapp.instantsavingsupiscanandpayrecharge,https://play.google.com/store/apps/details?id=com.kotak811mobilebankingapp.instantsavingsupiscanandpayrecharge&hl=en_IN,com.kotak811mobilebankingapp.instantsavingsupiscanandpayrecharge,1311,0
Android - Kotak Bank (New),Kotak Mahindra Bank Limited (Self-owned),KOTAK MAHINDRA BANK LTD.,2026-09-25,https://data.rbi.org.in/BOE/OpenDocument/opendoc/custom.jsp?iDocID=ARfEgy.WNSVIvFfvSIVmBCw&sIDType=CUID,Google Play Store,https://play.google.com/store/apps/details?id=com.kotak.bank.mobile,https://play.google.com/store/apps/details?id=com.kotak.bank.mobile&hl=en_IN,com.kotak.bank.mobile,1312,0
Android -Kotak Bank (Old),Kotak Mahindra Bank Limited (Self-owned),KOTAK MAHINDRA BANK LTD.,2026-09-25,https://data.rbi.org.in/BOE/OpenDocument/opendoc/custom.jsp?iDocID=ARfEgy.WNSVIvFfvSIVmBCw&sIDType=CUID,Google Play Store,https://ktkbank.page.link/ANPLCC,https://ktkbank.page.link/ANPLCC,,1313,0
Android -Kotak Bank (Old),Kotak Mahindra Bank Limited (Self-owned),KOTAK MAHINDRA BANK LTD.,2026-09-25,https://data.rbi.org.in/BOE/OpenDocument/opendoc/custom.jsp?iDocID=ARfEgy.WNSVIvFfvSIVmBCw&sIDType=CUID,Google Play Store,https://play.google.com/store/apps/details?id=com.msf.kbank.mobile,https://play.google.com/store/apps/details?id=com.msf.kbank.mobile&hl=en_IN,com.msf.kbank.mobile,1314,0
IOS - Kotak Bank: 811 Mobile App,Kotak Mahindra Bank Limited (Self-owned),KOTAK MAHINDRA BANK LTD.,2026-09-25,https://data.rbi.org.in/BOE/OpenDocument/opendoc/custom.jsp?iDocID=ARfEgy.WNSVIvFfvSIVmBCw&sIDType=CUID,IOS App store,https://apps.apple.com/in/app/kotak-bank-811-mobile-app/id6447808696,https://apps.apple.com/in/app/kotak-bank-811-mobile-app/id6447808696,,1315,0
IOS - Kotak Bank (New),Kotak Mahindra Bank Limited (Self-owned),KOTAK MAHINDRA BANK LTD.,2026-09-25,https://data.rbi.org.in/BOE/OpenDocument/opendoc/custom.jsp?iDocID=ARfEgy.WNSVIvFfvSIVmBCw&sIDType=CUID,IOS App store,https://apps.apple.com/in/app/kotak-bank-new/id6471392908,https://apps.apple.com/in/app/kotak-bank-new/id6471392908,,1316,0
IOS - Kotak Bank (Old),Kotak Mahindra Bank Limited (Self-owned),KOTAK MAHINDRA BANK LTD.,2026-09-25,https://data.rbi.org.in/BOE/OpenDocument/opendoc/custom.jsp?iDocID=ARfEgy.WNSVIvFfvSIVmBCw&sIDType=CUID,IOS App store,https://apps.apple.com/in/app/kotak-bank-old/id622363400,https://apps.apple.com/in/app/kotak-bank-old/id622363400,,1317,0
IOS - Kotak Bank (Old),Kotak Mahindra Bank Limited (Self-owned),KOTAK MAHINDRA BANK LTD.,2026-09-25,https://data.rbi.org.in/BOE/OpenDocument/opendoc/custom.jsp?iDocID=ARfEgy.WNSVIvFfvSIVmBCw&sIDType=CUID,IOS App store,https://ktkbank.page.link/ANPLCC,https://ktkbank.page.link/ANPLCC,,1318,0
Kotak Net Banking,Kotak Mahindra Bank Limited (Self-owned),KOTAK MAHINDRA BANK LTD.,2026-09-25,https://data.rbi.org.in/BOE/OpenDocument/opendoc/custom.jsp?iDocID=ARfEgy.WNSVIvFfvSIVmBCw&sIDType=CUID,Website,https://netbanking.kotak.com/knb2/,https://netbanking.kotak.com/knb2/,,1319,0
Kotak PLCC Pre-login Page,Kotak Mahindra Bank Limited (Self-owned),KOTAK MAHINDRA BANK LTD.,2026-09-25,https://data.rbi.org.in/BOE/OpenDocument/opendoc/custom.jsp?iDocID=ARfEgy.WNSVIvFfvSIVmBCw&sIDType=CUID,Website,https://kapps.kotak.com/CCPreLogin/PLCC,https://kapps.kotak.com/CCPreLogin/PLCC,,1320,0
Kotak PL Pre-Login Webpage,Kotak Mahindra Bank Limited (Self-owned),KOTAK MAHINDRA BANK LTD.,2026-09-25,https://data.rbi.org.in/BOE/OpenDocument/opendoc/custom.jsp?iDocID=ARfEgy.WNSVIvFfvSIVmBCw&sIDType=CUID,Website,https://kudosdigital.kotak.com/vivid/vividflow/run/personal_loan#Authentication,https://kudosdigital.kotak.com/vivid/vividflow/run/personal_loan#Authentication,,1321,0
Kotak PL Pre-Login Webpage,Kotak Mahindra Bank Limited (Self-owned),KOTAK MAHINDRA BANK LTD.,2026-09-25,https://data.rbi.org.in/BOE/OpenDocument/opendoc/custom.jsp?iDocID=ARfEgy.WNSVIvFfvSIVmBCw&sIDType=CUID,Website,https://onboarding.kotak.com/pl/ETB-login?utm_campaign=SEO&utm_content=webpage&utm_medium=Website&utm_term=PAPQ&utm_source=Web,https://onboarding.kotak.com/pl/ETB-login?utm_campaign=SEO&utm_content=webpage&utm_medium=Website&utm_term=PAPQ&utm_source=Web,,1322,0
KMPL DIY Loans for pre-approved customers,Self Owned - Kotak Mahindra Prime Limited,KOTAK MAHINDRA PRIME LTD.,2026-09-25,https://data.rbi.org.in/BOE/OpenDocument/opendoc/custom.jsp?iDocID=ARfEgy.WNSVIvFfvSIVmBCw&sIDType=CUID,Customer Portal – Kotak Mahindra Prime Limited,https://kmpl.my.site.com/KotakSelfAssisted/s/,https://kmpl.my.site.com/KotakSelfAssisted/s/,,1323,0
ABCD Aditya Birla Capital App,Aditya Birla Capital Digital Limited,KRAZYBEE SERVICES LIMITED (EARLIER KNOWN AS KRAZYBEE SERVICES PRIVATE LIMITED),2026-09-25,https://data.rbi.org.in/BOE/OpenDocument/opendoc/custom.jsp?iDocID=ARfEgy.WNSVIvFfvSIVmBCw&sIDType=CUID,Apple App store,https://apps.apple.com/in/app/abcd-aditya-birla-capital-app/id6477909524,https://apps.apple.com/in/app/abcd-aditya-birla-capital-app/id6477909524,,1324,0
ABCD Aditya Birla Capital App,Aditya Birla Capital Digital Limited,KRAZYBEE SERVICES LIMITED (EARLIER KNOWN AS KRAZYBEE SERVICES PRIVATE LIMITED),2026-09-25,https://data.rbi.org.in/BOE/OpenDocument/opendoc/custom.jsp?iDocID=ARfEgy.WNSVIvFfvSIVmBCw&sIDType=CUID,Google Play store,https://play.google.com/store/apps/details?id=com.adityabirlacapitaldigital.OneApp,https://play.google.com/store/apps/details?id=com.adityabirlacapitaldigital.OneApp,com.adityabirlacapitaldigital.OneApp,1325,0
ABCD Aditya Birla Capital App,Aditya Birla Capital Digital Limited,KRAZYBEE SERVICES LIMITED (EARLIER KNOWN AS KRAZYBEE SERVICES PRIVATE LIMITED),2026-09-25,https://data.rbi.org.in/BOE/OpenDocument/opendoc/custom.jsp?iDocID=ARfEgy.WNSVIvFfvSIVmBCw&sIDType=CUID,Website,https://www.adityabirlacapital.com/abcd,https://www.adityabirlacapital.com/abcd,,1326,0
Airtel Thanks App,Xtelify Limited,KRAZYBEE SERVICES LIMITED (EARLIER KNOWN AS KRAZYBEE SERVICES PRIVATE LIMITED),2026-09-25,https://data.rbi.org.in/BOE/OpenDocument/opendoc/custom.jsp?iDocID=ARfEgy.WNSVIvFfvSIVmBCw&sIDType=CUID,Apple App Store,https://apps.apple.com/in/app/airtel-thanks-recharge-bank/id543184334,https://apps.apple.com/in/app/airtel-thanks-recharge-bank/id543184334,,1327,0
Airtel Thanks App,Xtelify Limited,KRAZYBEE SERVICES LIMITED (EARLIER KNOWN AS KRAZYBEE SERVICES PRIVATE LIMITED),2026-09-25,https://data.rbi.org.in/BOE/OpenDocument/opendoc/custom.jsp?iDocID=ARfEgy.WNSVIvFfvSIVmBCw&sIDType=CUID,Google Play Store,https://play.google.com/store/apps/details?id=com.myairtelapp,https://play.google.com/store/apps/details?id=com.myairtelapp,com.myairtelapp,1328,0
Airtel Thanks App,Xtelify Limited,KRAZYBEE SERVICES LIMITED (EARLIER KNOWN AS KRAZYBEE SERVICES PRIVATE LIMITED),2026-09-25,https://data.rbi.org.in/BOE/OpenDocument/opendoc/custom.jsp?iDocID=ARfEgy.WNSVIvFfvSIVmBCw&sIDType=CUID,Website,https://www.airtel.in/airtel-thanks-app,https://www.airtel.in/airtel-thanks-app,,1329,0
Angel One,Angel One Limited,KRAZYBEE SERVICES LIMITED (EARLIER KNOWN AS KRAZYBEE SERVICES PRIVATE LIMITED),2026-09-25,https://data.rbi.org.in/BOE/OpenDocument/opendoc/custom.jsp?iDocID=ARfEgy.WNSVIvFfvSIVmBCw&sIDType=CUID,Apple App Store,https://apps.apple.com/in/app/angel-one-stocks-mutual-fund/id1060530981,https://apps.apple.com/in/app/angel-one-stocks-mutual-fund/id1060530981,,1330,0
Angel One,Angel One Limited,KRAZYBEE SERVICES LIMITED (EARLIER KNOWN AS KRAZYBEE SERVICES PRIVATE LIMITED),2026-09-25,https://data.rbi.org.in/BOE/OpenDocument/opendoc/custom.jsp?iDocID=ARfEgy.WNSVIvFfvSIVmBCw&sIDType=CUID,Google Play Store,https://play.google.com/store/apps/details?id=com.msf.angelmobile,https://play.google.com/store/apps/details?id=com.msf.angelmobile&hl=en_IN&gl=US,com.msf.angelmobile,1331,0
Bajaj Finserv Market,Bajaj Markets Owned by Bajaj Finserv Direct Limited,KRAZYBEE SERVICES LIMITED (EARLIER KNOWN AS KRAZYBEE SERVICES PRIVATE LIMITED),2026-09-25,https://data.rbi.org.in/BOE/OpenDocument/opendoc/custom.jsp?iDocID=ARfEgy.WNSVIvFfvSIVmBCw&sIDType=CUID,Website,https://www.bajajfinservmarkets.in/,https://www.bajajfinservmarkets.in/,,1332,0
Bajaj Finserv Markets Loan App,Bajaj Markets Owned by Bajaj Finserv Direct Limited,KRAZYBEE SERVICES LIMITED (EARLIER KNOWN AS KRAZYBEE SERVICES PRIVATE LIMITED),2026-09-25,https://data.rbi.org.in/BOE/OpenDocument/opendoc/custom.jsp?iDocID=ARfEgy.WNSVIvFfvSIVmBCw&sIDType=CUID,Apple App Store,https://apps.apple.com/in/app/bajaj-finserv-loans-upi-fd/id505454145,https://apps.apple.com/in/app/bajaj-finserv-loans-upi-fd/id505454145,,1333,0
Bajaj Finserv Markets Loan App,Bajaj Markets Owned by Bajaj Finserv Direct Limited,KRAZYBEE SERVICES LIMITED (EARLIER KNOWN AS KRAZYBEE SERVICES PRIVATE LIMITED),2026-09-25,https://data.rbi.org.in/BOE/OpenDocument/opendoc/custom.jsp?iDocID=ARfEgy.WNSVIvFfvSIVmBCw&sIDType=CUID,Google Play Store,https://play.google.com/store/apps/details?id=in.bajajfinservmarkets.app,https://play.google.com/store/apps/details?id=in.bajajfinservmarkets.app,in.bajajfinservmarkets.app,1334,0
CRED,M/s Dreamplug Technologies Private Limited,KRAZYBEE SERVICES LIMITED (EARLIER KNOWN AS KRAZYBEE SERVICES PRIVATE LIMITED),2026-09-25,https://data.rbi.org.in/BOE/OpenDocument/opendoc/custom.jsp?iDocID=ARfEgy.WNSVIvFfvSIVmBCw&sIDType=CUID,Apple App Store,https://apps.apple.com/in/app/cred-credit-cards-bills-upi/id1428580080,https://apps.apple.com/in/app/cred-credit-cards-bills-upi/id1428580080,,1335,0
CRED,M/s Dreamplug Technologies Private Limited,KRAZYBEE SERVICES LIMITED (EARLIER KNOWN AS KRAZYBEE SERVICES PRIVATE LIMITED),2026-09-25,https://data.rbi.org.in/BOE/OpenDocument/opendoc/custom.jsp?iDocID=ARfEgy.WNSVIvFfvSIVmBCw&sIDType=CUID,Google Play Store,https://play.google.com/store/apps/details?id=com.dreamplug.androidapp,https://play.google.com/store/apps/details?id=com.dreamplug.androidapp&amp;amp;hl=en_IN,com.dreamplug.androidapp,1336,0
CreditFit,Creditmantri Finserve Private Limited,KRAZYBEE SERVICES LIMITED (EARLIER KNOWN AS KRAZYBEE SERVICES PRIVATE LIMITED),2026-09-25,https://data.rbi.org.in/BOE/OpenDocument/opendoc/custom.jsp?iDocID=ARfEgy.WNSVIvFfvSIVmBCw&sIDType=CUID,Google Play Store,https://play.google.com/store/apps/details?id=com.creditmantri,https://play.google.com/store/apps/details?id=com.creditmantri&hl=en_IN,com.creditmantri,1337,0
CreditLinks,Asset Direct DBA Creditlinks India Private Limited,KRAZYBEE SERVICES LIMITED (EARLIER KNOWN AS KRAZYBEE SERVICES PRIVATE LIMITED),2026-09-25,https://data.rbi.org.in/BOE/OpenDocument/opendoc/custom.jsp?iDocID=ARfEgy.WNSVIvFfvSIVmBCw&sIDType=CUID,Website,https://l.creditlinks.in/,https://l.creditlinks.in/,,1338,0
CreditMantri,Creditmantri Finserve Private Limited,KRAZYBEE SERVICES LIMITED (EARLIER KNOWN AS KRAZYBEE SERVICES PRIVATE LIMITED),2026-09-25,https://data.rbi.org.in/BOE/OpenDocument/opendoc/custom.jsp?iDocID=ARfEgy.WNSVIvFfvSIVmBCw&sIDType=CUID,Website,https://www.creditmantri.com/,https://www.creditmantri.com/,,1339,0
Digital Lending Pages of PhonePe Lending on PhonePe Business: Merchant App,PhonePe Lending Services Private Limited,KRAZYBEE SERVICES LIMITED (EARLIER KNOWN AS KRAZYBEE SERVICES PRIVATE LIMITED),2026-09-25,https://data.rbi.org.in/BOE/OpenDocument/opendoc/custom.jsp?iDocID=ARfEgy.WNSVIvFfvSIVmBCw&sIDType=CUID,Apple app store,https://apps.apple.com/in/app/phonepe-business-merchant-app/id1463742453,https://apps.apple.com/in/app/phonepe-business-merchant-app/id1463742453,,1340,0
Digital Lending Pages of PhonePe Lending on PhonePe Business: Merchant App,PhonePe Lending Services Private Limited,KRAZYBEE SERVICES LIMITED (EARLIER KNOWN AS KRAZYBEE SERVICES PRIVATE LIMITED),2026-09-25,https://data.rbi.org.in/BOE/OpenDocument/opendoc/custom.jsp?iDocID=ARfEgy.WNSVIvFfvSIVmBCw&sIDType=CUID,Google Play store,https://play.google.com/store/apps/details?id=com.phonepe.app.business,https://play.google.com/store/apps/details?id=com.phonepe.app.business&pcampaignid=web_share,com.phonepe.app.business,1341,0
Digital Lending Pages of PhonePe Lending on PhonePe Business: Merchant App,PhonePe Lending Services Private Limited,KRAZYBEE SERVICES LIMITED (EARLIER KNOWN AS KRAZYBEE SERVICES PRIVATE LIMITED),2026-09-25,https://data.rbi.org.in/BOE/OpenDocument/opendoc/custom.jsp?iDocID=ARfEgy.WNSVIvFfvSIVmBCw&sIDType=CUID,Indus App Store,https://play.google.com/store/apps/details?id=com.phonepe.app.business,https://www.indusappstore.com/apps/finance/phonepe-business/com.phonepe.app.business?page=details&id=com.phonepe.app.business,com.phonepe.app.business,1342,0
Digital Lending Pages of PhonePe Lending on PhonePe Business: Merchant App,PhonePe Lending Services Private Limited,KRAZYBEE SERVICES LIMITED (EARLIER KNOWN AS KRAZYBEE SERVICES PRIVATE LIMITED),2026-09-25,https://data.rbi.org.in/BOE/OpenDocument/opendoc/custom.jsp?iDocID=ARfEgy.WNSVIvFfvSIVmBCw&sIDType=CUID,Website,https://www.phonepe.com/lending#merchant-lending,https://www.phonepe.com/lending#merchant-lending,,1343,0
Fibe,Social Worth Technologies Private Limited,KRAZYBEE SERVICES LIMITED (EARLIER KNOWN AS KRAZYBEE SERVICES PRIVATE LIMITED),2026-09-25,https://data.rbi.org.in/BOE/OpenDocument/opendoc/custom.jsp?iDocID=ARfEgy.WNSVIvFfvSIVmBCw&sIDType=CUID,Apple App Store,https://apps.apple.com/in/app/fibe-instant-personal-loan-app/id1094602630,https://apps.apple.com/in/app/fibe-instant-personal-loan-app/id1094602630,,1344,0
Fibe,Social Worth Technologies Private Limited,KRAZYBEE SERVICES LIMITED (EARLIER KNOWN AS KRAZYBEE SERVICES PRIVATE LIMITED),2026-09-25,https://data.rbi.org.in/BOE/OpenDocument/opendoc/custom.jsp?iDocID=ARfEgy.WNSVIvFfvSIVmBCw&sIDType=CUID,Google Play Store,https://play.google.com/store/apps/details?id=com.earlysalary.android,https://play.google.com/store/apps/details?id=com.earlysalary.android,com.earlysalary.android,1345,0
Fibe,Social Worth Technologies Private Limited,KRAZYBEE SERVICES LIMITED (EARLIER KNOWN AS KRAZYBEE SERVICES PRIVATE LIMITED),2026-09-25,https://data.rbi.org.in/BOE/OpenDocument/opendoc/custom.jsp?iDocID=ARfEgy.WNSVIvFfvSIVmBCw&sIDType=CUID,Website,https://www.fibe.in/,https://www.fibe.in/,,1346,0
Indialends,GC Web Ventures Private Limited,KRAZYBEE SERVICES LIMITED (EARLIER KNOWN AS KRAZYBEE SERVICES PRIVATE LIMITED),2026-09-25,https://data.rbi.org.in/BOE/OpenDocument/opendoc/custom.jsp?iDocID=ARfEgy.WNSVIvFfvSIVmBCw&sIDType=CUID,Apple App Store,https://apps.apple.com/in/app/indialends-instant-loan-app/id1163514601,https://apps.apple.com/in/app/indialends-instant-loan-app/id1163514601,,1347,0
Indialends,GC Web Ventures Private Limited,KRAZYBEE SERVICES LIMITED (EARLIER KNOWN AS KRAZYBEE SERVICES PRIVATE LIMITED),2026-09-25,https://data.rbi.org.in/BOE/OpenDocument/opendoc/custom.jsp?iDocID=ARfEgy.WNSVIvFfvSIVmBCw&sIDType=CUID,Google Play Store,https://play.google.com/store/apps/details?id=com.indialends.android,https://play.google.com/store/apps/details?id=com.indialends.android&hl=en_IN,com.indialends.android,1348,0
Indialends,GC Web Ventures Private Limited,KRAZYBEE SERVICES LIMITED (EARLIER KNOWN AS KRAZYBEE SERVICES PRIVATE LIMITED),2026-09-25,https://data.rbi.org.in/BOE/OpenDocument/opendoc/custom.jsp?iDocID=ARfEgy.WNSVIvFfvSIVmBCw&sIDType=CUID,Website,https://indialends.com/,https://indialends.com/,,1349,0
Jio Finance Platform and Service Limited,Jio Finance Platform and Service Limited,KRAZYBEE SERVICES LIMITED (EARLIER KNOWN AS KRAZYBEE SERVICES PRIVATE LIMITED),2026-09-25,https://data.rbi.org.in/BOE/OpenDocument/opendoc/custom.jsp?iDocID=ARfEgy.WNSVIvFfvSIVmBCw&sIDType=CUID,Apple Appstore,https://apps.apple.com/in/app/jiofinance/id6469583963,https://apps.apple.com/in/app/jiofinance/id6469583963,,1350,0
Jio Finance Platform and Service Limited,Jio Finance Platform and Service Limited,KRAZYBEE SERVICES LIMITED (EARLIER KNOWN AS KRAZYBEE SERVICES PRIVATE LIMITED),2026-09-25,https://data.rbi.org.in/BOE/OpenDocument/opendoc/custom.jsp?iDocID=ARfEgy.WNSVIvFfvSIVmBCw&sIDType=CUID,Google Playstore,https://play.google.com/store/apps/details?id=in.jfs.jiofinance,https://play.google.com/store/apps/details?id=in.jfs.jiofinance&hl=en_IN,in.jfs.jiofinance,1351,0
Kreditbee,Finnovation Tech Solutions Private Limited,KRAZYBEE SERVICES LIMITED (EARLIER KNOWN AS KRAZYBEE SERVICES PRIVATE LIMITED),2026-09-25,https://data.rbi.org.in/BOE/OpenDocument/opendoc/custom.jsp?iDocID=ARfEgy.WNSVIvFfvSIVmBCw&sIDType=CUID,Apple App Store,https://apps.apple.com/in/app/easy-personal-loan-kreditbee/id1488736283,https://apps.apple.com/in/app/easy-personal-loan-kreditbee/id1488736283,,1352,0
Kreditbee,Finnovation Tech Solutions Private Limited,KRAZYBEE SERVICES LIMITED (EARLIER KNOWN AS KRAZYBEE SERVICES PRIVATE LIMITED),2026-09-25,https://data.rbi.org.in/BOE/OpenDocument/opendoc/custom.jsp?iDocID=ARfEgy.WNSVIvFfvSIVmBCw&sIDType=CUID,Google Play Store,https://play.google.com/store/apps/details?id=com.kreditbee.android,https://play.google.com/store/apps/details?id=com.kreditbee.android,com.kreditbee.android,1353,0
Kreditbee,Finnovation Tech Solutions Private Limited,KRAZYBEE SERVICES LIMITED (EARLIER KNOWN AS KRAZYBEE SERVICES PRIVATE LIMITED),2026-09-25,https://data.rbi.org.in/BOE/OpenDocument/opendoc/custom.jsp?iDocID=ARfEgy.WNSVIvFfvSIVmBCw&sIDType=CUID,IndusApp,https://indusapp.store/9ip3i05q,https://indusapp.store/9ip3i05q,,1354,0
Kreditbee,Finnovation Tech Solutions Private Limited,KRAZYBEE SERVICES LIMITED (EARLIER KNOWN AS KRAZYBEE SERVICES PRIVATE LIMITED),2026-09-25,https://data.rbi.org.in/BOE/OpenDocument/opendoc/custom.jsp?iDocID=ARfEgy.WNSVIvFfvSIVmBCw&sIDType=CUID,Mi App Store,https://play.google.com/store/apps/details?id=com.kreditbee.android,https://global.app.mi.com/details?lo=IN&la=en_US&id=com.kreditbee.android,com.kreditbee.android,1355,0
Kreditbee,Finnovation Tech Solutions Private Limited,KRAZYBEE SERVICES LIMITED (EARLIER KNOWN AS KRAZYBEE SERVICES PRIVATE LIMITED),2026-09-25,https://data.rbi.org.in/BOE/OpenDocument/opendoc/custom.jsp?iDocID=ARfEgy.WNSVIvFfvSIVmBCw&sIDType=CUID,Oppo App Store,oaps://mk/dt?pkg=com.kreditbee.android&style=1,oaps://mk/dt?pkg=com.kreditbee.android&style=1,,1356,0
Kreditbee,Finnovation Tech Solutions Private Limited,KRAZYBEE SERVICES LIMITED (EARLIER KNOWN AS KRAZYBEE SERVICES PRIVATE LIMITED),2026-09-25,https://data.rbi.org.in/BOE/OpenDocument/opendoc/custom.jsp?iDocID=ARfEgy.WNSVIvFfvSIVmBCw&sIDType=CUID,Samsung App Store,https://apps.samsung.com/appquery/appDetail.as?appId=com.kreditbee.android,https://apps.samsung.com/appquery/appDetail.as?appId=com.kreditbee.android,,1357,0
Kreditbee,Finnovation Tech Solutions Private Limited,KRAZYBEE SERVICES LIMITED (EARLIER KNOWN AS KRAZYBEE SERVICES PRIVATE LIMITED),2026-09-25,https://data.rbi.org.in/BOE/OpenDocument/opendoc/custom.jsp?iDocID=ARfEgy.WNSVIvFfvSIVmBCw&sIDType=CUID,Vivo Market,https://play.google.com/store/apps/details?id=com.kreditbee.android,vivomarket://details?id=com.kreditbee.android,com.kreditbee.android,1358,0
Kreditbee,Finnovation Tech Solutions Private Limited,KRAZYBEE SERVICES LIMITED (EARLIER KNOWN AS KRAZYBEE SERVICES PRIVATE LIMITED),2026-09-25,https://data.rbi.org.in/BOE/OpenDocument/opendoc/custom.jsp?iDocID=ARfEgy.WNSVIvFfvSIVmBCw&sIDType=CUID,Website,https://www.kreditbee.in/,https://www.kreditbee.in/,,1359,0
Kreditzy,Finnovation Tech Solutions Private Limited,KRAZYBEE SERVICES LIMITED (EARLIER KNOWN AS KRAZYBEE SERVICES PRIVATE LIMITED),2026-09-25,https://data.rbi.org.in/BOE/OpenDocument/opendoc/custom.jsp?iDocID=ARfEgy.WNSVIvFfvSIVmBCw&sIDType=CUID,Google Play store,https://play.google.com/store/apps/details?id=com.kreditzy.android,https://play.google.com/store/apps/details?id=com.kreditzy.android,com.kreditzy.android,1360,0
Kreditzy,Finnovation Tech Solutions Private Limited,KRAZYBEE SERVICES LIMITED (EARLIER KNOWN AS KRAZYBEE SERVICES PRIVATE LIMITED),2026-09-25,https://data.rbi.org.in/BOE/OpenDocument/opendoc/custom.jsp?iDocID=ARfEgy.WNSVIvFfvSIVmBCw&sIDType=CUID,Website,https://www.kreditzy.com/,https://www.kreditzy.com/,,1361,0
Meesho Payments Private Limited,Meesho Payments Private Limited,KRAZYBEE SERVICES LIMITED (EARLIER KNOWN AS KRAZYBEE SERVICES PRIVATE LIMITED),2026-09-25,https://data.rbi.org.in/BOE/OpenDocument/opendoc/custom.jsp?iDocID=ARfEgy.WNSVIvFfvSIVmBCw&sIDType=CUID,Meesho Payments Private Limited,https://finance.mppl.meesho.com/index.html,https://finance.mppl.meesho.com/index.html,,1362,0
Mobikwik,One Mobikwik Systems Limited,KRAZYBEE SERVICES LIMITED (EARLIER KNOWN AS KRAZYBEE SERVICES PRIVATE LIMITED),2026-09-25,https://data.rbi.org.in/BOE/OpenDocument/opendoc/custom.jsp?iDocID=ARfEgy.WNSVIvFfvSIVmBCw&sIDType=CUID,Apple App Store,https://apps.apple.com/in/app/mobikwik-bhim-upi-wallet/id600002523,https://apps.apple.com/in/app/mobikwik-bhim-upi-wallet/id600002523,,1363,0
Mobikwik,One Mobikwik Systems Limited,KRAZYBEE SERVICES LIMITED (EARLIER KNOWN AS KRAZYBEE SERVICES PRIVATE LIMITED),2026-09-25,https://data.rbi.org.in/BOE/OpenDocument/opendoc/custom.jsp?iDocID=ARfEgy.WNSVIvFfvSIVmBCw&sIDType=CUID,Google Play Store,https://play.google.com/store/apps/details?id=com.mobikwik_new,https://play.google.com/store/apps/details?id=com.mobikwik_new,com.mobikwik_new,1364,0
Moneycontrol,Network18 Media & Investments Limited,KRAZYBEE SERVICES LIMITED (EARLIER KNOWN AS KRAZYBEE SERVICES PRIVATE LIMITED),2026-09-25,https://data.rbi.org.in/BOE/OpenDocument/opendoc/custom.jsp?iDocID=ARfEgy.WNSVIvFfvSIVmBCw&sIDType=CUID,Apple App store,https://apps.apple.com/in/app/moneycontrol-markets-news/id408654600,https://apps.apple.com/in/app/moneycontrol-markets-news/id408654600,,1365,0
Moneycontrol,Network18 Media & Investments Limited,KRAZYBEE SERVICES LIMITED (EARLIER KNOWN AS KRAZYBEE SERVICES PRIVATE LIMITED),2026-09-25,https://data.rbi.org.in/BOE/OpenDocument/opendoc/custom.jsp?iDocID=ARfEgy.WNSVIvFfvSIVmBCw&sIDType=CUID,Google Play store,https://play.google.com/store/apps/details?id=com.divum.MoneyControl,https://play.google.com/store/apps/details?id=com.divum.MoneyControl&amp;hl=en&amp;gl=US,com.divum.MoneyControl,1366,0
Moneycontrol,Network18 Media & Investments Limited,KRAZYBEE SERVICES LIMITED (EARLIER KNOWN AS KRAZYBEE SERVICES PRIVATE LIMITED),2026-09-25,https://data.rbi.org.in/BOE/OpenDocument/opendoc/custom.jsp?iDocID=ARfEgy.WNSVIvFfvSIVmBCw&sIDType=CUID,Website,https://www.moneycontrolpay.com/,https://www.moneycontrolpay.com/,,1367,0
Paisabazaar,Paisabazaar Marketing And Consulting Pvt Ltd,KRAZYBEE SERVICES LIMITED (EARLIER KNOWN AS KRAZYBEE SERVICES PRIVATE LIMITED),2026-09-25,https://data.rbi.org.in/BOE/OpenDocument/opendoc/custom.jsp?iDocID=ARfEgy.WNSVIvFfvSIVmBCw&sIDType=CUID,Apple App Store,https://apps.apple.com/in/app/paisabazaar-com-loans-cards/id1029403201,https://apps.apple.com/in/app/paisabazaar-com-loans-cards/id1029403201,,1368,0
Paisabazaar,Paisabazaar Marketing And Consulting Pvt Ltd,KRAZYBEE SERVICES LIMITED (EARLIER KNOWN AS KRAZYBEE SERVICES PRIVATE LIMITED),2026-09-25,https://data.rbi.org.in/BOE/OpenDocument/opendoc/custom.jsp?iDocID=ARfEgy.WNSVIvFfvSIVmBCw&sIDType=CUID,Google Play Store,https://play.google.com/store/apps/details?id=com.paisabazaar,https://play.google.com/store/apps/details?id=com.paisabazaar&hl=en_IN&pli=1,com.paisabazaar,1369,0
Paisabazaar,Paisabazaar Marketing And Consulting Pvt Ltd,KRAZYBEE SERVICES LIMITED (EARLIER KNOWN AS KRAZYBEE SERVICES PRIVATE LIMITED),2026-09-25,https://data.rbi.org.in/BOE/OpenDocument/opendoc/custom.jsp?iDocID=ARfEgy.WNSVIvFfvSIVmBCw&sIDType=CUID,Website,https://www.paisabazaar.com/,https://www.paisabazaar.com/,,1370,0
PayTM,One 97 Communications Limited,KRAZYBEE SERVICES LIMITED (EARLIER KNOWN AS KRAZYBEE SERVICES PRIVATE LIMITED),2026-09-25,https://data.rbi.org.in/BOE/OpenDocument/opendoc/custom.jsp?iDocID=ARfEgy.WNSVIvFfvSIVmBCw&sIDType=CUID,Apple app store,https://apps.apple.com/in/app/paytm-for-business/id1351301966,https://apps.apple.com/in/app/paytm-for-business/id1351301966,,1371,0
PayTM,One 97 Communications Limited,KRAZYBEE SERVICES LIMITED (EARLIER KNOWN AS KRAZYBEE SERVICES PRIVATE LIMITED),2026-09-25,https://data.rbi.org.in/BOE/OpenDocument/opendoc/custom.jsp?iDocID=ARfEgy.WNSVIvFfvSIVmBCw&sIDType=CUID,Apple app store,https://apps.apple.com/in/app/paytm/id473941634,https://apps.apple.com/in/app/paytm/id473941634,,1372,0
PayTM,One 97 Communications Limited,KRAZYBEE SERVICES LIMITED (EARLIER KNOWN AS KRAZYBEE SERVICES PRIVATE LIMITED),2026-09-25,https://data.rbi.org.in/BOE/OpenDocument/opendoc/custom.jsp?iDocID=ARfEgy.WNSVIvFfvSIVmBCw&sIDType=CUID,Google Play store,https://play.google.com/store/apps/details?id=com.paytm.business,https://play.google.com/store/apps/details?id=com.paytm.business,com.paytm.business,1373,0
PayTM,One 97 Communications Limited,KRAZYBEE SERVICES LIMITED (EARLIER KNOWN AS KRAZYBEE SERVICES PRIVATE LIMITED),2026-09-25,https://data.rbi.org.in/BOE/OpenDocument/opendoc/custom.jsp?iDocID=ARfEgy.WNSVIvFfvSIVmBCw&sIDType=CUID,Google Play store,https://play.google.com/store/apps/details?id=net.one97.paytm,https://play.google.com/store/apps/details?id=net.one97.paytm,net.one97.paytm,1374,0
PayTM,One 97 Communications Limited,KRAZYBEE SERVICES LIMITED (EARLIER KNOWN AS KRAZYBEE SERVICES PRIVATE LIMITED),2026-09-25,https://data.rbi.org.in/BOE/OpenDocument/opendoc/custom.jsp?iDocID=ARfEgy.WNSVIvFfvSIVmBCw&sIDType=CUID,Website,https://paytm.com/,https://paytm.com/,,1375,0
super.money,Scapic Innovations Private Limited,KRAZYBEE SERVICES LIMITED (EARLIER KNOWN AS KRAZYBEE SERVICES PRIVATE LIMITED),2026-09-25,https://data.rbi.org.in/BOE/OpenDocument/opendoc/custom.jsp?iDocID=ARfEgy.WNSVIvFfvSIVmBCw&sIDType=CUID,Apple app store,https://apps.apple.com/in/app/super-money/id6502597504,https://apps.apple.com/in/app/super-money/id6502597504,,1376,0
super.money,Scapic Innovations Private Limited,KRAZYBEE SERVICES LIMITED (EARLIER KNOWN AS KRAZYBEE SERVICES PRIVATE LIMITED),2026-09-25,https://data.rbi.org.in/BOE/OpenDocument/opendoc/custom.jsp?iDocID=ARfEgy.WNSVIvFfvSIVmBCw&sIDType=CUID,Google Play store,https://play.google.com/store/apps/details?id=money.super.payments,https://play.google.com/store/apps/details?id=money.super.payments&hl=en_IN,money.super.payments,1377,0
super.money (Lending pages of Flipkart online shopping App),Scapic Innovations Private Limited,KRAZYBEE SERVICES LIMITED (EARLIER KNOWN AS KRAZYBEE SERVICES PRIVATE LIMITED),2026-09-25,https://data.rbi.org.in/BOE/OpenDocument/opendoc/custom.jsp?iDocID=ARfEgy.WNSVIvFfvSIVmBCw&sIDType=CUID,Website,https://www.flipkart.com/sumo3p/pl/pages/journey?utm_source=Whatsapp&utm_campaign=ml_abnd,https://www.flipkart.com/sumo3p/pl/pages/journey?utm_source=Whatsapp&utm_campaign=ml_abnd,,1378,0
Tata Neu,Tata Digital Private Limited,KRAZYBEE SERVICES LIMITED (EARLIER KNOWN AS KRAZYBEE SERVICES PRIVATE LIMITED),2026-09-25,https://data.rbi.org.in/BOE/OpenDocument/opendoc/custom.jsp?iDocID=ARfEgy.WNSVIvFfvSIVmBCw&sIDType=CUID,Apple App Store,https://apps.apple.com/in/app/tata-neu-shop-travel-pay/id1584669293,https://apps.apple.com/in/app/tata-neu-shop-travel-pay/id1584669293,,1379,0
Tata Neu,Tata Digital Private Limited,KRAZYBEE SERVICES LIMITED (EARLIER KNOWN AS KRAZYBEE SERVICES PRIVATE LIMITED),2026-09-25,https://data.rbi.org.in/BOE/OpenDocument/opendoc/custom.jsp?iDocID=ARfEgy.WNSVIvFfvSIVmBCw&sIDType=CUID,Google Play Store,https://play.google.com/store/apps/details?id=com.tatadigital.tcp,https://play.google.com/store/apps/details?id=com.tatadigital.tcp&gl=IN,com.tatadigital.tcp,1380,0
Tata Neu,Tata Digital Private Limited,KRAZYBEE SERVICES LIMITED (EARLIER KNOWN AS KRAZYBEE SERVICES PRIVATE LIMITED),2026-09-25,https://data.rbi.org.in/BOE/OpenDocument/opendoc/custom.jsp?iDocID=ARfEgy.WNSVIvFfvSIVmBCw&sIDType=CUID,Website,https://www.tataneu.com/,https://www.tataneu.com/,,1381,0
ABCD Aditya Birla Capital App,Aditya Birla Capital Digital Limited,KRAZYBEE SERVICES PRIVATE LIMITED,2026-09-25,https://data.rbi.org.in/BOE/OpenDocument/opendoc/custom.jsp?iDocID=ARfEgy.WNSVIvFfvSIVmBCw&sIDType=CUID,Apple App store,https://apps.apple.com/in/app/abcd-aditya-birla-capital-app/id6477909524,https://apps.apple.com/in/app/abcd-aditya-birla-capital-app/id6477909524,,1382,0
ABCD Aditya Birla Capital App,Aditya Birla Capital Digital Limited,KRAZYBEE SERVICES PRIVATE LIMITED,2026-09-25,https://data.rbi.org.in/BOE/OpenDocument/opendoc/custom.jsp?iDocID=ARfEgy.WNSVIvFfvSIVmBCw&sIDType=CUID,Google Play store,https://play.google.com/store/apps/details?id=com.adityabirlacapitaldigital.OneApp,https://play.google.com/store/apps/details?id=com.adityabirlacapitaldigital.OneApp,com.adityabirlacapitaldigital.OneApp,1383,0
ABCD Aditya Birla Capital App,Aditya Birla Capital Digital Limited,KRAZYBEE SERVICES PRIVATE LIMITED,2026-09-25,https://data.rbi.org.in/BOE/OpenDocument/opendoc/custom.jsp?iDocID=ARfEgy.WNSVIvFfvSIVmBCw&sIDType=CUID,Website,https://www.adityabirlacapital.com/abcd,https://www.adityabirlacapital.com/abcd,,1384,0
Airtel Thanks App,Xtelify Limited (Formerly known as 'Airtel Digital Limited),KRAZYBEE SERVICES PRIVATE LIMITED,2026-09-25,https://data.rbi.org.in/BOE/OpenDocument/opendoc/custom.jsp?iDocID=ARfEgy.WNSVIvFfvSIVmBCw&sIDType=CUID,Apple App Store,https://apps.apple.com/in/app/airtel-thanks-recharge-bank/id543184334,https://apps.apple.com/in/app/airtel-thanks-recharge-bank/id543184334,,1385,0
Airtel Thanks App,Xtelify Limited (Formerly known as 'Airtel Digital Limited),KRAZYBEE SERVICES PRIVATE LIMITED,2026-09-25,https://data.rbi.org.in/BOE/OpenDocument/opendoc/custom.jsp?iDocID=ARfEgy.WNSVIvFfvSIVmBCw&sIDType=CUID,Google Play Store,https://play.google.com/store/apps/details?id=com.myairtelapp,https://play.google.com/store/apps/details?id=com.myairtelapp,com.myairtelapp,1386,0
Airtel Thanks App,Xtelify Limited (Formerly known as 'Airtel Digital Limited),KRAZYBEE SERVICES PRIVATE LIMITED,2026-09-25,https://data.rbi.org.in/BOE/OpenDocument/opendoc/custom.jsp?iDocID=ARfEgy.WNSVIvFfvSIVmBCw&sIDType=CUID,Website,https://www.airtel.in/airtel-thanks-app,https://www.airtel.in/airtel-thanks-app,,1387,0
Angel One,Angel One Limited,KRAZYBEE SERVICES PRIVATE LIMITED,2026-09-25,https://data.rbi.org.in/BOE/OpenDocument/opendoc/custom.jsp?iDocID=ARfEgy.WNSVIvFfvSIVmBCw&sIDType=CUID,Apple App Store,https://apps.apple.com/in/app/angel-one-stocks-mutual-fund/id1060530981,https://apps.apple.com/in/app/angel-one-stocks-mutual-fund/id1060530981,,1388,0
Angel One,Angel One Limited,KRAZYBEE SERVICES PRIVATE LIMITED,2026-09-25,https://data.rbi.org.in/BOE/OpenDocument/opendoc/custom.jsp?iDocID=ARfEgy.WNSVIvFfvSIVmBCw&sIDType=CUID,Google Play Store,https://play.google.com/store/apps/details?id=com.msf.angelmobile,https://play.google.com/store/apps/details?id=com.msf.angelmobile&hl=en_IN&gl=US,com.msf.angelmobile,1389,0
Bajaj Finserv Market,Bajaj Markets Owned by Bajaj Finserv Direct Limited,KRAZYBEE SERVICES PRIVATE LIMITED,2026-09-25,https://data.rbi.org.in/BOE/OpenDocument/opendoc/custom.jsp?iDocID=ARfEgy.WNSVIvFfvSIVmBCw&sIDType=CUID,Website,https://www.bajajfinservmarkets.in/,https://www.bajajfinservmarkets.in/,,1390,0
Bajaj Finserv Markets Loan App,Bajaj Markets Owned by Bajaj Finserv Direct Limited,KRAZYBEE SERVICES PRIVATE LIMITED,2026-09-25,https://data.rbi.org.in/BOE/OpenDocument/opendoc/custom.jsp?iDocID=ARfEgy.WNSVIvFfvSIVmBCw&sIDType=CUID,Apple App Store,https://apps.apple.com/in/app/bajaj-finserv-loans-upi-fd/id505454145,https://apps.apple.com/in/app/bajaj-finserv-loans-upi-fd/id505454145,,1391,0
Bajaj Finserv Markets Loan App,Bajaj Markets Owned by Bajaj Finserv Direct Limited,KRAZYBEE SERVICES PRIVATE LIMITED,2026-09-25,https://data.rbi.org.in/BOE/OpenDocument/opendoc/custom.jsp?iDocID=ARfEgy.WNSVIvFfvSIVmBCw&sIDType=CUID,Google Play Store,https://play.google.com/store/apps/details?id=in.bajajfinservmarkets.app,https://play.google.com/store/apps/details?id=in.bajajfinservmarkets.app,in.bajajfinservmarkets.app,1392,0
CreditFit,Creditmantri Finserve Private Limited,KRAZYBEE SERVICES PRIVATE LIMITED,2026-09-25,https://data.rbi.org.in/BOE/OpenDocument/opendoc/custom.jsp?iDocID=ARfEgy.WNSVIvFfvSIVmBCw&sIDType=CUID,Google Play Store,https://play.google.com/store/apps/details?id=com.creditmantri,https://play.google.com/store/apps/details?id=com.creditmantri&hl=en_IN,com.creditmantri,1393,0
CreditMantri,Creditmantri Finserve Private Limited,KRAZYBEE SERVICES PRIVATE LIMITED,2026-09-25,https://data.rbi.org.in/BOE/OpenDocument/opendoc/custom.jsp?iDocID=ARfEgy.WNSVIvFfvSIVmBCw&sIDType=CUID,Website,https://www.creditmantri.com/,https://www.creditmantri.com/,,1394,0
Fibe,Social Worth Technologies Private Limited,KRAZYBEE SERVICES PRIVATE LIMITED,2026-09-25,https://data.rbi.org.in/BOE/OpenDocument/opendoc/custom.jsp?iDocID=ARfEgy.WNSVIvFfvSIVmBCw&sIDType=CUID,Apple App Store,https://apps.apple.com/in/app/fibe-instant-personal-loan-app/id1094602630,https://apps.apple.com/in/app/fibe-instant-personal-loan-app/id1094602630,,1395,0
Fibe,Social Worth Technologies Private Limited,KRAZYBEE SERVICES PRIVATE LIMITED,2026-09-25,https://data.rbi.org.in/BOE/OpenDocument/opendoc/custom.jsp?iDocID=ARfEgy.WNSVIvFfvSIVmBCw&sIDType=CUID,Google Play Store,https://play.google.com/store/apps/details?id=com.earlysalary.android,https://play.google.com/store/apps/details?id=com.earlysalary.android,com.earlysalary.android,1396,0
Fibe,Social Worth Technologies Private Limited,KRAZYBEE SERVICES PRIVATE LIMITED,2026-09-25,https://data.rbi.org.in/BOE/OpenDocument/opendoc/custom.jsp?iDocID=ARfEgy.WNSVIvFfvSIVmBCw&sIDType=CUID,Website,https://www.fibe.in/,https://www.fibe.in/,,1397,0
Indialends,GC Web Ventures Private Limited,KRAZYBEE SERVICES PRIVATE LIMITED,2026-09-25,https://data.rbi.org.in/BOE/OpenDocument/opendoc/custom.jsp?iDocID=ARfEgy.WNSVIvFfvSIVmBCw&sIDType=CUID,Apple App Store,https://apps.apple.com/in/app/indialends-instant-loan-app/id1163514601,https://apps.apple.com/in/app/indialends-instant-loan-app/id1163514601,,1398,0
Indialends,GC Web Ventures Private Limited,KRAZYBEE SERVICES PRIVATE LIMITED,2026-09-25,https://data.rbi.org.in/BOE/OpenDocument/opendoc/custom.jsp?iDocID=ARfEgy.WNSVIvFfvSIVmBCw&sIDType=CUID,Google Play Store,https://play.google.com/store/apps/details?id=com.indialends.android,https://play.google.com/store/apps/details?id=com.indialends.android&hl=en_IN,com.indialends.android,1399,0
Indialends,GC Web Ventures Private Limited,KRAZYBEE SERVICES PRIVATE LIMITED,2026-09-25,https://data.rbi.org.in/BOE/OpenDocument/opendoc/custom.jsp?iDocID=ARfEgy.WNSVIvFfvSIVmBCw&sIDType=CUID,Website,https://indialends.com/,https://indialends.com/,,1400,0
Kreditbee,Finnovation Tech Solutions Private Limited,KRAZYBEE SERVICES PRIVATE LIMITED,2026-09-25,https://data.rbi.org.in/BOE/OpenDocument/opendoc/custom.jsp?iDocID=ARfEgy.WNSVIvFfvSIVmBCw&sIDType=CUID,Apple App Store,https://apps.apple.com/in/app/easy-personal-loan-kreditbee/id1488736283,https://apps.apple.com/in/app/easy-personal-loan-kreditbee/id1488736283,,1401,0
Kreditbee,Finnovation Tech Solutions Private Limited,KRAZYBEE SERVICES PRIVATE LIMITED,2026-09-25,https://data.rbi.org.in/BOE/OpenDocument/opendoc/custom.jsp?iDocID=ARfEgy.WNSVIvFfvSIVmBCw&sIDType=CUID,Google Play Store,https://play.google.com/store/apps/details?id=com.kreditbee.android,https://play.google.com/store/apps/details?id=com.kreditbee.android,com.kreditbee.android,1402,0
Kreditbee,Finnovation Tech Solutions Private Limited,KRAZYBEE SERVICES PRIVATE LIMITED,2026-09-25,https://data.rbi.org.in/BOE/OpenDocument/opendoc/custom.jsp?iDocID=ARfEgy.WNSVIvFfvSIVmBCw&sIDType=CUID,IndusApp,https://indusapp.store/9ip3i05q,https://indusapp.store/9ip3i05q,,1403,0
Kreditbee,Finnovation Tech Solutions Private Limited,KRAZYBEE SERVICES PRIVATE LIMITED,2026-09-25,https://data.rbi.org.in/BOE/OpenDocument/opendoc/custom.jsp?iDocID=ARfEgy.WNSVIvFfvSIVmBCw&sIDType=CUID,Mi App Store,https://play.google.com/store/apps/details?id=com.kreditbee.android,https://global.app.mi.com/details?lo=IN&la=en_US&id=com.kreditbee.android,com.kreditbee.android,1404,0
Kreditbee,Finnovation Tech Solutions Private Limited,KRAZYBEE SERVICES PRIVATE LIMITED,2026-09-25,https://data.rbi.org.in/BOE/OpenDocument/opendoc/custom.jsp?iDocID=ARfEgy.WNSVIvFfvSIVmBCw&sIDType=CUID,Oppo App Store,oaps://mk/dt?pkg=com.kreditbee.android&style=1,oaps://mk/dt?pkg=com.kreditbee.android&style=1,,1405,0
Kreditbee,Finnovation Tech Solutions Private Limited,KRAZYBEE SERVICES PRIVATE LIMITED,2026-09-25,https://data.rbi.org.in/BOE/OpenDocument/opendoc/custom.jsp?iDocID=ARfEgy.WNSVIvFfvSIVmBCw&sIDType=CUID,Samsung App Store,https://apps.samsung.com/appquery/appDetail.as?appId=com.kreditbee.android,https://apps.samsung.com/appquery/appDetail.as?appId=com.kreditbee.android,,1406,0
Kreditbee,Finnovation Tech Solutions Private Limited,KRAZYBEE SERVICES PRIVATE LIMITED,2026-09-25,https://data.rbi.org.in/BOE/OpenDocument/opendoc/custom.jsp?iDocID=ARfEgy.WNSVIvFfvSIVmBCw&sIDType=CUID,Vivo Market,https://play.google.com/store/apps/details?id=com.kreditbee.android,vivomarket://details?id=com.kreditbee.android,com.kreditbee.android,1407,0
Kreditbee,Finnovation Tech Solutions Private Limited,KRAZYBEE SERVICES PRIVATE LIMITED,2026-09-25,https://data.rbi.org.in/BOE/OpenDocument/opendoc/custom.jsp?iDocID=ARfEgy.WNSVIvFfvSIVmBCw&sIDType=CUID,Website,https://www.kreditbee.in/,https://www.kreditbee.in/,,1408,0
Kreditzy,Finnovation Tech Solutions Private Limited,KRAZYBEE SERVICES PRIVATE LIMITED,2026-09-25,https://data.rbi.org.in/BOE/OpenDocument/opendoc/custom.jsp?iDocID=ARfEgy.WNSVIvFfvSIVmBCw&sIDType=CUID,Google Play store,https://play.google.com/store/apps/details?id=com.kreditzy.android,https://play.google.com/store/apps/details?id=com.kreditzy.android,com.kreditzy.android,1409,0
Kreditzy,Finnovation Tech Solutions Private Limited,KRAZYBEE SERVICES PRIVATE LIMITED,2026-09-25,https://data.rbi.org.in/BOE/OpenDocument/opendoc/custom.jsp?iDocID=ARfEgy.WNSVIvFfvSIVmBCw&sIDType=CUID,Website,https://www.kreditzy.com/,https://www.kreditzy.com/,,1410,0
Mobikwik,One Mobikwik Systems Limited,KRAZYBEE SERVICES PRIVATE LIMITED,2026-09-25,https://data.rbi.org.in/BOE/OpenDocument/opendoc/custom.jsp?iDocID=ARfEgy.WNSVIvFfvSIVmBCw&sIDType=CUID,Apple App Store,https://apps.apple.com/in/app/mobikwik-bhim-upi-wallet/id600002523,https://apps.apple.com/in/app/mobikwik-bhim-upi-wallet/id600002523,,1411,0
Mobikwik,One Mobikwik Systems Limited,KRAZYBEE SERVICES PRIVATE LIMITED,2026-09-25,https://data.rbi.org.in/BOE/OpenDocument/opendoc/custom.jsp?iDocID=ARfEgy.WNSVIvFfvSIVmBCw&sIDType=CUID,Google Play Store,https://play.google.com/store/apps/details?id=com.mobikwik_new,https://play.google.com/store/apps/details?id=com.mobikwik_new,com.mobikwik_new,1412,0
Moneycontrol,Network18 Media & Investments Limited,KRAZYBEE SERVICES PRIVATE LIMITED,2026-09-25,https://data.rbi.org.in/BOE/OpenDocument/opendoc/custom.jsp?iDocID=ARfEgy.WNSVIvFfvSIVmBCw&sIDType=CUID,Apple App store,https://apps.apple.com/in/app/moneycontrol-markets-news/id408654600,https://apps.apple.com/in/app/moneycontrol-markets-news/id408654600,,1413,0
Moneycontrol,Network18 Media & Investments Limited,KRAZYBEE SERVICES PRIVATE LIMITED,2026-09-25,https://data.rbi.org.in/BOE/OpenDocument/opendoc/custom.jsp?iDocID=ARfEgy.WNSVIvFfvSIVmBCw&sIDType=CUID,Google Play store,https://play.google.com/store/apps/details?id=com.divum.MoneyControl,https://play.google.com/store/apps/details?id=com.divum.MoneyControl&amp;hl=en&amp;gl=US,com.divum.MoneyControl,1414,0
Moneycontrol,Network18 Media & Investments Limited,KRAZYBEE SERVICES PRIVATE LIMITED,2026-09-25,https://data.rbi.org.in/BOE/OpenDocument/opendoc/custom.jsp?iDocID=ARfEgy.WNSVIvFfvSIVmBCw&sIDType=CUID,Website,https://www.moneycontrolpay.com/,https://www.moneycontrolpay.com/,,1415,0
Paisabazaar,Paisabazaar Marketing And Consulting Pvt Ltd,KRAZYBEE SERVICES PRIVATE LIMITED,2026-09-25,https://data.rbi.org.in/BOE/OpenDocument/opendoc/custom.jsp?iDocID=ARfEgy.WNSVIvFfvSIVmBCw&sIDType=CUID,Apple App Store,https://apps.apple.com/in/app/paisabazaar-com-loans-cards/id1029403201,https://apps.apple.com/in/app/paisabazaar-com-loans-cards/id1029403201,,1416,0
Paisabazaar,Paisabazaar Marketing And Consulting Pvt Ltd,KRAZYBEE SERVICES PRIVATE LIMITED,2026-09-25,https://data.rbi.org.in/BOE/OpenDocument/opendoc/custom.jsp?iDocID=ARfEgy.WNSVIvFfvSIVmBCw&sIDType=CUID,Google Play Store,https://play.google.com/store/apps/details?id=com.paisabazaar,https://play.google.com/store/apps/details?id=com.paisabazaar&hl=en_IN&pli=1,com.paisabazaar,1417,0
Paisabazaar,Paisabazaar Marketing And Consulting Pvt Ltd,KRAZYBEE SERVICES PRIVATE LIMITED,2026-09-25,https://data.rbi.org.in/BOE/OpenDocument/opendoc/custom.jsp?iDocID=ARfEgy.WNSVIvFfvSIVmBCw&sIDType=CUID,Website,https://www.paisabazaar.com/,https://www.paisabazaar.com/,,1418,0
PayTM,One 97 Communications Limited,KRAZYBEE SERVICES PRIVATE LIMITED,2026-09-25,https://data.rbi.org.in/BOE/OpenDocument/opendoc/custom.jsp?iDocID=ARfEgy.WNSVIvFfvSIVmBCw&sIDType=CUID,Apple app store,https://apps.apple.com/in/app/paytm-for-business/id1351301966,https://apps.apple.com/in/app/paytm-for-business/id1351301966,,1419,0
PayTM,One 97 Communications Limited,KRAZYBEE SERVICES PRIVATE LIMITED,2026-09-25,https://data.rbi.org.in/BOE/OpenDocument/opendoc/custom.jsp?iDocID=ARfEgy.WNSVIvFfvSIVmBCw&sIDType=CUID,Apple app store,https://apps.apple.com/in/app/paytm/id473941634,https://apps.apple.com/in/app/paytm/id473941634,,1420,0
PayTM,One 97 Communications Limited,KRAZYBEE SERVICES PRIVATE LIMITED,2026-09-25,https://data.rbi.org.in/BOE/OpenDocument/opendoc/custom.jsp?iDocID=ARfEgy.WNSVIvFfvSIVmBCw&sIDType=CUID,Google Play store,https://play.google.com/store/apps/details?id=com.paytm.business,https://play.google.com/store/apps/details?id=com.paytm.business,com.paytm.business,1421,0
PayTM,One 97 Communications Limited,KRAZYBEE SERVICES PRIVATE LIMITED,2026-09-25,https://data.rbi.org.in/BOE/OpenDocument/opendoc/custom.jsp?iDocID=ARfEgy.WNSVIvFfvSIVmBCw&sIDType=CUID,Google Play store,https://play.google.com/store/apps/details?id=net.one97.paytm,https://play.google.com/store/apps/details?id=net.one97.paytm,net.one97.paytm,1422,0
PayTM,One 97 Communications Limited,KRAZYBEE SERVICES PRIVATE LIMITED,2026-09-25,https://data.rbi.org.in/BOE/OpenDocument/opendoc/custom.jsp?iDocID=ARfEgy.WNSVIvFfvSIVmBCw&sIDType=CUID,Website,https://paytm.com/,https://paytm.com/,,1423,0
Tata Neu,Tata Digital Private Limited,KRAZYBEE SERVICES PRIVATE LIMITED,2026-09-25,https://data.rbi.org.in/BOE/OpenDocument/opendoc/custom.jsp?iDocID=ARfEgy.WNSVIvFfvSIVmBCw&sIDType=CUID,Apple App Store,https://apps.apple.com/in/app/tata-neu-shop-travel-pay/id1584669293,https://apps.apple.com/in/app/tata-neu-shop-travel-pay/id1584669293,,1424,0
Tata Neu,Tata Digital Private Limited,KRAZYBEE SERVICES PRIVATE LIMITED,2026-09-25,https://data.rbi.org.in/BOE/OpenDocument/opendoc/custom.jsp?iDocID=ARfEgy.WNSVIvFfvSIVmBCw&sIDType=CUID,Google Play Store,https://play.google.com/store/apps/details?id=com.tatadigital.tcp,https://play.google.com/store/apps/details?id=com.tatadigital.tcp&gl=IN,com.tatadigital.tcp,1425,0
Tata Neu,Tata Digital Private Limited,KRAZYBEE SERVICES PRIVATE LIMITED,2026-09-25,https://data.rbi.org.in/BOE/OpenDocument/opendoc/custom.jsp?iDocID=ARfEgy.WNSVIvFfvSIVmBCw&sIDType=CUID,Website,https://www.tataneu.com/,https://www.tataneu.com/,,1426,0
StuCred,Kreon Finnancial Services Limited,KREON FINNANCIAL SERVICES LIMITED,2026-09-25,https://data.rbi.org.in/BOE/OpenDocument/opendoc/custom.jsp?iDocID=ARfEgy.WNSVIvFfvSIVmBCw&sIDType=CUID,"Google Playstore, Apple Store",https://play.google.com/store/apps/details?id=com.kreon.stucred,https://play.google.com/store/apps/details?id=com.kreon.stucred&referrer=adjust_reftag%3DcrEWhGV264ysL%26utm_source%3DWebsite%2BStucred&pli=1,com.kreon.stucred,1427,0
"Kubiz: Loan App, Instant Cash",Self Owned,KUBIZ CAPITAL PRIVATE LIMITED(PREVIOUSLY QUEST FINLEASE PRIVATE LIMITED),2026-09-25,https://data.rbi.org.in/BOE/OpenDocument/opendoc/custom.jsp?iDocID=ARfEgy.WNSVIvFfvSIVmBCw&sIDType=CUID,Google Playstore,https://play.google.com/store/apps/details?id=in.kubiz.app,https://play.google.com/store/apps/details?id=in.kubiz.app,in.kubiz.app,1428,0
Oro Money,Orocorp Technologies Pvt ltd,KUMBHAT FINANCIAL SERVICES LIMITED,2026-09-25,https://data.rbi.org.in/BOE/OpenDocument/opendoc/custom.jsp?iDocID=ARfEgy.WNSVIvFfvSIVmBCw&sIDType=CUID,Android Playstore,https://play.google.com/store/apps/details?id=in.orocorp.customer,https://play.google.com/store/apps/details?id=in.orocorp.customer,in.orocorp.customer,1429,0
Oro Money,Orocorp Technologies Pvt ltd,KUMBHAT FINANCIAL SERVICES LIMITED,2026-09-25,https://data.rbi.org.in/BOE/OpenDocument/opendoc/custom.jsp?iDocID=ARfEgy.WNSVIvFfvSIVmBCw&sIDType=CUID,IOS Appstore,https://apps.apple.com/in/app/oro-money-gold-loans-at-home/id1551316636,https://apps.apple.com/in/app/oro-money-gold-loans-at-home/id1551316636,,1430,0
Bharat Khata,GREENIZON AGRITECH CONSULTANCY PRIVATE LIMITED,KUSHAL FINNOVATION CAPITAL PRIVATE LIMITED,2026-09-25,https://data.rbi.org.in/BOE/OpenDocument/opendoc/custom.jsp?iDocID=ARfEgy.WNSVIvFfvSIVmBCw&sIDType=CUID,Google Play Store,https://play.google.com/store/apps/details?id=com.bharatkhata.erp,https://play.google.com/store/apps/details?id=com.bharatkhata.erp&hl=en_IN,com.bharatkhata.erp,1431,0
DEZIRELOAN,LABHKARI FINCAP PRIVATE LIMITED,LABHKARI FINCAP PVT.LTD.,2026-09-25,https://data.rbi.org.in/BOE/OpenDocument/opendoc/custom.jsp?iDocID=ARfEgy.WNSVIvFfvSIVmBCw&sIDType=CUID,YES,https://www.dezireloan.com/,https://www.dezireloan.com/,,1432,0
GetitNow,KAPIITAL KAPSLOCK PRIVATE LIMITED,LAKME INVESTMENT & FINANCE LTD,2026-09-25,https://data.rbi.org.in/BOE/OpenDocument/opendoc/custom.jsp?iDocID=ARfEgy.WNSVIvFfvSIVmBCw&sIDType=CUID,https://play.google.com/store/apps/details?id=com.kapiital.getitnow,https://play.google.com/store/apps/details?id=com.kapiital.getitnow,https://play.google.com/store/apps/details?id=com.kapiital.getitnow,com.kapiital.getitnow,1433,0
Naukri Loans,FINTECH CLOUD PRIVATE LIMITED,LAXMI INFIN (P) LTD.,2026-09-25,https://data.rbi.org.in/BOE/OpenDocument/opendoc/custom.jsp?iDocID=ARfEgy.WNSVIvFfvSIVmBCw&sIDType=CUID,Website,https://naukriloans.com/,https://naukriloans.com/,,1434,0
Bajaj Finserv,BAJAJ FINSERV DIRECT LIMITED -BFDL,LENDINGKART FINANCE LIMITED (FORMERLY AADRI INFIN LIMITED),2026-09-25,https://data.rbi.org.in/BOE/OpenDocument/opendoc/custom.jsp?iDocID=ARfEgy.WNSVIvFfvSIVmBCw&sIDType=CUID,Website,https://www.bajajfinservmarkets.in/,https://www.bajajfinservmarkets.in/,,1435,0
Bajaj Markets,BAJAJ FINSERV DIRECT LIMITED -BFDL,LENDINGKART FINANCE LIMITED (FORMERLY AADRI INFIN LIMITED),2026-09-25,https://data.rbi.org.in/BOE/OpenDocument/opendoc/custom.jsp?iDocID=ARfEgy.WNSVIvFfvSIVmBCw&sIDType=CUID,Android,https://play.google.com/store/apps/details?id=in.bajajfinservmarkets.app,?https://play.google.com/store/apps/details?id=in.bajajfinservmarkets.app,in.bajajfinservmarkets.app,1436,0
Bajaj Markets,BAJAJ FINSERV DIRECT LIMITED -BFDL,LENDINGKART FINANCE LIMITED (FORMERLY AADRI INFIN LIMITED),2026-09-25,https://data.rbi.org.in/BOE/OpenDocument/opendoc/custom.jsp?iDocID=ARfEgy.WNSVIvFfvSIVmBCw&sIDType=CUID,IOS,https://apps.apple.com/in/app/bajaj-finserv-loans-upi-fd/id505454145,https://apps.apple.com/in/app/bajaj-finserv-loans-upi-fd/id505454145,,1437,0
Buddyloan,BVALUE SERVICES PRIVATE LIMITED -Buddyloan,LENDINGKART FINANCE LIMITED (FORMERLY AADRI INFIN LIMITED),2026-09-25,https://data.rbi.org.in/BOE/OpenDocument/opendoc/custom.jsp?iDocID=ARfEgy.WNSVIvFfvSIVmBCw&sIDType=CUID,Android,https://play.google.com/store/apps/details?id=com.buddyloan.vls,https://play.google.com/store/apps/details?id=com.buddyloan.vls,com.buddyloan.vls,1438,0
Buddyloan,BVALUE SERVICES PRIVATE LIMITED -Buddyloan,LENDINGKART FINANCE LIMITED (FORMERLY AADRI INFIN LIMITED),2026-09-25,https://data.rbi.org.in/BOE/OpenDocument/opendoc/custom.jsp?iDocID=ARfEgy.WNSVIvFfvSIVmBCw&sIDType=CUID,IOS,https://apps.apple.com/in/app/buddy-loan-personal-loan/id1552911697,https://apps.apple.com/in/app/buddy-loan-personal-loan/id1552911697,,1439,0
Buddyloan,BVALUE SERVICES PRIVATE LIMITED -Buddyloan,LENDINGKART FINANCE LIMITED (FORMERLY AADRI INFIN LIMITED),2026-09-25,https://data.rbi.org.in/BOE/OpenDocument/opendoc/custom.jsp?iDocID=ARfEgy.WNSVIvFfvSIVmBCw&sIDType=CUID,Website,https://www.buddyloan.com/?utm_source=Google&utm_medium=GMB&utm_campaign=BL,https://www.buddyloan.com/?utm_source=Google&utm_medium=GMB&utm_campaign=BL,,1440,0
CreditLinks,Asset Direct DBA CreditLinks India Pvt ltd,LENDINGKART FINANCE LIMITED (FORMERLY AADRI INFIN LIMITED),2026-09-25,https://data.rbi.org.in/BOE/OpenDocument/opendoc/custom.jsp?iDocID=ARfEgy.WNSVIvFfvSIVmBCw&sIDType=CUID,Website,https://www.creditlinks.in/,https://www.creditlinks.in/,,1441,0
Faircent,FTIPL PAYMENTS AND MARKETING TECH PRIVATE LIMITED- Faircent,LENDINGKART FINANCE LIMITED (FORMERLY AADRI INFIN LIMITED),2026-09-25,https://data.rbi.org.in/BOE/OpenDocument/opendoc/custom.jsp?iDocID=ARfEgy.WNSVIvFfvSIVmBCw&sIDType=CUID,Website,https://www.faircentpro.com,www.faircentpro.com,,1442,0
Finlab,BYND FINSERVE PRIVATE LIMITED,LENDINGKART FINANCE LIMITED (FORMERLY AADRI INFIN LIMITED),2026-09-25,https://data.rbi.org.in/BOE/OpenDocument/opendoc/custom.jsp?iDocID=ARfEgy.WNSVIvFfvSIVmBCw&sIDType=CUID,Website,https://finlab.one/,https://finlab.one/,,1443,0
FLEXILOANS,EPIMONEY PRIVATE LIMITED -Flexiloans,LENDINGKART FINANCE LIMITED (FORMERLY AADRI INFIN LIMITED),2026-09-25,https://data.rbi.org.in/BOE/OpenDocument/opendoc/custom.jsp?iDocID=ARfEgy.WNSVIvFfvSIVmBCw&sIDType=CUID,Website,https://flexiloans.com/,https://flexiloans.com/,,1444,0
ftcash,Nomisma Mobile Solutions Pvt. Ltd. -FTCASH,LENDINGKART FINANCE LIMITED (FORMERLY AADRI INFIN LIMITED),2026-09-25,https://data.rbi.org.in/BOE/OpenDocument/opendoc/custom.jsp?iDocID=ARfEgy.WNSVIvFfvSIVmBCw&sIDType=CUID,Website,https://www.ftcash.com/,https://www.ftcash.com/,,1445,0
Kruxfinance,Raganan technologies private limited,LENDINGKART FINANCE LIMITED (FORMERLY AADRI INFIN LIMITED),2026-09-25,https://data.rbi.org.in/BOE/OpenDocument/opendoc/custom.jsp?iDocID=ARfEgy.WNSVIvFfvSIVmBCw&sIDType=CUID,Website,https://www.kruxfinance.com/,https://www.kruxfinance.com/,,1446,0
Lendingkart Android Mobile App,Self-owned,LENDINGKART FINANCE LIMITED (FORMERLY AADRI INFIN LIMITED),2026-09-25,https://data.rbi.org.in/BOE/OpenDocument/opendoc/custom.jsp?iDocID=ARfEgy.WNSVIvFfvSIVmBCw&sIDType=CUID,Android,https://play.google.com/store/apps/details?id=com.LendingKart,https://play.google.com/store/apps/details?id=com.LendingKart&hl=en_IN&pli=1,com.LendingKart,1447,0
Lendingkart Finance Limited,Self-owned,LENDINGKART FINANCE LIMITED (FORMERLY AADRI INFIN LIMITED),2026-09-25,https://data.rbi.org.in/BOE/OpenDocument/opendoc/custom.jsp?iDocID=ARfEgy.WNSVIvFfvSIVmBCw&sIDType=CUID,Website,https://www.lendingkart.com/,https://www.lendingkart.com/,,1448,0
Minutesbazaar,MINUTES BAZAAR PRIVATE LIMITED,LENDINGKART FINANCE LIMITED (FORMERLY AADRI INFIN LIMITED),2026-09-25,https://data.rbi.org.in/BOE/OpenDocument/opendoc/custom.jsp?iDocID=ARfEgy.WNSVIvFfvSIVmBCw&sIDType=CUID,Website,https://www.minutesbazaar.com/,https://www.minutesbazaar.com/,,1449,0
Paisabazaar,PAISABAZAAR MARKETING AND CONSULTING PVT LTD -Paisabazaar,LENDINGKART FINANCE LIMITED (FORMERLY AADRI INFIN LIMITED),2026-09-25,https://data.rbi.org.in/BOE/OpenDocument/opendoc/custom.jsp?iDocID=ARfEgy.WNSVIvFfvSIVmBCw&sIDType=CUID,Website,https://www.paisabazaar.com/,https://www.paisabazaar.com/,,1450,0
paisabazaar.com,PAISABAZAAR MARKETING AND CONSULTING PVT LTD -Paisabazaar,LENDINGKART FINANCE LIMITED (FORMERLY AADRI INFIN LIMITED),2026-09-25,https://data.rbi.org.in/BOE/OpenDocument/opendoc/custom.jsp?iDocID=ARfEgy.WNSVIvFfvSIVmBCw&sIDType=CUID,IOS,https://apps.apple.com/in/app/paisabazaar-com-loans-cards/id1029403201,https://apps.apple.com/in/app/paisabazaar-com-loans-cards/id1029403201,,1451,0
"Pb-CreditScore, CreditCard, Loans",PAISABAZAAR MARKETING AND CONSULTING PVT LTD -Paisabazaar,LENDINGKART FINANCE LIMITED (FORMERLY AADRI INFIN LIMITED),2026-09-25,https://data.rbi.org.in/BOE/OpenDocument/opendoc/custom.jsp?iDocID=ARfEgy.WNSVIvFfvSIVmBCw&sIDType=CUID,Android,https://play.google.com/store/apps/details?id=com.paisabazaar,https://play.google.com/store/apps/details?id=com.paisabazaar,com.paisabazaar,1452,0
Tide,Tide Platform Private Limited -Tide,LENDINGKART FINANCE LIMITED (FORMERLY AADRI INFIN LIMITED),2026-09-25,https://data.rbi.org.in/BOE/OpenDocument/opendoc/custom.jsp?iDocID=ARfEgy.WNSVIvFfvSIVmBCw&sIDType=CUID,Android,https://play.google.com/store/apps/details?id=co.tide.tideplatform.in,https://play.google.com/store/apps/details?id=co.tide.tideplatform.in&hl=en_IN&pli=1,co.tide.tideplatform.in,1453,0
Tide,Tide Platform Private Limited -Tide,LENDINGKART FINANCE LIMITED (FORMERLY AADRI INFIN LIMITED),2026-09-25,https://data.rbi.org.in/BOE/OpenDocument/opendoc/custom.jsp?iDocID=ARfEgy.WNSVIvFfvSIVmBCw&sIDType=CUID,IOS,https://apps.apple.com/in/app/tide-business-india/id1633218149,https://apps.apple.com/in/app/tide-business-india/id1633218149,,1454,0
Tide,Tide Platform Private Limited -Tide,LENDINGKART FINANCE LIMITED (FORMERLY AADRI INFIN LIMITED),2026-09-25,https://data.rbi.org.in/BOE/OpenDocument/opendoc/custom.jsp?iDocID=ARfEgy.WNSVIvFfvSIVmBCw&sIDType=CUID,Website,https://www.tide.co/en-IN/,https://www.tide.co/en-IN/,,1455,0
Upwards,Self-owned,LENDINGKART FINANCE LIMITED (FORMERLY AADRI INFIN LIMITED),2026-09-25,https://data.rbi.org.in/BOE/OpenDocument/opendoc/custom.jsp?iDocID=ARfEgy.WNSVIvFfvSIVmBCw&sIDType=CUID,Android,https://play.google.com/store/apps/details?id=com.goupwards,https://play.google.com/store/apps/details?id=com.goupwards&hl=en_IN&pli=1,com.goupwards,1456,0
Upwards,Self-owned,LENDINGKART FINANCE LIMITED (FORMERLY AADRI INFIN LIMITED),2026-09-25,https://data.rbi.org.in/BOE/OpenDocument/opendoc/custom.jsp?iDocID=ARfEgy.WNSVIvFfvSIVmBCw&sIDType=CUID,Website,https://upwards.in/,https://upwards.in/,,1457,0
Walkfin,WALKFIN FINANCING SERVICES PRIVATE LIMITED,LENDINGKART FINANCE LIMITED (FORMERLY AADRI INFIN LIMITED),2026-09-25,https://data.rbi.org.in/BOE/OpenDocument/opendoc/custom.jsp?iDocID=ARfEgy.WNSVIvFfvSIVmBCw&sIDType=CUID,Website,https://walkfin.com/,https://walkfin.com/,,1458,0
GLAAS,Gromor Finance Private Limited,LIGHT MICRO FINANCE PRIVATE LIMITED,2026-09-25,https://data.rbi.org.in/BOE/OpenDocument/opendoc/custom.jsp?iDocID=ARfEgy.WNSVIvFfvSIVmBCw&sIDType=CUID,Website,https://gromor.in/,https://gromor.in/,,1459,0
Aspire Fintech Private Limited,Aspire Fintech Private Limited,LIGHT MICRO FINANCE PRIVATE LIMITED,2026-09-25,https://data.rbi.org.in/BOE/OpenDocument/opendoc/custom.jsp?iDocID=ARfEgy.WNSVIvFfvSIVmBCw&sIDType=CUID,Website,https://apply.letsaspire.in/,https://apply.letsaspire.in/,,1460,0
Ippopay for Stores,Ippopay Technologies Pvt Ltd,LIGHT MICRO FINANCE PRIVATE LIMITED,2026-09-25,https://data.rbi.org.in/BOE/OpenDocument/opendoc/custom.jsp?iDocID=ARfEgy.WNSVIvFfvSIVmBCw&sIDType=CUID,Apple App Store,https://apps.apple.com/in/app/ippopay-for-stores/id6465133694,https://apps.apple.com/in/app/ippopay-for-stores/id6465133694,,1461,0
IppoPay for Stores,Ippopay Technologies Pvt Ltd,LIGHT MICRO FINANCE PRIVATE LIMITED,2026-09-25,https://data.rbi.org.in/BOE/OpenDocument/opendoc/custom.jsp?iDocID=ARfEgy.WNSVIvFfvSIVmBCw&sIDType=CUID,Google Play Store,https://play.google.com/store/apps/details?id=com.ippopay.store,https://play.google.com/store/apps/details?id=com.ippopay.store,com.ippopay.store,1462,0
LightMoneyIN,Self owned (Light Microfinance Pvt Ltd),LIGHT MICRO FINANCE PRIVATE LIMITED,2026-09-25,https://data.rbi.org.in/BOE/OpenDocument/opendoc/custom.jsp?iDocID=ARfEgy.WNSVIvFfvSIVmBCw&sIDType=CUID,Google Play Store,https://play.google.com/store/apps/details?id=com.lmfcustomermobileapp,https://play.google.com/store/apps/details?id=com.lmfcustomermobileapp&pcampaignid=web_share,com.lmfcustomermobileapp,1463,0
Pay1 Merchant,Mindsarray Network Private Limited,LIGHT MICRO FINANCE PRIVATE LIMITED,2026-09-25,https://data.rbi.org.in/BOE/OpenDocument/opendoc/custom.jsp?iDocID=ARfEgy.WNSVIvFfvSIVmBCw&sIDType=CUID,Google Play Store,https://play.google.com/store/apps/details?id=com.mindsarray.pay1,https://play.google.com/store/apps/details?id=com.mindsarray.pay1,com.mindsarray.pay1,1464,0
Kosh Loan,Adhikosh Financial Advisory Private Limited,LIGHT MICRO FINANCE PRIVATE LIMITED,2026-09-25,https://data.rbi.org.in/BOE/OpenDocument/opendoc/custom.jsp?iDocID=ARfEgy.WNSVIvFfvSIVmBCw&sIDType=CUID,Google Play Store,https://play.google.com/store/apps/details?id=com.kosh,https://play.google.com/store/apps/details?id=com.kosh,com.kosh,1465,0
Lionlender-Loan App,Lionlender Finance Private Limited,LIONLENDER FINANCE PRIVATE LIMITED,2026-09-25,https://data.rbi.org.in/BOE/OpenDocument/opendoc/custom.jsp?iDocID=ARfEgy.WNSVIvFfvSIVmBCw&sIDType=CUID,Apple App Store,https://lionlender.in/,https://lionlender.in/,,1466,0
Lionlender-Loan App,Lionlender Finance Private Limited,LIONLENDER FINANCE PRIVATE LIMITED,2026-09-25,https://data.rbi.org.in/BOE/OpenDocument/opendoc/custom.jsp?iDocID=ARfEgy.WNSVIvFfvSIVmBCw&sIDType=CUID,Google Play Store,https://lionlender.in/,https://lionlender.in/,,1467,0
Jahtpat Cash,Loan2grow Fincap Private Limited,LOAN2GROW FINCAP PRIVATE LIMITED,2026-09-25,https://data.rbi.org.in/BOE/OpenDocument/opendoc/custom.jsp?iDocID=ARfEgy.WNSVIvFfvSIVmBCw&sIDType=CUID,Website,https://jhatpatcash.com/,https://jhatpatcash.com/,,1468,0
L2G One,Loan2grow Fincap Private Limited,LOAN2GROW FINCAP PRIVATE LIMITED,2026-09-25,https://data.rbi.org.in/BOE/OpenDocument/opendoc/custom.jsp?iDocID=ARfEgy.WNSVIvFfvSIVmBCw&sIDType=CUID,Google Play Store,https://play.google.com/store/apps/details?id=com.l2gfincap.app,https://play.google.com/store/apps/details?id=com.l2gfincap.app,com.l2gfincap.app,1469,0
Learnitya,Loan2grow Fincap Private Limited,LOAN2GROW FINCAP PRIVATE LIMITED,2026-09-25,https://data.rbi.org.in/BOE/OpenDocument/opendoc/custom.jsp?iDocID=ARfEgy.WNSVIvFfvSIVmBCw&sIDType=CUID,Website,https://www.learnitya.com,www.learnitya.com,,1470,0
Rupee Yatra,Loan2grow Fincap Private Limited,LOAN2GROW FINCAP PRIVATE LIMITED,2026-09-25,https://data.rbi.org.in/BOE/OpenDocument/opendoc/custom.jsp?iDocID=ARfEgy.WNSVIvFfvSIVmBCw&sIDType=CUID,Website,https://www.rupeeyatra.com,www.rupeeyatra.com,,1471,0
Loantap,LoanTap Financial Technologies Pvt. Ltd. (LSP on behalf of LoanTap Credit Products Pvt. Ltd. – NBFC),LOANTAP CREDIT PRODUCTS PRIVATE LIMITED,2026-09-25,https://data.rbi.org.in/BOE/OpenDocument/opendoc/custom.jsp?iDocID=ARfEgy.WNSVIvFfvSIVmBCw&sIDType=CUID,Apple App Store,https://apps.apple.com/in/app/loantap/id1461444558,https://apps.apple.com/in/app/loantap/id1461444558,,1472,0
Loantap,LoanTap Financial Technologies Pvt. Ltd. (LSP on behalf of LoanTap Credit Products Pvt. Ltd. – NBFC),LOANTAP CREDIT PRODUCTS PRIVATE LIMITED,2026-09-25,https://data.rbi.org.in/BOE/OpenDocument/opendoc/custom.jsp?iDocID=ARfEgy.WNSVIvFfvSIVmBCw&sIDType=CUID,Website,https://loantap.in/,https://loantap.in/,,1473,0
Loantap - Personal Loan App,LoanTap Financial Technologies Pvt. Ltd. (LSP on behalf of LoanTap Credit Products Pvt. Ltd. – NBFC),LOANTAP CREDIT PRODUCTS PRIVATE LIMITED,2026-09-25,https://data.rbi.org.in/BOE/OpenDocument/opendoc/custom.jsp?iDocID=ARfEgy.WNSVIvFfvSIVmBCw&sIDType=CUID,Google Play store,https://play.google.com/store/apps/details?id=in.loantap.app,https://play.google.com/store/apps/details?id=in.loantap.app,in.loantap.app,1474,0
LokSuvidha,Lok Suvidha Finance Limited,LOK SUVIDHA FINANCE LTD,2026-09-25,https://data.rbi.org.in/BOE/OpenDocument/opendoc/custom.jsp?iDocID=ARfEgy.WNSVIvFfvSIVmBCw&sIDType=CUID,Google Play Store,https://play.google.com/store/apps/details?id=com.loksuvidha.loksuvidhaconsumerapp,https://play.google.com/store/apps/details?id=com.loksuvidha.loksuvidhaconsumerapp,com.loksuvidha.loksuvidhaconsumerapp,1475,0
Finz fintech,Finz Fintech Private limited,"LORD KRISHNA FINANCIAL SERVICES LTD,",2026-09-25,https://data.rbi.org.in/BOE/OpenDocument/opendoc/custom.jsp?iDocID=ARfEgy.WNSVIvFfvSIVmBCw&sIDType=CUID,Website,https://finz.club,https://finz.club,,1476,0
i2i Funding,RNVP Technology Pvt Ltd,"LORD KRISHNA FINANCIAL SERVICES LTD,",2026-09-25,https://data.rbi.org.in/BOE/OpenDocument/opendoc/custom.jsp?iDocID=ARfEgy.WNSVIvFfvSIVmBCw&sIDType=CUID,Website,https://www.i2ifunding.com,https://www.i2ifunding.com,,1477,0
RupyMart,Rupymart Tech Private Limited,"LORD KRISHNA FINANCIAL SERVICES LTD,",2026-09-25,https://data.rbi.org.in/BOE/OpenDocument/opendoc/custom.jsp?iDocID=ARfEgy.WNSVIvFfvSIVmBCw&sIDType=CUID,Website,https://rupymart.com,https://rupymart.com,,1478,0
RupyNow,VARV Technology Private Limited,"LORD KRISHNA FINANCIAL SERVICES LTD,",2026-09-25,https://data.rbi.org.in/BOE/OpenDocument/opendoc/custom.jsp?iDocID=ARfEgy.WNSVIvFfvSIVmBCw&sIDType=CUID,Website,https://rupinow.com,https://rupinow.com,,1479,0
Equall,LTCV Credit Private Limited,LTCV CREDIT PRIVATE LIMITED,2026-09-25,https://data.rbi.org.in/BOE/OpenDocument/opendoc/custom.jsp?iDocID=ARfEgy.WNSVIvFfvSIVmBCw&sIDType=CUID,Website and Google Play Store,https://play.google.com/store/apps/details?id=in.co.equall,"""Google Play Store : https://play.google.com/store/apps/details?id=in.co.equall&hl=en Website : https://www.equall.co.in/""",in.co.equall,1480,0
Finance Buddha,Finbud Financial Services Limited,LTCV CREDIT PRIVATE LIMITED,2026-09-25,https://data.rbi.org.in/BOE/OpenDocument/opendoc/custom.jsp?iDocID=ARfEgy.WNSVIvFfvSIVmBCw&sIDType=CUID,Website,https://www.financebuddha.com/,https://www.financebuddha.com/,,1481,0
Airtel App,Xtelify Limited,L&T FINANCE LIMITED (FORMERLY L&T FINANCE HOLDINGS LIMITED),2026-09-25,https://data.rbi.org.in/BOE/OpenDocument/opendoc/custom.jsp?iDocID=ARfEgy.WNSVIvFfvSIVmBCw&sIDType=CUID,App Store,https://apps.apple.com/in/app/airtel-thanks-recharge-bank/id543184334,https://apps.apple.com/in/app/airtel-thanks-recharge-bank/id543184334,,1482,0
Airtel App,Xtelify Limited,L&T FINANCE LIMITED (FORMERLY L&T FINANCE HOLDINGS LIMITED),2026-09-25,https://data.rbi.org.in/BOE/OpenDocument/opendoc/custom.jsp?iDocID=ARfEgy.WNSVIvFfvSIVmBCw&sIDType=CUID,Play Store,https://play.google.com/store/apps/details?id=com.myairtelapp,https://play.google.com/store/apps/details?id=com.myairtelapp,com.myairtelapp,1483,0
Amazon,Amazon Finance India Private Limited,L&T FINANCE LIMITED (FORMERLY L&T FINANCE HOLDINGS LIMITED),2026-09-25,https://data.rbi.org.in/BOE/OpenDocument/opendoc/custom.jsp?iDocID=ARfEgy.WNSVIvFfvSIVmBCw&sIDType=CUID,App Store,https://apps.apple.com/in/app/amazon-india-shop-pay-minitv/id1478350915,https://apps.apple.com/in/app/amazon-india-shop-pay-minitv/id1478350915,,1484,0
Amazon,Amazon Finance India Private Limited,L&T FINANCE LIMITED (FORMERLY L&T FINANCE HOLDINGS LIMITED),2026-09-25,https://data.rbi.org.in/BOE/OpenDocument/opendoc/custom.jsp?iDocID=ARfEgy.WNSVIvFfvSIVmBCw&sIDType=CUID,Play Store,https://play.google.com/store/apps/details?id=in.amazon.mShop.android.shopping,https://play.google.com/store/apps/details?id=in.amazon.mShop.android.shopping,in.amazon.mShop.android.shopping,1485,0
Bajajfinservmarkets,Bajaj Finserv Direct Limited,L&T FINANCE LIMITED (FORMERLY L&T FINANCE HOLDINGS LIMITED),2026-09-25,https://data.rbi.org.in/BOE/OpenDocument/opendoc/custom.jsp?iDocID=ARfEgy.WNSVIvFfvSIVmBCw&sIDType=CUID,Website,https://www.bajajfinservmarkets.in/personal-loan,https://www.bajajfinservmarkets.in/personal-loan,,1486,0
Billcut,Billplan Fintech Private Limited,L&T FINANCE LIMITED (FORMERLY L&T FINANCE HOLDINGS LIMITED),2026-09-25,https://data.rbi.org.in/BOE/OpenDocument/opendoc/custom.jsp?iDocID=ARfEgy.WNSVIvFfvSIVmBCw&sIDType=CUID,Website,https://www.billcut.com/,https://www.billcut.com/,,1487,0
Cred,Dreamplug Technologies Private Limited,L&T FINANCE LIMITED (FORMERLY L&T FINANCE HOLDINGS LIMITED),2026-09-25,https://data.rbi.org.in/BOE/OpenDocument/opendoc/custom.jsp?iDocID=ARfEgy.WNSVIvFfvSIVmBCw&sIDType=CUID,App Store,https://apps.apple.com/in/app/cred-credit-cards-payments/id1428580080,https://apps.apple.com/in/app/cred-credit-cards-payments/id1428580080,,1488,0
Cred,Dreamplug Technologies Private Limited,L&T FINANCE LIMITED (FORMERLY L&T FINANCE HOLDINGS LIMITED),2026-09-25,https://data.rbi.org.in/BOE/OpenDocument/opendoc/custom.jsp?iDocID=ARfEgy.WNSVIvFfvSIVmBCw&sIDType=CUID,Play Store,https://play.google.com/store/apps/details?id=com.dreamplug.androidapp,https://play.google.com/store/apps/details?id=com.dreamplug.androidapp,com.dreamplug.androidapp,1489,0
CreditFit,CreditMantri Finserve Private Limited,L&T FINANCE LIMITED (FORMERLY L&T FINANCE HOLDINGS LIMITED),2026-09-25,https://data.rbi.org.in/BOE/OpenDocument/opendoc/custom.jsp?iDocID=ARfEgy.WNSVIvFfvSIVmBCw&sIDType=CUID,Play Store,https://play.google.com/store/apps/details?id=com.creditmantri,https://play.google.com/store/apps/details?id=com.creditmantri&hl=en_IN&pli=1,com.creditmantri,1490,0
CreditFit,CreditMantri Finserve Private Limited,L&T FINANCE LIMITED (FORMERLY L&T FINANCE HOLDINGS LIMITED),2026-09-25,https://data.rbi.org.in/BOE/OpenDocument/opendoc/custom.jsp?iDocID=ARfEgy.WNSVIvFfvSIVmBCw&sIDType=CUID,Website,https://www.creditmantri.com/,https://www.creditmantri.com/,,1491,0
Financebuddha,Finbud Financial Services Limited,L&T FINANCE LIMITED (FORMERLY L&T FINANCE HOLDINGS LIMITED),2026-09-25,https://data.rbi.org.in/BOE/OpenDocument/opendoc/custom.jsp?iDocID=ARfEgy.WNSVIvFfvSIVmBCw&sIDType=CUID,Website,https://www.financebuddha.com/,https://www.financebuddha.com/,,1492,0
Google Pay,Google India Digital Services Private Limited,L&T FINANCE LIMITED (FORMERLY L&T FINANCE HOLDINGS LIMITED),2026-09-25,https://data.rbi.org.in/BOE/OpenDocument/opendoc/custom.jsp?iDocID=ARfEgy.WNSVIvFfvSIVmBCw&sIDType=CUID,App Store,https://apps.apple.com/in/app/google-pay-save-pay-manage/id1193357041,https://apps.apple.com/in/app/google-pay-save-pay-manage/id1193357041,,1493,0
Google Pay,Google India Digital Services Private Limited,L&T FINANCE LIMITED (FORMERLY L&T FINANCE HOLDINGS LIMITED),2026-09-25,https://data.rbi.org.in/BOE/OpenDocument/opendoc/custom.jsp?iDocID=ARfEgy.WNSVIvFfvSIVmBCw&sIDType=CUID,Play Store,https://play.google.com/store/apps/details?id=com.google.android.apps.nbu.paisa.user,https://play.google.com/store/apps/details?id=com.google.android.apps.nbu.paisa.user&hl=en_IN,com.google.android.apps.nbu.paisa.user,1494,0
IndiaLends,GC Web Ventures Private Limited,L&T FINANCE LIMITED (FORMERLY L&T FINANCE HOLDINGS LIMITED),2026-09-25,https://data.rbi.org.in/BOE/OpenDocument/opendoc/custom.jsp?iDocID=ARfEgy.WNSVIvFfvSIVmBCw&sIDType=CUID,Play Store,https://play.google.com/store/apps/details?id=com.indialends.android,https://play.google.com/store/apps/details?id=com.indialends.android&hl=en_IN,com.indialends.android,1495,0
IndiaLends,GC Web Ventures Private Limited,L&T FINANCE LIMITED (FORMERLY L&T FINANCE HOLDINGS LIMITED),2026-09-25,https://data.rbi.org.in/BOE/OpenDocument/opendoc/custom.jsp?iDocID=ARfEgy.WNSVIvFfvSIVmBCw&sIDType=CUID,Website,https://indialends.com/personal-loan,https://indialends.com/personal-loan,,1496,0
IndiaLends - Instant Loan App,GC Web Ventures Private Limited,L&T FINANCE LIMITED (FORMERLY L&T FINANCE HOLDINGS LIMITED),2026-09-25,https://data.rbi.org.in/BOE/OpenDocument/opendoc/custom.jsp?iDocID=ARfEgy.WNSVIvFfvSIVmBCw&sIDType=CUID,App Store,https://apps.apple.com/us/app/indialends-instant-loan-app/id1163514601,https://apps.apple.com/us/app/indialends-instant-loan-app/id1163514601,,1497,0
INDmoney,Finzoomers Services Private Limited,L&T FINANCE LIMITED (FORMERLY L&T FINANCE HOLDINGS LIMITED),2026-09-25,https://data.rbi.org.in/BOE/OpenDocument/opendoc/custom.jsp?iDocID=ARfEgy.WNSVIvFfvSIVmBCw&sIDType=CUID,App Store,https://apps.apple.com/in/app/indmoney-indian-us-stocks/id1450178837,https://apps.apple.com/in/app/indmoney-indian-us-stocks/id1450178837,,1498,0
INDmoney,Finzoomers Services Private Limited,L&T FINANCE LIMITED (FORMERLY L&T FINANCE HOLDINGS LIMITED),2026-09-25,https://data.rbi.org.in/BOE/OpenDocument/opendoc/custom.jsp?iDocID=ARfEgy.WNSVIvFfvSIVmBCw&sIDType=CUID,Play Store,https://play.google.com/store/apps/details?id=in.indwealth,https://play.google.com/store/apps/details?id=in.indwealth&hl=en_IN,in.indwealth,1499,0
INDmoney,Finzoomers Services Private Limited,L&T FINANCE LIMITED (FORMERLY L&T FINANCE HOLDINGS LIMITED),2026-09-25,https://data.rbi.org.in/BOE/OpenDocument/opendoc/custom.jsp?iDocID=ARfEgy.WNSVIvFfvSIVmBCw&sIDType=CUID,Website,https://www.indmoney.com/,https://www.indmoney.com/,,1500,0
L&T Finance - Personal Loans,L&T Finance Limited,L&T FINANCE LIMITED (FORMERLY L&T FINANCE HOLDINGS LIMITED),2026-09-25,https://data.rbi.org.in/BOE/OpenDocument/opendoc/custom.jsp?iDocID=ARfEgy.WNSVIvFfvSIVmBCw&sIDType=CUID,Website,https://www.ltfinance.com/personal-loan,https://www.ltfinance.com/personal-loan,,1501,0
L&T Finance PLANET  (Servicing app and redirection to Personal Loan web journey),L&T Finance Limited,L&T FINANCE LIMITED (FORMERLY L&T FINANCE HOLDINGS LIMITED),2026-09-25,https://data.rbi.org.in/BOE/OpenDocument/opendoc/custom.jsp?iDocID=ARfEgy.WNSVIvFfvSIVmBCw&sIDType=CUID,App Store,https://apps.apple.com/in/app/l-t-finance-planet-loan-app/id1612832519,https://apps.apple.com/in/app/l-t-finance-planet-loan-app/id1612832519,,1502,0
L&T Finance PLANET  (Servicing app and redirection to Personal Loan web journey),L&T Finance Limited,L&T FINANCE LIMITED (FORMERLY L&T FINANCE HOLDINGS LIMITED),2026-09-25,https://data.rbi.org.in/BOE/OpenDocument/opendoc/custom.jsp?iDocID=ARfEgy.WNSVIvFfvSIVmBCw&sIDType=CUID,Play Store,https://play.google.com/store/apps/details?id=com.ltfs.d2c,https://play.google.com/store/apps/details?id=com.ltfs.d2c,com.ltfs.d2c,1503,0
MobiKwik,One MobiKwik Systems Limited,L&T FINANCE LIMITED (FORMERLY L&T FINANCE HOLDINGS LIMITED),2026-09-25,https://data.rbi.org.in/BOE/OpenDocument/opendoc/custom.jsp?iDocID=ARfEgy.WNSVIvFfvSIVmBCw&sIDType=CUID,App Store,https://apps.apple.com/in/app/mobikwik-bhim-upi-wallet/id600002523,https://apps.apple.com/in/app/mobikwik-bhim-upi-wallet/id600002523,,1504,0
MobiKwik,One MobiKwik Systems Limited,L&T FINANCE LIMITED (FORMERLY L&T FINANCE HOLDINGS LIMITED),2026-09-25,https://data.rbi.org.in/BOE/OpenDocument/opendoc/custom.jsp?iDocID=ARfEgy.WNSVIvFfvSIVmBCw&sIDType=CUID,Play Store,https://play.google.com/store/apps/details?id=com.mobikwik_new,https://play.google.com/store/apps/details?id=com.mobikwik_new&hl=en_IN&gl=IN&pli=1,com.mobikwik_new,1505,0
Moneycontrol - Markets & News,Moneycontrol Dot Com India Limited,L&T FINANCE LIMITED (FORMERLY L&T FINANCE HOLDINGS LIMITED),2026-09-25,https://data.rbi.org.in/BOE/OpenDocument/opendoc/custom.jsp?iDocID=ARfEgy.WNSVIvFfvSIVmBCw&sIDType=CUID,App Store,https://apps.apple.com/in/app/moneycontrol-markets-news/id408654600,https://apps.apple.com/in/app/moneycontrol-markets-news/id408654600,,1506,0
Moneycontrolpay,Moneycontrol Dot Com India Limited,L&T FINANCE LIMITED (FORMERLY L&T FINANCE HOLDINGS LIMITED),2026-09-25,https://data.rbi.org.in/BOE/OpenDocument/opendoc/custom.jsp?iDocID=ARfEgy.WNSVIvFfvSIVmBCw&sIDType=CUID,Website,https://www.moneycontrolpay.com/,https://www.moneycontrolpay.com/,,1507,0
Moneycontrol-Share Market News,Moneycontrol Dot Com India Limited,L&T FINANCE LIMITED (FORMERLY L&T FINANCE HOLDINGS LIMITED),2026-09-25,https://data.rbi.org.in/BOE/OpenDocument/opendoc/custom.jsp?iDocID=ARfEgy.WNSVIvFfvSIVmBCw&sIDType=CUID,Play Store,https://play.google.com/store/apps/details?id=com.divum.MoneyControl,https://play.google.com/store/apps/details?id=com.divum.MoneyControl&hl=en_IN,com.divum.MoneyControl,1508,0
MyMoneyMantra,MyMoneyMantra Fintech Private Limited,L&T FINANCE LIMITED (FORMERLY L&T FINANCE HOLDINGS LIMITED),2026-09-25,https://data.rbi.org.in/BOE/OpenDocument/opendoc/custom.jsp?iDocID=ARfEgy.WNSVIvFfvSIVmBCw&sIDType=CUID,Play Store,https://play.google.com/store/apps/details?id=com.mymoneymantra.customer.app,https://play.google.com/store/apps/details?id=com.mymoneymantra.customer.app&hl=en_IN,com.mymoneymantra.customer.app,1509,0
MyMoneyMantra,MyMoneyMantra Fintech Private Limited,L&T FINANCE LIMITED (FORMERLY L&T FINANCE HOLDINGS LIMITED),2026-09-25,https://data.rbi.org.in/BOE/OpenDocument/opendoc/custom.jsp?iDocID=ARfEgy.WNSVIvFfvSIVmBCw&sIDType=CUID,Website,https://www.mymoneymantra.com/personal-loans,https://www.mymoneymantra.com/personal-loans,,1510,0
MyMoneyMantra: Loans & Cards,MyMoneyMantra Fintech Private Limited,L&T FINANCE LIMITED (FORMERLY L&T FINANCE HOLDINGS LIMITED),2026-09-25,https://data.rbi.org.in/BOE/OpenDocument/opendoc/custom.jsp?iDocID=ARfEgy.WNSVIvFfvSIVmBCw&sIDType=CUID,App Store,https://apps.apple.com/in/app/mymoneymantra-loans-cards/id1568452714,https://apps.apple.com/in/app/mymoneymantra-loans-cards/id1568452714,,1511,0
Paisa Bazaar,Paisabazaar Marketing and Consulting Private Limited,L&T FINANCE LIMITED (FORMERLY L&T FINANCE HOLDINGS LIMITED),2026-09-25,https://data.rbi.org.in/BOE/OpenDocument/opendoc/custom.jsp?iDocID=ARfEgy.WNSVIvFfvSIVmBCw&sIDType=CUID,Play Store,https://play.google.com/store/apps/details?id=com.paisabazaar,https://play.google.com/store/apps/details?id=com.paisabazaar&hl=en_IN,com.paisabazaar,1512,0
Paisa Bazaar,Paisabazaar Marketing and Consulting Private Limited,L&T FINANCE LIMITED (FORMERLY L&T FINANCE HOLDINGS LIMITED),2026-09-25,https://data.rbi.org.in/BOE/OpenDocument/opendoc/custom.jsp?iDocID=ARfEgy.WNSVIvFfvSIVmBCw&sIDType=CUID,Website,https://www.paisabazaar.com/personal-loan/,https://www.paisabazaar.com/personal-loan/,,1513,0
Paisabazaar.com,Paisabazaar Marketing and Consulting Private Limited,L&T FINANCE LIMITED (FORMERLY L&T FINANCE HOLDINGS LIMITED),2026-09-25,https://data.rbi.org.in/BOE/OpenDocument/opendoc/custom.jsp?iDocID=ARfEgy.WNSVIvFfvSIVmBCw&sIDType=CUID,App Store,https://apps.apple.com/in/app/paisabazaar-com-loans-cards/id1029403201,https://apps.apple.com/in/app/paisabazaar-com-loans-cards/id1029403201,,1514,0
Phonepe,PhonePe Lending Services Private Limited,L&T FINANCE LIMITED (FORMERLY L&T FINANCE HOLDINGS LIMITED),2026-09-25,https://data.rbi.org.in/BOE/OpenDocument/opendoc/custom.jsp?iDocID=ARfEgy.WNSVIvFfvSIVmBCw&sIDType=CUID,Apple App Store,https://apps.apple.com/in/app/phonepe-secure-payments-app/id1170055821,https://apps.apple.com/in/app/phonepe-secure-payments-app/id1170055821,,1515,0
Phonepe,PhonePe Lending Services Private Limited,L&T FINANCE LIMITED (FORMERLY L&T FINANCE HOLDINGS LIMITED),2026-09-25,https://data.rbi.org.in/BOE/OpenDocument/opendoc/custom.jsp?iDocID=ARfEgy.WNSVIvFfvSIVmBCw&sIDType=CUID,Google Play Store,https://play.google.com/store/apps/details?id=com.phonepe.app,https://play.google.com/store/apps/details?id=com.phonepe.app&hl=en_IN&pli=1,com.phonepe.app,1516,0
Phonepe,PhonePe Lending Services Private Limited,L&T FINANCE LIMITED (FORMERLY L&T FINANCE HOLDINGS LIMITED),2026-09-25,https://data.rbi.org.in/BOE/OpenDocument/opendoc/custom.jsp?iDocID=ARfEgy.WNSVIvFfvSIVmBCw&sIDType=CUID,Indus App Store,https://play.google.com/store/apps/details?id=com.phonepe.app,https://www.indusappstore.com/apps/finance/phonepe/com.phonepe.app/?page=details&id=com.phonepe.app,com.phonepe.app,1517,0
Super Money,Scapic Innovations Private Limited,L&T FINANCE LIMITED (FORMERLY L&T FINANCE HOLDINGS LIMITED),2026-09-25,https://data.rbi.org.in/BOE/OpenDocument/opendoc/custom.jsp?iDocID=ARfEgy.WNSVIvFfvSIVmBCw&sIDType=CUID,Website,https://www.flipkart.com/sumo-3p/pl/pages/journey?utm_source=External_Marketing&utm_campaign=LTFS,https://www.flipkart.com/sumo-3p/pl/pages/journey?utm_source=External_Marketing&utm_campaign=LTFS,,1518,0
Upswing,Upswing Financial Technologies Private Limited,L&T FINANCE LIMITED (FORMERLY L&T FINANCE HOLDINGS LIMITED),2026-09-25,https://data.rbi.org.in/BOE/OpenDocument/opendoc/custom.jsp?iDocID=ARfEgy.WNSVIvFfvSIVmBCw&sIDType=CUID,Website,https://www.upswing.one/,https://www.upswing.one/,,1519,0
Urban Money Partner,Urban Money Private Limited,L&T FINANCE LIMITED (FORMERLY L&T FINANCE HOLDINGS LIMITED),2026-09-25,https://data.rbi.org.in/BOE/OpenDocument/opendoc/custom.jsp?iDocID=ARfEgy.WNSVIvFfvSIVmBCw&sIDType=CUID,Website,https://www.urbanmoney.com/become-a-partner,https://www.urbanmoney.com/become-a-partner,,1520,0
MudraFast Cash-Personal Loan,Self-owned,LUCKY HOLDINGS  PVT.  LTD.,2026-09-25,https://data.rbi.org.in/BOE/OpenDocument/opendoc/custom.jsp?iDocID=ARfEgy.WNSVIvFfvSIVmBCw&sIDType=CUID,Google Play Store,https://www.lucky-hold.com,https://www.lucky-hold.com,,1521,0
ShubhLoan-Personal Loan App,Self-owned,LUCKY HOLDINGS  PVT.  LTD.,2026-09-25,https://data.rbi.org.in/BOE/OpenDocument/opendoc/custom.jsp?iDocID=ARfEgy.WNSVIvFfvSIVmBCw&sIDType=CUID,Google Play Store,https://play.google.com/store/apps/details?id=com.shubewzgty.werbfys.rtuca,https://play.google.com/store/apps/details?id=com.shubewzgty.werbfys.rtuca,com.shubewzgty.werbfys.rtuca,1522,0
VegaCash: Personal Loan,Self-owned,LUCKY HOLDINGS  PVT.  LTD.,2026-09-25,https://data.rbi.org.in/BOE/OpenDocument/opendoc/custom.jsp?iDocID=ARfEgy.WNSVIvFfvSIVmBCw&sIDType=CUID,Google Play Store,https://play.google.com/store/apps/details?id=com.vegacash.erscsa.czzditwad,https://play.google.com/store/apps/details?id=com.vegacash.erscsa.czzditwad,com.vegacash.erscsa.czzditwad,1523,0
ezee,ezee.ai(EPIKInDiFi software & solutions private limited. Digital Lending Technology Provider,LULU FINANCIAL SERVICES (INDIA) PRIVATE LIMITED,2026-09-25,https://data.rbi.org.in/BOE/OpenDocument/opendoc/custom.jsp?iDocID=ARfEgy.WNSVIvFfvSIVmBCw&sIDType=CUID,Not available,https://lulufinserv-lend.ezeefin.in,https://lulufinserv-lend.ezeefin.in,,1524,0
Lenditt,Lenditt Innovations & Technologies Pvt. Ltd,MADHUR INSTALMENTS PRIVATE LIMITED,2026-09-25,https://data.rbi.org.in/BOE/OpenDocument/opendoc/custom.jsp?iDocID=ARfEgy.WNSVIvFfvSIVmBCw&sIDType=CUID,Apple App Store,https://apps.apple.com/in/app/lenditt-personal-loan-app/id1577363656,https://apps.apple.com/in/app/lenditt-personal-loan-app/id1577363656,,1525,0
Lenditt,Lenditt Innovations & Technologies Pvt. Ltd,MADHUR INSTALMENTS PRIVATE LIMITED,2026-09-25,https://data.rbi.org.in/BOE/OpenDocument/opendoc/custom.jsp?iDocID=ARfEgy.WNSVIvFfvSIVmBCw&sIDType=CUID,Google Play Store,https://play.google.com/store/apps/details?id=com.fintech.lenditt,https://play.google.com/store/apps/details?id=com.fintech.lenditt&hl=en_IN,com.fintech.lenditt,1526,0
Credit Mines,Self Owned,MAHAN INDUSTRIES LIMITED,2026-09-25,https://data.rbi.org.in/BOE/OpenDocument/opendoc/custom.jsp?iDocID=ARfEgy.WNSVIvFfvSIVmBCw&sIDType=CUID,Google Play Store,https://play.google.com/store/apps/details?id=com.creditmines,https://play.google.com/store/apps/details?id=com.creditmines&pcampaignid=web_share,com.creditmines,1527,0
Credit Mines,Self Owned,MAHAN INDUSTRIES LIMITED,2026-09-25,https://data.rbi.org.in/BOE/OpenDocument/opendoc/custom.jsp?iDocID=ARfEgy.WNSVIvFfvSIVmBCw&sIDType=CUID,Website,https://creditmines.com/,https://creditmines.com/,,1528,0
Sabka Loan,MAHASHAKTI FINANCIERS LTD,MAHASHAKTI FINANCIERS LTD,2026-09-25,https://data.rbi.org.in/BOE/OpenDocument/opendoc/custom.jsp?iDocID=ARfEgy.WNSVIvFfvSIVmBCw&sIDType=CUID,"Available on Play Store, App Store and Website",https://www.sabkaloan.com/,https://www.sabkaloan.com/,,1529,0
MAHAUTKARSH SECURITIES & FINANCE PVT. LTD,Roopya Technologies Pvt. Ltd.,MAHAUTKARSH SECURITIES & FINANCE PVT. LTD,2026-09-25,https://data.rbi.org.in/BOE/OpenDocument/opendoc/custom.jsp?iDocID=ARfEgy.WNSVIvFfvSIVmBCw&sIDType=CUID,Website,https://kishtope.roopya.money/customer/personal_loan/a102c2979ef7039791d2f71ea3a0027537b8259092009f9d731bd22d77e8e55b/3c22939925bcfdb9fcf21a95c6f39a82eb38c67dbbeceb06f61065508f1b667c,https://kishtope.roopya.money/customer/personal_loan/a102c2979ef7039791d2f71ea3a0027537b8259092009f9d731bd22d77e8e55b/3c22939925bcfdb9fcf21a95c6f39a82eb38c67dbbeceb06f61065508f1b667c,,1530,0
MAHAUTKARSH SECURITIES & FINANCE PVT. LTD,self Owned,MAHAUTKARSH SECURITIES & FINANCE PVT. LTD,2026-09-25,https://data.rbi.org.in/BOE/OpenDocument/opendoc/custom.jsp?iDocID=ARfEgy.WNSVIvFfvSIVmBCw&sIDType=CUID,Google Playstore,https://kishtope.com/apply-loan,https://kishtope.com/apply-loan,,1531,0
Credit4Sure Pro,Self-owned,MAHAVIRA FINLEASE LIMITED,2026-09-25,https://data.rbi.org.in/BOE/OpenDocument/opendoc/custom.jsp?iDocID=ARfEgy.WNSVIvFfvSIVmBCw&sIDType=CUID,"Playstore, AppStore, Website",https://play.google.com/store/search?q=Credit4Sure&c=apps&hl=en_IN,https://play.google.com/store/search?q=Credit4Sure&c=apps&hl=en_IN,,1532,0
PlanMate Loan EMI Calculator,Self-owned,MAHAVIRA FINLEASE LIMITED,2026-09-25,https://data.rbi.org.in/BOE/OpenDocument/opendoc/custom.jsp?iDocID=ARfEgy.WNSVIvFfvSIVmBCw&sIDType=CUID,Playstore,https://play.google.com/store/apps/details?id=com.planmate.calc,https://play.google.com/store/apps/details?id=com.planmate.calc&hl=en_IN,com.planmate.calc,1533,0
Customer Portal,Self-Owned,MAHINDRA & MAHINDRA FINANCIAL SERVICES LTD,2026-09-25,https://data.rbi.org.in/BOE/OpenDocument/opendoc/custom.jsp?iDocID=ARfEgy.WNSVIvFfvSIVmBCw&sIDType=CUID,Website,https://customer.mahindrafinance.com/,https://customer.mahindrafinance.com/,,1534,0
Mahindra Finance,Self-Owned,MAHINDRA & MAHINDRA FINANCIAL SERVICES LTD,2026-09-25,https://data.rbi.org.in/BOE/OpenDocument/opendoc/custom.jsp?iDocID=ARfEgy.WNSVIvFfvSIVmBCw&sIDType=CUID,Apple Store,https://apps.apple.com/in/app/mahindra-finance/id1460356152,https://apps.apple.com/in/app/mahindra-finance/id1460356152,,1535,0
Mahindra Finance: Loans & FD,Self-Owned,MAHINDRA & MAHINDRA FINANCIAL SERVICES LTD,2026-09-25,https://data.rbi.org.in/BOE/OpenDocument/opendoc/custom.jsp?iDocID=ARfEgy.WNSVIvFfvSIVmBCw&sIDType=CUID,Google Play store,https://play.google.com/store/apps/details?id=com.mf.app,https://play.google.com/store/apps/details?id=com.mf.app&hl=en_IN,com.mf.app,1536,0
Personal Loan,Self-Owned,MAHINDRA & MAHINDRA FINANCIAL SERVICES LTD,2026-09-25,https://data.rbi.org.in/BOE/OpenDocument/opendoc/custom.jsp?iDocID=ARfEgy.WNSVIvFfvSIVmBCw&sIDType=CUID,Weblink,https://mahindrapl.sodelsolutions.com/salpl_login,https://mahindrapl.sodelsolutions.com/salpl_login,,1537,0
Personal Loan,Self-Owned,MAHINDRA & MAHINDRA FINANCIAL SERVICES LTD,2026-09-25,https://data.rbi.org.in/BOE/OpenDocument/opendoc/custom.jsp?iDocID=ARfEgy.WNSVIvFfvSIVmBCw&sIDType=CUID,Weblink,https://personalloan.mahindrafinance.com/j2/login,https://personalloan.mahindrafinance.com/j2/login,,1538,0
Personal Loan,Self-Owned,MAHINDRA & MAHINDRA FINANCIAL SERVICES LTD,2026-09-25,https://data.rbi.org.in/BOE/OpenDocument/opendoc/custom.jsp?iDocID=ARfEgy.WNSVIvFfvSIVmBCw&sIDType=CUID,Weblink,https://personalloan.mahindrafinance.com/j3/epl_login,https://personalloan.mahindrafinance.com/j3/epl_login,,1539,0
Personal Loan,Self-Owned,MAHINDRA & MAHINDRA FINANCIAL SERVICES LTD,2026-09-25,https://data.rbi.org.in/BOE/OpenDocument/opendoc/custom.jsp?iDocID=ARfEgy.WNSVIvFfvSIVmBCw&sIDType=CUID,Weblink,https://suvidha.mahindrafinance.com/home/secured/authenticate,https://suvidha.mahindrafinance.com/home/secured/authenticate,,1540,0
1,Self Owned,MANAPPURAM FINANCE LIMITED,2026-09-25,https://data.rbi.org.in/BOE/OpenDocument/opendoc/custom.jsp?iDocID=ARfEgy.WNSVIvFfvSIVmBCw&sIDType=CUID,Google Play Store,https://play.google.com/store/apps/details?id=com.manappuram.ogl,https://play.google.com/store/apps/details?id=com.manappuram.ogl,com.manappuram.ogl,1541,0
2,Self Owned,MANAPPURAM FINANCE LIMITED,2026-09-25,https://data.rbi.org.in/BOE/OpenDocument/opendoc/custom.jsp?iDocID=ARfEgy.WNSVIvFfvSIVmBCw&sIDType=CUID,Google Play Store,https://play.google.com/store/apps/details?id=com.mgc.og,https://play.google.com/store/apps/details?id=com.mgc.og,com.mgc.og,1542,0
3,Self Owned,MANAPPURAM FINANCE LIMITED,2026-09-25,https://data.rbi.org.in/BOE/OpenDocument/opendoc/custom.jsp?iDocID=ARfEgy.WNSVIvFfvSIVmBCw&sIDType=CUID,Google Play Store,https://play.google.com/store/apps/details?id=com.interstellarz.personalloanapp,https://play.google.com/store/apps/details?id=com.interstellarz.personalloanapp,com.interstellarz.personalloanapp,1543,0
4,Self Owned,MANAPPURAM FINANCE LIMITED,2026-09-25,https://data.rbi.org.in/BOE/OpenDocument/opendoc/custom.jsp?iDocID=ARfEgy.WNSVIvFfvSIVmBCw&sIDType=CUID,IOS App Store,https://apps.apple.com/in/app/ogl-main/id6463603398,https://apps.apple.com/in/app/ogl-main/id6463603398,,1544,0
5,Self Owned,MANAPPURAM FINANCE LIMITED,2026-09-25,https://data.rbi.org.in/BOE/OpenDocument/opendoc/custom.jsp?iDocID=ARfEgy.WNSVIvFfvSIVmBCw&sIDType=CUID,IOS App Store,https://apps.apple.com/in/app/manappuram-ogl-lite/id1459343168,https://apps.apple.com/in/app/manappuram-ogl-lite/id1459343168,,1545,0
MCFL Loans,Self-owned,MANGAL CREDIT AND FINCORP LIMITED,2026-09-25,https://data.rbi.org.in/BOE/OpenDocument/opendoc/custom.jsp?iDocID=ARfEgy.WNSVIvFfvSIVmBCw&sIDType=CUID,Google Play store,https://play.google.com/store/apps/details?id=com.mangalgoldloan,https://play.google.com/store/apps/details?id=com.mangalgoldloan,com.mangalgoldloan,1546,0
Manipal Fincap - Loan App,Self Owned,MANIPAL FINCAP PRIVATE LIMITED (EARLIER KNOWN AS SIMPLEPAY FINANCE PRIVATE LIMITED),2026-09-25,https://data.rbi.org.in/BOE/OpenDocument/opendoc/custom.jsp?iDocID=ARfEgy.WNSVIvFfvSIVmBCw&sIDType=CUID,New App/ NA^,NA,NA,,1547,0
Quikkred Connect,FLUXUSFORGE (Self-owned)),MAPLE MERCANTILE PVT LTD,2026-09-25,https://data.rbi.org.in/BOE/OpenDocument/opendoc/custom.jsp?iDocID=ARfEgy.WNSVIvFfvSIVmBCw&sIDType=CUID,Play Store (Quikkred Connect)),https://play.google.com/store/apps/details?id=com.b2bapp.app,https://play.google.com/store/apps/details?id=com.b2bapp.app,com.b2bapp.app,1548,0
?Eduvanz – Quick Education Loan,Eduvanz Financing Privat Limited,MAS FINANCIAL SERVICES LIMITED,2026-09-25,https://data.rbi.org.in/BOE/OpenDocument/opendoc/custom.jsp?iDocID=ARfEgy.WNSVIvFfvSIVmBCw&sIDType=CUID,Play Store,https://play.google.com/store/apps/details?id=com.eduvanzapplication,https://play.google.com/store/apps/details?id=com.eduvanzapplication,com.eduvanzapplication,1549,0
?Eduvanz – Quick Education Loan,Eduvanz Financing Privat Limited,MAS FINANCIAL SERVICES LIMITED,2026-09-25,https://data.rbi.org.in/BOE/OpenDocument/opendoc/custom.jsp?iDocID=ARfEgy.WNSVIvFfvSIVmBCw&sIDType=CUID,Website,https://eduvanz.com/login,https://eduvanz.com/login,,1550,0
Loantap - Personal Loan App & Ltcash,Loantap Credit product private Limited,MAS FINANCIAL SERVICES LIMITED,2026-09-25,https://data.rbi.org.in/BOE/OpenDocument/opendoc/custom.jsp?iDocID=ARfEgy.WNSVIvFfvSIVmBCw&sIDType=CUID,App,https://loantap.in/download-app/,https://loantap.in/download-app/,,1551,0
Loantap - Personal Loan App & Ltcash,Loantap Credit product private Limited,MAS FINANCIAL SERVICES LIMITED,2026-09-25,https://data.rbi.org.in/BOE/OpenDocument/opendoc/custom.jsp?iDocID=ARfEgy.WNSVIvFfvSIVmBCw&sIDType=CUID,Apple Store,https://apps.apple.com/in/app/loantap/id1461444558,https://apps.apple.com/in/app/loantap/id1461444558,,1552,0
Loantap - Personal Loan App & Ltcash,Loantap Credit product private Limited,MAS FINANCIAL SERVICES LIMITED,2026-09-25,https://data.rbi.org.in/BOE/OpenDocument/opendoc/custom.jsp?iDocID=ARfEgy.WNSVIvFfvSIVmBCw&sIDType=CUID,Website,https://loantap.in/partner-web/login/,https://loantap.in/partner-web/login/,,1553,0
Kreditbee,Finnovation Tech Solutions Private Limited,MAS FINANCIAL SERVICES LIMITED,2026-09-25,https://data.rbi.org.in/BOE/OpenDocument/opendoc/custom.jsp?iDocID=ARfEgy.WNSVIvFfvSIVmBCw&sIDType=CUID,App,https://apps.apple.com/in/app/easy-personal-loan-kreditbee/id1488736283,https://apps.apple.com/in/app/easy-personal-loan-kreditbee/id1488736283,,1554,0
Kreditbee,Finnovation Tech Solutions Private Limited,MAS FINANCIAL SERVICES LIMITED,2026-09-25,https://data.rbi.org.in/BOE/OpenDocument/opendoc/custom.jsp?iDocID=ARfEgy.WNSVIvFfvSIVmBCw&sIDType=CUID,App,https://apps.samsung.com/appquery/appDetail.as?appId=com.kreditbee.android,https://apps.samsung.com/appquery/appDetail.as?appId=com.kreditbee.android,,1555,0
Kreditbee,Finnovation Tech Solutions Private Limited,MAS FINANCIAL SERVICES LIMITED,2026-09-25,https://data.rbi.org.in/BOE/OpenDocument/opendoc/custom.jsp?iDocID=ARfEgy.WNSVIvFfvSIVmBCw&sIDType=CUID,App,https://play.google.com/store/apps/details?id=com.kreditbee.android,https://global.app.mi.com/details?lo=IN&la=en_US&id=com.kreditbee.android,com.kreditbee.android,1556,0
Kreditbee,Finnovation Tech Solutions Private Limited,MAS FINANCIAL SERVICES LIMITED,2026-09-25,https://data.rbi.org.in/BOE/OpenDocument/opendoc/custom.jsp?iDocID=ARfEgy.WNSVIvFfvSIVmBCw&sIDType=CUID,App,https://indusapp.store/9ip3i05q,https://indusapp.store/9ip3i05q,,1557,0
Kreditbee,Finnovation Tech Solutions Private Limited,MAS FINANCIAL SERVICES LIMITED,2026-09-25,https://data.rbi.org.in/BOE/OpenDocument/opendoc/custom.jsp?iDocID=ARfEgy.WNSVIvFfvSIVmBCw&sIDType=CUID,App,https://play.google.com/store/apps/details?id=com.kreditbee.android,https://play.google.com/store/apps/details?id=com.kreditbee.android,com.kreditbee.android,1558,0
Kreditbee,Finnovation Tech Solutions Private Limited,MAS FINANCIAL SERVICES LIMITED,2026-09-25,https://data.rbi.org.in/BOE/OpenDocument/opendoc/custom.jsp?iDocID=ARfEgy.WNSVIvFfvSIVmBCw&sIDType=CUID,App,oaps://mk/dt?pkg=com.kreditbee.android&style=1,oaps://mk/dt?pkg=com.kreditbee.android&style=1,,1559,0
Kreditbee,Finnovation Tech Solutions Private Limited,MAS FINANCIAL SERVICES LIMITED,2026-09-25,https://data.rbi.org.in/BOE/OpenDocument/opendoc/custom.jsp?iDocID=ARfEgy.WNSVIvFfvSIVmBCw&sIDType=CUID,App,https://play.google.com/store/apps/details?id=com.kreditbee.android,vivomarket://details?id=com.kreditbee.android,com.kreditbee.android,1560,0
Kreditbee,Finnovation Tech Solutions Private Limited,MAS FINANCIAL SERVICES LIMITED,2026-09-25,https://data.rbi.org.in/BOE/OpenDocument/opendoc/custom.jsp?iDocID=ARfEgy.WNSVIvFfvSIVmBCw&sIDType=CUID,Website,https://www.kreditbee.in/,https://www.kreditbee.in/,,1561,0
Kissht,OnEMI Technology Solutions Limited,MAS FINANCIAL SERVICES LIMITED,2026-09-25,https://data.rbi.org.in/BOE/OpenDocument/opendoc/custom.jsp?iDocID=ARfEgy.WNSVIvFfvSIVmBCw&sIDType=CUID,Play Store,https://play.google.com/store/apps/details?id=com.fastbanking,https://play.google.com/store/apps/details?id=com.fastbanking&hl=en,com.fastbanking,1562,0
Kissht IOS,OnEMI Technology Solutions Limited,MAS FINANCIAL SERVICES LIMITED,2026-09-25,https://data.rbi.org.in/BOE/OpenDocument/opendoc/custom.jsp?iDocID=ARfEgy.WNSVIvFfvSIVmBCw&sIDType=CUID,App store,https://apps.apple.com/in/app/kissht-personal-loan-app/id6752766331,https://apps.apple.com/in/app/kissht-personal-loan-app/id6752766331,,1563,0
Ring,OnEMI Technology Solutions Limited,MAS FINANCIAL SERVICES LIMITED,2026-09-25,https://data.rbi.org.in/BOE/OpenDocument/opendoc/custom.jsp?iDocID=ARfEgy.WNSVIvFfvSIVmBCw&sIDType=CUID,Play Store,https://play.google.com/store/apps/details?id=com.ideopay.user,https://play.google.com/store/apps/details?id=com.ideopay.user,com.ideopay.user,1564,0
Unnatti,Unnatti Finserv Private Limited,MAS FINANCIAL SERVICES LIMITED,2026-09-25,https://data.rbi.org.in/BOE/OpenDocument/opendoc/custom.jsp?iDocID=ARfEgy.WNSVIvFfvSIVmBCw&sIDType=CUID,Play Store,https://play.google.com/store/apps/details?id=com.uinvestment.app.unnatii,https://play.google.com/store/apps/details?id=com.uinvestment.app.unnatii,com.uinvestment.app.unnatii,1565,0
Moneyview,Moneyview Limited,MAS FINANCIAL SERVICES LIMITED,2026-09-25,https://data.rbi.org.in/BOE/OpenDocument/opendoc/custom.jsp?iDocID=ARfEgy.WNSVIvFfvSIVmBCw&sIDType=CUID,Apple Store,https://apps.apple.com/in/app/moneyview-personal-loan-app/id1631481005,https://apps.apple.com/in/app/moneyview-personal-loan-app/id1631481005,,1566,0
Moneyview,Moneyview Limited,MAS FINANCIAL SERVICES LIMITED,2026-09-25,https://data.rbi.org.in/BOE/OpenDocument/opendoc/custom.jsp?iDocID=ARfEgy.WNSVIvFfvSIVmBCw&sIDType=CUID,Play Store,https://play.google.com/store/apps/details?id=com.whizdm.moneyview.loans,https://play.google.com/store/apps/details?id=com.whizdm.moneyview.loans,com.whizdm.moneyview.loans,1567,0
Moneyview,Moneyview Limited,MAS FINANCIAL SERVICES LIMITED,2026-09-25,https://data.rbi.org.in/BOE/OpenDocument/opendoc/custom.jsp?iDocID=ARfEgy.WNSVIvFfvSIVmBCw&sIDType=CUID,Website,https://moneyview.in/download-moneyview-loans-app,https://moneyview.in/download-moneyview-loans-app,,1568,0
Lendingkart: Business Loan,Lendingkart Technology Private Limited,MAS FINANCIAL SERVICES LIMITED,2026-09-25,https://data.rbi.org.in/BOE/OpenDocument/opendoc/custom.jsp?iDocID=ARfEgy.WNSVIvFfvSIVmBCw&sIDType=CUID,Play Store,https://play.google.com/store/apps/details?id=com.LendingKart,https://play.google.com/store/apps/details?id=com.LendingKart&hl=en_IN,com.LendingKart,1569,0
Lendingkart: Business Loan,Lendingkart Technology Private Limited,MAS FINANCIAL SERVICES LIMITED,2026-09-25,https://data.rbi.org.in/BOE/OpenDocument/opendoc/custom.jsp?iDocID=ARfEgy.WNSVIvFfvSIVmBCw&sIDType=CUID,Website,https://lendingkartfinance.com/liquidity-risk-disclosures,https://lendingkartfinance.com/liquidity-risk-disclosures,,1570,0
Svcl Sarthi,S V Creditline Limited,MAS FINANCIAL SERVICES LIMITED,2026-09-25,https://data.rbi.org.in/BOE/OpenDocument/opendoc/custom.jsp?iDocID=ARfEgy.WNSVIvFfvSIVmBCw&sIDType=CUID,Play Store,https://play.google.com/store/apps/details?id=com.svcl.sarthi,https://play.google.com/store/apps/details?id=com.svcl.sarthi,com.svcl.sarthi,1571,0
Werize Customer App,Worgatge Finance Private Limited,MAS FINANCIAL SERVICES LIMITED,2026-09-25,https://data.rbi.org.in/BOE/OpenDocument/opendoc/custom.jsp?iDocID=ARfEgy.WNSVIvFfvSIVmBCw&sIDType=CUID,Play Store,https://play.google.com/store/apps/details?id=com.moneyonclick.customerapp,https://play.google.com/store/apps/details?id=com.moneyonclick.customerapp&hl=en_IN,com.moneyonclick.customerapp,1572,0
Intellend,Intellend Technologies Advisors Private Limited,MAS FINANCIAL SERVICES LIMITED,2026-09-25,https://data.rbi.org.in/BOE/OpenDocument/opendoc/custom.jsp?iDocID=ARfEgy.WNSVIvFfvSIVmBCw&sIDType=CUID,"Embedded in platforms, not available openly",https://apply.intellendtech.com/home/preapproved?bap=PetPooja,https://apply.intellendtech.com/home/preapproved?bap=PetPooja,,1573,0
Prefr,Dreamplug Technologies Private Limited,MAS FINANCIAL SERVICES LIMITED,2026-09-25,https://data.rbi.org.in/BOE/OpenDocument/opendoc/custom.jsp?iDocID=ARfEgy.WNSVIvFfvSIVmBCw&sIDType=CUID,Android Play Store,https://play.google.com/store/apps/details?id=com.prefr.credit,https://play.google.com/store/apps/details?id=com.prefr.credit&gl=in,com.prefr.credit,1574,0
Prefr,Dreamplug Technologies Private Limited,MAS FINANCIAL SERVICES LIMITED,2026-09-25,https://data.rbi.org.in/BOE/OpenDocument/opendoc/custom.jsp?iDocID=ARfEgy.WNSVIvFfvSIVmBCw&sIDType=CUID,App store,https://apps.apple.com/in/app/prefr-personal-loan-app-india/id6758143425,https://apps.apple.com/in/app/prefr-personal-loan-app-india/id6758143425,,1575,0
Prefr,Dreamplug Technologies Private Limited,MAS FINANCIAL SERVICES LIMITED,2026-09-25,https://data.rbi.org.in/BOE/OpenDocument/opendoc/custom.jsp?iDocID=ARfEgy.WNSVIvFfvSIVmBCw&sIDType=CUID,Website,https://prefr.com/,https://prefr.com/,,1576,0
Grox technologies pvt ltd (Formerly MyShubhlife),Onboarding happens through the PhonePe app where API's are embedded.,MAS FINANCIAL SERVICES LIMITED,2026-09-25,https://data.rbi.org.in/BOE/OpenDocument/opendoc/custom.jsp?iDocID=ARfEgy.WNSVIvFfvSIVmBCw&sIDType=CUID,Website,https://www.groxmoney.com/,https://www.groxmoney.com/,,1577,0
PhonePe Business : Merchant App,Onboarding happens through the PhonePe app where API's are embedded.,MAS FINANCIAL SERVICES LIMITED,2026-09-25,https://data.rbi.org.in/BOE/OpenDocument/opendoc/custom.jsp?iDocID=ARfEgy.WNSVIvFfvSIVmBCw&sIDType=CUID,App Store,https://apps.apple.com/in/app/phonepe-business-merchant-app/id1463742453,https://apps.apple.com/in/app/phonepe-business-merchant-app/id1463742453,,1578,0
PhonePe Business : Merchant App,Onboarding happens through the PhonePe app where API's are embedded.,MAS FINANCIAL SERVICES LIMITED,2026-09-25,https://data.rbi.org.in/BOE/OpenDocument/opendoc/custom.jsp?iDocID=ARfEgy.WNSVIvFfvSIVmBCw&sIDType=CUID,Google play store,https://play.google.com/store/apps/details?id=com.phonepe.app.business,https://www.indusappstore.com/apps/finance/phonepe-business/com.phonepe.app.business?page=details&id=com.phonepe.app.business,com.phonepe.app.business,1579,0
PhonePe Business : Merchant App,Onboarding happens through the PhonePe app where API's are embedded.,MAS FINANCIAL SERVICES LIMITED,2026-09-25,https://data.rbi.org.in/BOE/OpenDocument/opendoc/custom.jsp?iDocID=ARfEgy.WNSVIvFfvSIVmBCw&sIDType=CUID,Website,https://support.phonepe.com/,https://support.phonepe.com/,,1580,0
SalaryNow,KKSV Business Services Private Limited,MAXEMO CAPITAL SERVICES PRIVATE LIMITED,2026-09-25,https://data.rbi.org.in/BOE/OpenDocument/opendoc/custom.jsp?iDocID=ARfEgy.WNSVIvFfvSIVmBCw&sIDType=CUID,Website & Google Play Store,https://salarynow.in/,https://salarynow.in/,,1581,0
Direct Credit Loan app,YSS Direct Credit Private Limited,MEET FINANCE PVT. LTD.,2026-09-25,https://data.rbi.org.in/BOE/OpenDocument/opendoc/custom.jsp?iDocID=ARfEgy.WNSVIvFfvSIVmBCw&sIDType=CUID,www.directcredit.in,https://apps.apple.com/in/app/direct-credit-loan/id6754832108,https://apps.apple.com/in/app/direct-credit-loan/id6754832108,,1582,0
Cash247,Cash247 Money Fintech PVT LTD,MEGHDOOT MERCANTILE  PVT.  LTD.,2026-09-25,https://data.rbi.org.in/BOE/OpenDocument/opendoc/custom.jsp?iDocID=ARfEgy.WNSVIvFfvSIVmBCw&sIDType=CUID,Google Play Store,https://play.google.com/store/apps/details?id=com.Cash247.app,https://play.google.com/store/apps/details?id=com.Cash247.app,com.Cash247.app,1583,0
Cash247,Cash247 Money Fintech PVT LTD,MEGHDOOT MERCANTILE  PVT.  LTD.,2026-09-25,https://data.rbi.org.in/BOE/OpenDocument/opendoc/custom.jsp?iDocID=ARfEgy.WNSVIvFfvSIVmBCw&sIDType=CUID,website,https://www.cash247.in/,https://www.cash247.in/,,1584,0
CreditSea,Innotech Creditsea Platforms Private Limited,MEGHDOOT MERCANTILE  PVT.  LTD.,2026-09-25,https://data.rbi.org.in/BOE/OpenDocument/opendoc/custom.jsp?iDocID=ARfEgy.WNSVIvFfvSIVmBCw&sIDType=CUID,Google Play Store,https://play.google.com/store/apps/details?id=com.creditsea.app,https://play.google.com/store/apps/details?id=com.creditsea.app,com.creditsea.app,1585,0
CreditSea,Innotech Creditsea Platforms Private Limited,MEGHDOOT MERCANTILE  PVT.  LTD.,2026-09-25,https://data.rbi.org.in/BOE/OpenDocument/opendoc/custom.jsp?iDocID=ARfEgy.WNSVIvFfvSIVmBCw&sIDType=CUID,website,https://www.creditsea.com/,https://www.creditsea.com/,,1586,0
CreditSea,Innotech Creditsea Platforms Private LimitedInnotech Creditsea Platforms Private Limited,MEGHDOOT MERCANTILE  PVT.  LTD.,2026-09-25,https://data.rbi.org.in/BOE/OpenDocument/opendoc/custom.jsp?iDocID=ARfEgy.WNSVIvFfvSIVmBCw&sIDType=CUID,App Store,https://apps.apple.com/in/app/creditsea-personal-loan-app/id6743390338,https://apps.apple.com/in/app/creditsea-personal-loan-app/id6743390338,,1587,0
GoCredit,Vijayalakshmi Technology Infinity NKB Private Limited,MEGHDOOT MERCANTILE  PVT.  LTD.,2026-09-25,https://data.rbi.org.in/BOE/OpenDocument/opendoc/custom.jsp?iDocID=ARfEgy.WNSVIvFfvSIVmBCw&sIDType=CUID,Google Play Store,https://play.google.com/store/apps/details?id=money.gocredit.ai,https://play.google.com/store/apps/details?id=money.gocredit.ai,money.gocredit.ai,1588,0
GoCredit,Vijayalakshmi Technology Infinity NKB Private Limited,MEGHDOOT MERCANTILE  PVT.  LTD.,2026-09-25,https://data.rbi.org.in/BOE/OpenDocument/opendoc/custom.jsp?iDocID=ARfEgy.WNSVIvFfvSIVmBCw&sIDType=CUID,website,https://WWW.GOCREDIT.MONEY,WWW.GOCREDIT.MONEY,,1589,0
GrowFi loan aggregator app,Gaman Technologiles Pvt Ltd. ( Self- owned),MEGHDOOT MERCANTILE  PVT.  LTD.,2026-09-25,https://data.rbi.org.in/BOE/OpenDocument/opendoc/custom.jsp?iDocID=ARfEgy.WNSVIvFfvSIVmBCw&sIDType=CUID,Play Store,https://play.google.com/store/search?q=growfi&c=apps&hl=en_IN,https://play.google.com/store/search?q=growfi&c=apps&hl=en_IN,,1590,0
GrowFi loan aggregator app,Gaman Technologiles Pvt Ltd. ( Self- owned),MEGHDOOT MERCANTILE  PVT.  LTD.,2026-09-25,https://data.rbi.org.in/BOE/OpenDocument/opendoc/custom.jsp?iDocID=ARfEgy.WNSVIvFfvSIVmBCw&sIDType=CUID,Website,https://growfi.app/,https://growfi.app/,,1591,0
Nest,Vrisha Fintech Private Limited,MEGHDOOT MERCANTILE  PVT.  LTD.,2026-09-25,https://data.rbi.org.in/BOE/OpenDocument/opendoc/custom.jsp?iDocID=ARfEgy.WNSVIvFfvSIVmBCw&sIDType=CUID,App Store,https://apps.apple.com/in/app/nest-credit-bills/id6760289124,https://apps.apple.com/in/app/nest-credit-bills/id6760289124,,1592,0
Nest,Vrisha Fintech Private Limited,MEGHDOOT MERCANTILE  PVT.  LTD.,2026-09-25,https://data.rbi.org.in/BOE/OpenDocument/opendoc/custom.jsp?iDocID=ARfEgy.WNSVIvFfvSIVmBCw&sIDType=CUID,Google Play Store,https://play.google.com/store/apps/details?id=com.nest.shareapp,https://play.google.com/store/apps/details?id=com.nest.shareapp,com.nest.shareapp,1593,0
Nest,Vrisha Fintech Private Limited,MEGHDOOT MERCANTILE  PVT.  LTD.,2026-09-25,https://data.rbi.org.in/BOE/OpenDocument/opendoc/custom.jsp?iDocID=ARfEgy.WNSVIvFfvSIVmBCw&sIDType=CUID,Website,https://nestapp.in,https://nestapp.in,,1594,0
Paisa247,Riga marketplace Paisa247 pvt ltd,MEGHDOOT MERCANTILE  PVT.  LTD.,2026-09-25,https://data.rbi.org.in/BOE/OpenDocument/opendoc/custom.jsp?iDocID=ARfEgy.WNSVIvFfvSIVmBCw&sIDType=CUID,Google Play Store,https://play.google.com/store/apps/details?id=in.paisa247,https://play.google.com/store/apps/details?id=in.paisa247&hl=en_IN,in.paisa247,1595,0
Paisa247,Riga marketplace Paisa247 pvt ltd,MEGHDOOT MERCANTILE  PVT.  LTD.,2026-09-25,https://data.rbi.org.in/BOE/OpenDocument/opendoc/custom.jsp?iDocID=ARfEgy.WNSVIvFfvSIVmBCw&sIDType=CUID,iOS store,https://apps.apple.com/in/app/paisa247/id6751623280,https://apps.apple.com/in/app/paisa247/id6751623280,,1596,0
Paisa247,Riga marketplace Paisa247 pvt ltd,MEGHDOOT MERCANTILE  PVT.  LTD.,2026-09-25,https://data.rbi.org.in/BOE/OpenDocument/opendoc/custom.jsp?iDocID=ARfEgy.WNSVIvFfvSIVmBCw&sIDType=CUID,Website,https://www.paisa247.in,www.paisa247.in,,1597,0
Rupeeq.com,Intuino Business Consulting India Private Limited,MEGHDOOT MERCANTILE  PVT.  LTD.,2026-09-25,https://data.rbi.org.in/BOE/OpenDocument/opendoc/custom.jsp?iDocID=ARfEgy.WNSVIvFfvSIVmBCw&sIDType=CUID,Website,https://www.rupeeq.com,www.rupeeq.com,,1598,0
Samridhya,SAMRIDHYA INNOVATIONS PRIVATE LTD,MEGHDOOT MERCANTILE  PVT.  LTD.,2026-09-25,https://data.rbi.org.in/BOE/OpenDocument/opendoc/custom.jsp?iDocID=ARfEgy.WNSVIvFfvSIVmBCw&sIDType=CUID,App Store,https://apps.apple.com/in/app/samridhya/id6745554387,https://apps.apple.com/in/app/samridhya/id6745554387,,1599,0
Samridhya,SAMRIDHYA INNOVATIONS PRIVATE LTD,MEGHDOOT MERCANTILE  PVT.  LTD.,2026-09-25,https://data.rbi.org.in/BOE/OpenDocument/opendoc/custom.jsp?iDocID=ARfEgy.WNSVIvFfvSIVmBCw&sIDType=CUID,Google Play Store,https://play.google.com/store/apps/details?id=samridh.consumer,https://play.google.com/store/apps/details?id=samridh.consumer&hl=en_IN,samridh.consumer,1600,0
Swipe Loan,KGIL Fintech Solutions Pvt Ltd,MEGHDOOT MERCANTILE  PVT.  LTD.,2026-09-25,https://data.rbi.org.in/BOE/OpenDocument/opendoc/custom.jsp?iDocID=ARfEgy.WNSVIvFfvSIVmBCw&sIDType=CUID,Play Store,https://play.google.com/store/apps/details?id=com.kgil.swipeloan,https://play.google.com/store/apps/details?id=com.kgil.swipeloan,com.kgil.swipeloan,1601,0
Swipe Loan,KGIL Fintech Solutions Pvt Ltd,MEGHDOOT MERCANTILE  PVT.  LTD.,2026-09-25,https://data.rbi.org.in/BOE/OpenDocument/opendoc/custom.jsp?iDocID=ARfEgy.WNSVIvFfvSIVmBCw&sIDType=CUID,Website,https://swipeloan.in,https://swipeloan.in,,1602,0
Urban Money,Urban Money Pvt Ltd,MEGHDOOT MERCANTILE  PVT.  LTD.,2026-09-25,https://data.rbi.org.in/BOE/OpenDocument/opendoc/custom.jsp?iDocID=ARfEgy.WNSVIvFfvSIVmBCw&sIDType=CUID,website,https://www.urbanmoney.com,www.urbanmoney.com,,1603,0
ZET,Vistas Technolabs Private Limited,MEGHDOOT MERCANTILE  PVT.  LTD.,2026-09-25,https://data.rbi.org.in/BOE/OpenDocument/opendoc/custom.jsp?iDocID=ARfEgy.WNSVIvFfvSIVmBCw&sIDType=CUID,website,https://zetapp.in/,https://zetapp.in/,,1604,0
MidFin Customer Service App,Self-Owned,MIDLAND MICROFIN LIMITED (FORMERLY  SAJAN HIRE PURCHASE LIMITED),2026-09-25,https://data.rbi.org.in/BOE/OpenDocument/opendoc/custom.jsp?iDocID=ARfEgy.WNSVIvFfvSIVmBCw&sIDType=CUID,Google Playstore,https://play.google.com/store/apps/details?id=com.microfin.midland,https://play.google.com/store/apps/details?id=com.microfin.midland&hl=en_IN,com.microfin.midland,1605,0
Fibe,Social Worth Technologies Ltd,MIRAE ASSET FINANCIAL SERVICES (INDIA) PRIVATE LIMITED,2026-09-25,https://data.rbi.org.in/BOE/OpenDocument/opendoc/custom.jsp?iDocID=ARfEgy.WNSVIvFfvSIVmBCw&sIDType=CUID,Apple App Store (For iphone),https://apps.apple.com/in/app/fibe-instant-personal-loan-app/id1094602630,https://apps.apple.com/in/app/fibe-instant-personal-loan-app/id1094602630,,1606,0
Fibe,Social Worth Technologies Ltd,MIRAE ASSET FINANCIAL SERVICES (INDIA) PRIVATE LIMITED,2026-09-25,https://data.rbi.org.in/BOE/OpenDocument/opendoc/custom.jsp?iDocID=ARfEgy.WNSVIvFfvSIVmBCw&sIDType=CUID,Google Play Store (For Android),https://play.google.com/store/apps/details?id=com.earlysalary.android,https://play.google.com/store/apps/details?id=com.earlysalary.android&hl=en_IN&gl=IN,com.earlysalary.android,1607,0
Grayquest Education Finance Pvt Ltd,Mr. Rishab Mehta,MIRAE ASSET FINANCIAL SERVICES (INDIA) PRIVATE LIMITED,2026-09-25,https://data.rbi.org.in/BOE/OpenDocument/opendoc/custom.jsp?iDocID=ARfEgy.WNSVIvFfvSIVmBCw&sIDType=CUID,Website,https://www.grayquest.com/,https://www.grayquest.com/,,1608,0
Grayquest Education Finance Pvt Ltd,Mr. Rishab Mehta,MIRAE ASSET FINANCIAL SERVICES (INDIA) PRIVATE LIMITED,2026-09-25,https://data.rbi.org.in/BOE/OpenDocument/opendoc/custom.jsp?iDocID=ARfEgy.WNSVIvFfvSIVmBCw&sIDType=CUID,Website,https://www.grayquest.com/,https://www.grayquest.com/,,1609,0
Grayquest Education Finance Pvt Ltd,Mr. Rishab Mehta,MIRAE ASSET FINANCIAL SERVICES (INDIA) PRIVATE LIMITED,2026-09-25,https://data.rbi.org.in/BOE/OpenDocument/opendoc/custom.jsp?iDocID=ARfEgy.WNSVIvFfvSIVmBCw&sIDType=CUID,Website,https://www.grayquest.com/,https://www.grayquest.com/,,1610,0
Kissht,ONEMI Technology Solutions Limited,MIRAE ASSET FINANCIAL SERVICES (INDIA) PRIVATE LIMITED,2026-09-25,https://data.rbi.org.in/BOE/OpenDocument/opendoc/custom.jsp?iDocID=ARfEgy.WNSVIvFfvSIVmBCw&sIDType=CUID,Google Play Store (For Android) & Apple App Store (For iphone),Google Play Store (For Android) & Apple App Store (For iphone),Google Play Store (For Android) & Apple App Store (For iphone),,1611,0
Kreditbee,Finnovation Tech Solutions Private Limited,MIRAE ASSET FINANCIAL SERVICES (INDIA) PRIVATE LIMITED,2026-09-25,https://data.rbi.org.in/BOE/OpenDocument/opendoc/custom.jsp?iDocID=ARfEgy.WNSVIvFfvSIVmBCw&sIDType=CUID,Apple App Store,oaps://mk/dt?pkg=com.kreditbee.android&style=1,oaps://mk/dt?pkg=com.kreditbee.android&style=1,,1612,0
Kreditbee,Finnovation Tech Solutions Private Limited,MIRAE ASSET FINANCIAL SERVICES (INDIA) PRIVATE LIMITED,2026-09-25,https://data.rbi.org.in/BOE/OpenDocument/opendoc/custom.jsp?iDocID=ARfEgy.WNSVIvFfvSIVmBCw&sIDType=CUID,Apple Store App (For iphone),https://apps.apple.com/in/app/easy-personal-loan-kreditbee/id1488736283,https://apps.apple.com/in/app/easy-personal-loan-kreditbee/id1488736283,,1613,0
Kreditbee,Finnovation Tech Solutions Private Limited,MIRAE ASSET FINANCIAL SERVICES (INDIA) PRIVATE LIMITED,2026-09-25,https://data.rbi.org.in/BOE/OpenDocument/opendoc/custom.jsp?iDocID=ARfEgy.WNSVIvFfvSIVmBCw&sIDType=CUID,Global App MI Store,https://play.google.com/store/apps/details?id=com.kreditbee.android,https://global.app.mi.com/details?lo=IN&la=en_US&id=com.kreditbee.android,com.kreditbee.android,1614,0
Kreditbee,Finnovation Tech Solutions Private Limited,MIRAE ASSET FINANCIAL SERVICES (INDIA) PRIVATE LIMITED,2026-09-25,https://data.rbi.org.in/BOE/OpenDocument/opendoc/custom.jsp?iDocID=ARfEgy.WNSVIvFfvSIVmBCw&sIDType=CUID,Google Play Store App (For Android),https://play.google.com/store/apps/details?id=com.kreditbee.android,https://play.google.com/store/apps/details?id=com.kreditbee.android,com.kreditbee.android,1615,0
Kreditbee,Finnovation Tech Solutions Private Limited,MIRAE ASSET FINANCIAL SERVICES (INDIA) PRIVATE LIMITED,2026-09-25,https://data.rbi.org.in/BOE/OpenDocument/opendoc/custom.jsp?iDocID=ARfEgy.WNSVIvFfvSIVmBCw&sIDType=CUID,Indus App Store,https://indusapp.store/9ip3i05q,https://indusapp.store/9ip3i05q,,1616,0
Kreditbee,Finnovation Tech Solutions Private Limited,MIRAE ASSET FINANCIAL SERVICES (INDIA) PRIVATE LIMITED,2026-09-25,https://data.rbi.org.in/BOE/OpenDocument/opendoc/custom.jsp?iDocID=ARfEgy.WNSVIvFfvSIVmBCw&sIDType=CUID,Samsung Galaxy store App,https://apps.samsung.com/appquery/appDetail.as?appId=com.kreditbee.android,https://apps.samsung.com/appquery/appDetail.as?appId=com.kreditbee.android,,1617,0
Kreditbee,Finnovation Tech Solutions Private Limited,MIRAE ASSET FINANCIAL SERVICES (INDIA) PRIVATE LIMITED,2026-09-25,https://data.rbi.org.in/BOE/OpenDocument/opendoc/custom.jsp?iDocID=ARfEgy.WNSVIvFfvSIVmBCw&sIDType=CUID,Vivo Market Store App,https://play.google.com/store/apps/details?id=com.kreditbee.android,vivomarket://details?id=com.kreditbee.android,com.kreditbee.android,1618,0
Kreditbee,Finnovation Tech Solutions Private Limited,MIRAE ASSET FINANCIAL SERVICES (INDIA) PRIVATE LIMITED,2026-09-25,https://data.rbi.org.in/BOE/OpenDocument/opendoc/custom.jsp?iDocID=ARfEgy.WNSVIvFfvSIVmBCw&sIDType=CUID,Website,https://www.kreditbee.in/,https://www.kreditbee.in/,,1619,0
Mirae Asset Fin: Loans,Self-owned,MIRAE ASSET FINANCIAL SERVICES (INDIA) PRIVATE LIMITED,2026-09-25,https://data.rbi.org.in/BOE/OpenDocument/opendoc/custom.jsp?iDocID=ARfEgy.WNSVIvFfvSIVmBCw&sIDType=CUID,Apple App Store (For iphone),https://apps.apple.com/in/app/mirae-asset-fin-loans/id1590815471,https://apps.apple.com/in/app/mirae-asset-fin-loans/id1590815471,,1620,0
Mirae Asset Fin: Loans,Self-owned,MIRAE ASSET FINANCIAL SERVICES (INDIA) PRIVATE LIMITED,2026-09-25,https://data.rbi.org.in/BOE/OpenDocument/opendoc/custom.jsp?iDocID=ARfEgy.WNSVIvFfvSIVmBCw&sIDType=CUID,Google Play Store (For Android),https://play.google.com/store/apps/details?id=com.nucleus.mirae.finance,https://play.google.com/store/apps/details?id=com.nucleus.mirae.finance,com.nucleus.mirae.finance,1621,0
Mirae Asset Fin: Loans,Self-owned,MIRAE ASSET FINANCIAL SERVICES (INDIA) PRIVATE LIMITED,2026-09-25,https://data.rbi.org.in/BOE/OpenDocument/opendoc/custom.jsp?iDocID=ARfEgy.WNSVIvFfvSIVmBCw&sIDType=CUID,Website,https://pl.miraeassetfin.com/mafs/personal-loan/register,https://pl.miraeassetfin.com/mafs/personal-loan/register,,1622,0
Mirae Asset Fin: Loans,Self-owned,MIRAE ASSET FINANCIAL SERVICES (INDIA) PRIVATE LIMITED,2026-09-25,https://data.rbi.org.in/BOE/OpenDocument/opendoc/custom.jsp?iDocID=ARfEgy.WNSVIvFfvSIVmBCw&sIDType=CUID,Website,https://transact.miraeassetfin.com/,https://transact.miraeassetfin.com/,,1623,0
Pay with Ring,ONEMI Technology Solutions Limited,MIRAE ASSET FINANCIAL SERVICES (INDIA) PRIVATE LIMITED,2026-09-25,https://data.rbi.org.in/BOE/OpenDocument/opendoc/custom.jsp?iDocID=ARfEgy.WNSVIvFfvSIVmBCw&sIDType=CUID,Google Play Store (For Android) & Apple App Store (For iphone),https://play.google.com/store/apps/details?id=com.ideopay.user,https://play.google.com/store/apps/details?id=com.ideopay.user&hl=en_IN,com.ideopay.user,1624,0
Vitto,Uthaan Technologies Private Limited,MITRATA INCLUSIVE FINANCIAL SERVICES LIMITED,2026-09-25,https://data.rbi.org.in/BOE/OpenDocument/opendoc/custom.jsp?iDocID=ARfEgy.WNSVIvFfvSIVmBCw&sIDType=CUID,Google Play,https://play.google.com/store/apps/details?id=ai.microfinance.vitto,https://play.google.com/store/apps/details?id=ai.microfinance.vitto,ai.microfinance.vitto,1625,0
Vitto,Uthaan Technologies Private Limited,MITRATA INCLUSIVE FINANCIAL SERVICES LIMITED,2026-09-25,https://data.rbi.org.in/BOE/OpenDocument/opendoc/custom.jsp?iDocID=ARfEgy.WNSVIvFfvSIVmBCw&sIDType=CUID,Website,https://www.vitto.money/,https://www.vitto.money/,,1626,0
Monedo Financial Services Private Limited,Monedo Financial services private Limited,MONEDO FINANCIAL SERVICES PRIVATE LIMITED (FORMERLY KREDITECH FINANCIAL SERVICES P LTD),2026-09-25,https://data.rbi.org.in/BOE/OpenDocument/opendoc/custom.jsp?iDocID=ARfEgy.WNSVIvFfvSIVmBCw&sIDType=CUID,Originates on LOS through assisted journey,not.applicable,not.applicable,,1627,0
bachatt,Trusave Fintech Private Limited,MONEYBOXX FINANCE LIMITED,2026-09-25,https://data.rbi.org.in/BOE/OpenDocument/opendoc/custom.jsp?iDocID=ARfEgy.WNSVIvFfvSIVmBCw&sIDType=CUID,Available on Playstore and Apple store,https://apps.apple.com/in/app/bachatt-daily-fd-mutual-fund/id6749962231,https://apps.apple.com/in/app/bachatt-daily-fd-mutual-fund/id6749962231,,1628,0
bachatt,Trusave Fintech Private Limited,MONEYBOXX FINANCE LIMITED,2026-09-25,https://data.rbi.org.in/BOE/OpenDocument/opendoc/custom.jsp?iDocID=ARfEgy.WNSVIvFfvSIVmBCw&sIDType=CUID,Available on Playstore and Apple store,https://bachatt.app/,https://bachatt.app/,,1629,0
bachatt,Trusave Fintech Private Limited,MONEYBOXX FINANCE LIMITED,2026-09-25,https://data.rbi.org.in/BOE/OpenDocument/opendoc/custom.jsp?iDocID=ARfEgy.WNSVIvFfvSIVmBCw&sIDType=CUID,Available on Playstore and Apple store,https://play.google.com/store/apps/details?id=app.bachatt.customer,https://play.google.com/store/apps/details?id=app.bachatt.customer&hl=en_IN,app.bachatt.customer,1630,0
Crednidhi,MONEYFLOW PORTFOLIO PRIVATE LIMITED,MONEY FLOW PORTFOLIO(P) LTD.,2026-09-25,https://data.rbi.org.in/BOE/OpenDocument/opendoc/custom.jsp?iDocID=ARfEgy.WNSVIvFfvSIVmBCw&sIDType=CUID,Website,https://app.crednidhi.com,https://app.crednidhi.com,,1631,0
Udhaar Box,Self Owned,MONEYPLUS FINANCIAL SERVICES LIMITED (EARLIER KNOWN AS MONEYPLUS FINANCIAL SERVICES PRIVATE LIMITED),2026-09-25,https://data.rbi.org.in/BOE/OpenDocument/opendoc/custom.jsp?iDocID=ARfEgy.WNSVIvFfvSIVmBCw&sIDType=CUID,Website/ Google Play Store,https://play.google.com/store/apps/details?id=com.udhaarbox.loan,https://play.google.com/store/apps/details?id=com.udhaarbox.loan,com.udhaarbox.loan,1632,0
SMC Gold Loan,Self-Owned,MONEYWISE FINANCIAL SERVICES PRIVATE LIMITED,2026-09-25,https://data.rbi.org.in/BOE/OpenDocument/opendoc/custom.jsp?iDocID=ARfEgy.WNSVIvFfvSIVmBCw&sIDType=CUID,Google Play Store,https://play.google.com/store/search?q=smc+gold+loan&c=apps&hl=en_IN,https://play.google.com/store/search?q=smc+gold+loan&c=apps&hl=en_IN,,1633,0
Money Monk App,Self-owned,MONK CAPITAL PVT. LTD. (FORMERLY GLAZE BARTER PVT. LTD.),2026-09-25,https://data.rbi.org.in/BOE/OpenDocument/opendoc/custom.jsp?iDocID=ARfEgy.WNSVIvFfvSIVmBCw&sIDType=CUID,Google Play Store,https://play.google.com/store/apps/details?id=com.monkCapital.moneyMonk,https://play.google.com/store/apps/details?id=com.monkCapital.moneyMonk&hl=en_IN,com.monkCapital.moneyMonk,1634,0
MoneyAse,Codemodulu Financial Investment Services Private Limited,MOONGIPA CAPITAL FINANCE LTD.,2026-09-25,https://data.rbi.org.in/BOE/OpenDocument/opendoc/custom.jsp?iDocID=ARfEgy.WNSVIvFfvSIVmBCw&sIDType=CUID,https://moneyase.in,https://moneyase.in,https://moneyase.in,,1635,0
Cash To You,DESIGN SENSE STUDIO PRIVATE LIMITED,MOUNT SHIKHAR FINANCIAL SERVICES LIMITED,2026-09-25,https://data.rbi.org.in/BOE/OpenDocument/opendoc/custom.jsp?iDocID=ARfEgy.WNSVIvFfvSIVmBCw&sIDType=CUID,https://cashtoyou.in/,https://cashtoyou.in/,https://cashtoyou.in/,,1636,0
mPokket: Instant Loan App,Maybright Ventures Private Limited,MPOKKET  FINANCIAL  SERVICES PRIVATE LIMITED,2026-09-25,https://data.rbi.org.in/BOE/OpenDocument/opendoc/custom.jsp?iDocID=ARfEgy.WNSVIvFfvSIVmBCw&sIDType=CUID,Google Playstore,https://play.google.com/store/apps/details?id=com.mpokket.app,https://play.google.com/store/apps/details?id=com.mpokket.app,com.mpokket.app,1637,0
mPokket: Instant Loan App,Maybright Ventures Private Limited,MPOKKET  FINANCIAL  SERVICES PRIVATE LIMITED,2026-09-25,https://data.rbi.org.in/BOE/OpenDocument/opendoc/custom.jsp?iDocID=ARfEgy.WNSVIvFfvSIVmBCw&sIDType=CUID,Weblink,https://web.mpokket.in/?utm_source=web&utm_medium=mp_web,https://web.mpokket.in/?utm_source=web&utm_medium=mp_web,,1638,0
mPokket: Instant Loan App,Maybright Ventures Private Limited,MPOKKET  FINANCIAL  SERVICES PRIVATE LIMITED,2026-09-25,https://data.rbi.org.in/BOE/OpenDocument/opendoc/custom.jsp?iDocID=ARfEgy.WNSVIvFfvSIVmBCw&sIDType=CUID,Xiomi Playstore,https://play.google.com/store/apps/details?id=com.mpokket.app,https://global.app.mi.com/details?lo=IN&la=en&id=com.mpokket.app,com.mpokket.app,1639,0
mPokket: Instant Personal Loan,Maybright Ventures Private Limited,MPOKKET  FINANCIAL  SERVICES PRIVATE LIMITED,2026-09-25,https://data.rbi.org.in/BOE/OpenDocument/opendoc/custom.jsp?iDocID=ARfEgy.WNSVIvFfvSIVmBCw&sIDType=CUID,App Store for iPhone,https://apps.apple.com/in/app/mpokket-instant-personal-loan/id1162059607,https://apps.apple.com/in/app/mpokket-instant-personal-loan/id1162059607,,1640,0
Bimapay,Bimapay Finsure Private Limited,MUFIN GREEN FINANCE LIMITED(FORMERLY  APM FINVEST LIMITED),2026-09-25,https://data.rbi.org.in/BOE/OpenDocument/opendoc/custom.jsp?iDocID=ARfEgy.WNSVIvFfvSIVmBCw&sIDType=CUID,https://bimapay.in/?page_id=816,https://www.bimapay.in,www.bimapay.in,,1641,0
Instape,Instape Synergies Private Limited,MUFIN GREEN FINANCE LIMITED(FORMERLY  APM FINVEST LIMITED),2026-09-25,https://data.rbi.org.in/BOE/OpenDocument/opendoc/custom.jsp?iDocID=ARfEgy.WNSVIvFfvSIVmBCw&sIDType=CUID,https://play.google.com/store/apps/details?id=com.instape&hl=en_IN,https://instape.com/,https://instape.com/,,1642,0
CREDITBAY,THROUGH LSP - BLUESTRAIT TECHNOLOGIES PRIVATE LIMITED,"MUKESH BABU FINANCIAL SERVICES LTD,",2026-09-25,https://data.rbi.org.in/BOE/OpenDocument/opendoc/custom.jsp?iDocID=ARfEgy.WNSVIvFfvSIVmBCw&sIDType=CUID,https://www.creditbay.in/,NOT APPLICABLE,NOT APPLICABLE,,1643,0
ZeroPe,Third Unicorn Private Limited,MUKUT FINVEST AND PROPOERTIES PVT.LTD.,2026-09-25,https://data.rbi.org.in/BOE/OpenDocument/opendoc/custom.jsp?iDocID=ARfEgy.WNSVIvFfvSIVmBCw&sIDType=CUID,Apple App Store,https://apps.apple.com/in/app/zerope-instant-medical-loans/id6480397378,https://apps.apple.com/in/app/zerope-instant-medical-loans/id6480397378,,1644,0
ZeroPe,Third Unicorn Private Limited,MUKUT FINVEST AND PROPOERTIES PVT.LTD.,2026-09-25,https://data.rbi.org.in/BOE/OpenDocument/opendoc/custom.jsp?iDocID=ARfEgy.WNSVIvFfvSIVmBCw&sIDType=CUID,Google Play Store,https://play.google.com/store/apps/details?id=com.zerope,https://play.google.com/store/apps/details?id=com.zerope,com.zerope,1645,0
MUTHOOT FINCORP ONE,Muthoot FinCorp Limited,MUTHOOT CAPITAL SERVICES LTD.,2026-09-25,https://data.rbi.org.in/BOE/OpenDocument/opendoc/custom.jsp?iDocID=ARfEgy.WNSVIvFfvSIVmBCw&sIDType=CUID,Google Play Store,https://play.google.com/store/apps/details?id=com.muthootfincorpone.superapp,https://play.google.com/store/apps/details?id=com.muthootfincorpone.superapp,com.muthootfincorpone.superapp,1646,0
MUTHOOT FINCORP ONE,Muthoot FinCorp Limited,MUTHOOT CAPITAL SERVICES LTD.,2026-09-25,https://data.rbi.org.in/BOE/OpenDocument/opendoc/custom.jsp?iDocID=ARfEgy.WNSVIvFfvSIVmBCw&sIDType=CUID,IOS App Store,https://apps.apple.com/in/app/muthoot-fincorp-one/id6451879603,https://apps.apple.com/in/app/muthoot-fincorp-one/id6451879603,,1647,0
MUTHOOT FINCORP ONE,Muthoot FinCorp Limited,MUTHOOT CAPITAL SERVICES LTD.,2026-09-25,https://data.rbi.org.in/BOE/OpenDocument/opendoc/custom.jsp?iDocID=ARfEgy.WNSVIvFfvSIVmBCw&sIDType=CUID,Website,https://one.muthootfincorp.com/auth/home,https://one.muthootfincorp.com/auth/home,,1648,0
airpay capital,Airpay Payment Services Private Limited,MUTHOOT FINCORP LIMITED (FORMERLY  MUTHOOT DEBT MANAGEMENT SERVICES LTD),2026-09-25,https://data.rbi.org.in/BOE/OpenDocument/opendoc/custom.jsp?iDocID=ARfEgy.WNSVIvFfvSIVmBCw&sIDType=CUID,Website & Google Play Store,https://play.google.com/store/apps/details?id=com.airpay.capital,Website: https://www.airpay.capital/ Google Play Store: https://play.google.com/store/apps/details?id=com.airpay.capital,com.airpay.capital,1649,0
BankBazaar,A&A DUKAAN FINANCIAL SERVICES PRIVATE LIMITED,MUTHOOT FINCORP LIMITED (FORMERLY  MUTHOOT DEBT MANAGEMENT SERVICES LTD),2026-09-25,https://data.rbi.org.in/BOE/OpenDocument/opendoc/custom.jsp?iDocID=ARfEgy.WNSVIvFfvSIVmBCw&sIDType=CUID,Website/Google Play Store / Apple app store,https://play.google.com/store/apps/details?id=com.bankbazaar.app,https://www.bankbazaar.com/muthoot-gold-loan.html https://play.google.com/store/apps/details?id=com.bankbazaar.app https://apps.apple.com/in/app/bankbazaar-credit-score-cards/id972595507,com.bankbazaar.app,1650,0
BharatPe for Business,Resilient Digi Services Private Limited,MUTHOOT FINCORP LIMITED (FORMERLY  MUTHOOT DEBT MANAGEMENT SERVICES LTD),2026-09-25,https://data.rbi.org.in/BOE/OpenDocument/opendoc/custom.jsp?iDocID=ARfEgy.WNSVIvFfvSIVmBCw&sIDType=CUID,Google Play store / Apple app store,https://play.google.com/store/apps/details?id=com.bharatpe.app,https://play.google.com/store/apps/details?id=com.bharatpe.app&hl=en_IN&pli=1 https://apps.apple.com/in/app/bharatpe-for-business/id1329385873,com.bharatpe.app,1651,0
Digital lending pages of PhonePe Lending on PhonePe Business: Merchant App,PhonePe Lending Services Private Limited,MUTHOOT FINCORP LIMITED (FORMERLY  MUTHOOT DEBT MANAGEMENT SERVICES LTD),2026-09-25,https://data.rbi.org.in/BOE/OpenDocument/opendoc/custom.jsp?iDocID=ARfEgy.WNSVIvFfvSIVmBCw&sIDType=CUID,1. Google Play Store 2. Apple App Store 3. Indus App Store,https://play.google.com/store/apps/details?id=com.phonepe.app.business,1.https://play.google.com/store/apps/details?id=com.phonepe.app.business 2. https://apps.apple.com/in/app/phonepe-business-merchant-app/id1463742453  3. https://www.indusappstore.com/apps/finance/phonepe-business/com.phonepe.app.business?page=details&id=com.phonepe.app.business,com.phonepe.app.business,1652,0
ePayLater,Arthashastra Fintech Private Limited,MUTHOOT FINCORP LIMITED (FORMERLY  MUTHOOT DEBT MANAGEMENT SERVICES LTD),2026-09-25,https://data.rbi.org.in/BOE/OpenDocument/opendoc/custom.jsp?iDocID=ARfEgy.WNSVIvFfvSIVmBCw&sIDType=CUID,Google Play Store,https://play.google.com/store/apps/details?id=in.epaylater.android.retailer.generic,Google play store: https://play.google.com/store/apps/details?id=in.epaylater.android.retailer.generic&hl=en_IN,in.epaylater.android.retailer.generic,1653,0
Kredmint,Kredmint Technologies Private Limited,MUTHOOT FINCORP LIMITED (FORMERLY  MUTHOOT DEBT MANAGEMENT SERVICES LTD),2026-09-25,https://data.rbi.org.in/BOE/OpenDocument/opendoc/custom.jsp?iDocID=ARfEgy.WNSVIvFfvSIVmBCw&sIDType=CUID,Google Play Store & Apple Store,https://play.google.com/store/apps/details?id=com.schn9891.onecodewebnew,Google play store: https://play.google.com/store/apps/details?id=com.schn9891.onecodewebnew&hl=en_IN Apple store: https://apps.apple.com/in/app/kredmint-quick-business-loan/id6467856549,com.schn9891.onecodewebnew,1654,0
Muthoot FinCorp One,Muthoot FinCorp Limited,MUTHOOT FINCORP LIMITED (FORMERLY  MUTHOOT DEBT MANAGEMENT SERVICES LTD),2026-09-25,https://data.rbi.org.in/BOE/OpenDocument/opendoc/custom.jsp?iDocID=ARfEgy.WNSVIvFfvSIVmBCw&sIDType=CUID,Website /Play store / App store,https://play.google.com/store/apps/details?id=com.muthootfincorpone.superapp,Android - https://play.google.com/store/apps/details?id=com.muthootfincorpone.superapp iOS - https://apps.apple.com/in/app/muthoot-fincorp-one/id6451879603,com.muthootfincorpone.superapp,1655,0
Paytm,One97 Communications Limited,MUTHOOT FINCORP LIMITED (FORMERLY  MUTHOOT DEBT MANAGEMENT SERVICES LTD),2026-09-25,https://data.rbi.org.in/BOE/OpenDocument/opendoc/custom.jsp?iDocID=ARfEgy.WNSVIvFfvSIVmBCw&sIDType=CUID,Google Play store / Apple app store,https://play.google.com/store/apps/details?id=com.paytm.business,https://play.google.com/store/apps/details?id=com.paytm.business https://play.google.com/store/apps/details?id=net.one97.paytm https://apps.apple.com/in/app/paytm-for-business/id1351301966 https://apps.apple.com/in/app/paytm/id473941634,com.paytm.business,1656,0
Spice Money -Banking Agent App,Spice Money Limited,MUTHOOT FINCORP LIMITED (FORMERLY  MUTHOOT DEBT MANAGEMENT SERVICES LTD),2026-09-25,https://data.rbi.org.in/BOE/OpenDocument/opendoc/custom.jsp?iDocID=ARfEgy.WNSVIvFfvSIVmBCw&sIDType=CUID,Google Play Store,https://play.google.com/store/apps/details?id=in.spicemudra,https://play.google.com/store/apps/details?id=in.spicemudra&hl=en_IN,in.spicemudra,1657,0
WOGOM B2B Marketplace,World Goods Marketplace Private Limited,MUTHOOT FINCORP LIMITED (FORMERLY  MUTHOOT DEBT MANAGEMENT SERVICES LTD),2026-09-25,https://data.rbi.org.in/BOE/OpenDocument/opendoc/custom.jsp?iDocID=ARfEgy.WNSVIvFfvSIVmBCw&sIDType=CUID,"Google Play Store, Apple Store & Website",https://play.google.com/store/apps/details?id=com.app.wogom,Google play store: https://play.google.com/store/apps/details?id=com.app.wogom&hl=en_IN Apple store: https://apps.apple.com/in/app/wogom-b2b-marketplace/id6503951094 Website: https://www.wogom.com/,com.app.wogom,1658,0
Kisan nXt  App,NABKISAN  Finance Ltd,NABKISAN FINANCE LIMITED,2026-09-25,https://data.rbi.org.in/BOE/OpenDocument/opendoc/custom.jsp?iDocID=ARfEgy.WNSVIvFfvSIVmBCw&sIDType=CUID,Google Play Store,https://play.google.com/store/apps/details?id=com.nabkisan.krishivikas,https://play.google.com/store/apps/details?id=com.nabkisan.krishivikas&hl=en_IN,com.nabkisan.krishivikas,1659,0
CashPey – India’s Own Loan App,CashPey – India’s Own Loan App,NAMAN COMMODITIES (P) LTD,2026-09-25,https://data.rbi.org.in/BOE/OpenDocument/opendoc/custom.jsp?iDocID=ARfEgy.WNSVIvFfvSIVmBCw&sIDType=CUID,Google Play Store,https://play.google.com/store/apps/details?id=com.cashpey,https://play.google.com/store/apps/details?id=com.cashpey,com.cashpey,1660,0
DayToDayLoan,Naman Commodities Private Limited,NAMAN COMMODITIES (P) LTD,2026-09-25,https://data.rbi.org.in/BOE/OpenDocument/opendoc/custom.jsp?iDocID=ARfEgy.WNSVIvFfvSIVmBCw&sIDType=CUID,Website,https://www.daytodayloan.com/,https://www.daytodayloan.com/,,1661,0
Lendingrupee,Naman Commodities Private Limited,NAMAN COMMODITIES (P) LTD,2026-09-25,https://data.rbi.org.in/BOE/OpenDocument/opendoc/custom.jsp?iDocID=ARfEgy.WNSVIvFfvSIVmBCw&sIDType=CUID,Website,https://www.lendingrupee.com/,https://www.lendingrupee.com/,,1662,0
Dhanvarsha,Self owned,NAMAN FINLEASE PVT. LTD.,2026-09-25,https://data.rbi.org.in/BOE/OpenDocument/opendoc/custom.jsp?iDocID=ARfEgy.WNSVIvFfvSIVmBCw&sIDType=CUID,Website,https://dhanvarshaa.com/,https://dhanvarshaa.com/,,1663,0
Fatakpaisa,Self owned,NAMAN FINLEASE PVT. LTD.,2026-09-25,https://data.rbi.org.in/BOE/OpenDocument/opendoc/custom.jsp?iDocID=ARfEgy.WNSVIvFfvSIVmBCw&sIDType=CUID,Website,https://fatakpaisa.com/,https://fatakpaisa.com/,,1664,0
Fingo Loan,Self owned,NAMAN FINLEASE PVT. LTD.,2026-09-25,https://data.rbi.org.in/BOE/OpenDocument/opendoc/custom.jsp?iDocID=ARfEgy.WNSVIvFfvSIVmBCw&sIDType=CUID,Website,https://www.fingoloan.com/,https://www.fingoloan.com/,,1665,0
QUA Loan,Self owned,NAMAN FINLEASE PVT. LTD.,2026-09-25,https://data.rbi.org.in/BOE/OpenDocument/opendoc/custom.jsp?iDocID=ARfEgy.WNSVIvFfvSIVmBCw&sIDType=CUID,Website,https://qualoan.com/,https://qualoan.com/,,1666,0
Rupee Raftar,Self owned,NAMAN FINLEASE PVT. LTD.,2026-09-25,https://data.rbi.org.in/BOE/OpenDocument/opendoc/custom.jsp?iDocID=ARfEgy.WNSVIvFfvSIVmBCw&sIDType=CUID,Website,https://rupeeraftaar.com/,https://rupeeraftaar.com/,,1667,0
Zaylo Loan,Self owned,NAMAN FINLEASE PVT. LTD.,2026-09-25,https://data.rbi.org.in/BOE/OpenDocument/opendoc/custom.jsp?iDocID=ARfEgy.WNSVIvFfvSIVmBCw&sIDType=CUID,Website,https://zayloloan.com/,https://zayloloan.com/,,1668,0
CashNandi - Instant Loan App,Self-owned,NAPEAN FINVEST PVT. LTD.,2026-09-25,https://data.rbi.org.in/BOE/OpenDocument/opendoc/custom.jsp?iDocID=ARfEgy.WNSVIvFfvSIVmBCw&sIDType=CUID,Google Play Store,https://play.google.com/store/apps/details?id=com.cash.nandi.instan.loan.app,https://play.google.com/store/apps/details?id=com.cash.nandi.instan.loan.app,com.cash.nandi.instan.loan.app,1669,0
KuberCash: Personal Loan App,Self-owned,NAPEAN FINVEST PVT. LTD.,2026-09-25,https://data.rbi.org.in/BOE/OpenDocument/opendoc/custom.jsp?iDocID=ARfEgy.WNSVIvFfvSIVmBCw&sIDType=CUID,Google Play Store,https://play.google.com/store/apps/details?id=com.kubercash.personal.cash.app,https://play.google.com/store/apps/details?id=com.kubercash.personal.cash.app,com.kubercash.personal.cash.app,1670,0
PaisaCash-Personal Credit,Self-owned,NAPEAN FINVEST PVT. LTD.,2026-09-25,https://data.rbi.org.in/BOE/OpenDocument/opendoc/custom.jsp?iDocID=ARfEgy.WNSVIvFfvSIVmBCw&sIDType=CUID,Google Play Store,https://play.google.com/store/apps/details?id=com.paisacash.loan,https://play.google.com/store/apps/details?id=com.paisacash.loan,com.paisacash.loan,1671,0
LOANZO,FINALOP TRADE LINKS SOLUTIONS PRIVATE LIMITED,NARAINSONS INVESTMENTS FINANCE & CONSULTANCY PVT. LTD.,2026-09-25,https://data.rbi.org.in/BOE/OpenDocument/opendoc/custom.jsp?iDocID=ARfEgy.WNSVIvFfvSIVmBCw&sIDType=CUID,Google Play store,https://play.google.com/store/apps/details?id=com.finlop.loanzo,https://play.google.com/store/apps/details?id=com.finlop.loanzo,com.finlop.loanzo,1672,0
Kosh Loan App,Narendra Finance Company Private Limited,NARENDRA FINANCE CO PVT LTD,2026-09-25,https://data.rbi.org.in/BOE/OpenDocument/opendoc/custom.jsp?iDocID=ARfEgy.WNSVIvFfvSIVmBCw&sIDType=CUID,https://getkosh.com/,https://play.google.com/store/apps/details?id=com.kosh,https://play.google.com/store/apps/details?id=com.kosh&pcampaignid=web_share,com.kosh,1673,0
Navi Finserv Limited,Self-owned,NAVI FINSERV LIMITED,2026-09-25,https://data.rbi.org.in/BOE/OpenDocument/opendoc/custom.jsp?iDocID=ARfEgy.WNSVIvFfvSIVmBCw&sIDType=CUID,Website,https://navi.com/hl,https://navi.com/hl,,1674,0
Navi Finserv Limited,Self-owned,NAVI FINSERV LIMITED,2026-09-25,https://data.rbi.org.in/BOE/OpenDocument/opendoc/custom.jsp?iDocID=ARfEgy.WNSVIvFfvSIVmBCw&sIDType=CUID,Website,https://navi.com/pl,https://navi.com/pl,,1675,0
Lendplus,Aventus Technology India Private Limited,NAVIN BROTHERS (P) LTD,2026-09-25,https://data.rbi.org.in/BOE/OpenDocument/opendoc/custom.jsp?iDocID=ARfEgy.WNSVIvFfvSIVmBCw&sIDType=CUID,website,lendplus.in,lendplus.in,,1676,0
The EMI Club,Mash Technologies Pvt Ltd (LSP),NAVKAR NIVESH PRIVATE LIMITED,2026-09-25,https://data.rbi.org.in/BOE/OpenDocument/opendoc/custom.jsp?iDocID=ARfEgy.WNSVIvFfvSIVmBCw&sIDType=CUID,Website,https://theemiclub.com/,https://theemiclub.com/,,1677,0
The EMI Club - Dealer App,Mash Technologies Pvt Ltd (LSP),NAVKAR NIVESH PRIVATE LIMITED,2026-09-25,https://data.rbi.org.in/BOE/OpenDocument/opendoc/custom.jsp?iDocID=ARfEgy.WNSVIvFfvSIVmBCw&sIDType=CUID,Google Play Store,https://play.google.com/store/apps/details?id=com.mash.emiclubdealer,https://play.google.com/store/apps/details?id=com.mash.emiclubdealer,com.mash.emiclubdealer,1678,0
Fundongo,Self Owned,NEENA IMPEX PVT.LTD.,2026-09-25,https://data.rbi.org.in/BOE/OpenDocument/opendoc/custom.jsp?iDocID=ARfEgy.WNSVIvFfvSIVmBCw&sIDType=CUID,https://fundongo.com/,https://fundongo.com/,https://fundongo.com/,,1679,0
Instarupees,Self Owned,NEENA IMPEX PVT.LTD.,2026-09-25,https://data.rbi.org.in/BOE/OpenDocument/opendoc/custom.jsp?iDocID=ARfEgy.WNSVIvFfvSIVmBCw&sIDType=CUID,https://www.instarupees.com/,https://www.instarupees.com/,https://www.instarupees.com/,,1680,0
Loaninpocket,Self Owned,NEENA IMPEX PVT.LTD.,2026-09-25,https://data.rbi.org.in/BOE/OpenDocument/opendoc/custom.jsp?iDocID=ARfEgy.WNSVIvFfvSIVmBCw&sIDType=CUID,https://www.loaninpocket.com/,https://www.loaninpocket.com/,https://www.loaninpocket.com/,,1681,0
Loanprime,Self Owned,NEENA IMPEX PVT.LTD.,2026-09-25,https://data.rbi.org.in/BOE/OpenDocument/opendoc/custom.jsp?iDocID=ARfEgy.WNSVIvFfvSIVmBCw&sIDType=CUID,https://loanprime.in/,https://loanprime.in/,https://loanprime.in/,,1682,0
Rupeecare,Self Owned,NEENA IMPEX PVT.LTD.,2026-09-25,https://data.rbi.org.in/BOE/OpenDocument/opendoc/custom.jsp?iDocID=ARfEgy.WNSVIvFfvSIVmBCw&sIDType=CUID,https://www.rupeecare.money/,https://www.rupeecare.money/,https://www.rupeecare.money/,,1683,0
Loanflix,Self Owned,NEENA IMPEX PVT.LTD.,2026-09-25,https://data.rbi.org.in/BOE/OpenDocument/opendoc/custom.jsp?iDocID=ARfEgy.WNSVIvFfvSIVmBCw&sIDType=CUID,https://loanflix.co.in/,https://loanflix.co.in/,https://loanflix.co.in/,,1684,0
NeoCash Insta,Neogrowth Credit Private Limited,NEOGROWTH CREDIT PRIVATE LIMITED,2026-09-25,https://data.rbi.org.in/BOE/OpenDocument/opendoc/custom.jsp?iDocID=ARfEgy.WNSVIvFfvSIVmBCw&sIDType=CUID,Website,https://insta.neogrowth.in/,https://insta.neogrowth.in/,,1685,0
NeoGrowth App,Neogrowth Credit Private Limited,NEOGROWTH CREDIT PRIVATE LIMITED,2026-09-25,https://data.rbi.org.in/BOE/OpenDocument/opendoc/custom.jsp?iDocID=ARfEgy.WNSVIvFfvSIVmBCw&sIDType=CUID,Goggle Play Store,https://play.google.com/store/apps/details?id=com.ng_customer_app,https://play.google.com/store/apps/details?id=com.ng_customer_app,com.ng_customer_app,1686,0
CRED,Owned by LSP - M/s Dreamplug Technologies Private Limited,NEWTAP FINANCE PRIVATE LIMITED (FORMERLY PARFAIT FINANCE & INVESTMENTS PRIVATE LIMITED),2026-09-25,https://data.rbi.org.in/BOE/OpenDocument/opendoc/custom.jsp?iDocID=ARfEgy.WNSVIvFfvSIVmBCw&sIDType=CUID,Apple App Store,https://apps.apple.com/in/app/cred-credit-cards-payments/id1428580080,https://apps.apple.com/in/app/cred-credit-cards-payments/id1428580080,,1687,0
CRED,Owned by LSP - M/s Dreamplug Technologies Private Limited,NEWTAP FINANCE PRIVATE LIMITED (FORMERLY PARFAIT FINANCE & INVESTMENTS PRIVATE LIMITED),2026-09-25,https://data.rbi.org.in/BOE/OpenDocument/opendoc/custom.jsp?iDocID=ARfEgy.WNSVIvFfvSIVmBCw&sIDType=CUID,Google Play Store,https://play.google.com/store/apps/details?id=com.dreamplug.androidapp,https://play.google.com/store/apps/details?id=com.dreamplug.androidapp&hl=en_IN&pli=1,com.dreamplug.androidapp,1688,0
GrowFi loan aggregator app,Gaman Technologies Pvt Ltd. ( Self- owned),NICE FINANCE AND LEASING PRIVATE LIMITED,2026-09-25,https://data.rbi.org.in/BOE/OpenDocument/opendoc/custom.jsp?iDocID=ARfEgy.WNSVIvFfvSIVmBCw&sIDType=CUID,Play Store,https://play.google.com/store/search?q=growfi&c=apps&hl=en_IN,https://play.google.com/store/search?q=growfi&c=apps&hl=en_IN,,1689,0
GrowFi loan aggregator app,Gaman Technologies Pvt Ltd. ( Self- owned),NICE FINANCE AND LEASING PRIVATE LIMITED,2026-09-25,https://data.rbi.org.in/BOE/OpenDocument/opendoc/custom.jsp?iDocID=ARfEgy.WNSVIvFfvSIVmBCw&sIDType=CUID,Website,https://growfi.app/,https://growfi.app/,,1690,0
Paizo,Nice Finance and Leasing Private Limited,NICE FINANCE AND LEASING PRIVATE LIMITED,2026-09-25,https://data.rbi.org.in/BOE/OpenDocument/opendoc/custom.jsp?iDocID=ARfEgy.WNSVIvFfvSIVmBCw&sIDType=CUID,Google Play Store,https://play.google.com/store/apps/details?id=com.paizo,https://play.google.com/store/apps/details?id=com.paizo,com.paizo,1691,0
Swipe Loan,KGIL Fintech Solutions Pvt Ltd,NICE FINANCE AND LEASING PRIVATE LIMITED,2026-09-25,https://data.rbi.org.in/BOE/OpenDocument/opendoc/custom.jsp?iDocID=ARfEgy.WNSVIvFfvSIVmBCw&sIDType=CUID,Play Store,https://play.google.com/store/apps/details?id=com.kgil.swipeloan,https://play.google.com/store/apps/details?id=com.kgil.swipeloan,com.kgil.swipeloan,1692,0
Swipe Loan,KGIL Fintech Solutions Pvt Ltd,NICE FINANCE AND LEASING PRIVATE LIMITED,2026-09-25,https://data.rbi.org.in/BOE/OpenDocument/opendoc/custom.jsp?iDocID=ARfEgy.WNSVIvFfvSIVmBCw&sIDType=CUID,Website,https://swipeloan.in,https://swipeloan.in,,1693,0
Sunny Rupee - Personal Loan,VALENDRIX FINTECH PRIVATE LIMITED,NISHTHA LEASING PVT LTD.,2026-09-25,https://data.rbi.org.in/BOE/OpenDocument/opendoc/custom.jsp?iDocID=ARfEgy.WNSVIvFfvSIVmBCw&sIDType=CUID,Google Play Store,https://play.google.com/store/apps/details?id=com.sunny.rupee.analytics.processor.service.app,https://play.google.com/store/apps/details?id=com.sunny.rupee.analytics.processor.service.app,com.sunny.rupee.analytics.processor.service.app,1694,0
Cashpe,Niskha Finance Private Limited,NISKHA FINANCE PRIVATE LIMITED,2026-09-25,https://data.rbi.org.in/BOE/OpenDocument/opendoc/custom.jsp?iDocID=ARfEgy.WNSVIvFfvSIVmBCw&sIDType=CUID,Website,https://www.cashpeloan.com,www.cashpeloan.com,,1695,0
Customer Self Service Portal,Self owned,NISSAN RENAULT FINANCIAL SERVICES INDIA PRIVATE LIMITED,2026-09-25,https://data.rbi.org.in/BOE/OpenDocument/opendoc/custom.jsp?iDocID=ARfEgy.WNSVIvFfvSIVmBCw&sIDType=CUID,Website,https://myloan.nrfsi.com/lmsmobileweb/react/index.html,https://myloan.nrfsi.com/lmsmobileweb/react/index.html,,1696,0
Group Employee Personal Loans,Self owned,NISSAN RENAULT FINANCIAL SERVICES INDIA PRIVATE LIMITED,2026-09-25,https://data.rbi.org.in/BOE/OpenDocument/opendoc/custom.jsp?iDocID=ARfEgy.WNSVIvFfvSIVmBCw&sIDType=CUID,Website,https://personalloan.nrfsi.com/pl/home,https://personalloan.nrfsi.com/pl/home,,1697,0
Smart Finance Platform,Self owned,NISSAN RENAULT FINANCIAL SERVICES INDIA PRIVATE LIMITED,2026-09-25,https://data.rbi.org.in/BOE/OpenDocument/opendoc/custom.jsp?iDocID=ARfEgy.WNSVIvFfvSIVmBCw&sIDType=CUID,Website,https://digiapp.nrfsi.com/Renault_SFP/form/personalInfo,https://digiapp.nrfsi.com/Renault_SFP/form/personalInfo,,1698,0
CAPITAL CONNECT,CAPITAL TRUST LIMITED,NIYOGIN FINTECH LIMITED,2026-09-25,https://data.rbi.org.in/BOE/OpenDocument/opendoc/custom.jsp?iDocID=ARfEgy.WNSVIvFfvSIVmBCw&sIDType=CUID,Google Play Store,https://play.google.com/store/search?q=Capital%20connect&c=apps&hl=en_IN,https://play.google.com/store/search?q=Capital%20connect&c=apps&hl=en_IN,,1699,0
Finsall,Finsall Resources Private Limited,NIYOGIN FINTECH LIMITED,2026-09-25,https://data.rbi.org.in/BOE/OpenDocument/opendoc/custom.jsp?iDocID=ARfEgy.WNSVIvFfvSIVmBCw&sIDType=CUID,App Stores- Apple AppStore and Google Play,https://play.google.com/store/apps/details?id=com.finsall,Appstore- ?https://apps.apple.com/in/app/finsall/id155341993                     Google Play- https://play.google.com/store/apps/details?id=com.finsall&pcampaignid=web_share,com.finsall,1700,0
GLAAS,Gromor FINANCE PRIVATE LIMITED,NIYOGIN FINTECH LIMITED,2026-09-25,https://data.rbi.org.in/BOE/OpenDocument/opendoc/custom.jsp?iDocID=ARfEgy.WNSVIvFfvSIVmBCw&sIDType=CUID,Website,https://los.glaas.co/en,https://los.glaas.co/en,,1701,0
Karmalife,Onionlife Private Limited,NIYOGIN FINTECH LIMITED,2026-09-25,https://data.rbi.org.in/BOE/OpenDocument/opendoc/custom.jsp?iDocID=ARfEgy.WNSVIvFfvSIVmBCw&sIDType=CUID,?Website,?https://app.karmalife.ai/,?https://app.karmalife.ai/,,1702,0
Khatabook,?ADJ Utility Apps Private Limited,NIYOGIN FINTECH LIMITED,2026-09-25,https://data.rbi.org.in/BOE/OpenDocument/opendoc/custom.jsp?iDocID=ARfEgy.WNSVIvFfvSIVmBCw&sIDType=CUID,Website,?https://khatabook.com/our-apps,?https://khatabook.com/our-apps,,1703,0
MEESHO,Meesho Payments Private Limited,NIYOGIN FINTECH LIMITED,2026-09-25,https://data.rbi.org.in/BOE/OpenDocument/opendoc/custom.jsp?iDocID=ARfEgy.WNSVIvFfvSIVmBCw&sIDType=CUID,Website,https://finance.mppl.meesho.com/,https://finance.mppl.meesho.com/,,1704,0
NINJA,Ninjacart Services Private Limited,NIYOGIN FINTECH LIMITED,2026-09-25,https://data.rbi.org.in/BOE/OpenDocument/opendoc/custom.jsp?iDocID=ARfEgy.WNSVIvFfvSIVmBCw&sIDType=CUID,Apple AppStore and Google Play Store,https://play.google.com/store/apps/details?id=com.nc.trader,https://play.google.com/store/apps/details?id=com.nc.trader  & https://apps.apple.com/in/app/ninja-app/id1626963855,com.nc.trader,1705,0
NIRA FINANCE,Shuhari Tech Ventures Pvt Ltd,NIYOGIN FINTECH LIMITED,2026-09-25,https://data.rbi.org.in/BOE/OpenDocument/opendoc/custom.jsp?iDocID=ARfEgy.WNSVIvFfvSIVmBCw&sIDType=CUID,Google Play Store,https://www.nirafinance.com,https://www.nirafinance.com,,1706,0
NYE,Rapipay Fintech Private Limited,NIYOGIN FINTECH LIMITED,2026-09-25,https://data.rbi.org.in/BOE/OpenDocument/opendoc/custom.jsp?iDocID=ARfEgy.WNSVIvFfvSIVmBCw&sIDType=CUID,Website,https://nye.money/,https://nye.money/,,1707,0
Payme,PAYME INDIA FINANCIAL SERVICES PRIVATE LIMITED,NIYOGIN FINTECH LIMITED,2026-09-25,https://data.rbi.org.in/BOE/OpenDocument/opendoc/custom.jsp?iDocID=ARfEgy.WNSVIvFfvSIVmBCw&sIDType=CUID,Website,https://www.paymeindia.in/personal-loan-app/,https://www.paymeindia.in/personal-loan-app/,,1708,0
NJ Capital Private Limited,NJ Capital Private Limited,NJ CAPITAL PRIVATE LIMITED,2026-09-25,https://data.rbi.org.in/BOE/OpenDocument/opendoc/custom.jsp?iDocID=ARfEgy.WNSVIvFfvSIVmBCw&sIDType=CUID,https://www.njcapital.in/partner/customer/login,https://www.njcapital.in/partner/customer/login,https://www.njcapital.in/partner/customer/login,,1709,0
NJ Financial Services Private Limited,NJ Financial Services Private Limited,NJ CAPITAL PRIVATE LIMITED,2026-09-25,https://data.rbi.org.in/BOE/OpenDocument/opendoc/custom.jsp?iDocID=ARfEgy.WNSVIvFfvSIVmBCw&sIDType=CUID,https://www.njloans.in.,https://www.njloans.in.,https://www.njloans.in.,,1710,0
Kredito24,TECAZOID INNOVATIONS PRIVATE LIMITED,NORTH EAST HIRE PURCHASE COMPANY(INDIA)PVT LTD.,2026-09-25,https://data.rbi.org.in/BOE/OpenDocument/opendoc/custom.jsp?iDocID=ARfEgy.WNSVIvFfvSIVmBCw&sIDType=CUID,Website,https://kredito24.in/,https://kredito24.in/,,1711,0
Branch-Instant Personal Loan,Branch International Financial Services Private Limited,NORTHERN ARC CAPITAL LIMITED,2026-09-25,https://data.rbi.org.in/BOE/OpenDocument/opendoc/custom.jsp?iDocID=ARfEgy.WNSVIvFfvSIVmBCw&sIDType=CUID,Play store,https://play.google.com/store/apps/details?id=com.branch_international.branch.branch_demo_android,https://play.google.com/store/apps/details?id=com.branch_international.branch.branch_demo_android&hl=en_IN&gl=GB,com.branch_international.branch.branch_demo_android,1712,0
CASHe,TSLC Pte Ltd with a sub-license to Bhanix Finance and Investment Limited,NORTHERN ARC CAPITAL LIMITED,2026-09-25,https://data.rbi.org.in/BOE/OpenDocument/opendoc/custom.jsp?iDocID=ARfEgy.WNSVIvFfvSIVmBCw&sIDType=CUID,Website,https://web.cashe.co.in/,https://web.cashe.co.in/,,1713,0
CASHe: Online Instant Loan App,TSLC Pte Ltd with a sub-license to Bhanix Finance and Investment Limited,NORTHERN ARC CAPITAL LIMITED,2026-09-25,https://data.rbi.org.in/BOE/OpenDocument/opendoc/custom.jsp?iDocID=ARfEgy.WNSVIvFfvSIVmBCw&sIDType=CUID,Apple App Store,https://apps.apple.com/in/app/cashe-loan-credit-line-app/id1261854922,https://apps.apple.com/in/app/cashe-loan-credit-line-app/id1261854922,,1714,0
CASHe:Quick Personal Loan App,TSLC Pte Ltd with a sub-license to Bhanix Finance and Investment Limited,NORTHERN ARC CAPITAL LIMITED,2026-09-25,https://data.rbi.org.in/BOE/OpenDocument/opendoc/custom.jsp?iDocID=ARfEgy.WNSVIvFfvSIVmBCw&sIDType=CUID,Google Play Store,https://play.google.com/store/apps/details?id=co.tslc.cashe.android,https://play.google.com/store/apps/details?id=co.tslc.cashe.android,co.tslc.cashe.android,1715,0
Easy Personal Loan - KreditBee,Finnovation Tech Solutions Private Limited,NORTHERN ARC CAPITAL LIMITED,2026-09-25,https://data.rbi.org.in/BOE/OpenDocument/opendoc/custom.jsp?iDocID=ARfEgy.WNSVIvFfvSIVmBCw&sIDType=CUID,Apple App Store,https://apps.apple.com/in/app/easy-personal-loan-kreditbee/id1488736283,https://apps.apple.com/in/app/easy-personal-loan-kreditbee/id1488736283,,1716,0
Easy Personal Loan - KreditBee,Finnovation Tech Solutions Private Limited,NORTHERN ARC CAPITAL LIMITED,2026-09-25,https://data.rbi.org.in/BOE/OpenDocument/opendoc/custom.jsp?iDocID=ARfEgy.WNSVIvFfvSIVmBCw&sIDType=CUID,Apple App Store,https://apps.apple.com/in/app/easy-personal-loankreditbee/id1488736283,https://apps.apple.com/in/app/easy-personal-loankreditbee/id1488736283,,1717,0
Easy Personal Loan - KreditBee,Finnovation Tech Solutions Private Limited,NORTHERN ARC CAPITAL LIMITED,2026-09-25,https://data.rbi.org.in/BOE/OpenDocument/opendoc/custom.jsp?iDocID=ARfEgy.WNSVIvFfvSIVmBCw&sIDType=CUID,Google Play Store,https://play.google.com/store/apps/details?id=com.kreditbee.android,https://play.google.com/store/apps/details?id=com.kreditbee.android,com.kreditbee.android,1718,0
"Fibe Quick, Easy Personal Loan",Social Worth Technologies Ltd,NORTHERN ARC CAPITAL LIMITED,2026-09-25,https://data.rbi.org.in/BOE/OpenDocument/opendoc/custom.jsp?iDocID=ARfEgy.WNSVIvFfvSIVmBCw&sIDType=CUID,Apple App Store,Fibe Instant Personal Loan App on the??App Store?,Fibe Instant Personal Loan App on the??App Store?,,1719,0
"Fibe Quick, Easy Personal Loan",Social Worth Technologies Ltd,NORTHERN ARC CAPITAL LIMITED,2026-09-25,https://data.rbi.org.in/BOE/OpenDocument/opendoc/custom.jsp?iDocID=ARfEgy.WNSVIvFfvSIVmBCw&sIDType=CUID,Google Play Store,"Fibe Quick, Easy Personal Loan – Apps on Google Play?","Fibe Quick, Easy Personal Loan – Apps on Google Play?",,1720,0
Finnable: Personal Loan App,Finnable Technologies Private Limited,NORTHERN ARC CAPITAL LIMITED,2026-09-25,https://data.rbi.org.in/BOE/OpenDocument/opendoc/custom.jsp?iDocID=ARfEgy.WNSVIvFfvSIVmBCw&sIDType=CUID,Apple App Store,Finnable App - App Store,Finnable App - App Store,,1721,0
Finnable: Personal Loan App,Finnable Technologies Private Limited,NORTHERN ARC CAPITAL LIMITED,2026-09-25,https://data.rbi.org.in/BOE/OpenDocument/opendoc/custom.jsp?iDocID=ARfEgy.WNSVIvFfvSIVmBCw&sIDType=CUID,Google Play Store,Finnable: Loan & Credit Score - Apps on Google Play?,Finnable: Loan & Credit Score - Apps on Google Play?,,1722,0
Indifi Technologies Pvt Ltd,Indifi Technologies Pvt Ltd,NORTHERN ARC CAPITAL LIMITED,2026-09-25,https://data.rbi.org.in/BOE/OpenDocument/opendoc/custom.jsp?iDocID=ARfEgy.WNSVIvFfvSIVmBCw&sIDType=CUID,Website,https://www.indifi.com/business-loan,https://www.indifi.com/business-loan,,1723,0
Indifi Unsecured Business loan,Indifi Technologies Pvt Ltd,NORTHERN ARC CAPITAL LIMITED,2026-09-25,https://data.rbi.org.in/BOE/OpenDocument/opendoc/custom.jsp?iDocID=ARfEgy.WNSVIvFfvSIVmBCw&sIDType=CUID,Google Play Store,https://play.google.com/store/apps/details?id=com.riviera.indifi.app,https://play.google.com/store/apps/details?id=com.riviera.indifi.app&hl=en_IN,com.riviera.indifi.app,1724,0
Kissht,OnEMI Technology Solutions Limited,NORTHERN ARC CAPITAL LIMITED,2026-09-25,https://data.rbi.org.in/BOE/OpenDocument/opendoc/custom.jsp?iDocID=ARfEgy.WNSVIvFfvSIVmBCw&sIDType=CUID,Play Store,https://play.google.com/store/apps/details?id=com.fastbanking,https://play.google.com/store/apps/details?id=com.fastbanking&pcampaignid=web_share,com.fastbanking,1725,0
Kissht IOS,OnEMI Technology Solutions Limited,NORTHERN ARC CAPITAL LIMITED,2026-09-25,https://data.rbi.org.in/BOE/OpenDocument/opendoc/custom.jsp?iDocID=ARfEgy.WNSVIvFfvSIVmBCw&sIDType=CUID,App store,https://apps.apple.com/in/app/kissht-instant-personal-loan/id6752766331,https://apps.apple.com/in/app/kissht-instant-personal-loan/id6752766331,,1726,0
Krazybee,Finnovation Tech Solutions Private Limited,NORTHERN ARC CAPITAL LIMITED,2026-09-25,https://data.rbi.org.in/BOE/OpenDocument/opendoc/custom.jsp?iDocID=ARfEgy.WNSVIvFfvSIVmBCw&sIDType=CUID,Website,https://www.kreditbee.in/,https://www.kreditbee.in/,,1727,0
KreditBee,Finnovation Tech Solutions Private Limited,NORTHERN ARC CAPITAL LIMITED,2026-09-25,https://data.rbi.org.in/BOE/OpenDocument/opendoc/custom.jsp?iDocID=ARfEgy.WNSVIvFfvSIVmBCw&sIDType=CUID,Website,https://www.kreditbee.in/,https://www.kreditbee.in/,,1728,0
KreditBee - Instant Personal Loan Online,Finnovation Tech Solutions Private Limited,NORTHERN ARC CAPITAL LIMITED,2026-09-25,https://data.rbi.org.in/BOE/OpenDocument/opendoc/custom.jsp?iDocID=ARfEgy.WNSVIvFfvSIVmBCw&sIDType=CUID,Xiaomi Global App,https://play.google.com/store/apps/details?id=com.kreditbee.android,https://global.app.mi.com/details?lo=IN&la=en_US&id=com.kreditbee.android,com.kreditbee.android,1729,0
KreditBee - Instant Personal Loan Online App,Finnovation Tech Solutions Private Limited,NORTHERN ARC CAPITAL LIMITED,2026-09-25,https://data.rbi.org.in/BOE/OpenDocument/opendoc/custom.jsp?iDocID=ARfEgy.WNSVIvFfvSIVmBCw&sIDType=CUID,Galaxy Store,https://apps.samsung.com/appquery/appDetail.as?appId=com.kreditbee.android,https://apps.samsung.com/appquery/appDetail.as?appId=com.kreditbee.android,,1730,0
KreditBee: Personal Loan App,Finnovation Tech Solutions Private Limited,NORTHERN ARC CAPITAL LIMITED,2026-09-25,https://data.rbi.org.in/BOE/OpenDocument/opendoc/custom.jsp?iDocID=ARfEgy.WNSVIvFfvSIVmBCw&sIDType=CUID,Google Play Store,https://play.google.com/store/apps/details?id=com.kreditbee.android,https://play.google.com/store/apps/details?id=com.kreditbee.android&gl=IN,com.kreditbee.android,1731,0
KreditBee: Personal Loan App,Finnovation Tech Solutions Private Limited,NORTHERN ARC CAPITAL LIMITED,2026-09-25,https://data.rbi.org.in/BOE/OpenDocument/opendoc/custom.jsp?iDocID=ARfEgy.WNSVIvFfvSIVmBCw&sIDType=CUID,Indus App Store,https://indusapp.store/9ip3i05q,https://indusapp.store/9ip3i05q,,1732,0
Lendingkart,Lendingkart Finance Limited,NORTHERN ARC CAPITAL LIMITED,2026-09-25,https://data.rbi.org.in/BOE/OpenDocument/opendoc/custom.jsp?iDocID=ARfEgy.WNSVIvFfvSIVmBCw&sIDType=CUID,Website,https://www.lendingkart.com,https://www.lendingkart.com,,1733,0
Lendingkart: Business Loan App,Lendingkart Finance Limited,NORTHERN ARC CAPITAL LIMITED,2026-09-25,https://data.rbi.org.in/BOE/OpenDocument/opendoc/custom.jsp?iDocID=ARfEgy.WNSVIvFfvSIVmBCw&sIDType=CUID,Google Play Store,https://play.google.com/store/apps/details?id=com.LendingKart,https://play.google.com/store/apps/details?id=com.LendingKart&hl=en_IN&pli=1,com.LendingKart,1734,0
Mobikwik,One Mobikwik Systems Limited,NORTHERN ARC CAPITAL LIMITED,2026-09-25,https://data.rbi.org.in/BOE/OpenDocument/opendoc/custom.jsp?iDocID=ARfEgy.WNSVIvFfvSIVmBCw&sIDType=CUID,Website,https://www.mobikwik.com,https://www.mobikwik.com,,1735,0
MobiKwik: BHIM UPI Wallet,One Mobikwik Systems Limited,NORTHERN ARC CAPITAL LIMITED,2026-09-25,https://data.rbi.org.in/BOE/OpenDocument/opendoc/custom.jsp?iDocID=ARfEgy.WNSVIvFfvSIVmBCw&sIDType=CUID,Apple App Store,https://apps.apple.com/in/app/mobikwik-bhim-upi-wallet/id600002523,https://apps.apple.com/in/app/mobikwik-bhim-upi-wallet/id600002523,,1736,0
MobiKwik: BHIM UPI Wallet,One Mobikwik Systems Limited,NORTHERN ARC CAPITAL LIMITED,2026-09-25,https://data.rbi.org.in/BOE/OpenDocument/opendoc/custom.jsp?iDocID=ARfEgy.WNSVIvFfvSIVmBCw&sIDType=CUID,Google Play Store,https://play.google.com/store/apps/details?id=com.mobikwik_new,https://play.google.com/store/apps/details?id=com.mobikwik_new,com.mobikwik_new,1737,0
Moneyview,Moneyview Private Limited,NORTHERN ARC CAPITAL LIMITED,2026-09-25,https://data.rbi.org.in/BOE/OpenDocument/opendoc/custom.jsp?iDocID=ARfEgy.WNSVIvFfvSIVmBCw&sIDType=CUID,Indus App Store,https://indusapp.store/i9wgi4c9,https://indusapp.store/i9wgi4c9,,1738,0
"Moneyview: Loans, Credit Cards",Moneyview Private Limited,NORTHERN ARC CAPITAL LIMITED,2026-09-25,https://data.rbi.org.in/BOE/OpenDocument/opendoc/custom.jsp?iDocID=ARfEgy.WNSVIvFfvSIVmBCw&sIDType=CUID,Apple App Store,https://apps.apple.com/in/app/moneyview-loans-credit-cards/id6468976019,https://apps.apple.com/in/app/moneyview-loans-credit-cards/id6468976019,,1739,0
"Moneyview: UPI, Personal Loans",Moneyview Private Limited,NORTHERN ARC CAPITAL LIMITED,2026-09-25,https://data.rbi.org.in/BOE/OpenDocument/opendoc/custom.jsp?iDocID=ARfEgy.WNSVIvFfvSIVmBCw&sIDType=CUID,Google Play Store,https://play.google.com/store/apps/details?id=com.whizdm.moneyview.loans,https://play.google.com/store/apps/details?id=com.whizdm.moneyview.loans&hl=en-US,com.whizdm.moneyview.loans,1740,0
"Moneyview: UPI, Personal Loans, Credit",Moneyview Private Limited,NORTHERN ARC CAPITAL LIMITED,2026-09-25,https://data.rbi.org.in/BOE/OpenDocument/opendoc/custom.jsp?iDocID=ARfEgy.WNSVIvFfvSIVmBCw&sIDType=CUID,MI App store,https://play.google.com/store/apps/details?id=com.whizdm.moneyview.loans,https://global.app.mi.com/details?lo=IN&la=en&id=com.whizdm.moneyview.loans,com.whizdm.moneyview.loans,1741,0
Navi Finserv limited,Navi Finserv limited,NORTHERN ARC CAPITAL LIMITED,2026-09-25,https://data.rbi.org.in/BOE/OpenDocument/opendoc/custom.jsp?iDocID=ARfEgy.WNSVIvFfvSIVmBCw&sIDType=CUID,Website,http://navi.com/pl,http://navi.com/pl,,1742,0
NIRA Instant Personal Loan App,Shuhari tech ventures PVT LTD,NORTHERN ARC CAPITAL LIMITED,2026-09-25,https://data.rbi.org.in/BOE/OpenDocument/opendoc/custom.jsp?iDocID=ARfEgy.WNSVIvFfvSIVmBCw&sIDType=CUID,Google Play Store,https://play.google.com/store/apps/details?id=com.nirafinance.customer,https://play.google.com/store/apps/details?id=com.nirafinance.customer,com.nirafinance.customer,1743,0
NIRA Instant Personal Loan App,Shuhari tech ventures PVT LTD,NORTHERN ARC CAPITAL LIMITED,2026-09-25,https://data.rbi.org.in/BOE/OpenDocument/opendoc/custom.jsp?iDocID=ARfEgy.WNSVIvFfvSIVmBCw&sIDType=CUID,Indus App Store,https://play.google.com/store/apps/details?id=com.nirafinance.customer,https://www.indusappstore.com/apps/finance/nira/com.nirafinance.customer/?page=details&id=com.nirafinance.customer,com.nirafinance.customer,1744,0
NORTHERN ARC CAPITAL LIMITED,Self-owned,NORTHERN ARC CAPITAL LIMITED,2026-09-25,https://data.rbi.org.in/BOE/OpenDocument/opendoc/custom.jsp?iDocID=ARfEgy.WNSVIvFfvSIVmBCw&sIDType=CUID,Google Play Store,https://play.google.com/store/apps/details?id=com.northernarc.rlo,https://play.google.com/store/apps/details?id=com.northernarc.rlo&hl=en-IN&pli=1,com.northernarc.rlo,1745,0
NORTHERN ARC CAPITAL LIMITED,Self-owned,NORTHERN ARC CAPITAL LIMITED,2026-09-25,https://data.rbi.org.in/BOE/OpenDocument/opendoc/custom.jsp?iDocID=ARfEgy.WNSVIvFfvSIVmBCw&sIDType=CUID,Website,https://retail.northernarc.com/,https://retail.northernarc.com/,,1746,0
Olyv: Loans & Credit Score,Smartcoin Financials Private limited,NORTHERN ARC CAPITAL LIMITED,2026-09-25,https://data.rbi.org.in/BOE/OpenDocument/opendoc/custom.jsp?iDocID=ARfEgy.WNSVIvFfvSIVmBCw&sIDType=CUID,Google Play Store,https://play.google.com/store/apps/details?id=in.rebase.app,https://play.google.com/store/apps/details?id=in.rebase.app&pli=1,in.rebase.app,1747,0
Olyv (SmartCoin) Personal Loan,Smartcoin Financials Private limited,NORTHERN ARC CAPITAL LIMITED,2026-09-25,https://data.rbi.org.in/BOE/OpenDocument/opendoc/custom.jsp?iDocID=ARfEgy.WNSVIvFfvSIVmBCw&sIDType=CUID,Indus App Store,https://play.google.com/store/apps/details?id=in.rebase.app,https://www.indusappstore.com/apps/finance/olyv--smartcoin-/in.rebase.app/?page=details&id=in.rebase.app,in.rebase.app,1748,0
Olyv (SmartCoin) Personal Loan,Smartcoin Financials Private limited,NORTHERN ARC CAPITAL LIMITED,2026-09-25,https://data.rbi.org.in/BOE/OpenDocument/opendoc/custom.jsp?iDocID=ARfEgy.WNSVIvFfvSIVmBCw&sIDType=CUID,MI App store,https://play.google.com/store/apps/details?id=in.rebase.app,https://global.app.mi.com/details?lo=IN&la=en&id=in.rebase.app,in.rebase.app,1749,0
Olyv (SmartCoin) Personal Loan,Smartcoin Financials Private limited,NORTHERN ARC CAPITAL LIMITED,2026-09-25,https://data.rbi.org.in/BOE/OpenDocument/opendoc/custom.jsp?iDocID=ARfEgy.WNSVIvFfvSIVmBCw&sIDType=CUID,Website,https://app.olyv.co.in/login,https://app.olyv.co.in/login,,1750,0
OTO: Buy Bikes at lowest price,1T9 Technology Private Limited,NORTHERN ARC CAPITAL LIMITED,2026-09-25,https://data.rbi.org.in/BOE/OpenDocument/opendoc/custom.jsp?iDocID=ARfEgy.WNSVIvFfvSIVmBCw&sIDType=CUID,Google Play Store,https://play.google.com/store/apps/details?id=com.oto.android.app,https://play.google.com/store/apps/details?id=com.oto.android.app&hl=en_IN,com.oto.android.app,1751,0
OTO Capital,1T9 Technology Private Limited,NORTHERN ARC CAPITAL LIMITED,2026-09-25,https://data.rbi.org.in/BOE/OpenDocument/opendoc/custom.jsp?iDocID=ARfEgy.WNSVIvFfvSIVmBCw&sIDType=CUID,Website,https://www.otocapital.in/login,https://www.otocapital.in/login,,1752,0
Paytm for Business,One97 communications Ltd,NORTHERN ARC CAPITAL LIMITED,2026-09-25,https://data.rbi.org.in/BOE/OpenDocument/opendoc/custom.jsp?iDocID=ARfEgy.WNSVIvFfvSIVmBCw&sIDType=CUID,Apple App Store,https://apps.apple.com/in/app/paytm-for-business/id1351301966,https://apps.apple.com/in/app/paytm-for-business/id1351301966,,1753,0
Paytm for Business,One97 communications Ltd,NORTHERN ARC CAPITAL LIMITED,2026-09-25,https://data.rbi.org.in/BOE/OpenDocument/opendoc/custom.jsp?iDocID=ARfEgy.WNSVIvFfvSIVmBCw&sIDType=CUID,Google Play Store,https://play.google.com/store/apps/details?id=com.paytm.business,https://play.google.com/store/apps/details?id=com.paytm.business,com.paytm.business,1754,0
Ring,OnEMI Technology Solutions Limited,NORTHERN ARC CAPITAL LIMITED,2026-09-25,https://data.rbi.org.in/BOE/OpenDocument/opendoc/custom.jsp?iDocID=ARfEgy.WNSVIvFfvSIVmBCw&sIDType=CUID,Play Store,https://play.google.com/store/apps/details?id=com.ideopay.user,https://play.google.com/store/apps/details?id=com.ideopay.user,com.ideopay.user,1755,0
Slice,slice Small Finance Bank Ltd,NORTHERN ARC CAPITAL LIMITED,2026-09-25,https://data.rbi.org.in/BOE/OpenDocument/opendoc/custom.jsp?iDocID=ARfEgy.WNSVIvFfvSIVmBCw&sIDType=CUID,Google Play Store,slice – Apps on Google Play,slice – Apps on Google Play,,1756,0
Slice: bank at RBI repo rate,slice Small Finance Bank Ltd,NORTHERN ARC CAPITAL LIMITED,2026-09-25,https://data.rbi.org.in/BOE/OpenDocument/opendoc/custom.jsp?iDocID=ARfEgy.WNSVIvFfvSIVmBCw&sIDType=CUID,Apple App Store,slice: UPI credit card & bank App - App Store,slice: UPI credit card & bank App - App Store,,1757,0
Stashfin,EQX Analytics Private Limited,NORTHERN ARC CAPITAL LIMITED,2026-09-25,https://data.rbi.org.in/BOE/OpenDocument/opendoc/custom.jsp?iDocID=ARfEgy.WNSVIvFfvSIVmBCw&sIDType=CUID,Website,"Stashfin: Instant Loan, Insurance & Corporate Bonds Investment?","Stashfin: Instant Loan, Insurance & Corporate Bonds Investment?",,1758,0
"Stashfin: Loans, Bonds More",EQX Analytics Private Limited,NORTHERN ARC CAPITAL LIMITED,2026-09-25,https://data.rbi.org.in/BOE/OpenDocument/opendoc/custom.jsp?iDocID=ARfEgy.WNSVIvFfvSIVmBCw&sIDType=CUID,Apple App Store,"Stashfin: Loans, Bonds & More App - App Store","Stashfin: Loans, Bonds & More App - App Store",,1759,0
Stashfin Personal Loan Bonds,EQX Analytics Private Limited,NORTHERN ARC CAPITAL LIMITED,2026-09-25,https://data.rbi.org.in/BOE/OpenDocument/opendoc/custom.jsp?iDocID=ARfEgy.WNSVIvFfvSIVmBCw&sIDType=CUID,Google Play Store,"Stashfin UPI, Pay Bills, Loans - Apps on Google Play?","Stashfin UPI, Pay Bills, Loans - Apps on Google Play?",,1760,0
"TrueBalance-Personal Loan, UPI",Balancehero India Private Limited,NORTHERN ARC CAPITAL LIMITED,2026-09-25,https://data.rbi.org.in/BOE/OpenDocument/opendoc/custom.jsp?iDocID=ARfEgy.WNSVIvFfvSIVmBCw&sIDType=CUID,Galaxy Store,https://galaxystore.samsung.com/detail/com.balancehero.truebalance?,https://galaxystore.samsung.com/detail/com.balancehero.truebalance?,,1761,0
"TrueBalance-Personal Loan, UPI",Balancehero India Private Limited,NORTHERN ARC CAPITAL LIMITED,2026-09-25,https://data.rbi.org.in/BOE/OpenDocument/opendoc/custom.jsp?iDocID=ARfEgy.WNSVIvFfvSIVmBCw&sIDType=CUID,Google Play Store,https://play.google.com/store/apps/details?id=com.balancehero.truebalance,https://play.google.com/store/apps/details?id=com.balancehero.truebalance?,com.balancehero.truebalance,1762,0
"TrueBalance-Personal Loan, UPI",Balancehero India Private Limited,NORTHERN ARC CAPITAL LIMITED,2026-09-25,https://data.rbi.org.in/BOE/OpenDocument/opendoc/custom.jsp?iDocID=ARfEgy.WNSVIvFfvSIVmBCw&sIDType=CUID,Huawei AppGallery,https://appgallery.huawei.com/app/C101648675?,https://appgallery.huawei.com/app/C101648675?,,1763,0
"TrueBalance-Personal Loan, UPI",Balancehero India Private Limited,NORTHERN ARC CAPITAL LIMITED,2026-09-25,https://data.rbi.org.in/BOE/OpenDocument/opendoc/custom.jsp?iDocID=ARfEgy.WNSVIvFfvSIVmBCw&sIDType=CUID,Indus App Store,https://www.indusappstore.com/apps/finance/true-balance/com.balancehero.truebalance?page=details&id=com.balancehero.truebalance?,https://www.indusappstore.com/apps/finance/true-balance/com.balancehero.truebalance?page=details&id=com.balancehero.truebalance?,,1764,0
"TrueBalance-Personal Loan, UPI",Balancehero India Private Limited,NORTHERN ARC CAPITAL LIMITED,2026-09-25,https://data.rbi.org.in/BOE/OpenDocument/opendoc/custom.jsp?iDocID=ARfEgy.WNSVIvFfvSIVmBCw&sIDType=CUID,MI App store,https://global.app.mi.com/details?lo=IN&la=en_US&id=com.balancehero.truebalance?,https://global.app.mi.com/details?lo=IN&la=en_US&id=com.balancehero.truebalance?,,1765,0
Unicard,Uniorbit Technologies Private Limited,NORTHERN ARC CAPITAL LIMITED,2026-09-25,https://data.rbi.org.in/BOE/OpenDocument/opendoc/custom.jsp?iDocID=ARfEgy.WNSVIvFfvSIVmBCw&sIDType=CUID,Website,https://www.uni.cards,https://www.uni.cards,,1766,0
Uni Cards,Uniorbit Technologies Private Limited,NORTHERN ARC CAPITAL LIMITED,2026-09-25,https://data.rbi.org.in/BOE/OpenDocument/opendoc/custom.jsp?iDocID=ARfEgy.WNSVIvFfvSIVmBCw&sIDType=CUID,Apple App Store,https://apps.apple.com/in/app/uni-cards/id1582949126,https://apps.apple.com/in/app/uni-cards/id1582949126,,1767,0
Uni : GoldX NX Credit Card,Uniorbit Technologies Private Limited,NORTHERN ARC CAPITAL LIMITED,2026-09-25,https://data.rbi.org.in/BOE/OpenDocument/opendoc/custom.jsp?iDocID=ARfEgy.WNSVIvFfvSIVmBCw&sIDType=CUID,Google Play Store,https://play.google.com/store/apps/details?id=cards.uni.app.credit,https://play.google.com/store/apps/details?id=cards.uni.app.credit,cards.uni.app.credit,1768,0
WeRize Customer App,Wortgage Technologies Private Limited,NORTHERN ARC CAPITAL LIMITED,2026-09-25,https://data.rbi.org.in/BOE/OpenDocument/opendoc/custom.jsp?iDocID=ARfEgy.WNSVIvFfvSIVmBCw&sIDType=CUID,Google Play Store,https://play.google.com/store/apps/details?id=com.moneyonclick.customerapp,https://play.google.com/store/apps/details?id=com.moneyonclick.customerapp&hl=en,com.moneyonclick.customerapp,1769,0
mobiCred,mobiCred,ORICRED FINSERV PRIVATE LIMITED,2026-09-25,https://data.rbi.org.in/BOE/OpenDocument/opendoc/custom.jsp?iDocID=ARfEgy.WNSVIvFfvSIVmBCw&sIDType=CUID,Google Playstore,https://play.google.com/store/apps/details?id=com.oricred.mobicred,https://play.google.com/store/apps/details?id=com.oricred.mobicred&pcampaignid=web_share,com.oricred.mobicred,1770,0
Instaclaus,Instaclaus Fintech Private Limited,ORIENTAL FINSTOCK SERVICES  PVT.LTD,2026-09-25,https://data.rbi.org.in/BOE/OpenDocument/opendoc/custom.jsp?iDocID=ARfEgy.WNSVIvFfvSIVmBCw&sIDType=CUID,Apple App Store,https://apps.apple.com/in/app/instaclaus/id6478954888,https://apps.apple.com/in/app/instaclaus/id6478954888,,1771,0
Instaclaus,Instaclaus Fintech Private Limited,ORIENTAL FINSTOCK SERVICES  PVT.LTD,2026-09-25,https://data.rbi.org.in/BOE/OpenDocument/opendoc/custom.jsp?iDocID=ARfEgy.WNSVIvFfvSIVmBCw&sIDType=CUID,Google Play Store,https://play.google.com/store/apps/details?id=com.instaclaus.app,https://play.google.com/store/apps/details?id=com.instaclaus.app&hl=en_IN,com.instaclaus.app,1772,0
KARROFIN,INTELLIMINT TECHNOLOGIES PRIVATE LIMITED,ORRISH FINANCE PRIVATE LIMITED,2026-09-25,https://data.rbi.org.in/BOE/OpenDocument/opendoc/custom.jsp?iDocID=ARfEgy.WNSVIvFfvSIVmBCw&sIDType=CUID,Google Play Store,https://play.google.com/store/search?q=karrofin&c=apps&hl=en,https://play.google.com/store/search?q=karrofin&c=apps&hl=en,,1773,0
KARROFIN,INTELLIMINT TECHNOLOGIES PRIVATE LIMITED,ORRISH FINANCE PRIVATE LIMITED,2026-09-25,https://data.rbi.org.in/BOE/OpenDocument/opendoc/custom.jsp?iDocID=ARfEgy.WNSVIvFfvSIVmBCw&sIDType=CUID,Website,https://www.karrofin.com/login,https://www.karrofin.com/login,,1774,0
MYINSTACASH,GROWTHX BUSINESS TECHNOLOGY SOLUTIONS PRIVATE LIMITED,ORRISH FINANCE PRIVATE LIMITED,2026-09-25,https://data.rbi.org.in/BOE/OpenDocument/opendoc/custom.jsp?iDocID=ARfEgy.WNSVIvFfvSIVmBCw&sIDType=CUID,website,https://myinstacash.com/app/#/auth/login,https://myinstacash.com/app/#/auth/login,,1775,0
ORRISH LOANS,SELF OWNED,ORRISH FINANCE PRIVATE LIMITED,2026-09-25,https://data.rbi.org.in/BOE/OpenDocument/opendoc/custom.jsp?iDocID=ARfEgy.WNSVIvFfvSIVmBCw&sIDType=CUID,Google Play store,https://play.google.com/store/search?q=orrish%20loans&c=apps&hl=en,https://play.google.com/store/search?q=orrish%20loans&c=apps&hl=en,,1776,0
CashPo,Intellimint Technologies Private Limited,ORRISH FINANCE PRIVATE LIMITED,2026-09-25,https://data.rbi.org.in/BOE/OpenDocument/opendoc/custom.jsp?iDocID=ARfEgy.WNSVIvFfvSIVmBCw&sIDType=CUID,website and Play store,https://play.google.com/store/apps/details?id=com.codenicely.bank.loan.instantloan.cashpo,https://www.cashpo.in/Play Store- https://play.google.com/store/apps/details?id=com.codenicely.bank.loan.instantloan.cashpo,com.codenicely.bank.loan.instantloan.cashpo,1777,0
BharatPe for Business,Resilient Digi Services Private Limited,OXYZO FINANCIAL SERVICES LIMITED (FORMERLY KNOWN AS OXYZO FINANCIAL SERVICES PRIVATE LIMITED),2026-09-25,https://data.rbi.org.in/BOE/OpenDocument/opendoc/custom.jsp?iDocID=ARfEgy.WNSVIvFfvSIVmBCw&sIDType=CUID,Apple App Store,https://apps.apple.com/in/app/bharatpe-for-business/id1329385873,https://apps.apple.com/in/app/bharatpe-for-business/id1329385873,,1778,0
BharatPe for Business,Resilient Digi Services Private Limited,OXYZO FINANCIAL SERVICES LIMITED (FORMERLY KNOWN AS OXYZO FINANCIAL SERVICES PRIVATE LIMITED),2026-09-25,https://data.rbi.org.in/BOE/OpenDocument/opendoc/custom.jsp?iDocID=ARfEgy.WNSVIvFfvSIVmBCw&sIDType=CUID,Google Play,https://play.google.com/store/apps/details?id=com.bharatpe.app,https://play.google.com/store/apps/details?id=com.bharatpe.app&hl=en_IN&pli=1,com.bharatpe.app,1779,0
Fibe,Social Worth Technologies Ltd,OXYZO FINANCIAL SERVICES LIMITED (FORMERLY KNOWN AS OXYZO FINANCIAL SERVICES PRIVATE LIMITED),2026-09-25,https://data.rbi.org.in/BOE/OpenDocument/opendoc/custom.jsp?iDocID=ARfEgy.WNSVIvFfvSIVmBCw&sIDType=CUID,App Store (For iphone),https://apps.apple.com/in/app/fibe-instant-personal-loan-app/id1094602630,https://apps.apple.com/in/app/fibe-instant-personal-loan-app/id1094602630,,1780,0
Fibe,Social Worth Technologies Ltd,OXYZO FINANCIAL SERVICES LIMITED (FORMERLY KNOWN AS OXYZO FINANCIAL SERVICES PRIVATE LIMITED),2026-09-25,https://data.rbi.org.in/BOE/OpenDocument/opendoc/custom.jsp?iDocID=ARfEgy.WNSVIvFfvSIVmBCw&sIDType=CUID,Google Play Store (For Android),https://play.google.com/store/apps/details?id=com.earlysalary.android,https://play.google.com/store/apps/details?id=com.earlysalary.android&hl=en_IN&gl=IN,com.earlysalary.android,1781,0
Kreditbee,Krazybee Services Limited (formerly known as Krazybee Services Private Limited),OXYZO FINANCIAL SERVICES LIMITED (FORMERLY KNOWN AS OXYZO FINANCIAL SERVICES PRIVATE LIMITED),2026-09-25,https://data.rbi.org.in/BOE/OpenDocument/opendoc/custom.jsp?iDocID=ARfEgy.WNSVIvFfvSIVmBCw&sIDType=CUID,App,https://apps.samsung.com/appquery/appDetail.as?appId=com.kreditbee.android,https://apps.samsung.com/appquery/appDetail.as?appId=com.kreditbee.android,,1782,0
Kreditbee,Krazybee Services Limited (formerly known as Krazybee Services Private Limited),OXYZO FINANCIAL SERVICES LIMITED (FORMERLY KNOWN AS OXYZO FINANCIAL SERVICES PRIVATE LIMITED),2026-09-25,https://data.rbi.org.in/BOE/OpenDocument/opendoc/custom.jsp?iDocID=ARfEgy.WNSVIvFfvSIVmBCw&sIDType=CUID,App,https://play.google.com/store/apps/details?id=com.kreditbee.android,https://global.app.mi.com/details?lo=IN&la=en_US&id=com.kreditbee.android,com.kreditbee.android,1783,0
Kreditbee,Krazybee Services Limited (formerly known as Krazybee Services Private Limited),OXYZO FINANCIAL SERVICES LIMITED (FORMERLY KNOWN AS OXYZO FINANCIAL SERVICES PRIVATE LIMITED),2026-09-25,https://data.rbi.org.in/BOE/OpenDocument/opendoc/custom.jsp?iDocID=ARfEgy.WNSVIvFfvSIVmBCw&sIDType=CUID,App,https://indusapp.store/9ip3i05q,https://indusapp.store/9ip3i05q,,1784,0
Kreditbee,Krazybee Services Limited (formerly known as Krazybee Services Private Limited),OXYZO FINANCIAL SERVICES LIMITED (FORMERLY KNOWN AS OXYZO FINANCIAL SERVICES PRIVATE LIMITED),2026-09-25,https://data.rbi.org.in/BOE/OpenDocument/opendoc/custom.jsp?iDocID=ARfEgy.WNSVIvFfvSIVmBCw&sIDType=CUID,App,oaps://mk/dt?pkg=com.kreditbee.android&style=1,oaps://mk/dt?pkg=com.kreditbee.android&style=1,,1785,0
Kreditbee,Krazybee Services Limited (formerly known as Krazybee Services Private Limited),OXYZO FINANCIAL SERVICES LIMITED (FORMERLY KNOWN AS OXYZO FINANCIAL SERVICES PRIVATE LIMITED),2026-09-25,https://data.rbi.org.in/BOE/OpenDocument/opendoc/custom.jsp?iDocID=ARfEgy.WNSVIvFfvSIVmBCw&sIDType=CUID,App,https://play.google.com/store/apps/details?id=com.kreditbee.android,vivomarket://details?id=com.kreditbee.android,com.kreditbee.android,1786,0
Kreditbee,Krazybee Services Limited (formerly known as Krazybee Services Private Limited),OXYZO FINANCIAL SERVICES LIMITED (FORMERLY KNOWN AS OXYZO FINANCIAL SERVICES PRIVATE LIMITED),2026-09-25,https://data.rbi.org.in/BOE/OpenDocument/opendoc/custom.jsp?iDocID=ARfEgy.WNSVIvFfvSIVmBCw&sIDType=CUID,Apple App Store,https://apps.apple.com/in/app/easy-personal-loan-kreditbee/id1488736283,https://apps.apple.com/in/app/easy-personal-loan-kreditbee/id1488736283,,1787,0
Kreditbee,Krazybee Services Limited (formerly known as Krazybee Services Private Limited),OXYZO FINANCIAL SERVICES LIMITED (FORMERLY KNOWN AS OXYZO FINANCIAL SERVICES PRIVATE LIMITED),2026-09-25,https://data.rbi.org.in/BOE/OpenDocument/opendoc/custom.jsp?iDocID=ARfEgy.WNSVIvFfvSIVmBCw&sIDType=CUID,Google Play,https://play.google.com/store/apps/details?id=com.kreditbee.android,https://play.google.com/store/apps/details?id=com.kreditbee.android,com.kreditbee.android,1788,0
Kreditbee,Krazybee Services Limited (formerly known as Krazybee Services Private Limited),OXYZO FINANCIAL SERVICES LIMITED (FORMERLY KNOWN AS OXYZO FINANCIAL SERVICES PRIVATE LIMITED),2026-09-25,https://data.rbi.org.in/BOE/OpenDocument/opendoc/custom.jsp?iDocID=ARfEgy.WNSVIvFfvSIVmBCw&sIDType=CUID,Website,https://www.kreditbee.in/,https://www.kreditbee.in/,,1789,0
Moneyview,Moneyview Limited (Formerly known as Moneyview Private Limited),OXYZO FINANCIAL SERVICES LIMITED (FORMERLY KNOWN AS OXYZO FINANCIAL SERVICES PRIVATE LIMITED),2026-09-25,https://data.rbi.org.in/BOE/OpenDocument/opendoc/custom.jsp?iDocID=ARfEgy.WNSVIvFfvSIVmBCw&sIDType=CUID,App Store (For iphone),https://apps.apple.com/in/app/moneyview-loans-credit-cards/id6468976019,https://apps.apple.com/in/app/moneyview-loans-credit-cards/id6468976019,,1790,0
Moneyview,Moneyview Limited (Formerly known as Moneyview Private Limited),OXYZO FINANCIAL SERVICES LIMITED (FORMERLY KNOWN AS OXYZO FINANCIAL SERVICES PRIVATE LIMITED),2026-09-25,https://data.rbi.org.in/BOE/OpenDocument/opendoc/custom.jsp?iDocID=ARfEgy.WNSVIvFfvSIVmBCw&sIDType=CUID,Google Play Store (For Android),https://play.google.com/store/apps/details?id=com.whizdm.moneyview.loans,https://play.google.com/store/apps/details?id=com.whizdm.moneyview.loans&shortlink=m7dfn4of&c=Homepage+CTA+Android&pid=Website&af_xp=custom&source_caller=ui&pli=1,com.whizdm.moneyview.loans,1791,0
Stashfin,EQX Analytics Private Limited,OXYZO FINANCIAL SERVICES LIMITED (FORMERLY KNOWN AS OXYZO FINANCIAL SERVICES PRIVATE LIMITED),2026-09-25,https://data.rbi.org.in/BOE/OpenDocument/opendoc/custom.jsp?iDocID=ARfEgy.WNSVIvFfvSIVmBCw&sIDType=CUID,Apple App Store,https://apps.apple.com/in/app/stashfin-loans-bonds-more/id1276990457,https://apps.apple.com/in/app/stashfin-loans-bonds-more/id1276990457,,1792,0
Stashfin,EQX Analytics Private Limited,OXYZO FINANCIAL SERVICES LIMITED (FORMERLY KNOWN AS OXYZO FINANCIAL SERVICES PRIVATE LIMITED),2026-09-25,https://data.rbi.org.in/BOE/OpenDocument/opendoc/custom.jsp?iDocID=ARfEgy.WNSVIvFfvSIVmBCw&sIDType=CUID,Google Play Store,https://play.google.com/store/search?q=stashfin&c=apps,https://play.google.com/store/search?q=stashfin&c=apps,,1793,0
Stashfin,EQX Analytics Private Limited,OXYZO FINANCIAL SERVICES LIMITED (FORMERLY KNOWN AS OXYZO FINANCIAL SERVICES PRIVATE LIMITED),2026-09-25,https://data.rbi.org.in/BOE/OpenDocument/opendoc/custom.jsp?iDocID=ARfEgy.WNSVIvFfvSIVmBCw&sIDType=CUID,Website,https://www.stashfin.com/,https://www.stashfin.com/,,1794,0
True Balance,Balancehero India Private Limited,OXYZO FINANCIAL SERVICES LIMITED (FORMERLY KNOWN AS OXYZO FINANCIAL SERVICES PRIVATE LIMITED),2026-09-25,https://data.rbi.org.in/BOE/OpenDocument/opendoc/custom.jsp?iDocID=ARfEgy.WNSVIvFfvSIVmBCw&sIDType=CUID,Galaxy Store (Samsung),https://galaxystore.samsung.com/detail/com.balancehero.truebalance,https://galaxystore.samsung.com/detail/com.balancehero.truebalance,,1795,0
True Balance,Balancehero India Private Limited,OXYZO FINANCIAL SERVICES LIMITED (FORMERLY KNOWN AS OXYZO FINANCIAL SERVICES PRIVATE LIMITED),2026-09-25,https://data.rbi.org.in/BOE/OpenDocument/opendoc/custom.jsp?iDocID=ARfEgy.WNSVIvFfvSIVmBCw&sIDType=CUID,Google Play Store,https://play.google.com/store/apps/details?id=com.balancehero.truebalance,https://play.google.com/store/apps/details?id=com.balancehero.truebalance,com.balancehero.truebalance,1796,0
True Balance,Balancehero India Private Limited,OXYZO FINANCIAL SERVICES LIMITED (FORMERLY KNOWN AS OXYZO FINANCIAL SERVICES PRIVATE LIMITED),2026-09-25,https://data.rbi.org.in/BOE/OpenDocument/opendoc/custom.jsp?iDocID=ARfEgy.WNSVIvFfvSIVmBCw&sIDType=CUID,Huawei AppGallery,https://appgallery.huawei.com/app/C101648675,https://appgallery.huawei.com/app/C101648675,,1797,0
True Balance,Balancehero India Private Limited,OXYZO FINANCIAL SERVICES LIMITED (FORMERLY KNOWN AS OXYZO FINANCIAL SERVICES PRIVATE LIMITED),2026-09-25,https://data.rbi.org.in/BOE/OpenDocument/opendoc/custom.jsp?iDocID=ARfEgy.WNSVIvFfvSIVmBCw&sIDType=CUID,Indus Appstore (Xiaomi),https://play.google.com/store/apps/details?id=com.balancehero.truebalance,https://global.app.mi.com/details?lo=IN&la=en_US&id=com.balancehero.truebalance,com.balancehero.truebalance,1798,0
BharatPe for Business,Resilient Digi Services Private Limited,OXYZO FINANCIAL SERVICES PRIVATE LIMITED,2026-09-25,https://data.rbi.org.in/BOE/OpenDocument/opendoc/custom.jsp?iDocID=ARfEgy.WNSVIvFfvSIVmBCw&sIDType=CUID,Apple App Store,https://apps.apple.com/in/app/bharatpe-for-business/id1329385873,https://apps.apple.com/in/app/bharatpe-for-business/id1329385873,,1799,0
BharatPe for Business,Resilient Digi Services Private Limited,OXYZO FINANCIAL SERVICES PRIVATE LIMITED,2026-09-25,https://data.rbi.org.in/BOE/OpenDocument/opendoc/custom.jsp?iDocID=ARfEgy.WNSVIvFfvSIVmBCw&sIDType=CUID,Google Play,https://play.google.com/store/apps/details?id=com.bharatpe.app,https://play.google.com/store/apps/details?id=com.bharatpe.app&hl=en_IN&pli=1,com.bharatpe.app,1800,0
Fibe,Social Worth Technologies Ltd,OXYZO FINANCIAL SERVICES PRIVATE LIMITED,2026-09-25,https://data.rbi.org.in/BOE/OpenDocument/opendoc/custom.jsp?iDocID=ARfEgy.WNSVIvFfvSIVmBCw&sIDType=CUID,App Store (For iphone),https://apps.apple.com/in/app/fibe-instant-personal-loan-app/id1094602630,https://apps.apple.com/in/app/fibe-instant-personal-loan-app/id1094602630,,1801,0
Fibe,Social Worth Technologies Ltd,OXYZO FINANCIAL SERVICES PRIVATE LIMITED,2026-09-25,https://data.rbi.org.in/BOE/OpenDocument/opendoc/custom.jsp?iDocID=ARfEgy.WNSVIvFfvSIVmBCw&sIDType=CUID,Google Play Store (For Android),https://play.google.com/store/apps/details?id=com.earlysalary.android,https://play.google.com/store/apps/details?id=com.earlysalary.android&hl=en_IN&gl=IN,com.earlysalary.android,1802,0
Kreditbee,Krazybee Services Limited (formerly known as Krazybee Services Private Limited),OXYZO FINANCIAL SERVICES PRIVATE LIMITED,2026-09-25,https://data.rbi.org.in/BOE/OpenDocument/opendoc/custom.jsp?iDocID=ARfEgy.WNSVIvFfvSIVmBCw&sIDType=CUID,App,https://apps.samsung.com/appquery/appDetail.as?appId=com.kreditbee.android,https://apps.samsung.com/appquery/appDetail.as?appId=com.kreditbee.android,,1803,0
Kreditbee,Krazybee Services Limited (formerly known as Krazybee Services Private Limited),OXYZO FINANCIAL SERVICES PRIVATE LIMITED,2026-09-25,https://data.rbi.org.in/BOE/OpenDocument/opendoc/custom.jsp?iDocID=ARfEgy.WNSVIvFfvSIVmBCw&sIDType=CUID,App,https://play.google.com/store/apps/details?id=com.kreditbee.android,https://global.app.mi.com/details?lo=IN&la=en_US&id=com.kreditbee.android,com.kreditbee.android,1804,0
Kreditbee,Krazybee Services Limited (formerly known as Krazybee Services Private Limited),OXYZO FINANCIAL SERVICES PRIVATE LIMITED,2026-09-25,https://data.rbi.org.in/BOE/OpenDocument/opendoc/custom.jsp?iDocID=ARfEgy.WNSVIvFfvSIVmBCw&sIDType=CUID,App,https://indusapp.store/9ip3i05q,https://indusapp.store/9ip3i05q,,1805,0
Kreditbee,Krazybee Services Limited (formerly known as Krazybee Services Private Limited),OXYZO FINANCIAL SERVICES PRIVATE LIMITED,2026-09-25,https://data.rbi.org.in/BOE/OpenDocument/opendoc/custom.jsp?iDocID=ARfEgy.WNSVIvFfvSIVmBCw&sIDType=CUID,App,oaps://mk/dt?pkg=com.kreditbee.android&style=1,oaps://mk/dt?pkg=com.kreditbee.android&style=1,,1806,0
Kreditbee,Krazybee Services Limited (formerly known as Krazybee Services Private Limited),OXYZO FINANCIAL SERVICES PRIVATE LIMITED,2026-09-25,https://data.rbi.org.in/BOE/OpenDocument/opendoc/custom.jsp?iDocID=ARfEgy.WNSVIvFfvSIVmBCw&sIDType=CUID,App,https://play.google.com/store/apps/details?id=com.kreditbee.android,vivomarket://details?id=com.kreditbee.android,com.kreditbee.android,1807,0
Kreditbee,Krazybee Services Limited (formerly known as Krazybee Services Private Limited),OXYZO FINANCIAL SERVICES PRIVATE LIMITED,2026-09-25,https://data.rbi.org.in/BOE/OpenDocument/opendoc/custom.jsp?iDocID=ARfEgy.WNSVIvFfvSIVmBCw&sIDType=CUID,Apple App Store,https://apps.apple.com/in/app/easy-personal-loan-kreditbee/id1488736283,https://apps.apple.com/in/app/easy-personal-loan-kreditbee/id1488736283,,1808,0
Kreditbee,Krazybee Services Limited (formerly known as Krazybee Services Private Limited),OXYZO FINANCIAL SERVICES PRIVATE LIMITED,2026-09-25,https://data.rbi.org.in/BOE/OpenDocument/opendoc/custom.jsp?iDocID=ARfEgy.WNSVIvFfvSIVmBCw&sIDType=CUID,Google Play,https://play.google.com/store/apps/details?id=com.kreditbee.android,https://play.google.com/store/apps/details?id=com.kreditbee.android,com.kreditbee.android,1809,0
Kreditbee,Krazybee Services Limited (formerly known as Krazybee Services Private Limited),OXYZO FINANCIAL SERVICES PRIVATE LIMITED,2026-09-25,https://data.rbi.org.in/BOE/OpenDocument/opendoc/custom.jsp?iDocID=ARfEgy.WNSVIvFfvSIVmBCw&sIDType=CUID,Website,https://www.kreditbee.in/,https://www.kreditbee.in/,,1810,0
Moneyview,Moneyview Limited,OXYZO FINANCIAL SERVICES PRIVATE LIMITED,2026-09-25,https://data.rbi.org.in/BOE/OpenDocument/opendoc/custom.jsp?iDocID=ARfEgy.WNSVIvFfvSIVmBCw&sIDType=CUID,App Store (For iphone),https://apps.apple.com/in/app/moneyview-loans-credit-cards/id6468976019,https://apps.apple.com/in/app/moneyview-loans-credit-cards/id6468976019,,1811,0
Moneyview,Moneyview Limited,OXYZO FINANCIAL SERVICES PRIVATE LIMITED,2026-09-25,https://data.rbi.org.in/BOE/OpenDocument/opendoc/custom.jsp?iDocID=ARfEgy.WNSVIvFfvSIVmBCw&sIDType=CUID,Google Play Store (For Android),https://play.google.com/store/apps/details?id=com.whizdm.moneyview.loans,https://play.google.com/store/apps/details?id=com.whizdm.moneyview.loans&shortlink=m7dfn4of&c=Homepage+CTA+Android&pid=Website&af_xp=custom&source_caller=ui&pli=1,com.whizdm.moneyview.loans,1812,0
Stashfin,EQX Analytics Private Limited,OXYZO FINANCIAL SERVICES PRIVATE LIMITED,2026-09-25,https://data.rbi.org.in/BOE/OpenDocument/opendoc/custom.jsp?iDocID=ARfEgy.WNSVIvFfvSIVmBCw&sIDType=CUID,Apple App Store,https://apps.apple.com/in/app/stashfin-loans-bonds-more/id1276990457,https://apps.apple.com/in/app/stashfin-loans-bonds-more/id1276990457,,1813,0
Stashfin,EQX Analytics Private Limited,OXYZO FINANCIAL SERVICES PRIVATE LIMITED,2026-09-25,https://data.rbi.org.in/BOE/OpenDocument/opendoc/custom.jsp?iDocID=ARfEgy.WNSVIvFfvSIVmBCw&sIDType=CUID,Google Play Store,https://play.google.com/store/search?q=stashfin&c=apps,https://play.google.com/store/search?q=stashfin&c=apps,,1814,0
Stashfin,EQX Analytics Private Limited,OXYZO FINANCIAL SERVICES PRIVATE LIMITED,2026-09-25,https://data.rbi.org.in/BOE/OpenDocument/opendoc/custom.jsp?iDocID=ARfEgy.WNSVIvFfvSIVmBCw&sIDType=CUID,Website,https://www.stashfin.com/,https://www.stashfin.com/,,1815,0
True Balance,Balancehero India Private Limited,OXYZO FINANCIAL SERVICES PRIVATE LIMITED,2026-09-25,https://data.rbi.org.in/BOE/OpenDocument/opendoc/custom.jsp?iDocID=ARfEgy.WNSVIvFfvSIVmBCw&sIDType=CUID,Galaxy Store (Samsung),https://galaxystore.samsung.com/detail/com.balancehero.truebalance,https://galaxystore.samsung.com/detail/com.balancehero.truebalance,,1816,0
True Balance,Balancehero India Private Limited,OXYZO FINANCIAL SERVICES PRIVATE LIMITED,2026-09-25,https://data.rbi.org.in/BOE/OpenDocument/opendoc/custom.jsp?iDocID=ARfEgy.WNSVIvFfvSIVmBCw&sIDType=CUID,Google Play Store,https://play.google.com/store/apps/details?id=com.balancehero.truebalance,https://play.google.com/store/apps/details?id=com.balancehero.truebalance,com.balancehero.truebalance,1817,0
True Balance,Balancehero India Private Limited,OXYZO FINANCIAL SERVICES PRIVATE LIMITED,2026-09-25,https://data.rbi.org.in/BOE/OpenDocument/opendoc/custom.jsp?iDocID=ARfEgy.WNSVIvFfvSIVmBCw&sIDType=CUID,Huawei AppGallery,https://appgallery.huawei.com/app/C101648675,https://appgallery.huawei.com/app/C101648675,,1818,0
True Balance,Balancehero India Private Limited,OXYZO FINANCIAL SERVICES PRIVATE LIMITED,2026-09-25,https://data.rbi.org.in/BOE/OpenDocument/opendoc/custom.jsp?iDocID=ARfEgy.WNSVIvFfvSIVmBCw&sIDType=CUID,Indus Appstore (Xiaomi),https://play.google.com/store/apps/details?id=com.balancehero.truebalance,https://global.app.mi.com/details?lo=IN&la=en_US&id=com.balancehero.truebalance,com.balancehero.truebalance,1819,0
BRIDGE,ZAVO NEXUS PRIVATE LIMITED,PADMALAYA FINSERVE PRIVATE LIMITED,2026-09-25,https://data.rbi.org.in/BOE/OpenDocument/opendoc/custom.jsp?iDocID=ARfEgy.WNSVIvFfvSIVmBCw&sIDType=CUID,Google Play Store,https://play.google.com/store/apps/details?id=com.bridge.capital.app,https://play.google.com/store/apps/details?id=com.bridge.capital.app,com.bridge.capital.app,1820,0
FatakPay Digital Private Limited,FDPL Finance Private Limited,PAHAL FINANCIAL SERVICES PRIVATE LIMITED,2026-09-25,https://data.rbi.org.in/BOE/OpenDocument/opendoc/custom.jsp?iDocID=ARfEgy.WNSVIvFfvSIVmBCw&sIDType=CUID,"Play store: FatakPay: Financial Wellness, website: http://www.fatakpay.com/",http://www.fatakpay.com/,http://www.fatakpay.com/,,1821,0
Glaas,Gromor,PAHAL FINANCIAL SERVICES PRIVATE LIMITED,2026-09-25,https://data.rbi.org.in/BOE/OpenDocument/opendoc/custom.jsp?iDocID=ARfEgy.WNSVIvFfvSIVmBCw&sIDType=CUID,"Available on website, No playstore Application",https://gromor.in/,https://gromor.in/,,1822,0
Pahal Pe,Pahal,PAHAL FINANCIAL SERVICES PRIVATE LIMITED,2026-09-25,https://data.rbi.org.in/BOE/OpenDocument/opendoc/custom.jsp?iDocID=ARfEgy.WNSVIvFfvSIVmBCw&sIDType=CUID,"Play store: PahalPe, website: https://pahalfinance.com/products/digital-products/",https://pahalfinancedirectpay.my.canva.site/availing-personal-loan-features,https://pahalfinancedirectpay.my.canva.site/availing-personal-loan-features,,1823,0
Big Rock Loan,Credwise Fintech Private Limited,PANAFIC INDUSTRIALS LTD,2026-09-25,https://data.rbi.org.in/BOE/OpenDocument/opendoc/custom.jsp?iDocID=ARfEgy.WNSVIvFfvSIVmBCw&sIDType=CUID,Website,https://bigrockloan.com/,https://bigrockloan.com/,,1824,0
NANOKRED,Accredit Technologies Private Limited,P.A. SECURITIES PVT. LTD.,2026-09-25,https://data.rbi.org.in/BOE/OpenDocument/opendoc/custom.jsp?iDocID=ARfEgy.WNSVIvFfvSIVmBCw&sIDType=CUID,Website,https://www.nanokred.com,www.nanokred.com,,1825,0
Ayushman Loan,Self owned by RE i.e. Pawansut Holdings Limited,PAWANSUT HOLDINGS LIMITED,2026-09-25,https://data.rbi.org.in/BOE/OpenDocument/opendoc/custom.jsp?iDocID=ARfEgy.WNSVIvFfvSIVmBCw&sIDType=CUID,https://ayushmanloan.com/,https://ayushmanloan.com/,https://ayushmanloan.com/,,1826,0
Minutes Loan,Self owned by RE i.e. Pawansut Holdings Limited,PAWANSUT HOLDINGS LIMITED,2026-09-25,https://data.rbi.org.in/BOE/OpenDocument/opendoc/custom.jsp?iDocID=ARfEgy.WNSVIvFfvSIVmBCw&sIDType=CUID,https://minutesloan.com/,https://minutesloan.com/,https://minutesloan.com/,,1827,0
Salary4Sure,Self owned by RE i.e. Pawansut Holdings Limited,PAWANSUT HOLDINGS LIMITED,2026-09-25,https://data.rbi.org.in/BOE/OpenDocument/opendoc/custom.jsp?iDocID=ARfEgy.WNSVIvFfvSIVmBCw&sIDType=CUID,https://salary4sure.com/,https://salary4sure.com/,https://salary4sure.com/,,1828,0
PayMe,Huey Tech Private Limited,PAYME INDIA FINANCIAL SERVICES PRIVATE LIMITED,2026-09-25,https://data.rbi.org.in/BOE/OpenDocument/opendoc/custom.jsp?iDocID=ARfEgy.WNSVIvFfvSIVmBCw&sIDType=CUID,APP Store: Android,https://play.google.com/store/apps/details?id=io.attabot.app.paymeindia,Android: https://play.google.com/store/apps/details?id=io.attabot.app.paymeindia&pcampaignid=web_share,io.attabot.app.paymeindia,1829,0
PayMe,Huey Tech Private Limited,PAYME INDIA FINANCIAL SERVICES PRIVATE LIMITED,2026-09-25,https://data.rbi.org.in/BOE/OpenDocument/opendoc/custom.jsp?iDocID=ARfEgy.WNSVIvFfvSIVmBCw&sIDType=CUID,APP Store: IOS and Android,IOS: https://apps.apple.com/in/app/payme-personal-loan-app/id1282142711,IOS: https://apps.apple.com/in/app/payme-personal-loan-app/id1282142711,,1830,0
PayMe,Huey Tech Private Limited,PAYME INDIA FINANCIAL SERVICES PRIVATE LIMITED,2026-09-25,https://data.rbi.org.in/BOE/OpenDocument/opendoc/custom.jsp?iDocID=ARfEgy.WNSVIvFfvSIVmBCw&sIDType=CUID,Website,https://www.paymeindia.in/,https://www.paymeindia.in/,,1831,0
Bajaj Markets,Bajaj Finserv Direct Limited,PAYU FINANCE INDIA PRIVATE LIMITED (FORMERLY KNOWN AS SIDVIK LEASING PVT. LTD.),2026-09-25,https://data.rbi.org.in/BOE/OpenDocument/opendoc/custom.jsp?iDocID=ARfEgy.WNSVIvFfvSIVmBCw&sIDType=CUID,App Store,https://apps.apple.com/in/app/bajaj-finserv-markets-loan-app/id1482914241,https://apps.apple.com/in/app/bajaj-finserv-markets-loan-app/id1482914241,,1832,0
Bajaj Markets,Bajaj Finserv Direct Limited,PAYU FINANCE INDIA PRIVATE LIMITED (FORMERLY KNOWN AS SIDVIK LEASING PVT. LTD.),2026-09-25,https://data.rbi.org.in/BOE/OpenDocument/opendoc/custom.jsp?iDocID=ARfEgy.WNSVIvFfvSIVmBCw&sIDType=CUID,Google Play Store,https://play.google.com/store/apps/details?id=in.bajajfinservmarkets.app,https://play.google.com/store/apps/details?id=in.bajajfinservmarkets.app&hl=en,in.bajajfinservmarkets.app,1833,0
Bajaj Markets,Bajaj Finserv Direct Limited,PAYU FINANCE INDIA PRIVATE LIMITED (FORMERLY KNOWN AS SIDVIK LEASING PVT. LTD.),2026-09-25,https://data.rbi.org.in/BOE/OpenDocument/opendoc/custom.jsp?iDocID=ARfEgy.WNSVIvFfvSIVmBCw&sIDType=CUID,Website,https://www.bajajfinservmarkets.in/,https://www.bajajfinservmarkets.in/,,1834,0
BharatPe for Business,Resilient Digi Services Private Limited,PAYU FINANCE INDIA PRIVATE LIMITED (FORMERLY KNOWN AS SIDVIK LEASING PVT. LTD.),2026-09-25,https://data.rbi.org.in/BOE/OpenDocument/opendoc/custom.jsp?iDocID=ARfEgy.WNSVIvFfvSIVmBCw&sIDType=CUID,Apple App Store,https://apps.apple.com/in/app/bharatpe-for-business/id1329385873,https://apps.apple.com/in/app/bharatpe-for-business/id1329385873,,1835,0
BharatPe for Business,Resilient Digi Services Private Limited,PAYU FINANCE INDIA PRIVATE LIMITED (FORMERLY KNOWN AS SIDVIK LEASING PVT. LTD.),2026-09-25,https://data.rbi.org.in/BOE/OpenDocument/opendoc/custom.jsp?iDocID=ARfEgy.WNSVIvFfvSIVmBCw&sIDType=CUID,Google Play store,https://play.google.com/store/apps/details?id=com.bharatpe.app,https://play.google.com/store/apps/details?id=com.bharatpe.app,com.bharatpe.app,1836,0
Digital Lending Application pages powered by Service Provider on Flipkart Online Shopping App,Owned by Flipkart Internet Private Limited and is operated by the Flipkart Advanz Private Limited,PAYU FINANCE INDIA PRIVATE LIMITED (FORMERLY KNOWN AS SIDVIK LEASING PVT. LTD.),2026-09-25,https://data.rbi.org.in/BOE/OpenDocument/opendoc/custom.jsp?iDocID=ARfEgy.WNSVIvFfvSIVmBCw&sIDType=CUID,App Store,https://dl.flipkart.com/rv/fpg/bnpl?utmSource=myAccount&utmContext=abc,https://dl.flipkart.com/rv/fpg/bnpl?utmSource=myAccount&utmContext=abc,,1837,0
Digital Lending Application pages powered by Service Provider on Flipkart Online Shopping App,Owned by Flipkart Internet Private Limited and is operated by the Flipkart Advanz Private Limited,PAYU FINANCE INDIA PRIVATE LIMITED (FORMERLY KNOWN AS SIDVIK LEASING PVT. LTD.),2026-09-25,https://data.rbi.org.in/BOE/OpenDocument/opendoc/custom.jsp?iDocID=ARfEgy.WNSVIvFfvSIVmBCw&sIDType=CUID,Google Play Store,https://dl.flipkart.com/rv/fpg/bnpl?utmSource=myAccount&utmContext=abc,https://dl.flipkart.com/rv/fpg/bnpl?utmSource=myAccount&utmContext=abc,,1838,0
Flexicash,PayU Finance India Private Limited,PAYU FINANCE INDIA PRIVATE LIMITED (FORMERLY KNOWN AS SIDVIK LEASING PVT. LTD.),2026-09-25,https://data.rbi.org.in/BOE/OpenDocument/opendoc/custom.jsp?iDocID=ARfEgy.WNSVIvFfvSIVmBCw&sIDType=CUID,Website,biz.payufin.in,biz.payufin.in,,1839,0
FT Cash,Nomisma Mobile Solution Pvt Ltd,PAYU FINANCE INDIA PRIVATE LIMITED (FORMERLY KNOWN AS SIDVIK LEASING PVT. LTD.),2026-09-25,https://data.rbi.org.in/BOE/OpenDocument/opendoc/custom.jsp?iDocID=ARfEgy.WNSVIvFfvSIVmBCw&sIDType=CUID,Website,https://www.ftcash.com/,https://www.ftcash.com/,,1840,0
Kiwi,GoKiwi Tech Private Limited,PAYU FINANCE INDIA PRIVATE LIMITED (FORMERLY KNOWN AS SIDVIK LEASING PVT. LTD.),2026-09-25,https://data.rbi.org.in/BOE/OpenDocument/opendoc/custom.jsp?iDocID=ARfEgy.WNSVIvFfvSIVmBCw&sIDType=CUID,Apple App Store,https://apps.apple.com/in/app/kiwi-rupay-credit-card-on-upi/id6449386307,https://apps.apple.com/in/app/kiwi-rupay-credit-card-on-upi/id6449386307,,1841,0
Kiwi,GoKiwi Tech Private Limited,PAYU FINANCE INDIA PRIVATE LIMITED (FORMERLY KNOWN AS SIDVIK LEASING PVT. LTD.),2026-09-25,https://data.rbi.org.in/BOE/OpenDocument/opendoc/custom.jsp?iDocID=ARfEgy.WNSVIvFfvSIVmBCw&sIDType=CUID,Google Play Store,https://play.google.com/store/apps/details?id=in.gokiwi.kiwitpap,https://play.google.com/store/apps/details?id=in.gokiwi.kiwitpap&hl=en_IN,in.gokiwi.kiwitpap,1842,0
Kiwi,GoKiwi Tech Private Limited,PAYU FINANCE INDIA PRIVATE LIMITED (FORMERLY KNOWN AS SIDVIK LEASING PVT. LTD.),2026-09-25,https://data.rbi.org.in/BOE/OpenDocument/opendoc/custom.jsp?iDocID=ARfEgy.WNSVIvFfvSIVmBCw&sIDType=CUID,Website,https://gokiwi.in/,https://gokiwi.in/,,1843,0
Kreditbee,Finnovation Tech Solutions Private Limited,PAYU FINANCE INDIA PRIVATE LIMITED (FORMERLY KNOWN AS SIDVIK LEASING PVT. LTD.),2026-09-25,https://data.rbi.org.in/BOE/OpenDocument/opendoc/custom.jsp?iDocID=ARfEgy.WNSVIvFfvSIVmBCw&sIDType=CUID,Apple App Store,https://apps.apple.com/in/app/easy-personal-loan-kreditbee/id1488736283,https://apps.apple.com/in/app/easy-personal-loan-kreditbee/id1488736283,,1844,0
Kreditbee,Finnovation Tech Solutions Private Limited,PAYU FINANCE INDIA PRIVATE LIMITED (FORMERLY KNOWN AS SIDVIK LEASING PVT. LTD.),2026-09-25,https://data.rbi.org.in/BOE/OpenDocument/opendoc/custom.jsp?iDocID=ARfEgy.WNSVIvFfvSIVmBCw&sIDType=CUID,Google Play Store,https://play.google.com/store/apps/details?id=com.kreditbee.android,https://play.google.com/store/apps/details?id=com.kreditbee.android,com.kreditbee.android,1845,0
Kreditbee,Finnovation Tech Solutions Private Limited,PAYU FINANCE INDIA PRIVATE LIMITED (FORMERLY KNOWN AS SIDVIK LEASING PVT. LTD.),2026-09-25,https://data.rbi.org.in/BOE/OpenDocument/opendoc/custom.jsp?iDocID=ARfEgy.WNSVIvFfvSIVmBCw&sIDType=CUID,Indus App Store,https://indusapp.store/9ip3i05q,https://indusapp.store/9ip3i05q,,1846,0
Kreditbee,Finnovation Tech Solutions Private Limited,PAYU FINANCE INDIA PRIVATE LIMITED (FORMERLY KNOWN AS SIDVIK LEASING PVT. LTD.),2026-09-25,https://data.rbi.org.in/BOE/OpenDocument/opendoc/custom.jsp?iDocID=ARfEgy.WNSVIvFfvSIVmBCw&sIDType=CUID,Oppo,https://oaps/mk/dt?pkg=com.kreditbee.android&style=1,https://oaps/mk/dt?pkg=com.kreditbee.android&style=1,,1847,0
Kreditbee,Finnovation Tech Solutions Private Limited,PAYU FINANCE INDIA PRIVATE LIMITED (FORMERLY KNOWN AS SIDVIK LEASING PVT. LTD.),2026-09-25,https://data.rbi.org.in/BOE/OpenDocument/opendoc/custom.jsp?iDocID=ARfEgy.WNSVIvFfvSIVmBCw&sIDType=CUID,Samsung App Store,https://apps.samsung.com/appquery/appDetail.as?appId=com.kreditbee.android,https://apps.samsung.com/appquery/appDetail.as?appId=com.kreditbee.android,,1848,0
Kreditbee,Finnovation Tech Solutions Private Limited,PAYU FINANCE INDIA PRIVATE LIMITED (FORMERLY KNOWN AS SIDVIK LEASING PVT. LTD.),2026-09-25,https://data.rbi.org.in/BOE/OpenDocument/opendoc/custom.jsp?iDocID=ARfEgy.WNSVIvFfvSIVmBCw&sIDType=CUID,Vivo App Store,https://play.google.com/store/apps/details?id=com.kreditbee.android,https://vivomarket/details?id=com.kreditbee.android,com.kreditbee.android,1849,0
Kreditbee,Finnovation Tech Solutions Private Limited,PAYU FINANCE INDIA PRIVATE LIMITED (FORMERLY KNOWN AS SIDVIK LEASING PVT. LTD.),2026-09-25,https://data.rbi.org.in/BOE/OpenDocument/opendoc/custom.jsp?iDocID=ARfEgy.WNSVIvFfvSIVmBCw&sIDType=CUID,Website,https://www.kreditbee.in/,https://www.kreditbee.in/,,1850,0
Kreditbee,Finnovation Tech Solutions Private Limited,PAYU FINANCE INDIA PRIVATE LIMITED (FORMERLY KNOWN AS SIDVIK LEASING PVT. LTD.),2026-09-25,https://data.rbi.org.in/BOE/OpenDocument/opendoc/custom.jsp?iDocID=ARfEgy.WNSVIvFfvSIVmBCw&sIDType=CUID,Xiaomi Global App,https://play.google.com/store/apps/details?id=com.kreditbee.android,https://global.app.mi.com/details?lo=IN&la=en_US&id=com.kreditbee.android,com.kreditbee.android,1851,0
LazyPay,PayU Finance India Private Limited,PAYU FINANCE INDIA PRIVATE LIMITED (FORMERLY KNOWN AS SIDVIK LEASING PVT. LTD.),2026-09-25,https://data.rbi.org.in/BOE/OpenDocument/opendoc/custom.jsp?iDocID=ARfEgy.WNSVIvFfvSIVmBCw&sIDType=CUID,Apple App Store,https://apps.apple.com/in/app/lazypay-buy-now-pay-later/id1419990272,https://apps.apple.com/in/app/lazypay-buy-now-pay-later/id1419990272,,1852,0
LazyPay,PayU Finance India Private Limited,PAYU FINANCE INDIA PRIVATE LIMITED (FORMERLY KNOWN AS SIDVIK LEASING PVT. LTD.),2026-09-25,https://data.rbi.org.in/BOE/OpenDocument/opendoc/custom.jsp?iDocID=ARfEgy.WNSVIvFfvSIVmBCw&sIDType=CUID,Google Play Store,https://play.google.com/store/apps/details?id=com.citrus.citruspay,https://play.google.com/store/apps/details?id=com.citrus.citruspay,com.citrus.citruspay,1853,0
Meesho,Meesho Payments Private Limited,PAYU FINANCE INDIA PRIVATE LIMITED (FORMERLY KNOWN AS SIDVIK LEASING PVT. LTD.),2026-09-25,https://data.rbi.org.in/BOE/OpenDocument/opendoc/custom.jsp?iDocID=ARfEgy.WNSVIvFfvSIVmBCw&sIDType=CUID,Google Play Store,https://ltl.sh/ANDe_TjqYw,https://ltl.sh/ANDe_TjqYw,,1854,0
Meesho,Meesho Payments Private Limited,PAYU FINANCE INDIA PRIVATE LIMITED (FORMERLY KNOWN AS SIDVIK LEASING PVT. LTD.),2026-09-25,https://data.rbi.org.in/BOE/OpenDocument/opendoc/custom.jsp?iDocID=ARfEgy.WNSVIvFfvSIVmBCw&sIDType=CUID,Website,https://supplier.meesho.com,https://supplier.meesho.com,,1855,0
Mobikwik,Mobikwik Distribution Services Private Limited,PAYU FINANCE INDIA PRIVATE LIMITED (FORMERLY KNOWN AS SIDVIK LEASING PVT. LTD.),2026-09-25,https://data.rbi.org.in/BOE/OpenDocument/opendoc/custom.jsp?iDocID=ARfEgy.WNSVIvFfvSIVmBCw&sIDType=CUID,App Store,https://apps.apple.com/in/app/mobikwik-bhim-upi-wallet/id600002523,https://apps.apple.com/in/app/mobikwik-bhim-upi-wallet/id600002523,,1856,0
Mobikwik,Mobikwik Distribution Services Private Limited,PAYU FINANCE INDIA PRIVATE LIMITED (FORMERLY KNOWN AS SIDVIK LEASING PVT. LTD.),2026-09-25,https://data.rbi.org.in/BOE/OpenDocument/opendoc/custom.jsp?iDocID=ARfEgy.WNSVIvFfvSIVmBCw&sIDType=CUID,Google Play Store,https://play.google.com/store/apps/details?id=com.mobikwik_new,https://play.google.com/store/apps/details?id=com.mobikwik_new&hl=en_IN&gl=IN,com.mobikwik_new,1857,0
MONEY VIEW LOANS PERSONAL LOAN APP INSTANT LOAN,Moneyview Limited-Formerly known as Moneyview Private Limited & Whizdm Innovations Private Limited,PAYU FINANCE INDIA PRIVATE LIMITED (FORMERLY KNOWN AS SIDVIK LEASING PVT. LTD.),2026-09-25,https://data.rbi.org.in/BOE/OpenDocument/opendoc/custom.jsp?iDocID=ARfEgy.WNSVIvFfvSIVmBCw&sIDType=CUID,App Store,https://apps.apple.com/in/app/moneyview-loans-credit-cards/id6468976019,https://apps.apple.com/in/app/moneyview-loans-credit-cards/id6468976019,,1858,0
MONEY VIEW LOANS PERSONAL LOAN APP INSTANT LOAN,Moneyview Limited-Formerly known as Moneyview Private Limited & Whizdm Innovations Private Limited,PAYU FINANCE INDIA PRIVATE LIMITED (FORMERLY KNOWN AS SIDVIK LEASING PVT. LTD.),2026-09-25,https://data.rbi.org.in/BOE/OpenDocument/opendoc/custom.jsp?iDocID=ARfEgy.WNSVIvFfvSIVmBCw&sIDType=CUID,Google Play Store,https://play.google.com/store/search?q=moneyview&c=apps&hl=en,https://play.google.com/store/search?q=moneyview&c=apps&hl=en,,1859,0
Nira,Shuhari Tech Ventures Private Limited,PAYU FINANCE INDIA PRIVATE LIMITED (FORMERLY KNOWN AS SIDVIK LEASING PVT. LTD.),2026-09-25,https://data.rbi.org.in/BOE/OpenDocument/opendoc/custom.jsp?iDocID=ARfEgy.WNSVIvFfvSIVmBCw&sIDType=CUID,Google Play Store,https://play.google.com/store/apps/details?id=com.nirafinance.customer,https://play.google.com/store/apps/details?id=com.nirafinance.customer,com.nirafinance.customer,1860,0
Olyv (Smartcoin),Smartcoin Financials Private Limited,PAYU FINANCE INDIA PRIVATE LIMITED (FORMERLY KNOWN AS SIDVIK LEASING PVT. LTD.),2026-09-25,https://data.rbi.org.in/BOE/OpenDocument/opendoc/custom.jsp?iDocID=ARfEgy.WNSVIvFfvSIVmBCw&sIDType=CUID,Google Play Store,https://play.google.com/store/apps/details?id=in.rebase.app,https://play.google.com/store/apps/details?id=in.rebase.app&pli=1,in.rebase.app,1861,0
Olyv (Smartcoin),Smartcoin Financials Private Limited,PAYU FINANCE INDIA PRIVATE LIMITED (FORMERLY KNOWN AS SIDVIK LEASING PVT. LTD.),2026-09-25,https://data.rbi.org.in/BOE/OpenDocument/opendoc/custom.jsp?iDocID=ARfEgy.WNSVIvFfvSIVmBCw&sIDType=CUID,Indus App Store,https://play.google.com/store/apps/details?id=in.rebase.app,https://www.indusappstore.com/apps/finance/olyv--smartcoin-/in.rebase.app/?page=details&id=in.rebase.app,in.rebase.app,1862,0
Olyv (Smartcoin),Smartcoin Financials Private Limited,PAYU FINANCE INDIA PRIVATE LIMITED (FORMERLY KNOWN AS SIDVIK LEASING PVT. LTD.),2026-09-25,https://data.rbi.org.in/BOE/OpenDocument/opendoc/custom.jsp?iDocID=ARfEgy.WNSVIvFfvSIVmBCw&sIDType=CUID,Mi App Store,https://play.google.com/store/apps/details?id=in.rebase.app,https://global.app.mi.com/details?lo=IN&la=en&id=in.rebase.app,in.rebase.app,1863,0
Olyv (Smartcoin),Smartcoin Financials Private Limited,PAYU FINANCE INDIA PRIVATE LIMITED (FORMERLY KNOWN AS SIDVIK LEASING PVT. LTD.),2026-09-25,https://data.rbi.org.in/BOE/OpenDocument/opendoc/custom.jsp?iDocID=ARfEgy.WNSVIvFfvSIVmBCw&sIDType=CUID,Website,https://www.olyv.co.in/quick-loan,https://www.olyv.co.in/quick-loan,,1864,0
PaySense,PaySense Services India Private Limited,PAYU FINANCE INDIA PRIVATE LIMITED (FORMERLY KNOWN AS SIDVIK LEASING PVT. LTD.),2026-09-25,https://data.rbi.org.in/BOE/OpenDocument/opendoc/custom.jsp?iDocID=ARfEgy.WNSVIvFfvSIVmBCw&sIDType=CUID,Google Play Store,https://play.google.com/store/apps/details?id=com.gopaysense.android.boost,https://play.google.com/store/apps/details?id=com.gopaysense.android.boost&hl=en_IN&gl=IN,com.gopaysense.android.boost,1865,0
PaySense,PaySense Services India Private Limited,PAYU FINANCE INDIA PRIVATE LIMITED (FORMERLY KNOWN AS SIDVIK LEASING PVT. LTD.),2026-09-25,https://data.rbi.org.in/BOE/OpenDocument/opendoc/custom.jsp?iDocID=ARfEgy.WNSVIvFfvSIVmBCw&sIDType=CUID,Website,https://www.gopaysense.com/,https://www.gopaysense.com/,,1866,0
Paytm,One 97 Communication Limited (Paytm),PAYU FINANCE INDIA PRIVATE LIMITED (FORMERLY KNOWN AS SIDVIK LEASING PVT. LTD.),2026-09-25,https://data.rbi.org.in/BOE/OpenDocument/opendoc/custom.jsp?iDocID=ARfEgy.WNSVIvFfvSIVmBCw&sIDType=CUID,Apple App Store,https://apps.apple.com/in/app/paytm-for-business/id1351301966,https://apps.apple.com/in/app/paytm-for-business/id1351301966,,1867,0
Paytm,One 97 Communication Limited (Paytm),PAYU FINANCE INDIA PRIVATE LIMITED (FORMERLY KNOWN AS SIDVIK LEASING PVT. LTD.),2026-09-25,https://data.rbi.org.in/BOE/OpenDocument/opendoc/custom.jsp?iDocID=ARfEgy.WNSVIvFfvSIVmBCw&sIDType=CUID,Google Play Store,https://play.google.com/store/apps/details?id=com.paytm.business,https://play.google.com/store/apps/details?id=com.paytm.business,com.paytm.business,1868,0
Phone Pe,PhonePe Lending Services Private Limited,PAYU FINANCE INDIA PRIVATE LIMITED (FORMERLY KNOWN AS SIDVIK LEASING PVT. LTD.),2026-09-25,https://data.rbi.org.in/BOE/OpenDocument/opendoc/custom.jsp?iDocID=ARfEgy.WNSVIvFfvSIVmBCw&sIDType=CUID,Apple App Store,https://apps.apple.com/in/app/phonepe-secure-payments-app/id1170055821,https://apps.apple.com/in/app/phonepe-secure-payments-app/id1170055821,,1869,0
Phone Pe,PhonePe Lending Services Private Limited,PAYU FINANCE INDIA PRIVATE LIMITED (FORMERLY KNOWN AS SIDVIK LEASING PVT. LTD.),2026-09-25,https://data.rbi.org.in/BOE/OpenDocument/opendoc/custom.jsp?iDocID=ARfEgy.WNSVIvFfvSIVmBCw&sIDType=CUID,Google Playstore,https://play.google.com/store/apps/details?id=com.phonepe.app,https://play.google.com/store/apps/details?id=com.phonepe.app&hl=en_IN&pli=1,com.phonepe.app,1870,0
Phone Pe,PhonePe Lending Services Private Limited,PAYU FINANCE INDIA PRIVATE LIMITED (FORMERLY KNOWN AS SIDVIK LEASING PVT. LTD.),2026-09-25,https://data.rbi.org.in/BOE/OpenDocument/opendoc/custom.jsp?iDocID=ARfEgy.WNSVIvFfvSIVmBCw&sIDType=CUID,Indus Appstore,https://play.google.com/store/apps/details?id=com.phonepe.app,https://www.indusappstore.com/apps/finance/phonepe/com.phonepe.app/?page=details&id=com.phonepe.app,com.phonepe.app,1871,0
Phone Pe,Phonepe Limited,PAYU FINANCE INDIA PRIVATE LIMITED (FORMERLY KNOWN AS SIDVIK LEASING PVT. LTD.),2026-09-25,https://data.rbi.org.in/BOE/OpenDocument/opendoc/custom.jsp?iDocID=ARfEgy.WNSVIvFfvSIVmBCw&sIDType=CUID,Apple App Store,https://apps.apple.com/in/app/phonepe-business-merchant-app/id1463742453,https://apps.apple.com/in/app/phonepe-business-merchant-app/id1463742453,,1872,0
Phone Pe,Phonepe Limited,PAYU FINANCE INDIA PRIVATE LIMITED (FORMERLY KNOWN AS SIDVIK LEASING PVT. LTD.),2026-09-25,https://data.rbi.org.in/BOE/OpenDocument/opendoc/custom.jsp?iDocID=ARfEgy.WNSVIvFfvSIVmBCw&sIDType=CUID,Google Play Store,https://play.google.com/store/apps/details?id=com.phonepe.app.business,https://play.google.com/store/apps/details?id=com.phonepe.app.business,com.phonepe.app.business,1873,0
Phone Pe,Phonepe Limited,PAYU FINANCE INDIA PRIVATE LIMITED (FORMERLY KNOWN AS SIDVIK LEASING PVT. LTD.),2026-09-25,https://data.rbi.org.in/BOE/OpenDocument/opendoc/custom.jsp?iDocID=ARfEgy.WNSVIvFfvSIVmBCw&sIDType=CUID,Indus App Store,https://play.google.com/store/apps/details?id=com.phonepe.app.business,https://www.indusappstore.com/apps/finance/phonepe-business/com.phonepe.app.business?page=details&id=com.phonepe.app.business,com.phonepe.app.business,1874,0
Phone Pe,Phonepe Limited,PAYU FINANCE INDIA PRIVATE LIMITED (FORMERLY KNOWN AS SIDVIK LEASING PVT. LTD.),2026-09-25,https://data.rbi.org.in/BOE/OpenDocument/opendoc/custom.jsp?iDocID=ARfEgy.WNSVIvFfvSIVmBCw&sIDType=CUID,Website,https://www.phonepe.com/lending/,https://www.phonepe.com/lending/,,1875,0
Revenue Based Financing For Digital First Brands - Shiprocket Capital,?Shiprocket ltd,PAYU FINANCE INDIA PRIVATE LIMITED (FORMERLY KNOWN AS SIDVIK LEASING PVT. LTD.),2026-09-25,https://data.rbi.org.in/BOE/OpenDocument/opendoc/custom.jsp?iDocID=ARfEgy.WNSVIvFfvSIVmBCw&sIDType=CUID,Website,https://www.shiprocket.in/capital/,https://www.shiprocket.in/capital/,,1876,0
Swiggy Financial Services,Swiggy Neocap Private Limited,PAYU FINANCE INDIA PRIVATE LIMITED (FORMERLY KNOWN AS SIDVIK LEASING PVT. LTD.),2026-09-25,https://data.rbi.org.in/BOE/OpenDocument/opendoc/custom.jsp?iDocID=ARfEgy.WNSVIvFfvSIVmBCw&sIDType=CUID,App Store,https://apps.apple.com/in/app/swiggy-owner/id1209732136,https://apps.apple.com/in/app/swiggy-owner/id1209732136,,1877,0
Swiggy Financial Services,Swiggy Neocap Private Limited,PAYU FINANCE INDIA PRIVATE LIMITED (FORMERLY KNOWN AS SIDVIK LEASING PVT. LTD.),2026-09-25,https://data.rbi.org.in/BOE/OpenDocument/opendoc/custom.jsp?iDocID=ARfEgy.WNSVIvFfvSIVmBCw&sIDType=CUID,Play Store,https://play.google.com/store/apps/details?id=in.swiggy.partnerapp,https://play.google.com/store/apps/details?id=in.swiggy.partnerapp,in.swiggy.partnerapp,1878,0
Paytm,One97 Communications Limited,PIRAMAL ENTERPRISES LIMITED,2026-09-25,https://data.rbi.org.in/BOE/OpenDocument/opendoc/custom.jsp?iDocID=ARfEgy.WNSVIvFfvSIVmBCw&sIDType=CUID,?Google Play store?& iOS App store,https://play.google.com/store/apps/details?id=net.one97.paytm,https://apps.apple.com/in/app/paytm-for-business/id1351301966 https://play.google.com/store/apps/details?id=net.one97.paytm,net.one97.paytm,1879,0
BharatPe for Business,Resilient Digi Services Private Limited,PIRAMAL FINANCE LIMITED (FORMERLY KNOWN AS PIRAMAL CAPITAL & HOUSING FINANCE LIMITED),2026-09-25,https://data.rbi.org.in/BOE/OpenDocument/opendoc/custom.jsp?iDocID=ARfEgy.WNSVIvFfvSIVmBCw&sIDType=CUID,Apple App Store,https://apps.apple.com/in/app/bharatpe-for-business/id1329385873,https://apps.apple.com/in/app/bharatpe-for-business/id1329385873,,1880,0
BharatPe for Business,Resilient Digi Services Private Limited,PIRAMAL FINANCE LIMITED (FORMERLY KNOWN AS PIRAMAL CAPITAL & HOUSING FINANCE LIMITED),2026-09-25,https://data.rbi.org.in/BOE/OpenDocument/opendoc/custom.jsp?iDocID=ARfEgy.WNSVIvFfvSIVmBCw&sIDType=CUID,Google Play Store,https://play.google.com/store/apps/details?id=com.bharatpe.app,https://play.google.com/store/apps/details?id=com.bharatpe.app&hl=en_IN&pli=1,com.bharatpe.app,1881,0
Digital lending pages of PhonePe Lending on PhonePe consumer app,PhonePe Lending Services Private Limited,PIRAMAL FINANCE LIMITED (FORMERLY KNOWN AS PIRAMAL CAPITAL & HOUSING FINANCE LIMITED),2026-09-25,https://data.rbi.org.in/BOE/OpenDocument/opendoc/custom.jsp?iDocID=ARfEgy.WNSVIvFfvSIVmBCw&sIDType=CUID,Apple App Store,https://apps.apple.com/in/app/phonepe-secure-payments-app/id1170055821,https://apps.apple.com/in/app/phonepe-secure-payments-app/id1170055821,,1882,0
Digital lending pages of PhonePe Lending on PhonePe consumer app,PhonePe Lending Services Private Limited,PIRAMAL FINANCE LIMITED (FORMERLY KNOWN AS PIRAMAL CAPITAL & HOUSING FINANCE LIMITED),2026-09-25,https://data.rbi.org.in/BOE/OpenDocument/opendoc/custom.jsp?iDocID=ARfEgy.WNSVIvFfvSIVmBCw&sIDType=CUID,Google Play Store,https://play.google.com/store/apps/details?id=com.phonepe.app,https://play.google.com/store/apps/details?id=com.phonepe.app&hl=en_IN&pli=1,com.phonepe.app,1883,0
Digital lending pages of PhonePe Lending on PhonePe consumer app,PhonePe Lending Services Private Limited,PIRAMAL FINANCE LIMITED (FORMERLY KNOWN AS PIRAMAL CAPITAL & HOUSING FINANCE LIMITED),2026-09-25,https://data.rbi.org.in/BOE/OpenDocument/opendoc/custom.jsp?iDocID=ARfEgy.WNSVIvFfvSIVmBCw&sIDType=CUID,IndusApp,https://play.google.com/store/apps/details?id=com.phonepe.app,https://www.indusappstore.com/apps/finance/phonepe/com.phonepe.app/?page=details&id=com.phonepe.app,com.phonepe.app,1884,0
Fibe,Social Worth Technologies Limited,PIRAMAL FINANCE LIMITED (FORMERLY KNOWN AS PIRAMAL CAPITAL & HOUSING FINANCE LIMITED),2026-09-25,https://data.rbi.org.in/BOE/OpenDocument/opendoc/custom.jsp?iDocID=ARfEgy.WNSVIvFfvSIVmBCw&sIDType=CUID,Apple App Store,https://apps.apple.com/in/app/fibe-instant-personal-loan-app/id1094602630,https://apps.apple.com/in/app/fibe-instant-personal-loan-app/id1094602630,,1885,0
Fibe,Social Worth Technologies Limited,PIRAMAL FINANCE LIMITED (FORMERLY KNOWN AS PIRAMAL CAPITAL & HOUSING FINANCE LIMITED),2026-09-25,https://data.rbi.org.in/BOE/OpenDocument/opendoc/custom.jsp?iDocID=ARfEgy.WNSVIvFfvSIVmBCw&sIDType=CUID,Google Play Store,https://play.google.com/store/apps/details?id=com.earlysalary.android,https://play.google.com/store/apps/details?id=com.earlysalary.android&hl=en_IN&gl=IN,com.earlysalary.android,1886,0
Finnable: Personal Loan App,Finnable Technologies Private Limited,PIRAMAL FINANCE LIMITED (FORMERLY KNOWN AS PIRAMAL CAPITAL & HOUSING FINANCE LIMITED),2026-09-25,https://data.rbi.org.in/BOE/OpenDocument/opendoc/custom.jsp?iDocID=ARfEgy.WNSVIvFfvSIVmBCw&sIDType=CUID,Apple App Store,https://apps.apple.com/in/app/finnable/id1453358250,https://apps.apple.com/in/app/finnable/id1453358250,,1887,0
Finnable: Personal Loan App,Finnable Technologies Private Limited,PIRAMAL FINANCE LIMITED (FORMERLY KNOWN AS PIRAMAL CAPITAL & HOUSING FINANCE LIMITED),2026-09-25,https://data.rbi.org.in/BOE/OpenDocument/opendoc/custom.jsp?iDocID=ARfEgy.WNSVIvFfvSIVmBCw&sIDType=CUID,Google Play Store,https://play.google.com/store/apps/details?id=com.finnable.customer,https://play.google.com/store/apps/details?id=com.finnable.customer&hl=en_IN,com.finnable.customer,1888,0
Kissht,OnEMI Technology Solutions Limited,PIRAMAL FINANCE LIMITED (FORMERLY KNOWN AS PIRAMAL CAPITAL & HOUSING FINANCE LIMITED),2026-09-25,https://data.rbi.org.in/BOE/OpenDocument/opendoc/custom.jsp?iDocID=ARfEgy.WNSVIvFfvSIVmBCw&sIDType=CUID,Google Play Store,https://play.google.com/store/apps/details?id=com.fastbanking,https://play.google.com/store/apps/details?id=com.fastbanking,com.fastbanking,1889,0
Kissht IOS,OnEMI Technology Solutions Limited,PIRAMAL FINANCE LIMITED (FORMERLY KNOWN AS PIRAMAL CAPITAL & HOUSING FINANCE LIMITED),2026-09-25,https://data.rbi.org.in/BOE/OpenDocument/opendoc/custom.jsp?iDocID=ARfEgy.WNSVIvFfvSIVmBCw&sIDType=CUID,Apple App Store,https://apps.apple.com/in/app/kissht-personal-loan-app/id6752766331,https://apps.apple.com/in/app/kissht-personal-loan-app/id6752766331,,1890,0
Kreditbee,Finnovation Tech Solutions Private Limited,PIRAMAL FINANCE LIMITED (FORMERLY KNOWN AS PIRAMAL CAPITAL & HOUSING FINANCE LIMITED),2026-09-25,https://data.rbi.org.in/BOE/OpenDocument/opendoc/custom.jsp?iDocID=ARfEgy.WNSVIvFfvSIVmBCw&sIDType=CUID,Apple App Store,https://apps.apple.com/in/app/easy-personal-loan-kreditbee/id1488736283,https://apps.apple.com/in/app/easy-personal-loan-kreditbee/id1488736283,,1891,0
Kreditbee,Finnovation Tech Solutions Private Limited,PIRAMAL FINANCE LIMITED (FORMERLY KNOWN AS PIRAMAL CAPITAL & HOUSING FINANCE LIMITED),2026-09-25,https://data.rbi.org.in/BOE/OpenDocument/opendoc/custom.jsp?iDocID=ARfEgy.WNSVIvFfvSIVmBCw&sIDType=CUID,Google Play Store,https://play.google.com/store/apps/details?id=com.kreditbee.android,https://play.google.com/store/apps/details?id=com.kreditbee.android,com.kreditbee.android,1892,0
Kreditbee,Finnovation Tech Solutions Private Limited,PIRAMAL FINANCE LIMITED (FORMERLY KNOWN AS PIRAMAL CAPITAL & HOUSING FINANCE LIMITED),2026-09-25,https://data.rbi.org.in/BOE/OpenDocument/opendoc/custom.jsp?iDocID=ARfEgy.WNSVIvFfvSIVmBCw&sIDType=CUID,IndusApp,https://indusapp.store/9ip3i05q,https://indusapp.store/9ip3i05q,,1893,0
Kreditbee,Finnovation Tech Solutions Private Limited,PIRAMAL FINANCE LIMITED (FORMERLY KNOWN AS PIRAMAL CAPITAL & HOUSING FINANCE LIMITED),2026-09-25,https://data.rbi.org.in/BOE/OpenDocument/opendoc/custom.jsp?iDocID=ARfEgy.WNSVIvFfvSIVmBCw&sIDType=CUID,Mi App Store,https://play.google.com/store/apps/details?id=com.kreditbee.android,https://global.app.mi.com/details?lo=IN&la=en_US&id=com.kreditbee.android,com.kreditbee.android,1894,0
Kreditbee,Finnovation Tech Solutions Private Limited,PIRAMAL FINANCE LIMITED (FORMERLY KNOWN AS PIRAMAL CAPITAL & HOUSING FINANCE LIMITED),2026-09-25,https://data.rbi.org.in/BOE/OpenDocument/opendoc/custom.jsp?iDocID=ARfEgy.WNSVIvFfvSIVmBCw&sIDType=CUID,Oppo App Store,oaps://mk/dt?pkg=com.kreditbee.android&style=1,oaps://mk/dt?pkg=com.kreditbee.android&style=1,,1895,0
Kreditbee,Finnovation Tech Solutions Private Limited,PIRAMAL FINANCE LIMITED (FORMERLY KNOWN AS PIRAMAL CAPITAL & HOUSING FINANCE LIMITED),2026-09-25,https://data.rbi.org.in/BOE/OpenDocument/opendoc/custom.jsp?iDocID=ARfEgy.WNSVIvFfvSIVmBCw&sIDType=CUID,Samsung App Store,https://apps.samsung.com/appquery/appDetail.as?appId=com.kreditbee.android,https://apps.samsung.com/appquery/appDetail.as?appId=com.kreditbee.android,,1896,0
Kreditbee,Finnovation Tech Solutions Private Limited,PIRAMAL FINANCE LIMITED (FORMERLY KNOWN AS PIRAMAL CAPITAL & HOUSING FINANCE LIMITED),2026-09-25,https://data.rbi.org.in/BOE/OpenDocument/opendoc/custom.jsp?iDocID=ARfEgy.WNSVIvFfvSIVmBCw&sIDType=CUID,Vivo Market,https://play.google.com/store/apps/details?id=com.kreditbee.android,vivomarket://details?id=com.kreditbee.android,com.kreditbee.android,1897,0
Kreditbee,Finnovation Tech Solutions Private Limited,PIRAMAL FINANCE LIMITED (FORMERLY KNOWN AS PIRAMAL CAPITAL & HOUSING FINANCE LIMITED),2026-09-25,https://data.rbi.org.in/BOE/OpenDocument/opendoc/custom.jsp?iDocID=ARfEgy.WNSVIvFfvSIVmBCw&sIDType=CUID,Website,https://www.kreditbee.in/,https://www.kreditbee.in/,,1898,0
MobiKwik,One MobiKwik Systems Limited,PIRAMAL FINANCE LIMITED (FORMERLY KNOWN AS PIRAMAL CAPITAL & HOUSING FINANCE LIMITED),2026-09-25,https://data.rbi.org.in/BOE/OpenDocument/opendoc/custom.jsp?iDocID=ARfEgy.WNSVIvFfvSIVmBCw&sIDType=CUID,Apple App Store,https://apps.apple.com/in/app/mobikwik-bhim-upi-wallet/id600002523,https://apps.apple.com/in/app/mobikwik-bhim-upi-wallet/id600002523,,1899,0
MobiKwik,One MobiKwik Systems Limited,PIRAMAL FINANCE LIMITED (FORMERLY KNOWN AS PIRAMAL CAPITAL & HOUSING FINANCE LIMITED),2026-09-25,https://data.rbi.org.in/BOE/OpenDocument/opendoc/custom.jsp?iDocID=ARfEgy.WNSVIvFfvSIVmBCw&sIDType=CUID,Google Play Store,https://play.google.com/store/apps/details?id=com.mobikwik_new,https://play.google.com/store/apps/details?id=com.mobikwik_new&hl=en,com.mobikwik_new,1900,0
Moneyview Limited (Formerly Known as Whizdm Innovations Private Limited),Moneyview Limited (Formerly Known as Whizdm Innovations Private Limited),PIRAMAL FINANCE LIMITED (FORMERLY KNOWN AS PIRAMAL CAPITAL & HOUSING FINANCE LIMITED),2026-09-25,https://data.rbi.org.in/BOE/OpenDocument/opendoc/custom.jsp?iDocID=ARfEgy.WNSVIvFfvSIVmBCw&sIDType=CUID,Apple App Store,https://apps.apple.com/in/app/moneyview-loans-credit-cards/id6468976019,https://apps.apple.com/in/app/moneyview-loans-credit-cards/id6468976019,,1901,0
Moneyview Limited (Formerly Known as Whizdm Innovations Private Limited),Moneyview Limited (Formerly Known as Whizdm Innovations Private Limited),PIRAMAL FINANCE LIMITED (FORMERLY KNOWN AS PIRAMAL CAPITAL & HOUSING FINANCE LIMITED),2026-09-25,https://data.rbi.org.in/BOE/OpenDocument/opendoc/custom.jsp?iDocID=ARfEgy.WNSVIvFfvSIVmBCw&sIDType=CUID,Google Play Store,https://play.google.com/store/apps/details?id=com.whizdm.moneyview.loans,https://play.google.com/store/apps/details?id=com.whizdm.moneyview.loans&hl=en_IN&gl=IN,com.whizdm.moneyview.loans,1902,0
Moneyview Limited (Formerly Known as Whizdm Innovations Private Limited),Moneyview Limited (Formerly Known as Whizdm Innovations Private Limited),PIRAMAL FINANCE LIMITED (FORMERLY KNOWN AS PIRAMAL CAPITAL & HOUSING FINANCE LIMITED),2026-09-25,https://data.rbi.org.in/BOE/OpenDocument/opendoc/custom.jsp?iDocID=ARfEgy.WNSVIvFfvSIVmBCw&sIDType=CUID,Website,https://moneyview.in/,https://moneyview.in/,,1903,0
Navi Finserv Limited,Navi Finserv Limited,PIRAMAL FINANCE LIMITED (FORMERLY KNOWN AS PIRAMAL CAPITAL & HOUSING FINANCE LIMITED),2026-09-25,https://data.rbi.org.in/BOE/OpenDocument/opendoc/custom.jsp?iDocID=ARfEgy.WNSVIvFfvSIVmBCw&sIDType=CUID,Website,https://navi.com/pl,https://navi.com/pl,,1904,0
Onsecore,FPL Consumer Services Private Limited,PIRAMAL FINANCE LIMITED (FORMERLY KNOWN AS PIRAMAL CAPITAL & HOUSING FINANCE LIMITED),2026-09-25,https://data.rbi.org.in/BOE/OpenDocument/opendoc/custom.jsp?iDocID=ARfEgy.WNSVIvFfvSIVmBCw&sIDType=CUID,Apple App Store,https://apps.apple.com/in/app/onescore-credit-score-insight/id1462059417,https://apps.apple.com/in/app/onescore-credit-score-insight/id1462059417,,1905,0
Onsecore,FPL Consumer Services Private Limited,PIRAMAL FINANCE LIMITED (FORMERLY KNOWN AS PIRAMAL CAPITAL & HOUSING FINANCE LIMITED),2026-09-25,https://data.rbi.org.in/BOE/OpenDocument/opendoc/custom.jsp?iDocID=ARfEgy.WNSVIvFfvSIVmBCw&sIDType=CUID,Google Play Store,https://play.google.com/store/apps/details?id=tech.fplabs.score,https://play.google.com/store/apps/details?id=tech.fplabs.score&hl=en_IN,tech.fplabs.score,1906,0
Onsecore,FPL Consumer Services Private Limited,PIRAMAL FINANCE LIMITED (FORMERLY KNOWN AS PIRAMAL CAPITAL & HOUSING FINANCE LIMITED),2026-09-25,https://data.rbi.org.in/BOE/OpenDocument/opendoc/custom.jsp?iDocID=ARfEgy.WNSVIvFfvSIVmBCw&sIDType=CUID,Website,https://www.onescore.app/,https://www.onescore.app/,,1907,0
Paisabazaar Marketing and Consulting Private Limited,Paisabazaar Marketing and Consulting Private Limited,PIRAMAL FINANCE LIMITED (FORMERLY KNOWN AS PIRAMAL CAPITAL & HOUSING FINANCE LIMITED),2026-09-25,https://data.rbi.org.in/BOE/OpenDocument/opendoc/custom.jsp?iDocID=ARfEgy.WNSVIvFfvSIVmBCw&sIDType=CUID,Apple App Store,https://apps.apple.com/in/app/paisabazaar-com-loans-cards/id1029403201,https://apps.apple.com/in/app/paisabazaar-com-loans-cards/id1029403201,,1908,0
Paisabazaar Marketing and Consulting Private Limited,Paisabazaar Marketing and Consulting Private Limited,PIRAMAL FINANCE LIMITED (FORMERLY KNOWN AS PIRAMAL CAPITAL & HOUSING FINANCE LIMITED),2026-09-25,https://data.rbi.org.in/BOE/OpenDocument/opendoc/custom.jsp?iDocID=ARfEgy.WNSVIvFfvSIVmBCw&sIDType=CUID,Google Play Store,https://play.google.com/store/apps/details?id=com.paisabazaar,https://play.google.com/store/apps/details?id=com.paisabazaar,com.paisabazaar,1909,0
Paisabazaar Marketing and Consulting Private Limited,Paisabazaar Marketing and Consulting Private Limited,PIRAMAL FINANCE LIMITED (FORMERLY KNOWN AS PIRAMAL CAPITAL & HOUSING FINANCE LIMITED),2026-09-25,https://data.rbi.org.in/BOE/OpenDocument/opendoc/custom.jsp?iDocID=ARfEgy.WNSVIvFfvSIVmBCw&sIDType=CUID,Website,https://www.paisabazaar.com/,https://www.paisabazaar.com/,,1910,0
Paytm,One97 Communications Limited,PIRAMAL FINANCE LIMITED (FORMERLY KNOWN AS PIRAMAL CAPITAL & HOUSING FINANCE LIMITED),2026-09-25,https://data.rbi.org.in/BOE/OpenDocument/opendoc/custom.jsp?iDocID=ARfEgy.WNSVIvFfvSIVmBCw&sIDType=CUID,Apple App Store,https://apps.apple.com/in/app/paytm-for-business/id1351301966,https://apps.apple.com/in/app/paytm-for-business/id1351301966,,1911,0
Paytm,One97 Communications Limited,PIRAMAL FINANCE LIMITED (FORMERLY KNOWN AS PIRAMAL CAPITAL & HOUSING FINANCE LIMITED),2026-09-25,https://data.rbi.org.in/BOE/OpenDocument/opendoc/custom.jsp?iDocID=ARfEgy.WNSVIvFfvSIVmBCw&sIDType=CUID,Apple App Store,https://apps.apple.com/in/app/paytm/id473941634,https://apps.apple.com/in/app/paytm/id473941634,,1912,0
Paytm,One97 Communications Limited,PIRAMAL FINANCE LIMITED (FORMERLY KNOWN AS PIRAMAL CAPITAL & HOUSING FINANCE LIMITED),2026-09-25,https://data.rbi.org.in/BOE/OpenDocument/opendoc/custom.jsp?iDocID=ARfEgy.WNSVIvFfvSIVmBCw&sIDType=CUID,Google Play Store,https://play.google.com/store/apps/details?id=com.paytm.business,https://play.google.com/store/apps/details?id=com.paytm.business,com.paytm.business,1913,0
Paytm,One97 Communications Limited,PIRAMAL FINANCE LIMITED (FORMERLY KNOWN AS PIRAMAL CAPITAL & HOUSING FINANCE LIMITED),2026-09-25,https://data.rbi.org.in/BOE/OpenDocument/opendoc/custom.jsp?iDocID=ARfEgy.WNSVIvFfvSIVmBCw&sIDType=CUID,Google Play Store,https://play.google.com/store/apps/details?id=net.one97.paytm,https://play.google.com/store/apps/details?id=net.one97.paytm,net.one97.paytm,1914,0
Piramal Finance- Loans and More,Piramal Finance Ltd,PIRAMAL FINANCE LIMITED (FORMERLY KNOWN AS PIRAMAL CAPITAL & HOUSING FINANCE LIMITED),2026-09-25,https://data.rbi.org.in/BOE/OpenDocument/opendoc/custom.jsp?iDocID=ARfEgy.WNSVIvFfvSIVmBCw&sIDType=CUID,Apple App Store,https://apps.apple.com/in/app/piramal-finance-loans-more/id1570115348,https://apps.apple.com/in/app/piramal-finance-loans-more/id1570115348,,1915,0
Piramal Finance- Loans and More,Piramal Finance Ltd,PIRAMAL FINANCE LIMITED (FORMERLY KNOWN AS PIRAMAL CAPITAL & HOUSING FINANCE LIMITED),2026-09-25,https://data.rbi.org.in/BOE/OpenDocument/opendoc/custom.jsp?iDocID=ARfEgy.WNSVIvFfvSIVmBCw&sIDType=CUID,Google Play Store,https://www.piramalfinance.com/vidya/personal-loan-app,https://www.piramalfinance.com/vidya/personal-loan-app,,1916,0
RING,OnEMI Technology Solutions Limited,PIRAMAL FINANCE LIMITED (FORMERLY KNOWN AS PIRAMAL CAPITAL & HOUSING FINANCE LIMITED),2026-09-25,https://data.rbi.org.in/BOE/OpenDocument/opendoc/custom.jsp?iDocID=ARfEgy.WNSVIvFfvSIVmBCw&sIDType=CUID,Google Play Store,https://play.google.com/store/apps/details?id=com.ideopay.user,https://play.google.com/store/apps/details?id=com.ideopay.user,com.ideopay.user,1917,0
Ruloans?,Ruloans Distribution Services Pvt. Ltd.,PIRAMAL FINANCE LIMITED (FORMERLY KNOWN AS PIRAMAL CAPITAL & HOUSING FINANCE LIMITED),2026-09-25,https://data.rbi.org.in/BOE/OpenDocument/opendoc/custom.jsp?iDocID=ARfEgy.WNSVIvFfvSIVmBCw&sIDType=CUID,Apple App store,https://apps.apple.com/in/app/ruconnect-by-ruloans/id1661321073,https://apps.apple.com/in/app/ruconnect-by-ruloans/id1661321073,,1918,0
Ruloans?,Ruloans Distribution Services Pvt. Ltd.,PIRAMAL FINANCE LIMITED (FORMERLY KNOWN AS PIRAMAL CAPITAL & HOUSING FINANCE LIMITED),2026-09-25,https://data.rbi.org.in/BOE/OpenDocument/opendoc/custom.jsp?iDocID=ARfEgy.WNSVIvFfvSIVmBCw&sIDType=CUID,Google Play Store,https://play.google.com/store/apps/details?id=com.ruloanss,https://play.google.com/store/apps/details?id=com.ruloanss,com.ruloanss,1919,0
Ruloans?,Ruloans Distribution Services Pvt. Ltd.,PIRAMAL FINANCE LIMITED (FORMERLY KNOWN AS PIRAMAL CAPITAL & HOUSING FINANCE LIMITED),2026-09-25,https://data.rbi.org.in/BOE/OpenDocument/opendoc/custom.jsp?iDocID=ARfEgy.WNSVIvFfvSIVmBCw&sIDType=CUID,Website,https://ruconnect.ruloans.com,https://ruconnect.ruloans.com,,1920,0
SAVEIN,SAVEIN FINTECH PRIVATE LIMITED,PIRAMAL FINANCE LIMITED (FORMERLY KNOWN AS PIRAMAL CAPITAL & HOUSING FINANCE LIMITED),2026-09-25,https://data.rbi.org.in/BOE/OpenDocument/opendoc/custom.jsp?iDocID=ARfEgy.WNSVIvFfvSIVmBCw&sIDType=CUID,Website,https://savein.money/,https://savein.money/,,1921,0
Plebgraph,Plebgraph Finance Pvt Ltd,PLEBGRAPH FINANCE PRIVATE LIMITED,2026-09-25,https://data.rbi.org.in/BOE/OpenDocument/opendoc/custom.jsp?iDocID=ARfEgy.WNSVIvFfvSIVmBCw&sIDType=CUID,Google Play Store,https://play.google.com/store/apps/details?id=com.plebgraph.user,https://play.google.com/store/apps/details?id=com.plebgraph.user&hl=en_IN,com.plebgraph.user,1922,0
PFIL FINANCE,Self-owned,POOJA FINSTOCK INTERNATIONAL LIMTIED,2026-09-25,https://data.rbi.org.in/BOE/OpenDocument/opendoc/custom.jsp?iDocID=ARfEgy.WNSVIvFfvSIVmBCw&sIDType=CUID,Google play store,https://play.google.com/store/apps/details?id=com.pfilfinance.app,https://play.google.com/store/apps/details?id=com.pfilfinance.app,com.pfilfinance.app,1923,0
PFIL FINANCE,Self-owned,POOJA FINSTOCK INTERNATIONAL LIMTIED,2026-09-25,https://data.rbi.org.in/BOE/OpenDocument/opendoc/custom.jsp?iDocID=ARfEgy.WNSVIvFfvSIVmBCw&sIDType=CUID,Website,https://pfilfinance.com,https://pfilfinance.com,,1924,0
Sky Credit,Tik Tik Payment Solution company,POOJA FINSTOCK INTERNATIONAL LIMTIED,2026-09-25,https://data.rbi.org.in/BOE/OpenDocument/opendoc/custom.jsp?iDocID=ARfEgy.WNSVIvFfvSIVmBCw&sIDType=CUID,Google play store,https://play.google.com/store/apps/details?id=com.skycredit,https://play.google.com/store/apps/details?id=com.skycredit,com.skycredit,1925,0
Cash By Cred,Dreamplug Technologies Private Limited,POONAWALLA FINCORP LTD,2026-09-25,https://data.rbi.org.in/BOE/OpenDocument/opendoc/custom.jsp?iDocID=ARfEgy.WNSVIvFfvSIVmBCw&sIDType=CUID,Playstore,https://play.google.com/store/apps/details?id=com.dreamplug.kyoto.android,https://play.google.com/store/apps/details?id=com.dreamplug.kyoto.android,com.dreamplug.kyoto.android,1926,0
Mint Money,HT Digital Streams Limited,POONAWALLA FINCORP LTD,2026-09-25,https://data.rbi.org.in/BOE/OpenDocument/opendoc/custom.jsp?iDocID=ARfEgy.WNSVIvFfvSIVmBCw&sIDType=CUID,Website/Playstore,https://play.google.com/store/apps/details?id=com.htmintmoney,https://www.livemintmoney.com/ https://apps.apple.com/in/app/mint-money-credit-score-loans/id6751579585https://play.google.com/store/apps/details?id=com.htmintmoney&hl=en_IN?,com.htmintmoney,1927,0
Angel One,Angel One Limited,POONAWALLA FINCORP LTD,2026-09-25,https://data.rbi.org.in/BOE/OpenDocument/opendoc/custom.jsp?iDocID=ARfEgy.WNSVIvFfvSIVmBCw&sIDType=CUID,Web/Playstore/IOS,https://play.google.com/store/apps/details?id=com.msf.angelmobile,https://play.google.com/store/apps/details?id=com.msf.angelmobile https://apps.apple.com/in/app/angel-one-stocks-mutual-fund/id1060530981,com.msf.angelmobile,1928,0
Bitrocket,BITROCKET LABS PVT LTD,POONAWALLA FINCORP LTD,2026-09-25,https://data.rbi.org.in/BOE/OpenDocument/opendoc/custom.jsp?iDocID=ARfEgy.WNSVIvFfvSIVmBCw&sIDType=CUID,Web/Playstore/IOS,https://play.google.com/store/apps/details?id=com.cheq.retail,https://play.google.com/store/apps/details?id=com.cheq.retail&hl=en_IN https://apps.apple.com/in/app/cheq-credit-bill-payments/id6444677365,com.cheq.retail,1929,0
CarePal,Carepal Fintect Pvt Ltd,POONAWALLA FINCORP LTD,2026-09-25,https://data.rbi.org.in/BOE/OpenDocument/opendoc/custom.jsp?iDocID=ARfEgy.WNSVIvFfvSIVmBCw&sIDType=CUID,Website/Playstore,https://eci.carepalmoney.com/app/merchant-loan/login?utm_source=website&utm_medium=header&utm_campaign=get_startedCarePal Money,https://eci.carepalmoney.com/app/merchant-loan/login?utm_source=website&utm_medium=header&utm_campaign=get_startedCarePal Money,,1930,0
CRED,Dreamplug Technologies Private Limited - Prefr,POONAWALLA FINCORP LTD,2026-09-25,https://data.rbi.org.in/BOE/OpenDocument/opendoc/custom.jsp?iDocID=ARfEgy.WNSVIvFfvSIVmBCw&sIDType=CUID,Web/Playstore/IOS,https://play.google.com/store/apps/details?id=com.dreamplug.androidapp,https://play.google.com/store/apps/details?id=com.dreamplug.androidapp&hl=en_IN https://apps.apple.com/in/app/cred-credit-cards-payments/id1428580080,com.dreamplug.androidapp,1931,0
Credbuddha,CredBuddha Financial Consultancy Services Private Limited,POONAWALLA FINCORP LTD,2026-09-25,https://data.rbi.org.in/BOE/OpenDocument/opendoc/custom.jsp?iDocID=ARfEgy.WNSVIvFfvSIVmBCw&sIDType=CUID,Website/Playstore,https://play.google.com/store/apps/details?id=com.app.credbuddha,https://credbuddha.com/ https://play.google.com/store/apps/details?id=com.app.credbuddha&hl=en_IN,com.app.credbuddha,1932,0
Finfinity,Synergenius Growth Private Limited,POONAWALLA FINCORP LTD,2026-09-25,https://data.rbi.org.in/BOE/OpenDocument/opendoc/custom.jsp?iDocID=ARfEgy.WNSVIvFfvSIVmBCw&sIDType=CUID,Web/Playstore/IOS,https://sgpl.finfinity.co.in/FinApp https://sgpl.finfinity.co.in/FinApp,https://sgpl.finfinity.co.in/FinApp https://sgpl.finfinity.co.in/FinApp,,1933,0
Groww Credit App,Billionbrains Garage Ventures Limited,POONAWALLA FINCORP LTD,2026-09-25,https://data.rbi.org.in/BOE/OpenDocument/opendoc/custom.jsp?iDocID=ARfEgy.WNSVIvFfvSIVmBCw&sIDType=CUID,Web/Playstore/IOS,https://play.google.com/store/apps/details?id=in.groww.dash,https://play.google.com/store/apps/details?id=in.groww.dash https://apps.apple.com/in/app/groww-credit-instant-loan-app/id6633433697,in.groww.dash,1934,0
Mobikwik,One Mobikwik Systems Limited,POONAWALLA FINCORP LTD,2026-09-25,https://data.rbi.org.in/BOE/OpenDocument/opendoc/custom.jsp?iDocID=ARfEgy.WNSVIvFfvSIVmBCw&sIDType=CUID,Web/Playstore/IOS,https://play.google.com/store/apps/details?id=com.mobikwik_new,https://play.google.com/store/apps/details?id=com.mobikwik_new https://apps.apple.com/in/app/mobikwik-bhim-upi-wallet/id600002523,com.mobikwik_new,1935,0
OLA Money,Ola Financial Services Pvt. Ltd (OFS),POONAWALLA FINCORP LTD,2026-09-25,https://data.rbi.org.in/BOE/OpenDocument/opendoc/custom.jsp?iDocID=ARfEgy.WNSVIvFfvSIVmBCw&sIDType=CUID,Web/Playstore/IOS,https://play.google.com/store/apps/details?id=com.olacabs.customer,https://play.google.com/store/apps/details?id=com.olacabs.customer&hl=en_IN&pli=1 https://apps.apple.com/in/app/ola-book-cab-auto-bike-taxi/id539179365,com.olacabs.customer,1936,0
Paisabazaar,Paisabazaar,POONAWALLA FINCORP LTD,2026-09-25,https://data.rbi.org.in/BOE/OpenDocument/opendoc/custom.jsp?iDocID=ARfEgy.WNSVIvFfvSIVmBCw&sIDType=CUID,Web/Playstore/IOS,https://play.google.com/store/apps/details?id=com.paisabazaar,https://play.google.com/store/apps/details?id=com.paisabazaar https://apps.apple.com/in/app/paisabazaar-com-loans-cards/id1029403201,com.paisabazaar,1937,0
ParkPlus,Parviom Technologies Pvt. Ltd.,POONAWALLA FINCORP LTD,2026-09-25,https://data.rbi.org.in/BOE/OpenDocument/opendoc/custom.jsp?iDocID=ARfEgy.WNSVIvFfvSIVmBCw&sIDType=CUID,Web/Playstore/IOS,https://play.google.com/store/apps/details?id=com.ovunque.parkwheels,https://play.google.com/store/apps/details?id=com.ovunque.parkwheels&hl=en-US https://apps.apple.com/in/app/park-rto-parivahan-fastag/id1244749178,com.ovunque.parkwheels,1938,0
Paytm,One 97 Communications Limited?,POONAWALLA FINCORP LTD,2026-09-25,https://data.rbi.org.in/BOE/OpenDocument/opendoc/custom.jsp?iDocID=ARfEgy.WNSVIvFfvSIVmBCw&sIDType=CUID,Web/Playstore/IOS,https://play.google.com/store/apps/details?id=net.one97.paytm,https://play.google.com/store/apps/details?id=net.one97.paytm https://apps.apple.com/in/app/paytm-secure-upi-payments/id473941634,net.one97.paytm,1939,0
Poonawalla Fincorp,Poonawalla Fincorp Limited,POONAWALLA FINCORP LTD,2026-09-25,https://data.rbi.org.in/BOE/OpenDocument/opendoc/custom.jsp?iDocID=ARfEgy.WNSVIvFfvSIVmBCw&sIDType=CUID,Web/Playstore/IOS,https://play.google.com/store/apps/details?id=com.poonawallafincorp.loan.emi.payment.card.upi.mf,https://play.google.com/store/apps/details?id=com.poonawallafincorp.loan.emi.payment.card.upi.mf&hl=en_IN https://apps.apple.com/in/app/poonawalla-fincorp/id6450506096,com.poonawallafincorp.loan.emi.payment.card.upi.mf,1940,0
Prefr,Dreamplug Technologies Private Limited - Prefr,POONAWALLA FINCORP LTD,2026-09-25,https://data.rbi.org.in/BOE/OpenDocument/opendoc/custom.jsp?iDocID=ARfEgy.WNSVIvFfvSIVmBCw&sIDType=CUID,Web/Playstore/IOS,https://play.google.com/store/apps/details?id=com.prefr.credit,https://play.google.com/store/apps/details?id=com.prefr.credit https://apps.apple.com/in/app/prefr-personal-loan-app-india/id6758143425,com.prefr.credit,1941,0
SuperMoney,Scapic Innovations Pvt ltd,POONAWALLA FINCORP LTD,2026-09-25,https://data.rbi.org.in/BOE/OpenDocument/opendoc/custom.jsp?iDocID=ARfEgy.WNSVIvFfvSIVmBCw&sIDType=CUID,Web/Playstore/IOS,https://play.google.com/store/apps/details?id=money.super.payments,https://play.google.com/store/apps/details?id=money.super.payments&hl=en-US https://apps.apple.com/in/app/super-money/id6502597504,money.super.payments,1942,0
Xtelify Limited,Airtel,POONAWALLA FINCORP LTD,2026-09-25,https://data.rbi.org.in/BOE/OpenDocument/opendoc/custom.jsp?iDocID=ARfEgy.WNSVIvFfvSIVmBCw&sIDType=CUID,Website/Playstore,https://play.google.com/store/apps/details?id=com.myairtelapp,https://play.google.com/store/apps/details?id=com.myairtelapp https://apps.apple.com/in/app/airtel-thanks-recharge-bank/id543184334,com.myairtelapp,1943,0
Actoloan,Prakash Chemtex (India) Limited,PRAKASH CHEMTEX (INDIA) LIMITED,2026-09-25,https://data.rbi.org.in/BOE/OpenDocument/opendoc/custom.jsp?iDocID=ARfEgy.WNSVIvFfvSIVmBCw&sIDType=CUID,Google Play Store,https://play.google.com/store/apps/details?id=com.actoloan.app.actoloan,https://play.google.com/store/apps/details?id=com.actoloan.app.actoloan,com.actoloan.app.actoloan,1944,0
Actoloan,Prakash Chemtex (India) Limited,PRAKASH CHEMTEX (INDIA) LIMITED,2026-09-25,https://data.rbi.org.in/BOE/OpenDocument/opendoc/custom.jsp?iDocID=ARfEgy.WNSVIvFfvSIVmBCw&sIDType=CUID,Website,https://actoloan.com/index.php,https://actoloan.com/index.php,,1945,0
Paytm,One97 Communications Limited,PROFECTUS CAPITAL PVT. LTD.,2026-09-25,https://data.rbi.org.in/BOE/OpenDocument/opendoc/custom.jsp?iDocID=ARfEgy.WNSVIvFfvSIVmBCw&sIDType=CUID,Apple app store,https://apps.apple.com/in/app/paytm/id473941634,https://apps.apple.com/in/app/paytm/id473941634,,1946,0
Paytm,One97 Communications Limited,PROFECTUS CAPITAL PVT. LTD.,2026-09-25,https://data.rbi.org.in/BOE/OpenDocument/opendoc/custom.jsp?iDocID=ARfEgy.WNSVIvFfvSIVmBCw&sIDType=CUID,Google Play store,https://play.google.com/store/apps/details?id=net.one97.paytm,https://play.google.com/store/apps/details?id=net.one97.paytm,net.one97.paytm,1947,0
Paytm for Business,One97 Communications Limited,PROFECTUS CAPITAL PVT. LTD.,2026-09-25,https://data.rbi.org.in/BOE/OpenDocument/opendoc/custom.jsp?iDocID=ARfEgy.WNSVIvFfvSIVmBCw&sIDType=CUID,Apple app store,https://apps.apple.com/in/app/paytm-for-business/id1351301966,https://apps.apple.com/in/app/paytm-for-business/id1351301966,,1948,0
Paytm for Business,One97 Communications Limited,PROFECTUS CAPITAL PVT. LTD.,2026-09-25,https://data.rbi.org.in/BOE/OpenDocument/opendoc/custom.jsp?iDocID=ARfEgy.WNSVIvFfvSIVmBCw&sIDType=CUID,Google Play store,https://play.google.com/store/apps/details?id=com.paytm.business,https://play.google.com/store/apps/details?id=com.paytm.business,com.paytm.business,1949,0
Getpaisa,Propkar Securities Private Limited,PROPKAR SECURITIES (P) LTD.,2026-09-25,https://data.rbi.org.in/BOE/OpenDocument/opendoc/custom.jsp?iDocID=ARfEgy.WNSVIvFfvSIVmBCw&sIDType=CUID,App Store,https://apps.apple.com/in/app/getpaisa/id6737540025,https://apps.apple.com/in/app/getpaisa/id6737540025,,1950,0
Getpaisa,Propkar Securities Private Limited,PROPKAR SECURITIES (P) LTD.,2026-09-25,https://data.rbi.org.in/BOE/OpenDocument/opendoc/custom.jsp?iDocID=ARfEgy.WNSVIvFfvSIVmBCw&sIDType=CUID,Google Play Store,https://play.google.com/store/apps/details?id=com.get.paisa,https://play.google.com/store/apps/details?id=com.get.paisa&hl=en,com.get.paisa,1951,0
DIGITAL LOANS,PSB,PUNJAB AND SIND BANK,2026-09-25,https://data.rbi.org.in/BOE/OpenDocument/opendoc/custom.jsp?iDocID=ARfEgy.WNSVIvFfvSIVmBCw&sIDType=CUID,WEBSITE,https://digiloans.psb.co.in/psb/,https://digiloans.psb.co.in/psb/,,1952,0
DIGITAL MUDRA,PSB,PUNJAB AND SIND BANK,2026-09-25,https://data.rbi.org.in/BOE/OpenDocument/opendoc/custom.jsp?iDocID=ARfEgy.WNSVIvFfvSIVmBCw&sIDType=CUID,WEBSITE,https://digimudraloan.psb.co.in/lendperfect/landing,https://digimudraloan.psb.co.in/lendperfect/landing,,1953,0
Digi Agri Prime Plus,self-owned,PUNJAB NATIONAL BANK,2026-09-25,https://data.rbi.org.in/BOE/OpenDocument/opendoc/custom.jsp?iDocID=ARfEgy.WNSVIvFfvSIVmBCw&sIDType=CUID,Pnb Internet banking,https://digiagriprimeplus.pnb.bank.in/pnb/gstexpagri/login,https://digiagriprimeplus.pnb.bank.in/pnb/gstexpagri/login,,1954,0
Digi Agri Prime Plus,self-owned,PUNJAB NATIONAL BANK,2026-09-25,https://data.rbi.org.in/BOE/OpenDocument/opendoc/custom.jsp?iDocID=ARfEgy.WNSVIvFfvSIVmBCw&sIDType=CUID,PNB One App (Android),https://digiagriprimeplus.pnb.bank.in/pnb/gstexpagri/login,https://digiagriprimeplus.pnb.bank.in/pnb/gstexpagri/login,,1955,0
Digi Agri Prime Plus,self-owned,PUNJAB NATIONAL BANK,2026-09-25,https://data.rbi.org.in/BOE/OpenDocument/opendoc/custom.jsp?iDocID=ARfEgy.WNSVIvFfvSIVmBCw&sIDType=CUID,PNB One App (ios),https://digiagriprimeplus.pnb.bank.in/pnb/gstexpagri/login,https://digiagriprimeplus.pnb.bank.in/pnb/gstexpagri/login,,1956,0
Digi Agri Prime Plus,self-owned,PUNJAB NATIONAL BANK,2026-09-25,https://data.rbi.org.in/BOE/OpenDocument/opendoc/custom.jsp?iDocID=ARfEgy.WNSVIvFfvSIVmBCw&sIDType=CUID,website,https://digiagriprimeplus.pnb.bank.in/pnb/gstexpagri/login,https://digiagriprimeplus.pnb.bank.in/pnb/gstexpagri/login,,1957,0
PNB Griha Vatika,self-owned,PUNJAB NATIONAL BANK,2026-09-25,https://data.rbi.org.in/BOE/OpenDocument/opendoc/custom.jsp?iDocID=ARfEgy.WNSVIvFfvSIVmBCw&sIDType=CUID,Pnb Internet banking,https://digigrihavatika.pnb.bank.in:6443,https://digigrihavatika.pnb.bank.in:6443,,1958,0
PNB Griha Vatika,self-owned,PUNJAB NATIONAL BANK,2026-09-25,https://data.rbi.org.in/BOE/OpenDocument/opendoc/custom.jsp?iDocID=ARfEgy.WNSVIvFfvSIVmBCw&sIDType=CUID,PNB One App (Android),https://digigrihavatika.pnb.bank.in:6443,https://digigrihavatika.pnb.bank.in:6443,,1959,0
PNB Griha Vatika,self-owned,PUNJAB NATIONAL BANK,2026-09-25,https://data.rbi.org.in/BOE/OpenDocument/opendoc/custom.jsp?iDocID=ARfEgy.WNSVIvFfvSIVmBCw&sIDType=CUID,PNB One App (ios),https://digigrihavatika.pnb.bank.in:6443,https://digigrihavatika.pnb.bank.in:6443,,1960,0
PNB Griha Vatika,self-owned,PUNJAB NATIONAL BANK,2026-09-25,https://data.rbi.org.in/BOE/OpenDocument/opendoc/custom.jsp?iDocID=ARfEgy.WNSVIvFfvSIVmBCw&sIDType=CUID,website,https://digigrihavatika.pnb.bank.in,https://digigrihavatika.pnb.bank.in,,1961,0
Digi HL Top up,Self-Owned,PUNJAB NATIONAL BANK,2026-09-25,https://data.rbi.org.in/BOE/OpenDocument/opendoc/custom.jsp?iDocID=ARfEgy.WNSVIvFfvSIVmBCw&sIDType=CUID,Internet Banking Service,https://digihltopup.pnb.bank.in/pnb/,https://digihltopup.pnb.bank.in/pnb/,,1962,0
Digi HL Top up,Self-Owned,PUNJAB NATIONAL BANK,2026-09-25,https://data.rbi.org.in/BOE/OpenDocument/opendoc/custom.jsp?iDocID=ARfEgy.WNSVIvFfvSIVmBCw&sIDType=CUID,PNB One App-(Android),https://digihltopup.pnb.bank.in/pnb/,https://digihltopup.pnb.bank.in/pnb/,,1963,0
Digi HL Top up,Self-Owned,PUNJAB NATIONAL BANK,2026-09-25,https://data.rbi.org.in/BOE/OpenDocument/opendoc/custom.jsp?iDocID=ARfEgy.WNSVIvFfvSIVmBCw&sIDType=CUID,PNB One App-(IOS),https://digihltopup.pnb.bank.in/pnb/,https://digihltopup.pnb.bank.in/pnb/,,1964,0
Digi HL Top up,Self-Owned,PUNJAB NATIONAL BANK,2026-09-25,https://data.rbi.org.in/BOE/OpenDocument/opendoc/custom.jsp?iDocID=ARfEgy.WNSVIvFfvSIVmBCw&sIDType=CUID,Website,https://digihltopup.pnb.bank.in/pnb/,https://digihltopup.pnb.bank.in/pnb/,,1965,0
Digi Home CRG,Self-Owned,PUNJAB NATIONAL BANK,2026-09-25,https://data.rbi.org.in/BOE/OpenDocument/opendoc/custom.jsp?iDocID=ARfEgy.WNSVIvFfvSIVmBCw&sIDType=CUID,Internet Banking Service,https://digihomecrg.pnb.bank.in/pnb/,https://digihomecrg.pnb.bank.in/pnb/,,1966,0
Digi Home CRG,Self-Owned,PUNJAB NATIONAL BANK,2026-09-25,https://data.rbi.org.in/BOE/OpenDocument/opendoc/custom.jsp?iDocID=ARfEgy.WNSVIvFfvSIVmBCw&sIDType=CUID,PNB One App-(Android),https://digihomecrg.pnb.bank.in/pnb/,https://digihomecrg.pnb.bank.in/pnb/,,1967,0
Digi Home CRG,Self-Owned,PUNJAB NATIONAL BANK,2026-09-25,https://data.rbi.org.in/BOE/OpenDocument/opendoc/custom.jsp?iDocID=ARfEgy.WNSVIvFfvSIVmBCw&sIDType=CUID,PNB One App-(IOS),https://digihomecrg.pnb.bank.in/pnb/,https://digihomecrg.pnb.bank.in/pnb/,,1968,0
Digi Home CRG,Self-Owned,PUNJAB NATIONAL BANK,2026-09-25,https://data.rbi.org.in/BOE/OpenDocument/opendoc/custom.jsp?iDocID=ARfEgy.WNSVIvFfvSIVmBCw&sIDType=CUID,Website,https://digihomecrg.pnb.bank.in/pnb/,https://digihomecrg.pnb.bank.in/pnb/,,1969,0
Digi Housing loan,Self-Owned,PUNJAB NATIONAL BANK,2026-09-25,https://data.rbi.org.in/BOE/OpenDocument/opendoc/custom.jsp?iDocID=ARfEgy.WNSVIvFfvSIVmBCw&sIDType=CUID,Internet Banking Service,https://digihome.pnb.bank.in:10443/pnb/hl/,https://digihome.pnb.bank.in:10443/pnb/hl/,,1970,0
Digi Housing loan,Self-Owned,PUNJAB NATIONAL BANK,2026-09-25,https://data.rbi.org.in/BOE/OpenDocument/opendoc/custom.jsp?iDocID=ARfEgy.WNSVIvFfvSIVmBCw&sIDType=CUID,PNB One App-(Android),https://digihome.pnb.bank.in:10443/pnb/hl/,https://digihome.pnb.bank.in:10443/pnb/hl/,,1971,0
Digi Housing loan,Self-Owned,PUNJAB NATIONAL BANK,2026-09-25,https://data.rbi.org.in/BOE/OpenDocument/opendoc/custom.jsp?iDocID=ARfEgy.WNSVIvFfvSIVmBCw&sIDType=CUID,PNB One App-(IOS),https://digihome.pnb.bank.in:10443/pnb/hl/,https://digihome.pnb.bank.in:10443/pnb/hl/,,1972,0
Digi Housing loan,Self-Owned,PUNJAB NATIONAL BANK,2026-09-25,https://data.rbi.org.in/BOE/OpenDocument/opendoc/custom.jsp?iDocID=ARfEgy.WNSVIvFfvSIVmBCw&sIDType=CUID,Website,https://digihome.pnb.bank.in:10443/pnb/hl/,https://digihome.pnb.bank.in:10443/pnb/hl/,,1973,0
Digi PNB Shram Saarthi,Self-Owned,PUNJAB NATIONAL BANK,2026-09-25,https://data.rbi.org.in/BOE/OpenDocument/opendoc/custom.jsp?iDocID=ARfEgy.WNSVIvFfvSIVmBCw&sIDType=CUID,Internet Banking Service,https://digishramsaathi.pnb.bank.in/,https://digishramsaathi.pnb.bank.in/,,1974,0
Digi PNB Shram Saarthi,Self-Owned,PUNJAB NATIONAL BANK,2026-09-25,https://data.rbi.org.in/BOE/OpenDocument/opendoc/custom.jsp?iDocID=ARfEgy.WNSVIvFfvSIVmBCw&sIDType=CUID,PNB One App-(Android),https://digishramsaathi.pnb.bank.in/,https://digishramsaathi.pnb.bank.in/,,1975,0
Digi PNB Shram Saarthi,Self-Owned,PUNJAB NATIONAL BANK,2026-09-25,https://data.rbi.org.in/BOE/OpenDocument/opendoc/custom.jsp?iDocID=ARfEgy.WNSVIvFfvSIVmBCw&sIDType=CUID,PNB One App-(IOS),https://digishramsaathi.pnb.bank.in/,https://digishramsaathi.pnb.bank.in/,,1976,0
Digi PNB Shram Saarthi,Self-Owned,PUNJAB NATIONAL BANK,2026-09-25,https://data.rbi.org.in/BOE/OpenDocument/opendoc/custom.jsp?iDocID=ARfEgy.WNSVIvFfvSIVmBCw&sIDType=CUID,Website,https://digishramsaathi.pnb.bank.in/,https://digishramsaathi.pnb.bank.in/,,1977,0
Digital Car Loan,Self-Owned,PUNJAB NATIONAL BANK,2026-09-25,https://data.rbi.org.in/BOE/OpenDocument/opendoc/custom.jsp?iDocID=ARfEgy.WNSVIvFfvSIVmBCw&sIDType=CUID,Internet Banking Service,https://digivl.pnb.bank.in/#/vehicle-home,https://digivl.pnb.bank.in/#/vehicle-home,,1978,0
Digital Car Loan,Self-Owned,PUNJAB NATIONAL BANK,2026-09-25,https://data.rbi.org.in/BOE/OpenDocument/opendoc/custom.jsp?iDocID=ARfEgy.WNSVIvFfvSIVmBCw&sIDType=CUID,PNB One App-(Android),https://digivl.pnb.bank.in/#/vehicle-home,https://digivl.pnb.bank.in/#/vehicle-home,,1979,0
Digital Car Loan,Self-Owned,PUNJAB NATIONAL BANK,2026-09-25,https://data.rbi.org.in/BOE/OpenDocument/opendoc/custom.jsp?iDocID=ARfEgy.WNSVIvFfvSIVmBCw&sIDType=CUID,PNB One App-(IOS),https://digivl.pnb.bank.in/,https://digivl.pnb.bank.in/,,1980,0
Digital Car Loan,Self-Owned,PUNJAB NATIONAL BANK,2026-09-25,https://data.rbi.org.in/BOE/OpenDocument/opendoc/custom.jsp?iDocID=ARfEgy.WNSVIvFfvSIVmBCw&sIDType=CUID,Website,https://digivl.pnb.bank.in/#/vehicle-home,https://digivl.pnb.bank.in/#/vehicle-home,,1981,0
Digital Education Loan,Self-Owned,PUNJAB NATIONAL BANK,2026-09-25,https://data.rbi.org.in/BOE/OpenDocument/opendoc/custom.jsp?iDocID=ARfEgy.WNSVIvFfvSIVmBCw&sIDType=CUID,PNB One App-(Android),https://digiel.pnb.bank.in/#/education-home,https://digiel.pnb.bank.in/#/education-home,,1982,0
Digital Education Loan,Self-Owned,PUNJAB NATIONAL BANK,2026-09-25,https://data.rbi.org.in/BOE/OpenDocument/opendoc/custom.jsp?iDocID=ARfEgy.WNSVIvFfvSIVmBCw&sIDType=CUID,PNB One App-(IOS),https://digiel.pnb.bank.in/,https://digiel.pnb.bank.in/,,1983,0
Digital Education Loan,Self-Owned,PUNJAB NATIONAL BANK,2026-09-25,https://data.rbi.org.in/BOE/OpenDocument/opendoc/custom.jsp?iDocID=ARfEgy.WNSVIvFfvSIVmBCw&sIDType=CUID,Website,https://digiel.pnb.bank.in/#/education-home,https://digiel.pnb.bank.in/#/education-home,,1984,0
Digital Education Loan PNB Pratibha,Self-Owned,PUNJAB NATIONAL BANK,2026-09-25,https://data.rbi.org.in/BOE/OpenDocument/opendoc/custom.jsp?iDocID=ARfEgy.WNSVIvFfvSIVmBCw&sIDType=CUID,Internet Banking Service,https://digiel.pnb.bank.in/,https://digiel.pnb.bank.in/,,1985,0
E- OD/DL against FD/RD(IBS),Self-Owned,PUNJAB NATIONAL BANK,2026-09-25,https://data.rbi.org.in/BOE/OpenDocument/opendoc/custom.jsp?iDocID=ARfEgy.WNSVIvFfvSIVmBCw&sIDType=CUID,Website,https://ibanking.pnb.bank.in,https://ibanking.pnb.bank.in,,1986,0
E- OD/DL against FD/RD(PNB One App),Self-Owned,PUNJAB NATIONAL BANK,2026-09-25,https://data.rbi.org.in/BOE/OpenDocument/opendoc/custom.jsp?iDocID=ARfEgy.WNSVIvFfvSIVmBCw&sIDType=CUID,Android,PNB ONE APP,PNB ONE APP,,1987,0
E- OD/DL against FD/RD(PNB One App),Self-Owned,PUNJAB NATIONAL BANK,2026-09-25,https://data.rbi.org.in/BOE/OpenDocument/opendoc/custom.jsp?iDocID=ARfEgy.WNSVIvFfvSIVmBCw&sIDType=CUID,Apple,PNB ONE APP,PNB ONE APP,,1988,0
Insta Loan against Securities(Mutual Fund),Self-Owned,PUNJAB NATIONAL BANK,2026-09-25,https://data.rbi.org.in/BOE/OpenDocument/opendoc/custom.jsp?iDocID=ARfEgy.WNSVIvFfvSIVmBCw&sIDType=CUID,Internet Banking Service,https://digitalbanking.pnb.bank.in/LoanPortalLOS/,https://digitalbanking.pnb.bank.in/LoanPortalLOS/,,1989,0
Insta Loan against Securities(Mutual Fund),Self-Owned,PUNJAB NATIONAL BANK,2026-09-25,https://data.rbi.org.in/BOE/OpenDocument/opendoc/custom.jsp?iDocID=ARfEgy.WNSVIvFfvSIVmBCw&sIDType=CUID,PNB One App-(Android),https://digitalbanking.pnb.bank.in/LoanPortalLOS/,https://digitalbanking.pnb.bank.in/LoanPortalLOS/,,1990,0
Insta Loan against Securities(Mutual Fund),Self-Owned,PUNJAB NATIONAL BANK,2026-09-25,https://data.rbi.org.in/BOE/OpenDocument/opendoc/custom.jsp?iDocID=ARfEgy.WNSVIvFfvSIVmBCw&sIDType=CUID,PNB One App-(IOS),https://digitalbanking.pnb.bank.in/LoanPortalLOS/,https://digitalbanking.pnb.bank.in/LoanPortalLOS/,,1991,0
Insta Loan against Securities(Mutual Fund),Self-Owned,PUNJAB NATIONAL BANK,2026-09-25,https://data.rbi.org.in/BOE/OpenDocument/opendoc/custom.jsp?iDocID=ARfEgy.WNSVIvFfvSIVmBCw&sIDType=CUID,Website,https://digitalbanking.pnb.bank.in/LoanPortalLOS/,https://digitalbanking.pnb.bank.in/LoanPortalLOS/,,1992,0
NTB-Personal Loan,Self-Owned,PUNJAB NATIONAL BANK,2026-09-25,https://data.rbi.org.in/BOE/OpenDocument/opendoc/custom.jsp?iDocID=ARfEgy.WNSVIvFfvSIVmBCw&sIDType=CUID,Internet Banking Service,https://instaloans.pnb.bank.in/ntb-loan/verify-customer#!,https://instaloans.pnb.bank.in/ntb-loan/verify-customer#!,,1993,0
NTB-Personal Loan,Self-Owned,PUNJAB NATIONAL BANK,2026-09-25,https://data.rbi.org.in/BOE/OpenDocument/opendoc/custom.jsp?iDocID=ARfEgy.WNSVIvFfvSIVmBCw&sIDType=CUID,PNB One App-(Android),https://instaloans.pnb.bank.in/ntb-loan/verify-customer#!,https://instaloans.pnb.bank.in/ntb-loan/verify-customer#!,,1994,0
NTB-Personal Loan,Self-Owned,PUNJAB NATIONAL BANK,2026-09-25,https://data.rbi.org.in/BOE/OpenDocument/opendoc/custom.jsp?iDocID=ARfEgy.WNSVIvFfvSIVmBCw&sIDType=CUID,PNB One App-(IOS),https://instaloans.pnb.bank.in/ntb-loan/verify-customer#!,https://instaloans.pnb.bank.in/ntb-loan/verify-customer#!,,1995,0
NTB-Personal Loan,Self-Owned,PUNJAB NATIONAL BANK,2026-09-25,https://data.rbi.org.in/BOE/OpenDocument/opendoc/custom.jsp?iDocID=ARfEgy.WNSVIvFfvSIVmBCw&sIDType=CUID,Website,https://instaloans.pnb.bank.in/ntb-loan/verify-customer#!,https://instaloans.pnb.bank.in/ntb-loan/verify-customer#!,,1996,0
PNB Digi Suryaghar,Self-Owned,PUNJAB NATIONAL BANK,2026-09-25,https://data.rbi.org.in/BOE/OpenDocument/opendoc/custom.jsp?iDocID=ARfEgy.WNSVIvFfvSIVmBCw&sIDType=CUID,PNB One App-(Android),https://digisuryaghar.pnb.in/,https://digisuryaghar.pnb.in/,,1997,0
PNB Digi Suryaghar,Self-Owned,PUNJAB NATIONAL BANK,2026-09-25,https://data.rbi.org.in/BOE/OpenDocument/opendoc/custom.jsp?iDocID=ARfEgy.WNSVIvFfvSIVmBCw&sIDType=CUID,PNB One App-(IOS),https://digisuryaghar.pnb.in/,https://digisuryaghar.pnb.in/,,1998,0
PNB Digi Suryaghar,Self-Owned,PUNJAB NATIONAL BANK,2026-09-25,https://data.rbi.org.in/BOE/OpenDocument/opendoc/custom.jsp?iDocID=ARfEgy.WNSVIvFfvSIVmBCw&sIDType=CUID,Website,https://digisuryaghar.pnb.in/,https://digisuryaghar.pnb.in/,,1999,0
Pre Approved Pension Loan,Self-Owned,PUNJAB NATIONAL BANK,2026-09-25,https://data.rbi.org.in/BOE/OpenDocument/opendoc/custom.jsp?iDocID=ARfEgy.WNSVIvFfvSIVmBCw&sIDType=CUID,Internet Banking Service,https://instaloans.pnb.bank.in/pensioner-loan/verify-customer#!,https://instaloans.pnb.bank.in/pensioner-loan/verify-customer#!,,2000,0
Pre Approved Pension Loan,Self-Owned,PUNJAB NATIONAL BANK,2026-09-25,https://data.rbi.org.in/BOE/OpenDocument/opendoc/custom.jsp?iDocID=ARfEgy.WNSVIvFfvSIVmBCw&sIDType=CUID,PNB One App-(Android),https://instaloans.pnb.bank.in/,https://instaloans.pnb.bank.in/,,2001,0
Pre Approved Pension Loan,Self-Owned,PUNJAB NATIONAL BANK,2026-09-25,https://data.rbi.org.in/BOE/OpenDocument/opendoc/custom.jsp?iDocID=ARfEgy.WNSVIvFfvSIVmBCw&sIDType=CUID,PNB One App-(IOS),https://instaloans.pnb.bank.in/,https://instaloans.pnb.bank.in/,,2002,0
Pre Approved Pension Loan,Self-Owned,PUNJAB NATIONAL BANK,2026-09-25,https://data.rbi.org.in/BOE/OpenDocument/opendoc/custom.jsp?iDocID=ARfEgy.WNSVIvFfvSIVmBCw&sIDType=CUID,Website,https://instaloans.pnb.bank.in/pensioner-loan/verify-customer#!,https://instaloans.pnb.bank.in/pensioner-loan/verify-customer#!,,2003,0
Pre Approved Personal Loan,Self-Owned,PUNJAB NATIONAL BANK,2026-09-25,https://data.rbi.org.in/BOE/OpenDocument/opendoc/custom.jsp?iDocID=ARfEgy.WNSVIvFfvSIVmBCw&sIDType=CUID,Internet Banking Service,https://instaloans.pnb.bank.in/personal-loan/verify-customer#!,https://instaloans.pnb.bank.in/personal-loan/verify-customer#!,,2004,0
Pre Approved Personal Loan,Self-Owned,PUNJAB NATIONAL BANK,2026-09-25,https://data.rbi.org.in/BOE/OpenDocument/opendoc/custom.jsp?iDocID=ARfEgy.WNSVIvFfvSIVmBCw&sIDType=CUID,PNB One App-(Android),https://instaloans.pnb.bank.in/,https://instaloans.pnb.bank.in/,,2005,0
Pre Approved Personal Loan,Self-Owned,PUNJAB NATIONAL BANK,2026-09-25,https://data.rbi.org.in/BOE/OpenDocument/opendoc/custom.jsp?iDocID=ARfEgy.WNSVIvFfvSIVmBCw&sIDType=CUID,PNB One App-(IOS),https://instaloans.pnb.bank.in/,https://instaloans.pnb.bank.in/,,2006,0
Pre Approved Personal Loan,Self-Owned,PUNJAB NATIONAL BANK,2026-09-25,https://data.rbi.org.in/BOE/OpenDocument/opendoc/custom.jsp?iDocID=ARfEgy.WNSVIvFfvSIVmBCw&sIDType=CUID,Website,https://instaloans.pnb.bank.in/personal-loan/verify-customer#!,https://instaloans.pnb.bank.in/personal-loan/verify-customer#!,,2007,0
"Pre-Approved Two Wheeler Loan(ETB) ""Digi Saarthi""",Self-Owned,PUNJAB NATIONAL BANK,2026-09-25,https://data.rbi.org.in/BOE/OpenDocument/opendoc/custom.jsp?iDocID=ARfEgy.WNSVIvFfvSIVmBCw&sIDType=CUID,Internet Banking Service,https://digi2wl.pnb.bank.in/#/two-wheeler-loan-home,https://digi2wl.pnb.bank.in/#/two-wheeler-loan-home,,2008,0
"Pre-Approved Two Wheeler Loan(ETB) ""Digi Saarthi""",Self-Owned,PUNJAB NATIONAL BANK,2026-09-25,https://data.rbi.org.in/BOE/OpenDocument/opendoc/custom.jsp?iDocID=ARfEgy.WNSVIvFfvSIVmBCw&sIDType=CUID,PNB One App-(Android),https://digi2wl.pnb.bank.in/,https://digi2wl.pnb.bank.in/,,2009,0
"Pre-Approved Two Wheeler Loan(ETB) ""Digi Saarthi""",Self-Owned,PUNJAB NATIONAL BANK,2026-09-25,https://data.rbi.org.in/BOE/OpenDocument/opendoc/custom.jsp?iDocID=ARfEgy.WNSVIvFfvSIVmBCw&sIDType=CUID,PNB One App-(IOS),https://digi2wl.pnb.bank.in/,https://digi2wl.pnb.bank.in/,,2010,0
"Pre-Approved Two Wheeler Loan(ETB) ""Digi Saarthi""",Self-Owned,PUNJAB NATIONAL BANK,2026-09-25,https://data.rbi.org.in/BOE/OpenDocument/opendoc/custom.jsp?iDocID=ARfEgy.WNSVIvFfvSIVmBCw&sIDType=CUID,Website,https://digi2wl.pnb.bank.in/,https://digi2wl.pnb.bank.in/,,2011,0
Pre-Qualified Credit Card (PQCC),Self-Owned,PUNJAB NATIONAL BANK,2026-09-25,https://data.rbi.org.in/BOE/OpenDocument/opendoc/custom.jsp?iDocID=ARfEgy.WNSVIvFfvSIVmBCw&sIDType=CUID,PNB One (App based journey- Android),PNB?One App,PNB?One App,,2012,0
Pre-Qualified Credit Card (PQCC),Self-Owned,PUNJAB NATIONAL BANK,2026-09-25,https://data.rbi.org.in/BOE/OpenDocument/opendoc/custom.jsp?iDocID=ARfEgy.WNSVIvFfvSIVmBCw&sIDType=CUID,PNB One (App based journey- iOS),PNB?One App,PNB?One App,,2013,0
Straight through Processing (STP) Credit Card,Self-Owned,PUNJAB NATIONAL BANK,2026-09-25,https://data.rbi.org.in/BOE/OpenDocument/opendoc/custom.jsp?iDocID=ARfEgy.WNSVIvFfvSIVmBCw&sIDType=CUID,Website,https://stpcreditcard.pnb.bank.in/,https://stpcreditcard.pnb.bank.in/,,2014,0
Apply for Credit Card,Self-Owned,PUNJAB NATIONAL BANK,2026-09-25,https://data.rbi.org.in/BOE/OpenDocument/opendoc/custom.jsp?iDocID=ARfEgy.WNSVIvFfvSIVmBCw&sIDType=CUID,Website,https://apply.creditcard.pnb.bank.in,https://apply.creditcard.pnb.bank.in,,2015,0
Apply for Credit Card PNB SARAL,Self-Owned,PUNJAB NATIONAL BANK,2026-09-25,https://data.rbi.org.in/BOE/OpenDocument/opendoc/custom.jsp?iDocID=ARfEgy.WNSVIvFfvSIVmBCw&sIDType=CUID,Mobile App????????? ( Android),https://saral.creditcard.pnb.bank.in,https://saral.creditcard.pnb.bank.in,,2016,0
Apply for Credit Card PNB SARAL,Self-Owned,PUNJAB NATIONAL BANK,2026-09-25,https://data.rbi.org.in/BOE/OpenDocument/opendoc/custom.jsp?iDocID=ARfEgy.WNSVIvFfvSIVmBCw&sIDType=CUID,Mobile App (iOS),https://saral.creditcard.pnb.bank.in,https://saral.creditcard.pnb.bank.in,,2017,0
Pre-Qualified Credit Card (PQCC),Self-Owned,PUNJAB NATIONAL BANK,2026-09-25,https://data.rbi.org.in/BOE/OpenDocument/opendoc/custom.jsp?iDocID=ARfEgy.WNSVIvFfvSIVmBCw&sIDType=CUID,Website,https://apply.creditcard.pnb.bank.in:4443,https://apply.creditcard.pnb.bank.in:4443,,2018,0
DIGI DAIRY KCC,Self-owned,PUNJAB NATIONAL BANK,2026-09-25,https://data.rbi.org.in/BOE/OpenDocument/opendoc/custom.jsp?iDocID=ARfEgy.WNSVIvFfvSIVmBCw&sIDType=CUID,Internet Banking Service,https://digidairykcc.pnb.bank.in/,https://digidairykcc.pnb.bank.in/,,2019,0
DIGI DAIRY KCC,Self-owned,PUNJAB NATIONAL BANK,2026-09-25,https://data.rbi.org.in/BOE/OpenDocument/opendoc/custom.jsp?iDocID=ARfEgy.WNSVIvFfvSIVmBCw&sIDType=CUID,PNB One App-(Android),PNB ONE App,PNB ONE App,,2020,0
DIGI DAIRY KCC,Self-owned,PUNJAB NATIONAL BANK,2026-09-25,https://data.rbi.org.in/BOE/OpenDocument/opendoc/custom.jsp?iDocID=ARfEgy.WNSVIvFfvSIVmBCw&sIDType=CUID,PNB One App-(IOS),PNB ONE App,PNB ONE App,,2021,0
DIGI DAIRY KCC,Self-owned,PUNJAB NATIONAL BANK,2026-09-25,https://data.rbi.org.in/BOE/OpenDocument/opendoc/custom.jsp?iDocID=ARfEgy.WNSVIvFfvSIVmBCw&sIDType=CUID,Website,https://digidairykcc.pnb.bank.in/,https://digidairykcc.pnb.bank.in/,,2022,0
Digi ECLGS,Self-Owned,PUNJAB NATIONAL BANK,2026-09-25,https://data.rbi.org.in/BOE/OpenDocument/opendoc/custom.jsp?iDocID=ARfEgy.WNSVIvFfvSIVmBCw&sIDType=CUID,Internet Banking Service,https://digieclgs.pnb.bank.in/eclgs/,https://digieclgs.pnb.bank.in/eclgs/,,2023,0
Digi ECLGS,Self-Owned,PUNJAB NATIONAL BANK,2026-09-25,https://data.rbi.org.in/BOE/OpenDocument/opendoc/custom.jsp?iDocID=ARfEgy.WNSVIvFfvSIVmBCw&sIDType=CUID,PNB One App-(Android),https://digieclgs.pnb.bank.in/eclgs/,https://digieclgs.pnb.bank.in/eclgs/,,2024,0
Digi ECLGS,Self-Owned,PUNJAB NATIONAL BANK,2026-09-25,https://data.rbi.org.in/BOE/OpenDocument/opendoc/custom.jsp?iDocID=ARfEgy.WNSVIvFfvSIVmBCw&sIDType=CUID,PNB One App-(IOS),https://digieclgs.pnb.bank.in/eclgs/,https://digieclgs.pnb.bank.in/eclgs/,,2025,0
Digi ECLGS,Self-Owned,PUNJAB NATIONAL BANK,2026-09-25,https://data.rbi.org.in/BOE/OpenDocument/opendoc/custom.jsp?iDocID=ARfEgy.WNSVIvFfvSIVmBCw&sIDType=CUID,Pnb Website,https://digieclgs.pnb.bank.in/eclgs/,https://digieclgs.pnb.bank.in/eclgs/,,2026,0
Digi Gold Loan,Self-owned,PUNJAB NATIONAL BANK,2026-09-25,https://data.rbi.org.in/BOE/OpenDocument/opendoc/custom.jsp?iDocID=ARfEgy.WNSVIvFfvSIVmBCw&sIDType=CUID,Internet Banking Service,https://digigoldloan.pnb.bank.in/CustomerJourney/Login,https://digigoldloan.pnb.bank.in/CustomerJourney/Login,,2027,0
Digi Gold Loan,Self-owned,PUNJAB NATIONAL BANK,2026-09-25,https://data.rbi.org.in/BOE/OpenDocument/opendoc/custom.jsp?iDocID=ARfEgy.WNSVIvFfvSIVmBCw&sIDType=CUID,PNB One App-(Android),PNB ONE App,PNB ONE App,,2028,0
Digi Gold Loan,Self-owned,PUNJAB NATIONAL BANK,2026-09-25,https://data.rbi.org.in/BOE/OpenDocument/opendoc/custom.jsp?iDocID=ARfEgy.WNSVIvFfvSIVmBCw&sIDType=CUID,PNB One App-(IOS),PNB ONE App,PNB ONE App,,2029,0
Digi Gold Loan,Self-owned,PUNJAB NATIONAL BANK,2026-09-25,https://data.rbi.org.in/BOE/OpenDocument/opendoc/custom.jsp?iDocID=ARfEgy.WNSVIvFfvSIVmBCw&sIDType=CUID,Website,https://digigoldloan.pnb.bank.in/CustomerJourney/Login,https://digigoldloan.pnb.bank.in/CustomerJourney/Login,,2030,0
Digi MSME Loan,Self-Owned,PUNJAB NATIONAL BANK,2026-09-25,https://data.rbi.org.in/BOE/OpenDocument/opendoc/custom.jsp?iDocID=ARfEgy.WNSVIvFfvSIVmBCw&sIDType=CUID,Internet Banking Service,https://digimsme.pnb.bank.in/pnb/pablntb/,https://digimsme.pnb.bank.in/pnb/pablntb/,,2031,0
Digi MSME Loan,Self-Owned,PUNJAB NATIONAL BANK,2026-09-25,https://data.rbi.org.in/BOE/OpenDocument/opendoc/custom.jsp?iDocID=ARfEgy.WNSVIvFfvSIVmBCw&sIDType=CUID,PNB One App-(Android),https://digimsme.pnb.bank.in/pnb/pablntb/,https://digimsme.pnb.bank.in/pnb/pablntb/,,2032,0
Digi MSME Loan,Self-Owned,PUNJAB NATIONAL BANK,2026-09-25,https://data.rbi.org.in/BOE/OpenDocument/opendoc/custom.jsp?iDocID=ARfEgy.WNSVIvFfvSIVmBCw&sIDType=CUID,PNB One App-(IOS),https://digimsme.pnb.bank.in/pnb/pablntb/,https://digimsme.pnb.bank.in/pnb/pablntb/,,2033,0
Digi MSME Loan,Self-Owned,PUNJAB NATIONAL BANK,2026-09-25,https://data.rbi.org.in/BOE/OpenDocument/opendoc/custom.jsp?iDocID=ARfEgy.WNSVIvFfvSIVmBCw&sIDType=CUID,Website,https://digimsme.pnb.bank.in/pnb/pablntb/,https://digimsme.pnb.bank.in/pnb/pablntb/,,2034,0
Digi MSME Prime,Self-Owned,PUNJAB NATIONAL BANK,2026-09-25,https://data.rbi.org.in/BOE/OpenDocument/opendoc/custom.jsp?iDocID=ARfEgy.WNSVIvFfvSIVmBCw&sIDType=CUID,Internet Banking Service,https://egstxp.pnb.bank.in/pnb/gstexp/,https://egstxp.pnb.bank.in/pnb/gstexp/,,2035,0
Digi MSME Prime,Self-Owned,PUNJAB NATIONAL BANK,2026-09-25,https://data.rbi.org.in/BOE/OpenDocument/opendoc/custom.jsp?iDocID=ARfEgy.WNSVIvFfvSIVmBCw&sIDType=CUID,PNB One App-(Android),https://egstxp.pnb.bank.in/pnb/gstexp/,https://egstxp.pnb.bank.in/pnb/gstexp/,,2036,0
Digi MSME Prime,Self-Owned,PUNJAB NATIONAL BANK,2026-09-25,https://data.rbi.org.in/BOE/OpenDocument/opendoc/custom.jsp?iDocID=ARfEgy.WNSVIvFfvSIVmBCw&sIDType=CUID,PNB One App-(IOS),https://egstxp.pnb.bank.in/pnb/gstexp/,https://egstxp.pnb.bank.in/pnb/gstexp/,,2037,0
Digi MSME Prime,Self-Owned,PUNJAB NATIONAL BANK,2026-09-25,https://data.rbi.org.in/BOE/OpenDocument/opendoc/custom.jsp?iDocID=ARfEgy.WNSVIvFfvSIVmBCw&sIDType=CUID,Website,https://egstxp.pnb.bank.in/pnb/gstexp/,https://egstxp.pnb.bank.in/pnb/gstexp/,,2038,0
Digi Shreshtha,Self-owned,PUNJAB NATIONAL BANK,2026-09-25,https://data.rbi.org.in/BOE/OpenDocument/opendoc/custom.jsp?iDocID=ARfEgy.WNSVIvFfvSIVmBCw&sIDType=CUID,Internet Banking Service,https://dsj.pnb.bank.in/,https://dsj.pnb.bank.in/,,2039,0
Digi Shreshtha,Self-owned,PUNJAB NATIONAL BANK,2026-09-25,https://data.rbi.org.in/BOE/OpenDocument/opendoc/custom.jsp?iDocID=ARfEgy.WNSVIvFfvSIVmBCw&sIDType=CUID,PNB One App-(Android),PNB ONE App,PNB ONE App,,2040,0
Digi Shreshtha,Self-owned,PUNJAB NATIONAL BANK,2026-09-25,https://data.rbi.org.in/BOE/OpenDocument/opendoc/custom.jsp?iDocID=ARfEgy.WNSVIvFfvSIVmBCw&sIDType=CUID,PNB One App-(IOS),PNB ONE App,PNB ONE App,,2041,0
Digi Shreshtha,Self-owned,PUNJAB NATIONAL BANK,2026-09-25,https://data.rbi.org.in/BOE/OpenDocument/opendoc/custom.jsp?iDocID=ARfEgy.WNSVIvFfvSIVmBCw&sIDType=CUID,Website,https://dsj.pnb.bank.in/,https://dsj.pnb.bank.in/,,2042,0
Digital KCC on Jansamarth,DFS,PUNJAB NATIONAL BANK,2026-09-25,https://data.rbi.org.in/BOE/OpenDocument/opendoc/custom.jsp?iDocID=ARfEgy.WNSVIvFfvSIVmBCw&sIDType=CUID,Internet Banking Service,https://ibanking.pnb.bank.in,https://ibanking.pnb.bank.in,,2043,0
Digital KCC on Jansamarth,DFS,PUNJAB NATIONAL BANK,2026-09-25,https://data.rbi.org.in/BOE/OpenDocument/opendoc/custom.jsp?iDocID=ARfEgy.WNSVIvFfvSIVmBCw&sIDType=CUID,PNB One App-(Android),PNB ONE App,PNB ONE App,,2044,0
Digital KCC on Jansamarth,DFS,PUNJAB NATIONAL BANK,2026-09-25,https://data.rbi.org.in/BOE/OpenDocument/opendoc/custom.jsp?iDocID=ARfEgy.WNSVIvFfvSIVmBCw&sIDType=CUID,PNB One App-(IOS),PNB ONE App,PNB ONE App,,2045,0
Digital KCC on Jansamarth,DFS,PUNJAB NATIONAL BANK,2026-09-25,https://data.rbi.org.in/BOE/OpenDocument/opendoc/custom.jsp?iDocID=ARfEgy.WNSVIvFfvSIVmBCw&sIDType=CUID,Website,https://www.jansamarth.in/,https://www.jansamarth.in/,,2046,0
Digital SHG,Self-owned,PUNJAB NATIONAL BANK,2026-09-25,https://data.rbi.org.in/BOE/OpenDocument/opendoc/custom.jsp?iDocID=ARfEgy.WNSVIvFfvSIVmBCw&sIDType=CUID,Internet Banking Service,https://ibanking.pnb.bank.in,https://ibanking.pnb.bank.in,,2047,0
Digital SHG,Self-owned,PUNJAB NATIONAL BANK,2026-09-25,https://data.rbi.org.in/BOE/OpenDocument/opendoc/custom.jsp?iDocID=ARfEgy.WNSVIvFfvSIVmBCw&sIDType=CUID,PNB One App-(Android),PNB ONE App,PNB ONE App,,2048,0
Digital SHG,Self-owned,PUNJAB NATIONAL BANK,2026-09-25,https://data.rbi.org.in/BOE/OpenDocument/opendoc/custom.jsp?iDocID=ARfEgy.WNSVIvFfvSIVmBCw&sIDType=CUID,PNB One App-(IOS),PNB ONE App,PNB ONE App,,2049,0
Digital SHG,Self-owned,PUNJAB NATIONAL BANK,2026-09-25,https://data.rbi.org.in/BOE/OpenDocument/opendoc/custom.jsp?iDocID=ARfEgy.WNSVIvFfvSIVmBCw&sIDType=CUID,Website,https://digitalbanking.pnb.bank.in/ALOSAGRI,https://digitalbanking.pnb.bank.in/ALOSAGRI,,2050,0
Easy Renewal,Self-Owned,PUNJAB NATIONAL BANK,2026-09-25,https://data.rbi.org.in/BOE/OpenDocument/opendoc/custom.jsp?iDocID=ARfEgy.WNSVIvFfvSIVmBCw&sIDType=CUID,Internet Banking Service,https://digirenewal.pnb.bank.in/,https://digirenewal.pnb.bank.in/,,2051,0
Easy Renewal,Self-Owned,PUNJAB NATIONAL BANK,2026-09-25,https://data.rbi.org.in/BOE/OpenDocument/opendoc/custom.jsp?iDocID=ARfEgy.WNSVIvFfvSIVmBCw&sIDType=CUID,PNB One App-(Android),https://digirenewal.pnb.bank.in/,https://digirenewal.pnb.bank.in/,,2052,0
Easy Renewal,Self-Owned,PUNJAB NATIONAL BANK,2026-09-25,https://data.rbi.org.in/BOE/OpenDocument/opendoc/custom.jsp?iDocID=ARfEgy.WNSVIvFfvSIVmBCw&sIDType=CUID,PNB One App-(IOS),https://digirenewal.pnb.bank.in/,https://digirenewal.pnb.bank.in/,,2053,0
Easy Renewal,Self-Owned,PUNJAB NATIONAL BANK,2026-09-25,https://data.rbi.org.in/BOE/OpenDocument/opendoc/custom.jsp?iDocID=ARfEgy.WNSVIvFfvSIVmBCw&sIDType=CUID,Website,https://digirenewal.pnb.bank.in/,https://digirenewal.pnb.bank.in/,,2054,0
e PM SVANidhi,Self-Owned,PUNJAB NATIONAL BANK,2026-09-25,https://data.rbi.org.in/BOE/OpenDocument/opendoc/custom.jsp?iDocID=ARfEgy.WNSVIvFfvSIVmBCw&sIDType=CUID,Internet Banking Service,https://svanidhi.pnb.bank.in,https://svanidhi.pnb.bank.in,,2055,0
e PM SVANidhi,Self-Owned,PUNJAB NATIONAL BANK,2026-09-25,https://data.rbi.org.in/BOE/OpenDocument/opendoc/custom.jsp?iDocID=ARfEgy.WNSVIvFfvSIVmBCw&sIDType=CUID,PNB One App-(Android),https://svanidhi.pnb.bank.in,https://svanidhi.pnb.bank.in,,2056,0
e PM SVANidhi,Self-Owned,PUNJAB NATIONAL BANK,2026-09-25,https://data.rbi.org.in/BOE/OpenDocument/opendoc/custom.jsp?iDocID=ARfEgy.WNSVIvFfvSIVmBCw&sIDType=CUID,PNB One App-(IOS),https://svanidhi.pnb.bank.in,https://svanidhi.pnb.bank.in,,2057,0
e PM SVANidhi,Self-Owned,PUNJAB NATIONAL BANK,2026-09-25,https://data.rbi.org.in/BOE/OpenDocument/opendoc/custom.jsp?iDocID=ARfEgy.WNSVIvFfvSIVmBCw&sIDType=CUID,Website,https://svanidhi.pnb.bank.in,https://svanidhi.pnb.bank.in,,2058,0
Gem Sahay,OPL Innovate Pvt. Ltd,PUNJAB NATIONAL BANK,2026-09-25,https://data.rbi.org.in/BOE/OpenDocument/opendoc/custom.jsp?iDocID=ARfEgy.WNSVIvFfvSIVmBCw&sIDType=CUID,Gem Portal,https://gem-sahay.perfios.com/pcg-gem/gemLogin,https://gem-sahay.perfios.com/pcg-gem/gemLogin,,2059,0
GST Sahay,Self-Owned,PUNJAB NATIONAL BANK,2026-09-25,https://data.rbi.org.in/BOE/OpenDocument/opendoc/custom.jsp?iDocID=ARfEgy.WNSVIvFfvSIVmBCw&sIDType=CUID,PNB One App-(Android),https://gstsahay.mypnb.in,https://gstsahay.mypnb.in,,2060,0
GST Sahay,Self-Owned,PUNJAB NATIONAL BANK,2026-09-25,https://data.rbi.org.in/BOE/OpenDocument/opendoc/custom.jsp?iDocID=ARfEgy.WNSVIvFfvSIVmBCw&sIDType=CUID,PNB One App-(IOS),https://gstsahay.mypnb.in,https://gstsahay.mypnb.in,,2061,0
Krishi Tatkal,Self-owned,PUNJAB NATIONAL BANK,2026-09-25,https://data.rbi.org.in/BOE/OpenDocument/opendoc/custom.jsp?iDocID=ARfEgy.WNSVIvFfvSIVmBCw&sIDType=CUID,Internet Banking Service,https://digitallending.pnb.bank.in/?KTR2,https://digitallending.pnb.bank.in/?KTR2,,2062,0
Krishi Tatkal,Self-owned,PUNJAB NATIONAL BANK,2026-09-25,https://data.rbi.org.in/BOE/OpenDocument/opendoc/custom.jsp?iDocID=ARfEgy.WNSVIvFfvSIVmBCw&sIDType=CUID,PNB One App-(Android),PNB ONE App,PNB ONE App,,2063,0
Krishi Tatkal,Self-owned,PUNJAB NATIONAL BANK,2026-09-25,https://data.rbi.org.in/BOE/OpenDocument/opendoc/custom.jsp?iDocID=ARfEgy.WNSVIvFfvSIVmBCw&sIDType=CUID,PNB One App-(IOS),PNB ONE App,PNB ONE App,,2064,0
Krishi Tatkal,Self-owned,PUNJAB NATIONAL BANK,2026-09-25,https://data.rbi.org.in/BOE/OpenDocument/opendoc/custom.jsp?iDocID=ARfEgy.WNSVIvFfvSIVmBCw&sIDType=CUID,Website,https://digitallending.pnb.bank.in/?KTR3,https://digitallending.pnb.bank.in/?KTR3,,2065,0
PM Vishwakarma,Self-Owned,PUNJAB NATIONAL BANK,2026-09-25,https://data.rbi.org.in/BOE/OpenDocument/opendoc/custom.jsp?iDocID=ARfEgy.WNSVIvFfvSIVmBCw&sIDType=CUID,Internet Banking Service,https://digivishwakarma.pnb.bank.in/,https://digivishwakarma.pnb.bank.in/,,2066,0
PM Vishwakarma,Self-Owned,PUNJAB NATIONAL BANK,2026-09-25,https://data.rbi.org.in/BOE/OpenDocument/opendoc/custom.jsp?iDocID=ARfEgy.WNSVIvFfvSIVmBCw&sIDType=CUID,PNB One App-(Android),https://digivishwakarma.pnb.bank.in/,https://digivishwakarma.pnb.bank.in/,,2067,0
PM Vishwakarma,Self-Owned,PUNJAB NATIONAL BANK,2026-09-25,https://data.rbi.org.in/BOE/OpenDocument/opendoc/custom.jsp?iDocID=ARfEgy.WNSVIvFfvSIVmBCw&sIDType=CUID,PNB One App-(IOS),https://digivishwakarma.pnb.bank.in/,https://digivishwakarma.pnb.bank.in/,,2068,0
PM Vishwakarma,Self-Owned,PUNJAB NATIONAL BANK,2026-09-25,https://data.rbi.org.in/BOE/OpenDocument/opendoc/custom.jsp?iDocID=ARfEgy.WNSVIvFfvSIVmBCw&sIDType=CUID,Website,https://digivishwakarma.pnb.bank.in/,https://digivishwakarma.pnb.bank.in/,,2069,0
PNB Digital KCCReview|Renewal|DP Enhancement,Self-owned,PUNJAB NATIONAL BANK,2026-09-25,https://data.rbi.org.in/BOE/OpenDocument/opendoc/custom.jsp?iDocID=ARfEgy.WNSVIvFfvSIVmBCw&sIDType=CUID,Internet Banking Service,https://ibanking.pnb.bank.in,https://ibanking.pnb.bank.in,,2070,0
PNB Digital KCCReview|Renewal|DP Enhancement,Self-owned,PUNJAB NATIONAL BANK,2026-09-25,https://data.rbi.org.in/BOE/OpenDocument/opendoc/custom.jsp?iDocID=ARfEgy.WNSVIvFfvSIVmBCw&sIDType=CUID,PNB One App-(Android),PNB ONE App,PNB ONE App,,2071,0
PNB Digital KCCReview|Renewal|DP Enhancement,Self-owned,PUNJAB NATIONAL BANK,2026-09-25,https://data.rbi.org.in/BOE/OpenDocument/opendoc/custom.jsp?iDocID=ARfEgy.WNSVIvFfvSIVmBCw&sIDType=CUID,PNB One App-(IOS),PNB ONE App,PNB ONE App,,2072,0
PNB Digital KCCReview|Renewal|DP Enhancement,Self-owned,PUNJAB NATIONAL BANK,2026-09-25,https://data.rbi.org.in/BOE/OpenDocument/opendoc/custom.jsp?iDocID=ARfEgy.WNSVIvFfvSIVmBCw&sIDType=CUID,Website,https://kccdigireview.pnb.bank.in/,https://kccdigireview.pnb.bank.in/,,2073,0
TRACTOR EXPRESS,Self-owned,PUNJAB NATIONAL BANK,2026-09-25,https://data.rbi.org.in/BOE/OpenDocument/opendoc/custom.jsp?iDocID=ARfEgy.WNSVIvFfvSIVmBCw&sIDType=CUID,Internet Banking Service,https://tractorexpress.pnb.bank.in/,https://tractorexpress.pnb.bank.in/,,2074,0
TRACTOR EXPRESS,Self-owned,PUNJAB NATIONAL BANK,2026-09-25,https://data.rbi.org.in/BOE/OpenDocument/opendoc/custom.jsp?iDocID=ARfEgy.WNSVIvFfvSIVmBCw&sIDType=CUID,PNB One App-(Android),PNB ONE App,PNB ONE App,,2075,0
TRACTOR EXPRESS,Self-owned,PUNJAB NATIONAL BANK,2026-09-25,https://data.rbi.org.in/BOE/OpenDocument/opendoc/custom.jsp?iDocID=ARfEgy.WNSVIvFfvSIVmBCw&sIDType=CUID,PNB One App-(IOS),PNB ONE App,PNB ONE App,,2076,0
TRACTOR EXPRESS,Self-owned,PUNJAB NATIONAL BANK,2026-09-25,https://data.rbi.org.in/BOE/OpenDocument/opendoc/custom.jsp?iDocID=ARfEgy.WNSVIvFfvSIVmBCw&sIDType=CUID,Website,https://tractorexpress.pnb.bank.in/,https://tractorexpress.pnb.bank.in/,,2077,0
FINAGG SME,FINAGG SERVICES PRIVATE LIMITED,QUICK CASHFLOW CAPITAL PRIVATE LIMITED,2026-09-25,https://data.rbi.org.in/BOE/OpenDocument/opendoc/custom.jsp?iDocID=ARfEgy.WNSVIvFfvSIVmBCw&sIDType=CUID,Google Play Store,https://play.google.com/store/search?q=finagg+sme&c=apps&hl=en_IN,https://play.google.com/store/search?q=finagg+sme&c=apps&hl=en_IN,,2078,0
Cashbridge,Cashbridge Services Pvt Ltd (LSP),RACHIT CAPITAL SERVICES PVT.LTD,2026-09-25,https://data.rbi.org.in/BOE/OpenDocument/opendoc/custom.jsp?iDocID=ARfEgy.WNSVIvFfvSIVmBCw&sIDType=CUID,Both,https://cashbridge.in/,https://cashbridge.in/,,2079,0
SURYALOAN,RAGHAVI FINANCE LIMITED,RAGHAVI FINANCE LIMITED,2026-09-25,https://data.rbi.org.in/BOE/OpenDocument/opendoc/custom.jsp?iDocID=ARfEgy.WNSVIvFfvSIVmBCw&sIDType=CUID,GOOGLE PLAY STORE,https://play.google.com/store/apps/details?id=com.suryaloan.suryaloan,https://play.google.com/store/apps/details?id=com.suryaloan.suryaloan&pcampaignid=web_share,com.suryaloan.suryaloan,2080,0
SURYALOAN,RAGHAVI FINANCE LIMITED,RAGHAVI FINANCE LIMITED,2026-09-25,https://data.rbi.org.in/BOE/OpenDocument/opendoc/custom.jsp?iDocID=ARfEgy.WNSVIvFfvSIVmBCw&sIDType=CUID,Website,https://suryaloan.com/,https://suryaloan.com/,,2081,0
www.billmart.com,BillMart FinTech Private Limited.,RAJATH FINANCE LTD ( TO CAT B IN JUNE 2023),2026-09-25,https://data.rbi.org.in/BOE/OpenDocument/opendoc/custom.jsp?iDocID=ARfEgy.WNSVIvFfvSIVmBCw&sIDType=CUID,Website,https://fynxapp.billmart.com/sign-in,https://fynxapp.billmart.com/sign-in,,2082,0
www.i2ifunding.com,RNVP Technology Private Limited,RAJATH FINANCE LTD ( TO CAT B IN JUNE 2023),2026-09-25,https://data.rbi.org.in/BOE/OpenDocument/opendoc/custom.jsp?iDocID=ARfEgy.WNSVIvFfvSIVmBCw&sIDType=CUID,Website or throught APIs,https://www.i2ifunding.com,www.i2ifunding.com,,2083,0
Fastsalary,Ramchandra Leasing and Finance Limited,RAMCHANDRA  LEASING  &FINANCE  LTD,2026-09-25,https://data.rbi.org.in/BOE/OpenDocument/opendoc/custom.jsp?iDocID=ARfEgy.WNSVIvFfvSIVmBCw&sIDType=CUID,www.fastsalary.com,https://www.fastsalary.com/,https://www.fastsalary.com/,,2084,0
Finsall Resources Private Limited,Finsall Resources Private Limited,RATNAAFIN CAPITAL PRIVATE LIMITED,2026-09-25,https://data.rbi.org.in/BOE/OpenDocument/opendoc/custom.jsp?iDocID=ARfEgy.WNSVIvFfvSIVmBCw&sIDType=CUID,Website,https://www.finsall.com/compliance.html,https://www.finsall.com/compliance.html,,2085,0
Mybank – Android version,?Self-owned,RBL BANK LTD,2026-09-25,https://data.rbi.org.in/BOE/OpenDocument/opendoc/custom.jsp?iDocID=ARfEgy.WNSVIvFfvSIVmBCw&sIDType=CUID,Play Store,https://play.google.com/store/apps/details?id=com.rblbank.mobank,https://play.google.com/store/apps/details?id=com.rblbank.mobank,com.rblbank.mobank,2086,0
Mybank – I-phone App store,?Self-owned,RBL BANK LTD,2026-09-25,https://data.rbi.org.in/BOE/OpenDocument/opendoc/custom.jsp?iDocID=ARfEgy.WNSVIvFfvSIVmBCw&sIDType=CUID,App Store (iOS),https://apps.apple.com/in/app/rbl-mybank-prev-rbl-mobank/id916461662,https://apps.apple.com/in/app/rbl-mybank-prev-rbl-mobank/id916461662,,2087,0
RBL Bank MyCard,?Self-owned,RBL BANK LTD,2026-09-25,https://data.rbi.org.in/BOE/OpenDocument/opendoc/custom.jsp?iDocID=ARfEgy.WNSVIvFfvSIVmBCw&sIDType=CUID,App Store (iOS),https://apps.apple.com/in/app/rbl-mycard/id1094968214,https://apps.apple.com/in/app/rbl-mycard/id1094968214,,2088,0
RBL Bank MyCard,?Self-owned,RBL BANK LTD,2026-09-25,https://data.rbi.org.in/BOE/OpenDocument/opendoc/custom.jsp?iDocID=ARfEgy.WNSVIvFfvSIVmBCw&sIDType=CUID,Play Store (Android),https://play.google.com/store/apps/details?id=com.rbl.rblmycard,https://play.google.com/store/apps/details?id=com.rbl.rblmycard,com.rbl.rblmycard,2089,0
RIB (Retail Internent BankingI,?Self-owned,RBL BANK LTD,2026-09-25,https://data.rbi.org.in/BOE/OpenDocument/opendoc/custom.jsp?iDocID=ARfEgy.WNSVIvFfvSIVmBCw&sIDType=CUID,Website,https://online.rblbank.com/corp/AuthenticationController?FORMSGROUP_ID__=AuthenticationFG&__START_TRAN_FLAG__=Y&__FG_BUTTONS__=LOAD&ACTION.LOAD=Y&AuthenticationFG.LOGIN_FLAG=1&BANK_ID=176,https://online.rblbank.com/corp/AuthenticationController?FORMSGROUP_ID__=AuthenticationFG&__START_TRAN_FLAG__=Y&__FG_BUTTONS__=LOAD&ACTION.LOAD=Y&AuthenticationFG.LOGIN_FLAG=1&BANK_ID=176,,2090,0
PaisaDaily,Efuture Tech Private Limited,READY LEASING PRIVATE LIMITED,2026-09-25,https://data.rbi.org.in/BOE/OpenDocument/opendoc/custom.jsp?iDocID=ARfEgy.WNSVIvFfvSIVmBCw&sIDType=CUID,Website,paisadaily.money,paisadaily.money,,2091,0
Suvron,Shantilekh Global Technology Private Limited,READY LEASING PRIVATE LIMITED,2026-09-25,https://data.rbi.org.in/BOE/OpenDocument/opendoc/custom.jsp?iDocID=ARfEgy.WNSVIvFfvSIVmBCw&sIDType=CUID,App Store,to be published,to be published,,2092,0
Suvron,Shantilekh Global Technology Private Limited,READY LEASING PRIVATE LIMITED,2026-09-25,https://data.rbi.org.in/BOE/OpenDocument/opendoc/custom.jsp?iDocID=ARfEgy.WNSVIvFfvSIVmBCw&sIDType=CUID,Google Play,to be published,to be published,,2093,0
Suvron,Shantilekh Global Technology Private Limited,READY LEASING PRIVATE LIMITED,2026-09-25,https://data.rbi.org.in/BOE/OpenDocument/opendoc/custom.jsp?iDocID=ARfEgy.WNSVIvFfvSIVmBCw&sIDType=CUID,Website,suvron.in,suvron.in,,2094,0
Refyne Tech Private Limited,Refyne Tech Private Limited,REFYNE FINANCE PRIVATE LIMITED,2026-09-25,https://data.rbi.org.in/BOE/OpenDocument/opendoc/custom.jsp?iDocID=ARfEgy.WNSVIvFfvSIVmBCw&sIDType=CUID,Refyne,https://www.refyne.co.in/,https://www.refyne.co.in/,,2095,0
Micromoney,Varrenyam Infotech Private Limited,REGAL ENTERTAINMENT AND CONSULTANTS LIMITED (FORMERLY REGAL FINANCE & CONSULTANTS LTD),2026-09-25,https://data.rbi.org.in/BOE/OpenDocument/opendoc/custom.jsp?iDocID=ARfEgy.WNSVIvFfvSIVmBCw&sIDType=CUID,yes Both,https://play.google.com/store/apps/details?id=com.micromoney.micro_money,https://play.google.com/store/apps/details?id=com.micromoney.micro_money&hl=en https://micromoney.in/,com.micromoney.micro_money,2096,0
CASH MY SALARY,SELF OWNED,REGENCY FINCORP LIMITED,2026-09-25,https://data.rbi.org.in/BOE/OpenDocument/opendoc/custom.jsp?iDocID=ARfEgy.WNSVIvFfvSIVmBCw&sIDType=CUID,WEBSITE,https://cashmysalary.com/,https://cashmysalary.com/,,2097,0
JET FUND,SELF OWNED,REGENCY FINCORP LIMITED,2026-09-25,https://data.rbi.org.in/BOE/OpenDocument/opendoc/custom.jsp?iDocID=ARfEgy.WNSVIvFfvSIVmBCw&sIDType=CUID,WEBSITE,https://jetfund.in/,https://jetfund.in/,,2098,0
BharatPe,Operated by Resilient Digi Services Private Limited,RESILIENT FINANCE PRIVATE LIMITED  (EARLIER KNOWN AS TRILLIONLOANS FINTECH PRIVATE LIMITED),2026-09-25,https://data.rbi.org.in/BOE/OpenDocument/opendoc/custom.jsp?iDocID=ARfEgy.WNSVIvFfvSIVmBCw&sIDType=CUID,Android Google Play Store /iOS - App Store,https://play.google.com/store/apps/details?id=com.bharatpe.app,iOs - https://apps.apple.com/in/app/bharatpe-for-business/id1329385873    Android - https://play.google.com/store/apps/details?id=com.bharatpe.app&hl=en_IN&pli=1,com.bharatpe.app,2099,0
BharatPe for Business,Operated by Resilient Digi Services Private Limited,RESILIENT FINANCE PRIVATE LIMITED  (EARLIER KNOWN AS TRILLIONLOANS FINTECH PRIVATE LIMITED),2026-09-25,https://data.rbi.org.in/BOE/OpenDocument/opendoc/custom.jsp?iDocID=ARfEgy.WNSVIvFfvSIVmBCw&sIDType=CUID,Android Google Play Store /iOS - App Store,https://play.google.com/store/apps/details?id=com.bharatpe.app,iOs - https://apps.apple.com/in/app/bharatpe-for-business/id1329385873    Android - https://play.google.com/store/apps/details?id=com.bharatpe.app&hl=en_IN&pli=1,com.bharatpe.app,2100,0
Freo,MWYN Tech Private Limited,RESILIENT FINANCE PRIVATE LIMITED  (EARLIER KNOWN AS TRILLIONLOANS FINTECH PRIVATE LIMITED),2026-09-25,https://data.rbi.org.in/BOE/OpenDocument/opendoc/custom.jsp?iDocID=ARfEgy.WNSVIvFfvSIVmBCw&sIDType=CUID,Apple Playstore,https://apps.apple.com/in/app/freo-pay-save-borrow/id1588894115,https://apps.apple.com/in/app/freo-pay-save-borrow/id1588894115,,2101,0
Freo,MWYN Tech Private Limited,RESILIENT FINANCE PRIVATE LIMITED  (EARLIER KNOWN AS TRILLIONLOANS FINTECH PRIVATE LIMITED),2026-09-25,https://data.rbi.org.in/BOE/OpenDocument/opendoc/custom.jsp?iDocID=ARfEgy.WNSVIvFfvSIVmBCw&sIDType=CUID,Google Playstore,https://play.google.com/store/apps/details?id=com.moneytap.bnpl.app,https://play.google.com/store/apps/details?id=com.moneytap.bnpl.app&hl=en_US&pli=1,com.moneytap.bnpl.app,2102,0
Freo,MWYN Tech Private Limited,RESILIENT FINANCE PRIVATE LIMITED  (EARLIER KNOWN AS TRILLIONLOANS FINTECH PRIVATE LIMITED),2026-09-25,https://data.rbi.org.in/BOE/OpenDocument/opendoc/custom.jsp?iDocID=ARfEgy.WNSVIvFfvSIVmBCw&sIDType=CUID,Website,https://freo.money/,https://freo.money/,,2103,0
Fundly,Ardour Analytics Private Limited,RESILIENT FINANCE PRIVATE LIMITED  (EARLIER KNOWN AS TRILLIONLOANS FINTECH PRIVATE LIMITED),2026-09-25,https://data.rbi.org.in/BOE/OpenDocument/opendoc/custom.jsp?iDocID=ARfEgy.WNSVIvFfvSIVmBCw&sIDType=CUID,Android Google Play Store/iOS app store,https://play.google.com/store/apps/details?id=com.fundly.fundly,https://apps.apple.com/in/app/fundly/id6746642092    Android - https://play.google.com/store/apps/details?id=com.fundly.fundly&hl=en_IN,com.fundly.fundly,2104,0
KarmaLife,OnionLife Private Limited,RESILIENT FINANCE PRIVATE LIMITED  (EARLIER KNOWN AS TRILLIONLOANS FINTECH PRIVATE LIMITED),2026-09-25,https://data.rbi.org.in/BOE/OpenDocument/opendoc/custom.jsp?iDocID=ARfEgy.WNSVIvFfvSIVmBCw&sIDType=CUID,Google Play Store,https://play.google.com/store/apps/details?id=in.onionlife.karmalife,https://play.google.com/store/apps/details?id=in.onionlife.karmalife&hl=en_IN,in.onionlife.karmalife,2105,0
Mobikwik,ONE MOBIKWIK SYSTEMS LIMITED,RESILIENT FINANCE PRIVATE LIMITED  (EARLIER KNOWN AS TRILLIONLOANS FINTECH PRIVATE LIMITED),2026-09-25,https://data.rbi.org.in/BOE/OpenDocument/opendoc/custom.jsp?iDocID=ARfEgy.WNSVIvFfvSIVmBCw&sIDType=CUID,Android Google Play Store/iOS app store,https://play.google.com/store/apps/details?id=com.mobikwik_new,https://apps.apple.com/in/app/mobikwik-bhim-upi-wallet/id600002523Play Store :- https://play.google.com/store/apps/details?id=com.mobikwik_new&hl=en,com.mobikwik_new,2106,0
Moneyview,Moneyview Limited (formerly known as Moneyview Private Limited and Whizdm Innovations Pvt Limited),RESILIENT FINANCE PRIVATE LIMITED  (EARLIER KNOWN AS TRILLIONLOANS FINTECH PRIVATE LIMITED),2026-09-25,https://data.rbi.org.in/BOE/OpenDocument/opendoc/custom.jsp?iDocID=ARfEgy.WNSVIvFfvSIVmBCw&sIDType=CUID,Google Play Store,https://play.google.com/store/apps/details?id=com.whizdm.moneyview.loans,https://play.google.com/store/apps/details?id=com.whizdm.moneyview.loans&pcampaignid=web_share,com.whizdm.moneyview.loans,2107,0
Moneyview,Moneyview Limited (formerly known as Moneyview Private Limited and Whizdm Innovations Pvt Limited),RESILIENT FINANCE PRIVATE LIMITED  (EARLIER KNOWN AS TRILLIONLOANS FINTECH PRIVATE LIMITED),2026-09-25,https://data.rbi.org.in/BOE/OpenDocument/opendoc/custom.jsp?iDocID=ARfEgy.WNSVIvFfvSIVmBCw&sIDType=CUID,iOS App Store,https://apps.apple.com/in/app/moneyview-loans-credit-cards/id6468976019,https://apps.apple.com/in/app/moneyview-loans-credit-cards/id6468976019,,2108,0
Ninja Global Import Export,Ninjacart Services Private Limited,RESILIENT FINANCE PRIVATE LIMITED  (EARLIER KNOWN AS TRILLIONLOANS FINTECH PRIVATE LIMITED),2026-09-25,https://data.rbi.org.in/BOE/OpenDocument/opendoc/custom.jsp?iDocID=ARfEgy.WNSVIvFfvSIVmBCw&sIDType=CUID,Android Google Play Store/iOS app store,https://play.google.com/store/apps/details?id=com.ninja.ninjaglobal,"Android - https://play.google.com/store/apps/details?id=com.ninja.ninjaglobal&pli=1, iOS - https://apps.apple.com/in/app/ninja-global-import-export/id1618448963",com.ninja.ninjaglobal,2109,0
Ninjamandi,Ninjacart Services Private Limited,RESILIENT FINANCE PRIVATE LIMITED  (EARLIER KNOWN AS TRILLIONLOANS FINTECH PRIVATE LIMITED),2026-09-25,https://data.rbi.org.in/BOE/OpenDocument/opendoc/custom.jsp?iDocID=ARfEgy.WNSVIvFfvSIVmBCw&sIDType=CUID,Android Google Play Store/iOS app store,https://play.google.com/store/apps/details?id=com.nc.trader,"Android - https://play.google.com/store/apps/details?id=com.nc.trader , iOS - https://apps.apple.com/in/app/ninja-app/id1626963855",com.nc.trader,2110,0
NIRA Instant Personal Loan App,Shuhari Tech Ventures Private Limited,RESILIENT FINANCE PRIVATE LIMITED  (EARLIER KNOWN AS TRILLIONLOANS FINTECH PRIVATE LIMITED),2026-09-25,https://data.rbi.org.in/BOE/OpenDocument/opendoc/custom.jsp?iDocID=ARfEgy.WNSVIvFfvSIVmBCw&sIDType=CUID,Android Google Play Store,https://play.google.com/store/apps/details?id=com.nirafinance.customer,https://play.google.com/store/apps/details?id=com.nirafinance.customer,com.nirafinance.customer,2111,0
NYE,RAPIPAY FINTECH PVT LTD,RESILIENT FINANCE PRIVATE LIMITED  (EARLIER KNOWN AS TRILLIONLOANS FINTECH PRIVATE LIMITED),2026-09-25,https://data.rbi.org.in/BOE/OpenDocument/opendoc/custom.jsp?iDocID=ARfEgy.WNSVIvFfvSIVmBCw&sIDType=CUID,Android Google Play Store/iOS app store,https://play.google.com/store/apps/details?id=com.rapipay.nyeApp,https://play.google.com/store/apps/details?id=com.rapipay.nyeApp Store - https://apps.apple.com/in/app/nye-money/id1662431820,com.rapipay.nyeApp,2112,0
Savein Money,SaveIN Fintech Private Limited,RESILIENT FINANCE PRIVATE LIMITED  (EARLIER KNOWN AS TRILLIONLOANS FINTECH PRIVATE LIMITED),2026-09-25,https://data.rbi.org.in/BOE/OpenDocument/opendoc/custom.jsp?iDocID=ARfEgy.WNSVIvFfvSIVmBCw&sIDType=CUID,Website,https://savein.money,https://savein.money,,2113,0
Aryse Fin,Vibhuprada Service Pvt Ltd,RESPO FINANCIAL CAPITAL PRIVATE LIMITED,2026-09-25,https://data.rbi.org.in/BOE/OpenDocument/opendoc/custom.jsp?iDocID=ARfEgy.WNSVIvFfvSIVmBCw&sIDType=CUID,Website,https://www.arysefin.com/,https://www.arysefin.com/,,2114,0
Bahi Khata Loans,Ninjamonk Proptech Pvt Ltd,RESPO FINANCIAL CAPITAL PRIVATE LIMITED,2026-09-25,https://data.rbi.org.in/BOE/OpenDocument/opendoc/custom.jsp?iDocID=ARfEgy.WNSVIvFfvSIVmBCw&sIDType=CUID,Playstore,https://play.google.com/store/apps/details?id=com.bahikhata,https://play.google.com/store/apps/details?id=com.bahikhata&hl=en_IN,com.bahikhata,2115,0
Bahi Khata Loans,Ninjamonk Proptech Pvt Ltd,RESPO FINANCIAL CAPITAL PRIVATE LIMITED,2026-09-25,https://data.rbi.org.in/BOE/OpenDocument/opendoc/custom.jsp?iDocID=ARfEgy.WNSVIvFfvSIVmBCw&sIDType=CUID,Website,https://bahi-khata.com/,https://bahi-khata.com/,,2116,0
Buddy Loans,BValue Services Private limited,RESPO FINANCIAL CAPITAL PRIVATE LIMITED,2026-09-25,https://data.rbi.org.in/BOE/OpenDocument/opendoc/custom.jsp?iDocID=ARfEgy.WNSVIvFfvSIVmBCw&sIDType=CUID,Appstore,https://apps.apple.com/in/app/buddy-loan-personal-loan-app/id1552911697,https://apps.apple.com/in/app/buddy-loan-personal-loan-app/id1552911697,,2117,0
Buddy Loans,BValue Services Private limited,RESPO FINANCIAL CAPITAL PRIVATE LIMITED,2026-09-25,https://data.rbi.org.in/BOE/OpenDocument/opendoc/custom.jsp?iDocID=ARfEgy.WNSVIvFfvSIVmBCw&sIDType=CUID,Playstore,https://play.google.com/store/apps/details?id=com.buddyloan.vls,https://play.google.com/store/apps/details?id=com.buddyloan.vls&hl=en_IN&gl=IN,com.buddyloan.vls,2118,0
Buddy Loans,BValue Services Private limited,RESPO FINANCIAL CAPITAL PRIVATE LIMITED,2026-09-25,https://data.rbi.org.in/BOE/OpenDocument/opendoc/custom.jsp?iDocID=ARfEgy.WNSVIvFfvSIVmBCw&sIDType=CUID,Website,https://www.buddyloan.com/,https://www.buddyloan.com/,,2119,0
CarePal,Carepal Fintech Pvt Ltd,RESPO FINANCIAL CAPITAL PRIVATE LIMITED,2026-09-25,https://data.rbi.org.in/BOE/OpenDocument/opendoc/custom.jsp?iDocID=ARfEgy.WNSVIvFfvSIVmBCw&sIDType=CUID,Playstore,https://play.google.com/store/apps/details?id=dev.infonet.carepal,https://play.google.com/store/apps/details?id=dev.infonet.carepal&hl=en,dev.infonet.carepal,2120,0
CarePal,Carepal Fintech Pvt Ltd,RESPO FINANCIAL CAPITAL PRIVATE LIMITED,2026-09-25,https://data.rbi.org.in/BOE/OpenDocument/opendoc/custom.jsp?iDocID=ARfEgy.WNSVIvFfvSIVmBCw&sIDType=CUID,Website,https://carepalgroup.com/,https://carepalgroup.com/,,2121,0
Carepay,Carecoin Technologies Pvt Ltd,RESPO FINANCIAL CAPITAL PRIVATE LIMITED,2026-09-25,https://data.rbi.org.in/BOE/OpenDocument/opendoc/custom.jsp?iDocID=ARfEgy.WNSVIvFfvSIVmBCw&sIDType=CUID,Appstore,https://apps.apple.com/in/app/carepay/id6446045879,https://apps.apple.com/in/app/carepay/id6446045879,,2122,0
Carepay,Carecoin Technologies Pvt Ltd,RESPO FINANCIAL CAPITAL PRIVATE LIMITED,2026-09-25,https://data.rbi.org.in/BOE/OpenDocument/opendoc/custom.jsp?iDocID=ARfEgy.WNSVIvFfvSIVmBCw&sIDType=CUID,Playstore,https://play.google.com/store/apps/details?id=com.bitsoft.carepay,https://play.google.com/store/apps/details?id=com.bitsoft.carepay&hl=en-US,com.bitsoft.carepay,2123,0
Carepay,Carecoin Technologies Pvt Ltd,RESPO FINANCIAL CAPITAL PRIVATE LIMITED,2026-09-25,https://data.rbi.org.in/BOE/OpenDocument/opendoc/custom.jsp?iDocID=ARfEgy.WNSVIvFfvSIVmBCw&sIDType=CUID,Website,https://www.carepay.com/,https://www.carepay.com/,,2124,0
Cash By Cred,Dreamplug Technologies Pvt Ltd,RESPO FINANCIAL CAPITAL PRIVATE LIMITED,2026-09-25,https://data.rbi.org.in/BOE/OpenDocument/opendoc/custom.jsp?iDocID=ARfEgy.WNSVIvFfvSIVmBCw&sIDType=CUID,Playstore,https://play.google.com/store/apps/details?id=com.dreamplug.kyoto.android,https://play.google.com/store/apps/details?id=com.dreamplug.kyoto.android,com.dreamplug.kyoto.android,2125,0
Cash By Cred,Dreamplug Technologies Pvt Ltd,RESPO FINANCIAL CAPITAL PRIVATE LIMITED,2026-09-25,https://data.rbi.org.in/BOE/OpenDocument/opendoc/custom.jsp?iDocID=ARfEgy.WNSVIvFfvSIVmBCw&sIDType=CUID,Website,https://cred.club/,https://cred.club/,,2126,0
ClaimFriendy,Claimfriendy Private Limited,RESPO FINANCIAL CAPITAL PRIVATE LIMITED,2026-09-25,https://data.rbi.org.in/BOE/OpenDocument/opendoc/custom.jsp?iDocID=ARfEgy.WNSVIvFfvSIVmBCw&sIDType=CUID,Website,https://claimfriendy.com/,https://claimfriendy.com/,,2127,0
Cready,Switch My Loan Private Limited,RESPO FINANCIAL CAPITAL PRIVATE LIMITED,2026-09-25,https://data.rbi.org.in/BOE/OpenDocument/opendoc/custom.jsp?iDocID=ARfEgy.WNSVIvFfvSIVmBCw&sIDType=CUID,Playstore,https://play.google.com/store/apps/details?id=com.creddy.app,https://play.google.com/store/apps/details?id=com.creddy.app,com.creddy.app,2128,0
Cready,Switch My Loan Private Limited,RESPO FINANCIAL CAPITAL PRIVATE LIMITED,2026-09-25,https://data.rbi.org.in/BOE/OpenDocument/opendoc/custom.jsp?iDocID=ARfEgy.WNSVIvFfvSIVmBCw&sIDType=CUID,Website,https://www.cready.in/,https://www.cready.in/,,2129,0
Credifit,CreditMantri Finserv Private Limited,RESPO FINANCIAL CAPITAL PRIVATE LIMITED,2026-09-25,https://data.rbi.org.in/BOE/OpenDocument/opendoc/custom.jsp?iDocID=ARfEgy.WNSVIvFfvSIVmBCw&sIDType=CUID,Playstore,https://play.google.com/store/apps/details?id=com.creditmantri,https://play.google.com/store/apps/details?id=com.creditmantri,com.creditmantri,2130,0
Credifit,CreditMantri Finserv Private Limited,RESPO FINANCIAL CAPITAL PRIVATE LIMITED,2026-09-25,https://data.rbi.org.in/BOE/OpenDocument/opendoc/custom.jsp?iDocID=ARfEgy.WNSVIvFfvSIVmBCw&sIDType=CUID,Website,https://www.creditmantri.com/,https://www.creditmantri.com/,,2131,0
Easypay,Easy Pay Limited,RESPO FINANCIAL CAPITAL PRIVATE LIMITED,2026-09-25,https://data.rbi.org.in/BOE/OpenDocument/opendoc/custom.jsp?iDocID=ARfEgy.WNSVIvFfvSIVmBCw&sIDType=CUID,Appstore,https://apps.apple.com/in/app/easy-pay-payment-credit/id6748067328,https://apps.apple.com/in/app/easy-pay-payment-credit/id6748067328,,2132,0
Easypay,Easy Pay Limited,RESPO FINANCIAL CAPITAL PRIVATE LIMITED,2026-09-25,https://data.rbi.org.in/BOE/OpenDocument/opendoc/custom.jsp?iDocID=ARfEgy.WNSVIvFfvSIVmBCw&sIDType=CUID,Playstore,https://play.google.com/store/apps/details?id=aepsapp.paisanikal.com.aepsandroid,https://play.google.com/store/apps/details?id=aepsapp.paisanikal.com.aepsandroid&hl=en-US,aepsapp.paisanikal.com.aepsandroid,2133,0
Easypay,Easy Pay Limited,RESPO FINANCIAL CAPITAL PRIVATE LIMITED,2026-09-25,https://data.rbi.org.in/BOE/OpenDocument/opendoc/custom.jsp?iDocID=ARfEgy.WNSVIvFfvSIVmBCw&sIDType=CUID,Website,https://www.easypay.in/about.html,https://www.easypay.in/about.html,,2134,0
Finnova,Volo Health Services Pvt Ltd,RESPO FINANCIAL CAPITAL PRIVATE LIMITED,2026-09-25,https://data.rbi.org.in/BOE/OpenDocument/opendoc/custom.jsp?iDocID=ARfEgy.WNSVIvFfvSIVmBCw&sIDType=CUID,Appstore,https://apps.apple.com/in/app/volo-wallet/id1660906209,https://apps.apple.com/in/app/volo-wallet/id1660906209,,2135,0
Finnova,Volo Health Services Pvt Ltd,RESPO FINANCIAL CAPITAL PRIVATE LIMITED,2026-09-25,https://data.rbi.org.in/BOE/OpenDocument/opendoc/custom.jsp?iDocID=ARfEgy.WNSVIvFfvSIVmBCw&sIDType=CUID,Playstore,Google Play Link,Google Play Link,,2136,0
Finnova,Volo Health Services Pvt Ltd,RESPO FINANCIAL CAPITAL PRIVATE LIMITED,2026-09-25,https://data.rbi.org.in/BOE/OpenDocument/opendoc/custom.jsp?iDocID=ARfEgy.WNSVIvFfvSIVmBCw&sIDType=CUID,Website,https://www.volohealth.in/,https://www.volohealth.in/,,2137,0
Instacred,Flexmoney Technologies Pvt Ltd,RESPO FINANCIAL CAPITAL PRIVATE LIMITED,2026-09-25,https://data.rbi.org.in/BOE/OpenDocument/opendoc/custom.jsp?iDocID=ARfEgy.WNSVIvFfvSIVmBCw&sIDType=CUID,Appstore,https://apps.apple.com/in/app/flexmoney/id6445949572,https://apps.apple.com/in/app/flexmoney/id6445949572,,2138,0
Instacred,Flexmoney Technologies Pvt Ltd,RESPO FINANCIAL CAPITAL PRIVATE LIMITED,2026-09-25,https://data.rbi.org.in/BOE/OpenDocument/opendoc/custom.jsp?iDocID=ARfEgy.WNSVIvFfvSIVmBCw&sIDType=CUID,Playstore,https://play.google.com/store/apps/details?id=com.bc.flexmoney,https://play.google.com/store/apps/details?id=com.bc.flexmoney&hl=en,com.bc.flexmoney,2139,0
Instacred,Flexmoney Technologies Pvt Ltd,RESPO FINANCIAL CAPITAL PRIVATE LIMITED,2026-09-25,https://data.rbi.org.in/BOE/OpenDocument/opendoc/custom.jsp?iDocID=ARfEgy.WNSVIvFfvSIVmBCw&sIDType=CUID,Website,https://www.flexmoney.in/,https://www.flexmoney.in/,,2140,0
Jio Finance,Jio Financial Services Private Limited,RESPO FINANCIAL CAPITAL PRIVATE LIMITED,2026-09-25,https://data.rbi.org.in/BOE/OpenDocument/opendoc/custom.jsp?iDocID=ARfEgy.WNSVIvFfvSIVmBCw&sIDType=CUID,Appstore,https://apps.apple.com/in/app/jiofinance/id6469583963,https://apps.apple.com/in/app/jiofinance/id6469583963,,2141,0
Jio Finance,Jio Financial Services Private Limited,RESPO FINANCIAL CAPITAL PRIVATE LIMITED,2026-09-25,https://data.rbi.org.in/BOE/OpenDocument/opendoc/custom.jsp?iDocID=ARfEgy.WNSVIvFfvSIVmBCw&sIDType=CUID,Playstore,https://play.google.com/store/apps/details?id=in.jfs.jiofinance,https://play.google.com/store/apps/details?id=in.jfs.jiofinance&hl=en_IN,in.jfs.jiofinance,2142,0
Jio Finance,Jio Financial Services Private Limited,RESPO FINANCIAL CAPITAL PRIVATE LIMITED,2026-09-25,https://data.rbi.org.in/BOE/OpenDocument/opendoc/custom.jsp?iDocID=ARfEgy.WNSVIvFfvSIVmBCw&sIDType=CUID,Website,https://www.jiocredit.in/,https://www.jiocredit.in/,,2143,0
Juspay-Hypercredit,Juspay Technologies Pvt Ltd,RESPO FINANCIAL CAPITAL PRIVATE LIMITED,2026-09-25,https://data.rbi.org.in/BOE/OpenDocument/opendoc/custom.jsp?iDocID=ARfEgy.WNSVIvFfvSIVmBCw&sIDType=CUID,Appstore,https://apps.apple.com/in/app/juspay-portal/id6740138129,https://apps.apple.com/in/app/juspay-portal/id6740138129,,2144,0
Juspay-Hypercredit,Juspay Technologies Pvt Ltd,RESPO FINANCIAL CAPITAL PRIVATE LIMITED,2026-09-25,https://data.rbi.org.in/BOE/OpenDocument/opendoc/custom.jsp?iDocID=ARfEgy.WNSVIvFfvSIVmBCw&sIDType=CUID,Playstore,https://play.google.com/store/apps/details?id=io.juspay.juspayportal,https://play.google.com/store/apps/details?id=io.juspay.juspayportal&hl=en-US,io.juspay.juspayportal,2145,0
Juspay-Hypercredit,Juspay Technologies Pvt Ltd,RESPO FINANCIAL CAPITAL PRIVATE LIMITED,2026-09-25,https://data.rbi.org.in/BOE/OpenDocument/opendoc/custom.jsp?iDocID=ARfEgy.WNSVIvFfvSIVmBCw&sIDType=CUID,Website,https://juspay.io/in,https://juspay.io/in,,2146,0
Medscred,Empower Fintech Private Limited,RESPO FINANCIAL CAPITAL PRIVATE LIMITED,2026-09-25,https://data.rbi.org.in/BOE/OpenDocument/opendoc/custom.jsp?iDocID=ARfEgy.WNSVIvFfvSIVmBCw&sIDType=CUID,Website,https://www.medscred.com/index.html,https://www.medscred.com/index.html,,2147,0
Money Control,Moneycontrol Dot Com India Limited,RESPO FINANCIAL CAPITAL PRIVATE LIMITED,2026-09-25,https://data.rbi.org.in/BOE/OpenDocument/opendoc/custom.jsp?iDocID=ARfEgy.WNSVIvFfvSIVmBCw&sIDType=CUID,Appstore,https://apps.apple.com/us/app/moneycontrol-markets-news/id408654600,https://apps.apple.com/us/app/moneycontrol-markets-news/id408654600,,2148,0
Money Control,Moneycontrol Dot Com India Limited,RESPO FINANCIAL CAPITAL PRIVATE LIMITED,2026-09-25,https://data.rbi.org.in/BOE/OpenDocument/opendoc/custom.jsp?iDocID=ARfEgy.WNSVIvFfvSIVmBCw&sIDType=CUID,Playstore,https://play.google.com/store/apps/details?id=com.divum.MoneyControl,https://play.google.com/store/apps/details?id=com.divum.MoneyControl&hl=en_IN,com.divum.MoneyControl,2149,0
Money Control,Moneycontrol Dot Com India Limited,RESPO FINANCIAL CAPITAL PRIVATE LIMITED,2026-09-25,https://data.rbi.org.in/BOE/OpenDocument/opendoc/custom.jsp?iDocID=ARfEgy.WNSVIvFfvSIVmBCw&sIDType=CUID,Website,https://www.moneycontrolpay.com/,https://www.moneycontrolpay.com/,,2150,0
Muthoot FinCorp ONE,Muthoot Fincorp Limited,RESPO FINANCIAL CAPITAL PRIVATE LIMITED,2026-09-25,https://data.rbi.org.in/BOE/OpenDocument/opendoc/custom.jsp?iDocID=ARfEgy.WNSVIvFfvSIVmBCw&sIDType=CUID,Appstore,https://apps.apple.com/in/app/muthoot-fincorp-one/id6451879603,https://apps.apple.com/in/app/muthoot-fincorp-one/id6451879603,,2151,0
Muthoot FinCorp ONE,Muthoot Fincorp Limited,RESPO FINANCIAL CAPITAL PRIVATE LIMITED,2026-09-25,https://data.rbi.org.in/BOE/OpenDocument/opendoc/custom.jsp?iDocID=ARfEgy.WNSVIvFfvSIVmBCw&sIDType=CUID,Playstore,https://play.google.com/store/apps/details?id=com.muthootfincorpone.superapp,https://play.google.com/store/apps/details?id=com.muthootfincorpone.superapp&pli=1,com.muthootfincorpone.superapp,2152,0
Muthoot FinCorp ONE,Muthoot Fincorp Limited,RESPO FINANCIAL CAPITAL PRIVATE LIMITED,2026-09-25,https://data.rbi.org.in/BOE/OpenDocument/opendoc/custom.jsp?iDocID=ARfEgy.WNSVIvFfvSIVmBCw&sIDType=CUID,Website,https://muthootfincorp.com/,https://muthootfincorp.com/,,2153,0
Nobroker,Nobroker Technologies Solutions Pvt Ltd,RESPO FINANCIAL CAPITAL PRIVATE LIMITED,2026-09-25,https://data.rbi.org.in/BOE/OpenDocument/opendoc/custom.jsp?iDocID=ARfEgy.WNSVIvFfvSIVmBCw&sIDType=CUID,Appstore,https://apps.apple.com/in/app/nobroker-rent-buy-sell-flats/id1200507100,https://apps.apple.com/in/app/nobroker-rent-buy-sell-flats/id1200507100,,2154,0
Nobroker,Nobroker Technologies Solutions Pvt Ltd,RESPO FINANCIAL CAPITAL PRIVATE LIMITED,2026-09-25,https://data.rbi.org.in/BOE/OpenDocument/opendoc/custom.jsp?iDocID=ARfEgy.WNSVIvFfvSIVmBCw&sIDType=CUID,Playstore,https://play.google.com/store/apps/details?id=com.nobroker.app,https://play.google.com/store/apps/details?id=com.nobroker.app&hl=en-GB&gl=IN,com.nobroker.app,2155,0
Nobroker,Nobroker Technologies Solutions Pvt Ltd,RESPO FINANCIAL CAPITAL PRIVATE LIMITED,2026-09-25,https://data.rbi.org.in/BOE/OpenDocument/opendoc/custom.jsp?iDocID=ARfEgy.WNSVIvFfvSIVmBCw&sIDType=CUID,Website,https://www.nobroker.in/,https://www.nobroker.in/,,2156,0
Ola Money,OLA FINANCIAL SERVICES PRIVATE LIMITED,RESPO FINANCIAL CAPITAL PRIVATE LIMITED,2026-09-25,https://data.rbi.org.in/BOE/OpenDocument/opendoc/custom.jsp?iDocID=ARfEgy.WNSVIvFfvSIVmBCw&sIDType=CUID,Appstore,https://apps.apple.com/in/app/ola-money-wallet-payments/id1064900603,https://apps.apple.com/in/app/ola-money-wallet-payments/id1064900603,,2157,0
Ola Money,OLA FINANCIAL SERVICES PRIVATE LIMITED,RESPO FINANCIAL CAPITAL PRIVATE LIMITED,2026-09-25,https://data.rbi.org.in/BOE/OpenDocument/opendoc/custom.jsp?iDocID=ARfEgy.WNSVIvFfvSIVmBCw&sIDType=CUID,Playstore,https://play.google.com/store/apps/details?id=com.olacabs.olamoney,https://play.google.com/store/apps/details?id=com.olacabs.olamoney&hl=en-US,com.olacabs.olamoney,2158,0
Ola Money,OLA FINANCIAL SERVICES PRIVATE LIMITED,RESPO FINANCIAL CAPITAL PRIVATE LIMITED,2026-09-25,https://data.rbi.org.in/BOE/OpenDocument/opendoc/custom.jsp?iDocID=ARfEgy.WNSVIvFfvSIVmBCw&sIDType=CUID,Website,https://www.olamoney.com/,https://www.olamoney.com/,,2159,0
Paisabazaar,Paisabazaar Marketing And Consulting Private Limited,RESPO FINANCIAL CAPITAL PRIVATE LIMITED,2026-09-25,https://data.rbi.org.in/BOE/OpenDocument/opendoc/custom.jsp?iDocID=ARfEgy.WNSVIvFfvSIVmBCw&sIDType=CUID,Appstore,https://apps.apple.com/in/app/paisabazaar-credit-score-loan/id1029403201,https://apps.apple.com/in/app/paisabazaar-credit-score-loan/id1029403201,,2160,0
Paisabazaar,Paisabazaar Marketing And Consulting Private Limited,RESPO FINANCIAL CAPITAL PRIVATE LIMITED,2026-09-25,https://data.rbi.org.in/BOE/OpenDocument/opendoc/custom.jsp?iDocID=ARfEgy.WNSVIvFfvSIVmBCw&sIDType=CUID,Playstore,https://play.google.com/store/apps/details?id=com.paisabazaar,https://play.google.com/store/apps/details?id=com.paisabazaar,com.paisabazaar,2161,0
Paisabazaar,Paisabazaar Marketing And Consulting Private Limited,RESPO FINANCIAL CAPITAL PRIVATE LIMITED,2026-09-25,https://data.rbi.org.in/BOE/OpenDocument/opendoc/custom.jsp?iDocID=ARfEgy.WNSVIvFfvSIVmBCw&sIDType=CUID,Website,https://www.paisabazaar.com/about-us,https://www.paisabazaar.com/about-us,,2162,0
Prefr,Dreamplug Technologies Pvt Ltd,RESPO FINANCIAL CAPITAL PRIVATE LIMITED,2026-09-25,https://data.rbi.org.in/BOE/OpenDocument/opendoc/custom.jsp?iDocID=ARfEgy.WNSVIvFfvSIVmBCw&sIDType=CUID,Appstore,https://apps.apple.com/in/app/prefr-personal-loan-app-india/id6758143425,https://apps.apple.com/in/app/prefr-personal-loan-app-india/id6758143425,,2163,0
Prefr,Dreamplug Technologies Pvt Ltd,RESPO FINANCIAL CAPITAL PRIVATE LIMITED,2026-09-25,https://data.rbi.org.in/BOE/OpenDocument/opendoc/custom.jsp?iDocID=ARfEgy.WNSVIvFfvSIVmBCw&sIDType=CUID,Playstore,https://play.google.com/store/apps/details?id=com.prefr.credit,https://play.google.com/store/apps/details?id=com.prefr.credit&gl=in,com.prefr.credit,2164,0
Prefr,Dreamplug Technologies Pvt Ltd,RESPO FINANCIAL CAPITAL PRIVATE LIMITED,2026-09-25,https://data.rbi.org.in/BOE/OpenDocument/opendoc/custom.jsp?iDocID=ARfEgy.WNSVIvFfvSIVmBCw&sIDType=CUID,Website,https://prefr.com/,https://prefr.com/,,2165,0
Shopse,Newbazaar Technologies Pvt Ltd,RESPO FINANCIAL CAPITAL PRIVATE LIMITED,2026-09-25,https://data.rbi.org.in/BOE/OpenDocument/opendoc/custom.jsp?iDocID=ARfEgy.WNSVIvFfvSIVmBCw&sIDType=CUID,Appstore,https://apps.apple.com/in/app/shopse-shop-now-pay-later/id1501675725,https://apps.apple.com/in/app/shopse-shop-now-pay-later/id1501675725,,2166,0
Shopse,Newbazaar Technologies Pvt Ltd,RESPO FINANCIAL CAPITAL PRIVATE LIMITED,2026-09-25,https://data.rbi.org.in/BOE/OpenDocument/opendoc/custom.jsp?iDocID=ARfEgy.WNSVIvFfvSIVmBCw&sIDType=CUID,Playstore,https://play.google.com/store/apps/details?id=com.shopse.consumer,https://play.google.com/store/apps/details?id=com.shopse.consumer&hl=en-US,com.shopse.consumer,2167,0
Shopse,Newbazaar Technologies Pvt Ltd,RESPO FINANCIAL CAPITAL PRIVATE LIMITED,2026-09-25,https://data.rbi.org.in/BOE/OpenDocument/opendoc/custom.jsp?iDocID=ARfEgy.WNSVIvFfvSIVmBCw&sIDType=CUID,Website,https://www.getshopse.com/,https://www.getshopse.com/,,2168,0
Tata Neu,Tata Digital Private Limited,RESPO FINANCIAL CAPITAL PRIVATE LIMITED,2026-09-25,https://data.rbi.org.in/BOE/OpenDocument/opendoc/custom.jsp?iDocID=ARfEgy.WNSVIvFfvSIVmBCw&sIDType=CUID,Appstore,https://apps.apple.com/in/app/tata-neu-upi-cards-bills/id1584669293,https://apps.apple.com/in/app/tata-neu-upi-cards-bills/id1584669293,,2169,0
Tata Neu,Tata Digital Private Limited,RESPO FINANCIAL CAPITAL PRIVATE LIMITED,2026-09-25,https://data.rbi.org.in/BOE/OpenDocument/opendoc/custom.jsp?iDocID=ARfEgy.WNSVIvFfvSIVmBCw&sIDType=CUID,Playstore,https://play.google.com/store/apps/details?id=com.tatadigital.tcp,https://play.google.com/store/apps/details?id=com.tatadigital.tcp&hl=en_IN,com.tatadigital.tcp,2170,0
Tata Neu,Tata Digital Private Limited,RESPO FINANCIAL CAPITAL PRIVATE LIMITED,2026-09-25,https://data.rbi.org.in/BOE/OpenDocument/opendoc/custom.jsp?iDocID=ARfEgy.WNSVIvFfvSIVmBCw&sIDType=CUID,Website,https://www.tataneu.com/v2/finance,https://www.tataneu.com/v2/finance,,2171,0
Zype,Easy Platform Services Pvt Ltd,RESPO FINANCIAL CAPITAL PRIVATE LIMITED,2026-09-25,https://data.rbi.org.in/BOE/OpenDocument/opendoc/custom.jsp?iDocID=ARfEgy.WNSVIvFfvSIVmBCw&sIDType=CUID,Appstore,https://apps.apple.com/in/app/zype-instant-personal-loan-app/id6449256371,https://apps.apple.com/in/app/zype-instant-personal-loan-app/id6449256371,,2172,0
Zype,Easy Platform Services Pvt Ltd,RESPO FINANCIAL CAPITAL PRIVATE LIMITED,2026-09-25,https://data.rbi.org.in/BOE/OpenDocument/opendoc/custom.jsp?iDocID=ARfEgy.WNSVIvFfvSIVmBCw&sIDType=CUID,Indus Store,https://play.google.com/store/apps/details?id=com.zype.mobile,https://www.indusappstore.com/apps/finance/zype/com.zype.mobile/?page=details&id=com.zype.mobile,com.zype.mobile,2173,0
Zype,Easy Platform Services Pvt Ltd,RESPO FINANCIAL CAPITAL PRIVATE LIMITED,2026-09-25,https://data.rbi.org.in/BOE/OpenDocument/opendoc/custom.jsp?iDocID=ARfEgy.WNSVIvFfvSIVmBCw&sIDType=CUID,Playstore,https://play.google.com/store/apps/details?id=com.zype.mobile,https://play.google.com/store/apps/details?id=com.zype.mobile&pcampaignid=web_share,com.zype.mobile,2174,0
Zype,Easy Platform Services Pvt Ltd,RESPO FINANCIAL CAPITAL PRIVATE LIMITED,2026-09-25,https://data.rbi.org.in/BOE/OpenDocument/opendoc/custom.jsp?iDocID=ARfEgy.WNSVIvFfvSIVmBCw&sIDType=CUID,Website,https://www.getzype.com/,https://www.getzype.com/,,2175,0
Zype,Easy Platform Services Pvt Ltd,RESPO FINANCIAL CAPITAL PRIVATE LIMITED,2026-09-25,https://data.rbi.org.in/BOE/OpenDocument/opendoc/custom.jsp?iDocID=ARfEgy.WNSVIvFfvSIVmBCw&sIDType=CUID,Xiaomi Store,https://play.google.com/store/apps/details?id=com.zype.mobile,https://global.app.mi.com/details?lo=IN&la=en&id=com.zype.mobile,com.zype.mobile,2176,0
Rinn,Rinncrest Technologies Private Limited,RICHARD TIECON PVT. LTD.,2026-09-25,https://data.rbi.org.in/BOE/OpenDocument/opendoc/custom.jsp?iDocID=ARfEgy.WNSVIvFfvSIVmBCw&sIDType=CUID,Google Play Store,https://play.google.com/store/apps/details?id=com.rinncrestmobile,https://play.google.com/store/apps/details?id=com.rinncrestmobile,com.rinncrestmobile,2177,0
SALARY CHAMPION,SELF OWNED,RICHMAN FINCAP LIMITED,2026-09-25,https://data.rbi.org.in/BOE/OpenDocument/opendoc/custom.jsp?iDocID=ARfEgy.WNSVIvFfvSIVmBCw&sIDType=CUID,WEBSITE ONLY,https://www.salarychampion.com/,https://www.salarychampion.com/,,2178,0
Kanak Loans,B.R. Silver,R.K. BANSAL FINANCE LTD.,2026-09-25,https://data.rbi.org.in/BOE/OpenDocument/opendoc/custom.jsp?iDocID=ARfEgy.WNSVIvFfvSIVmBCw&sIDType=CUID,Google Play store,https://play.google.com/store/apps/details?id=com.kanakloans,https://play.google.com/store/apps/details?id=com.kanakloans,com.kanakloans,2179,0
Rupeeq.com,Intuino Business Consulting India Private Limited( Self-Owned),R.K. BANSAL FINANCE LTD.,2026-09-25,https://data.rbi.org.in/BOE/OpenDocument/opendoc/custom.jsp?iDocID=ARfEgy.WNSVIvFfvSIVmBCw&sIDType=CUID,website,https://www.rupeeq.com,www.rupeeq.com,,2180,0
Samridhya,SAMRIDHYA INNOVATIONS PRIVATE LTD,R.K. BANSAL FINANCE LTD.,2026-09-25,https://data.rbi.org.in/BOE/OpenDocument/opendoc/custom.jsp?iDocID=ARfEgy.WNSVIvFfvSIVmBCw&sIDType=CUID,App Store,https://apps.apple.com/in/app/samridhya/id6745554387,https://apps.apple.com/in/app/samridhya/id6745554387,,2181,0
Samridhya,SAMRIDHYA INNOVATIONS PRIVATE LTD,R.K. BANSAL FINANCE LTD.,2026-09-25,https://data.rbi.org.in/BOE/OpenDocument/opendoc/custom.jsp?iDocID=ARfEgy.WNSVIvFfvSIVmBCw&sIDType=CUID,Google Play Store,https://play.google.com/store/apps/details?id=samridh.consumer,https://play.google.com/store/apps/details?id=samridh.consumer&hl=en_IN,samridh.consumer,2182,0
ScoreLoan,Capora Fintech Private Limited,R.K. BANSAL FINANCE LTD.,2026-09-25,https://data.rbi.org.in/BOE/OpenDocument/opendoc/custom.jsp?iDocID=ARfEgy.WNSVIvFfvSIVmBCw&sIDType=CUID,Web Android IOS,https://play.google.com/store/apps/details?id=com.capora.scoreloan,https://scoreloan.app/ https://play.google.com/store/apps/details?id=com.capora.scoreloan  https://apps.apple.com/us/app/scoreloan-your-growth-partner/id6776628430,com.capora.scoreloan,2183,0
EasyDhan,Self-owned,RKD FINANCIAL SERVICES LTD.,2026-09-25,https://data.rbi.org.in/BOE/OpenDocument/opendoc/custom.jsp?iDocID=ARfEgy.WNSVIvFfvSIVmBCw&sIDType=CUID,EasyDhan,easydhan.com,easydhan.com,,2184,0
WePaisa,SmartCred Mantra Private Limited,ROCKLAND FINSTOCK LIMITED,2026-09-25,https://data.rbi.org.in/BOE/OpenDocument/opendoc/custom.jsp?iDocID=ARfEgy.WNSVIvFfvSIVmBCw&sIDType=CUID,Google Play,https://play.google.com/store/apps/details?id=com.wepaisa.android,https://play.google.com/store/apps/details?id=com.wepaisa.android,com.wepaisa.android,2185,0
WePaisa,SmartCred Mantra Private Limited,ROCKLAND FINSTOCK LIMITED,2026-09-25,https://data.rbi.org.in/BOE/OpenDocument/opendoc/custom.jsp?iDocID=ARfEgy.WNSVIvFfvSIVmBCw&sIDType=CUID,Website,https://www.wepaisa.com,www.wepaisa.com,,2186,0
Payme,Huey Tech Limited,RULOANS FINANCIAL SERVICES PVT LTD,2026-09-25,https://data.rbi.org.in/BOE/OpenDocument/opendoc/custom.jsp?iDocID=ARfEgy.WNSVIvFfvSIVmBCw&sIDType=CUID,https://www.paymeindia.in/  App Store:  IOS And Android,https://play.google.com/store/apps/details?id=io.attabot.app.paymeindia,IOS: https://apps.apple.com/in/app/payme-personal-loan-app/id1282142711  Android:  https://play.google.com/store/apps/details?id=io.attabot.app.paymeindia&pcampaignid=web_share,io.attabot.app.paymeindia,2187,0
Rapid Money,Moneytime Technology Services Private Limited.,RULOANS FINANCIAL SERVICES PVT LTD,2026-09-25,https://data.rbi.org.in/BOE/OpenDocument/opendoc/custom.jsp?iDocID=ARfEgy.WNSVIvFfvSIVmBCw&sIDType=CUID,www.rapidmoney.in,https://play.google.com/store/apps/details?id=com.rapid_money,https://play.google.com/store/apps/details?id=com.rapid_money,com.rapid_money,2188,0
Online Gold Loan : Rupeek,Rupeek Fintech Private Limited,RUPEEK CAPITAL PRIVATE LIMITED,2026-09-25,https://data.rbi.org.in/BOE/OpenDocument/opendoc/custom.jsp?iDocID=ARfEgy.WNSVIvFfvSIVmBCw&sIDType=CUID,Google Play app store,https://play.google.com/store/apps/details?id=com.rupeek.customer,https://play.google.com/store/apps/details?id=com.rupeek.customer&hl=en_IN&pli=1,com.rupeek.customer,2189,0
SaveIN,SaveIN Fintech Private limited,RUPITOL FINANCE PVT. LTD.,2026-09-25,https://data.rbi.org.in/BOE/OpenDocument/opendoc/custom.jsp?iDocID=ARfEgy.WNSVIvFfvSIVmBCw&sIDType=CUID,Website,https://savein.money/,https://savein.money/,,2190,0
Loan Nivo,FINOVATEX TECHNOLOGIES PRIVATE LIMITED,SABRIMALA FINTECH PRIVATE LIMITED,2026-09-25,https://data.rbi.org.in/BOE/OpenDocument/opendoc/custom.jsp?iDocID=ARfEgy.WNSVIvFfvSIVmBCw&sIDType=CUID,Google Play Store,https://play.google.com/store/apps/details?id=com.core.service.safe.cred.link.pro.ncin.app,https://play.google.com/store/apps/details?id=com.core.service.safe.cred.link.pro.ncin.app,com.core.service.safe.cred.link.pro.ncin.app,2191,0
Ezfinanz,Self-owned,SAI ROSHNI CAPITAL PRIVATE LIMITED,2026-09-25,https://data.rbi.org.in/BOE/OpenDocument/opendoc/custom.jsp?iDocID=ARfEgy.WNSVIvFfvSIVmBCw&sIDType=CUID,play store in android phone and app store in iphone,Ezfinanz,Ezfinanz,,2192,0
Ezfinanz,Self-owned,SAI ROSHNI CAPITAL PRIVATE LIMITED,2026-09-25,https://data.rbi.org.in/BOE/OpenDocument/opendoc/custom.jsp?iDocID=ARfEgy.WNSVIvFfvSIVmBCw&sIDType=CUID,play store in android phone and app store in iphone,Ezfinanz-Business Partner,Ezfinanz-Business Partner,,2193,0
Ezfinanz,Self-owned,SAI ROSHNI CAPITAL PRIVATE LIMITED,2026-09-25,https://data.rbi.org.in/BOE/OpenDocument/opendoc/custom.jsp?iDocID=ARfEgy.WNSVIvFfvSIVmBCw&sIDType=CUID,portal,https://ezoperations.ezfinanz.com,https://ezoperations.ezfinanz.com,,2194,0
Ezfinanz,Self-owned,SAI ROSHNI CAPITAL PRIVATE LIMITED,2026-09-25,https://data.rbi.org.in/BOE/OpenDocument/opendoc/custom.jsp?iDocID=ARfEgy.WNSVIvFfvSIVmBCw&sIDType=CUID,Website,https://ezfinanz.com,https://ezfinanz.com,,2195,0
CreditMitra,Samcint Solutins Private Limited,SAJAN INTERNATIONAL P LTD.,2026-09-25,https://data.rbi.org.in/BOE/OpenDocument/opendoc/custom.jsp?iDocID=ARfEgy.WNSVIvFfvSIVmBCw&sIDType=CUID,App Store,To be made available once it is live in App store,To be made available once it is live in App store,,2196,0
CreditMitra,Samcint Solutins Private Limited,SAJAN INTERNATIONAL P LTD.,2026-09-25,https://data.rbi.org.in/BOE/OpenDocument/opendoc/custom.jsp?iDocID=ARfEgy.WNSVIvFfvSIVmBCw&sIDType=CUID,Play Store,https://play.google.com/store/apps/details?id=com.creditmitra,https://play.google.com/store/apps/details?id=com.creditmitra&hl=en_IN,com.creditmitra,2197,0
CreditMitra,Samcint Solutins Private Limited,SAJAN INTERNATIONAL P LTD.,2026-09-25,https://data.rbi.org.in/BOE/OpenDocument/opendoc/custom.jsp?iDocID=ARfEgy.WNSVIvFfvSIVmBCw&sIDType=CUID,Website,https://www.creditmitra.in,https://www.creditmitra.in,,2198,0
Bachatt,Trusave Fintech Private Limited,SALORA CAPITAL LTD.,2026-09-25,https://data.rbi.org.in/BOE/OpenDocument/opendoc/custom.jsp?iDocID=ARfEgy.WNSVIvFfvSIVmBCw&sIDType=CUID,Google Play Store,https://play.google.com/store/apps/details?id=app.bachatt.customer,https://play.google.com/store/apps/details?id=app.bachatt.customer,app.bachatt.customer,2199,0
Finvolt,Finvolt LLP,SALORA CAPITAL LTD.,2026-09-25,https://data.rbi.org.in/BOE/OpenDocument/opendoc/custom.jsp?iDocID=ARfEgy.WNSVIvFfvSIVmBCw&sIDType=CUID,Website,https://finvoltindia.com/,https://finvoltindia.com/,,2200,0
Fundlelo,Tisya Capital Solutions Private Limited,SALORA CAPITAL LTD.,2026-09-25,https://data.rbi.org.in/BOE/OpenDocument/opendoc/custom.jsp?iDocID=ARfEgy.WNSVIvFfvSIVmBCw&sIDType=CUID,Website,https://www.fundlelo.com/,https://www.fundlelo.com/,,2201,0
Fynto,Karmaja Consulting Private Limited,SALORA CAPITAL LTD.,2026-09-25,https://data.rbi.org.in/BOE/OpenDocument/opendoc/custom.jsp?iDocID=ARfEgy.WNSVIvFfvSIVmBCw&sIDType=CUID,Website,https://fynto.in/,https://fynto.in/,,2202,0
Jora Capital,Jora Capital Services Private Limited,SALORA CAPITAL LTD.,2026-09-25,https://data.rbi.org.in/BOE/OpenDocument/opendoc/custom.jsp?iDocID=ARfEgy.WNSVIvFfvSIVmBCw&sIDType=CUID,Website,https://joracapital.in/,https://joracapital.in/,,2203,0
Kosam,Kosam Fintech LLP,SALORA CAPITAL LTD.,2026-09-25,https://data.rbi.org.in/BOE/OpenDocument/opendoc/custom.jsp?iDocID=ARfEgy.WNSVIvFfvSIVmBCw&sIDType=CUID,Website,https://www.kosamfintech.com/,https://www.kosamfintech.com/,,2204,0
Kredtap,Codebrew Innovations Private Limited,SALORA CAPITAL LTD.,2026-09-25,https://data.rbi.org.in/BOE/OpenDocument/opendoc/custom.jsp?iDocID=ARfEgy.WNSVIvFfvSIVmBCw&sIDType=CUID,Google Play Store,https://play.google.com/store/apps/details?id=com.kredtap.lending,https://play.google.com/store/apps/details?id=com.kredtap.lending,com.kredtap.lending,2205,0
Loan Doc,Nexupport Services Private Limited,SALORA CAPITAL LTD.,2026-09-25,https://data.rbi.org.in/BOE/OpenDocument/opendoc/custom.jsp?iDocID=ARfEgy.WNSVIvFfvSIVmBCw&sIDType=CUID,Website,https://www.loandock.co.in/,https://www.loandock.co.in/,,2206,0
Loan In Hand,Cashpedia Payment Solutions Private Limited,SALORA CAPITAL LTD.,2026-09-25,https://data.rbi.org.in/BOE/OpenDocument/opendoc/custom.jsp?iDocID=ARfEgy.WNSVIvFfvSIVmBCw&sIDType=CUID,Website,https://www.loaninhand.com/,https://www.loaninhand.com/,,2207,0
LoanNCredit,Wistful Finance Private Limited,SALORA CAPITAL LTD.,2026-09-25,https://data.rbi.org.in/BOE/OpenDocument/opendoc/custom.jsp?iDocID=ARfEgy.WNSVIvFfvSIVmBCw&sIDType=CUID,Website,https://www.loanncredit.com/,https://www.loanncredit.com/,,2208,0
Loan Prime,Credart Finbiz Solutions Pvt Ltd,SALORA CAPITAL LTD.,2026-09-25,https://data.rbi.org.in/BOE/OpenDocument/opendoc/custom.jsp?iDocID=ARfEgy.WNSVIvFfvSIVmBCw&sIDType=CUID,Website,https://www.loanprime.in/,https://www.loanprime.in/,,2209,0
Paisa on Time,Artaras Technologies Pvt Ltd,SALORA CAPITAL LTD.,2026-09-25,https://data.rbi.org.in/BOE/OpenDocument/opendoc/custom.jsp?iDocID=ARfEgy.WNSVIvFfvSIVmBCw&sIDType=CUID,Website,https://paisaontime.com/,https://paisaontime.com/,,2210,0
Peday Money,Peday Fintech Private Limited,SALORA CAPITAL LTD.,2026-09-25,https://data.rbi.org.in/BOE/OpenDocument/opendoc/custom.jsp?iDocID=ARfEgy.WNSVIvFfvSIVmBCw&sIDType=CUID,Website,https://play.google.com/store/apps/details?id=com.PedayMoney,https://play.google.com/store/apps/details?id=com.PedayMoney&hl=en_IN,com.PedayMoney,2211,0
RupeeGo,CODETHRUST TECHNOLOGIES PRIVATE LIMITED,SALORA CAPITAL LTD.,2026-09-25,https://data.rbi.org.in/BOE/OpenDocument/opendoc/custom.jsp?iDocID=ARfEgy.WNSVIvFfvSIVmBCw&sIDType=CUID,Google Play Store,https://play.google.com/store/apps/details?id=com.codethrust.rupeego,https://play.google.com/store/apps/details?id=com.codethrust.rupeego,com.codethrust.rupeego,2212,0
Suprb,Summup Fintech Private Limited,SALORA CAPITAL LTD.,2026-09-25,https://data.rbi.org.in/BOE/OpenDocument/opendoc/custom.jsp?iDocID=ARfEgy.WNSVIvFfvSIVmBCw&sIDType=CUID,Website,https://play.google.com/store/apps/details?id=in.suprb.app,https://play.google.com/store/apps/details?id=in.suprb.app&hl=en_IN,in.suprb.app,2213,0
The Digital Loan,Wellroutes Investment Advisory Solutions Private Limited,SALORA CAPITAL LTD.,2026-09-25,https://data.rbi.org.in/BOE/OpenDocument/opendoc/custom.jsp?iDocID=ARfEgy.WNSVIvFfvSIVmBCw&sIDType=CUID,Website,https://www.thedigitalloans.com/,https://www.thedigitalloans.com/,,2214,0
Sammaan Capital: Home Loans,Self-owned,SAMMAAN CAPITAL LIMITED,2026-09-25,https://data.rbi.org.in/BOE/OpenDocument/opendoc/custom.jsp?iDocID=ARfEgy.WNSVIvFfvSIVmBCw&sIDType=CUID,Google Play Store,com.sammaancapital.customers,com.sammaancapital.customers,,2215,0
Bharat Business Loans,SELF,SAMPATHI CREDITS PRIVATE LIMITED,2026-09-25,https://data.rbi.org.in/BOE/OpenDocument/opendoc/custom.jsp?iDocID=ARfEgy.WNSVIvFfvSIVmBCw&sIDType=CUID,Google Playstore,https://play.google.com/store/apps/details?id=in.bharat.loan,https://play.google.com/store/apps/details?id=in.bharat.loan,in.bharat.loan,2216,0
FriendLoan - 1hr Business Loan,SELF,SAMPATHI CREDITS PRIVATE LIMITED,2026-09-25,https://data.rbi.org.in/BOE/OpenDocument/opendoc/custom.jsp?iDocID=ARfEgy.WNSVIvFfvSIVmBCw&sIDType=CUID,Google Playstore,https://play.google.com/store/apps/details?id=in.fl.loan,https://play.google.com/store/apps/details?id=in.fl.loan,in.fl.loan,2217,0
FriendLoan: Business Loan App,SELF,SAMPATHI CREDITS PRIVATE LIMITED,2026-09-25,https://data.rbi.org.in/BOE/OpenDocument/opendoc/custom.jsp?iDocID=ARfEgy.WNSVIvFfvSIVmBCw&sIDType=CUID,Google Playstore,https://play.google.com/store/apps/details?id=in.fl.ul.lead,https://play.google.com/store/apps/details?id=in.fl.ul.lead,in.fl.ul.lead,2218,0
FriendLoan Partner,SELF,SAMPATHI CREDITS PRIVATE LIMITED,2026-09-25,https://data.rbi.org.in/BOE/OpenDocument/opendoc/custom.jsp?iDocID=ARfEgy.WNSVIvFfvSIVmBCw&sIDType=CUID,Google Playstore,https://play.google.com/store/apps/details?id=in.fl.partner,https://play.google.com/store/apps/details?id=in.fl.partner,in.fl.partner,2219,0
Sampathi Loans,SELF,SAMPATHI CREDITS PRIVATE LIMITED,2026-09-25,https://data.rbi.org.in/BOE/OpenDocument/opendoc/custom.jsp?iDocID=ARfEgy.WNSVIvFfvSIVmBCw&sIDType=CUID,Google Playstore,https://play.google.com/store/apps/details?id=in.sampathi.loan,https://play.google.com/store/apps/details?id=in.sampathi.loan,in.sampathi.loan,2220,0
Creditt+,Credify Technologies Private Limited,SAMPATI SECURITIES LIMITED,2026-09-25,https://data.rbi.org.in/BOE/OpenDocument/opendoc/custom.jsp?iDocID=ARfEgy.WNSVIvFfvSIVmBCw&sIDType=CUID,App Store,https://apps.apple.com/in/app/creditt-personal-loan-app/id1330936066,https://apps.apple.com/in/app/creditt-personal-loan-app/id1330936066,,2221,0
Creditt+,Credify Technologies Private Limited,SAMPATI SECURITIES LIMITED,2026-09-25,https://data.rbi.org.in/BOE/OpenDocument/opendoc/custom.jsp?iDocID=ARfEgy.WNSVIvFfvSIVmBCw&sIDType=CUID,Website,https://credittnow.com/,https://credittnow.com/,,2222,0
FUND ON GO,Self-owned,SAMRAAT FINLEASE (P) LTD.,2026-09-25,https://data.rbi.org.in/BOE/OpenDocument/opendoc/custom.jsp?iDocID=ARfEgy.WNSVIvFfvSIVmBCw&sIDType=CUID,Website,https://fundongo.com/,https://fundongo.com/,,2223,0
SALARY SEWA,Self-owned,SAMRAAT FINLEASE (P) LTD.,2026-09-25,https://data.rbi.org.in/BOE/OpenDocument/opendoc/custom.jsp?iDocID=ARfEgy.WNSVIvFfvSIVmBCw&sIDType=CUID,Website,https://www.salarysewa.com/,https://www.salarysewa.com/,,2224,0
eazypaisa.com,SARAF CREDIT AND PORTFOLIO PRIVATE LIMITED,SARAF CREDIT & PORTFOLIO PVT. LTD.,2026-09-25,https://data.rbi.org.in/BOE/OpenDocument/opendoc/custom.jsp?iDocID=ARfEgy.WNSVIvFfvSIVmBCw&sIDType=CUID,Website,https://eazypaisa.com,https://eazypaisa.com,,2225,0
Sarvagram,Sarvagram Solutions Private Limited,SARVAGRAM FINCARE PRIVATE LIMITED,2026-09-25,https://data.rbi.org.in/BOE/OpenDocument/opendoc/custom.jsp?iDocID=ARfEgy.WNSVIvFfvSIVmBCw&sIDType=CUID,App Store,Not Yet Uploaded,Not Yet Uploaded,,2226,0
Two Minutes Loan,Fintech Cloud Private Limited,SARVOTTAM FINCAP LTD.,2026-09-25,https://data.rbi.org.in/BOE/OpenDocument/opendoc/custom.jsp?iDocID=ARfEgy.WNSVIvFfvSIVmBCw&sIDType=CUID,Website,https://twominutesloan.com/,https://twominutesloan.com/,,2227,0
Toofan Loan,Satisfaction Commercial Private Limited,SATISFACTION COMMERCIAL PVT LTD,2026-09-25,https://data.rbi.org.in/BOE/OpenDocument/opendoc/custom.jsp?iDocID=ARfEgy.WNSVIvFfvSIVmBCw&sIDType=CUID,Website,https://toofanloan.com/,https://toofanloan.com/,,2228,0
QUICKFILO,QUICKFILO,SATSAI FINLEASE PVT. LTD.,2026-09-25,https://data.rbi.org.in/BOE/OpenDocument/opendoc/custom.jsp?iDocID=ARfEgy.WNSVIvFfvSIVmBCw&sIDType=CUID,Website,https://quickfilo.com/,https://quickfilo.com/,,2229,0
Instaclaus,Instaclaus Fintech Private Limited,SATYA CAPITAL SERVICES PRIVATE LIMITED,2026-09-25,https://data.rbi.org.in/BOE/OpenDocument/opendoc/custom.jsp?iDocID=ARfEgy.WNSVIvFfvSIVmBCw&sIDType=CUID,Apple App Store,https://apps.apple.com/in/app/instaclaus/id6478954888,https://apps.apple.com/in/app/instaclaus/id6478954888,,2230,0
Instaclaus,Instaclaus Fintech Private Limited,SATYA CAPITAL SERVICES PRIVATE LIMITED,2026-09-25,https://data.rbi.org.in/BOE/OpenDocument/opendoc/custom.jsp?iDocID=ARfEgy.WNSVIvFfvSIVmBCw&sIDType=CUID,Google Play Store,https://play.google.com/store/apps/details?id=com.instaclaus.app,https://play.google.com/store/apps/details?id=com.instaclaus.app&hl=en_IN https://apps.apple.com/in/app/instaclaus/id6478954888,com.instaclaus.app,2231,0
DRONA,SATYA MICROCAPITAL LTD,SATYA MICROCAPITAL LIMITED,2026-09-25,https://data.rbi.org.in/BOE/OpenDocument/opendoc/custom.jsp?iDocID=ARfEgy.WNSVIvFfvSIVmBCw&sIDType=CUID,Play Store,https://play.google.com/store/apps/details?id=com.satyamicrocapital.app,play.google.com/store/apps/details?id=com.satyamicrocapital.app,com.satyamicrocapital.app,2232,0
Rocket Cash,Vistronex Private Limited,SAVANTIKA VANIJYA PVT. LTD.,2026-09-25,https://data.rbi.org.in/BOE/OpenDocument/opendoc/custom.jsp?iDocID=ARfEgy.WNSVIvFfvSIVmBCw&sIDType=CUID,Website,https://rocketcash.in,https://rocketcash.in,,2233,0
Paisaboxx?,Sawalsha Leasing & Finance Private Limited,SAWALSHA LEASING & FINANCE PVT. LTD.,2026-09-25,https://data.rbi.org.in/BOE/OpenDocument/opendoc/custom.jsp?iDocID=ARfEgy.WNSVIvFfvSIVmBCw&sIDType=CUID,Website,https://www.paisaboxx.com/,https://www.paisaboxx.com/,,2234,0
PayRupik,Sayyam Investments Private Limited,SAYYAM INVESTMENTS PVT. LTD.,2026-09-25,https://data.rbi.org.in/BOE/OpenDocument/opendoc/custom.jsp?iDocID=ARfEgy.WNSVIvFfvSIVmBCw&sIDType=CUID,Website and Playstore,https://play.google.com/store/apps/details?id=in.hanafintech,https://www.payrupikloan.in/ and  https://play.google.com/store/apps/details?id=in.hanafintech,in.hanafintech,2235,0
Cashone,Self-Owned,S.B.N. LEASING AND FINANCE LTD.,2026-09-25,https://data.rbi.org.in/BOE/OpenDocument/opendoc/custom.jsp?iDocID=ARfEgy.WNSVIvFfvSIVmBCw&sIDType=CUID,Play Store,https://play.google.com/store/apps/details?id=com.sbnnbfc.cashone,https://play.google.com/store/apps/details?id=com.sbnnbfc.cashone,com.sbnnbfc.cashone,2236,0
LoanArambh,MIRRAQUIX TECHNOLOGIES PRIVATE LIMITED,S.B.N. LEASING AND FINANCE LTD.,2026-09-25,https://data.rbi.org.in/BOE/OpenDocument/opendoc/custom.jsp?iDocID=ARfEgy.WNSVIvFfvSIVmBCw&sIDType=CUID,Play Store,https://play.google.com/store/apps/details?id=com.app.loanarambh.india.cash,https://play.google.com/store/apps/details?id=com.app.loanarambh.india.cash,com.app.loanarambh.india.cash,2237,0
LoanArambh,MIRRAQUIX TECHNOLOGIES PRIVATE LIMITED,S.B.N. LEASING AND FINANCE LTD.,2026-09-25,https://data.rbi.org.in/BOE/OpenDocument/opendoc/custom.jsp?iDocID=ARfEgy.WNSVIvFfvSIVmBCw&sIDType=CUID,Website,https://www.mirraquixte.com/LoanArambh/#/,https://www.mirraquixte.com/LoanArambh/#/,,2238,0
LoanBloomGo,KONSALA SUPER TECHNOLOGY PRIVATE LIMITED,S.B.N. LEASING AND FINANCE LTD.,2026-09-25,https://data.rbi.org.in/BOE/OpenDocument/opendoc/custom.jsp?iDocID=ARfEgy.WNSVIvFfvSIVmBCw&sIDType=CUID,Play Store,https://play.google.com/store/apps/details?id=com.konsala.app.loanbloomgo.tech,https://play.google.com/store/apps/details?id=com.konsala.app.loanbloomgo.tech,com.konsala.app.loanbloomgo.tech,2239,0
LoanBloomGo,KONSALA SUPER TECHNOLOGY PRIVATE LIMITED,S.B.N. LEASING AND FINANCE LTD.,2026-09-25,https://data.rbi.org.in/BOE/OpenDocument/opendoc/custom.jsp?iDocID=ARfEgy.WNSVIvFfvSIVmBCw&sIDType=CUID,Website,https://www.konsala.com,https://www.konsala.com,,2240,0
LoanJai,MIRRAQUIX TECHNOLOGIES PRIVATE LIMITED,S.B.N. LEASING AND FINANCE LTD.,2026-09-25,https://data.rbi.org.in/BOE/OpenDocument/opendoc/custom.jsp?iDocID=ARfEgy.WNSVIvFfvSIVmBCw&sIDType=CUID,Play Store,https://play.google.com/store/apps/details?id=com.app.loanjai.india.cash,https://play.google.com/store/apps/details?id=com.app.loanjai.india.cash,com.app.loanjai.india.cash,2241,0
LoanJai,MIRRAQUIX TECHNOLOGIES PRIVATE LIMITED,S.B.N. LEASING AND FINANCE LTD.,2026-09-25,https://data.rbi.org.in/BOE/OpenDocument/opendoc/custom.jsp?iDocID=ARfEgy.WNSVIvFfvSIVmBCw&sIDType=CUID,Website,https://www.mirraquixte.com,https://www.mirraquixte.com,,2242,0
Loan Peepal,GEEKES CONSULTANCY SERVICES PRIVATE LIMITED,S.B.N. LEASING AND FINANCE LTD.,2026-09-25,https://data.rbi.org.in/BOE/OpenDocument/opendoc/custom.jsp?iDocID=ARfEgy.WNSVIvFfvSIVmBCw&sIDType=CUID,Play Store,https://play.google.com/store/apps/details?id=com.peepal.finance,https://play.google.com/store/apps/details?id=com.peepal.finance,com.peepal.finance,2243,0
Loan Peepal,GEEKES CONSULTANCY SERVICES PRIVATE LIMITED,S.B.N. LEASING AND FINANCE LTD.,2026-09-25,https://data.rbi.org.in/BOE/OpenDocument/opendoc/custom.jsp?iDocID=ARfEgy.WNSVIvFfvSIVmBCw&sIDType=CUID,Website,https://www.geekesconsultancy.com/,https://www.geekesconsultancy.com/,,2244,0
LoanVanta,KONSALA SUPER TECHNOLOGY PRIVATE LIMITED,S.B.N. LEASING AND FINANCE LTD.,2026-09-25,https://data.rbi.org.in/BOE/OpenDocument/opendoc/custom.jsp?iDocID=ARfEgy.WNSVIvFfvSIVmBCw&sIDType=CUID,Play Store,https://play.google.com/store/apps/details?id=com.credit.konsala.loanvanta.loc.service,https://play.google.com/store/apps/details?id=com.credit.konsala.loanvanta.loc.service,com.credit.konsala.loanvanta.loc.service,2245,0
LoanVanta,KONSALA SUPER TECHNOLOGY PRIVATE LIMITED,S.B.N. LEASING AND FINANCE LTD.,2026-09-25,https://data.rbi.org.in/BOE/OpenDocument/opendoc/custom.jsp?iDocID=ARfEgy.WNSVIvFfvSIVmBCw&sIDType=CUID,Website,https://www.konsala.com,https://www.konsala.com,,2246,0
LoanVantaBoost,KONSALA SUPER TECHNOLOGY PRIVATE LIMITED,S.B.N. LEASING AND FINANCE LTD.,2026-09-25,https://data.rbi.org.in/BOE/OpenDocument/opendoc/custom.jsp?iDocID=ARfEgy.WNSVIvFfvSIVmBCw&sIDType=CUID,Play Store,https://play.google.com/store/apps/details?id=com.loc.konsala.loanvantaboost.lending.app,https://play.google.com/store/apps/details?id=com.loc.konsala.loanvantaboost.lending.app,com.loc.konsala.loanvantaboost.lending.app,2247,0
NaviraLoan,THUNIL SUPER TECHNOLOGY PRIVATE LIMITED,S.B.N. LEASING AND FINANCE LTD.,2026-09-25,https://data.rbi.org.in/BOE/OpenDocument/opendoc/custom.jsp?iDocID=ARfEgy.WNSVIvFfvSIVmBCw&sIDType=CUID,Play Store,https://play.google.com/store/apps/details?id=com.naviraloan.thunil.super,https://play.google.com/store/apps/details?id=com.naviraloan.thunil.super,com.naviraloan.thunil.super,2248,0
NaviraLoan,THUNIL SUPER TECHNOLOGY PRIVATE LIMITED,S.B.N. LEASING AND FINANCE LTD.,2026-09-25,https://data.rbi.org.in/BOE/OpenDocument/opendoc/custom.jsp?iDocID=ARfEgy.WNSVIvFfvSIVmBCw&sIDType=CUID,Website,https://www.thunilsupertech.com,https://www.thunilsupertech.com,,2249,0
PayMe,Huey Tech Limited (formerly known as Huey Tech Private Limited),SCALEUP FINANCIAL SERVICES PRIVATE LIMITED (EARLIER KNOWN AS PAYME INDIA FINANCIAL SERVICES PRIVATE LIMITED),2026-09-25,https://data.rbi.org.in/BOE/OpenDocument/opendoc/custom.jsp?iDocID=ARfEgy.WNSVIvFfvSIVmBCw&sIDType=CUID,"Website, IOS and Googple Play Store",https://play.google.com/store/apps/details?id=io.attabot.app.paymeindia,https://www.paymeindia.in/      :  For IOS: https://apps.apple.com/in/app/payme-personal-loan-app/id1282142711                         :        For Android: https://play.google.com/store/apps/details?id=io.attabot.app.paymeindia&pcampaignid=web_share,io.attabot.app.paymeindia,2250,0
Bharat Khata,GREENIZON AGRITECH CONSULTANCY PRIVATE LIMITED,SCIL CAPITAL INDIA PRIVATE LIMITED,2026-09-25,https://data.rbi.org.in/BOE/OpenDocument/opendoc/custom.jsp?iDocID=ARfEgy.WNSVIvFfvSIVmBCw&sIDType=CUID,Google Play Store,https://play.google.com/store/apps/details?id=com.bharatkhata.erp,https://play.google.com/store/apps/details?id=com.bharatkhata.erp&hl=en_IN,com.bharatkhata.erp,2251,0
Jai Kisan Farmer,GREENIZON AGRITECH CONSULTANCY PRIVATE LIMITED,SCIL CAPITAL INDIA PRIVATE LIMITED,2026-09-25,https://data.rbi.org.in/BOE/OpenDocument/opendoc/custom.jsp?iDocID=ARfEgy.WNSVIvFfvSIVmBCw&sIDType=CUID,Google Play Store,https://play.google.com/store/apps/details?id=com.jaikisan.farmer,https://play.google.com/store/apps/details?id=com.jaikisan.farmer&hl=en_IN,com.jaikisan.farmer,2252,0
Securis Finance Private Limited,Self Owned,SECURIS FINANCE PRIVATE LIMITED,2026-09-25,https://data.rbi.org.in/BOE/OpenDocument/opendoc/custom.jsp?iDocID=ARfEgy.WNSVIvFfvSIVmBCw&sIDType=CUID,Google Play Store,https://play.google.com/store/apps/details?id=in.securis.app,https://play.google.com/store/apps/details?id=in.securis.app,in.securis.app,2253,0
Securis Finance Private Limited,Self Owned,SECURIS FINANCE PRIVATE LIMITED,2026-09-25,https://data.rbi.org.in/BOE/OpenDocument/opendoc/custom.jsp?iDocID=ARfEgy.WNSVIvFfvSIVmBCw&sIDType=CUID,Website,https://securis.in/,https://securis.in/,,2254,0
PaisaNext,SEVEN ELEVEN LEASING AND FINANCE LIMITED,SEVEN ELEVEN LEASING & FINANCE LTD.,2026-09-25,https://data.rbi.org.in/BOE/OpenDocument/opendoc/custom.jsp?iDocID=ARfEgy.WNSVIvFfvSIVmBCw&sIDType=CUID,Website,https://paisanext.com/,https://paisanext.com/,,2255,0
BharatPe for Business,BharatPe Money (Resilient Digi Services Private Limited),SG FINSERVE LIMITED (PREVIOUSLY MOONGIPA SECURITIES LIMITED),2026-09-25,https://data.rbi.org.in/BOE/OpenDocument/opendoc/custom.jsp?iDocID=ARfEgy.WNSVIvFfvSIVmBCw&sIDType=CUID,"Google Play Store, Apple App Store",https://bharatpemoney.com/lending-partners.html,https://bharatpemoney.com/lending-partners.html,,2256,0
PennyDrop,Self-owned,SHANKAR FININVEST (P) LTD.,2026-09-25,https://data.rbi.org.in/BOE/OpenDocument/opendoc/custom.jsp?iDocID=ARfEgy.WNSVIvFfvSIVmBCw&sIDType=CUID,Website,https://www.pennydrop.in,www.pennydrop.in,,2257,0
mshiFFt,Shivalik Small Finance Bank,SHIVALIK SMALL FINANCE BANK LIMITED,2026-09-25,https://data.rbi.org.in/BOE/OpenDocument/opendoc/custom.jsp?iDocID=ARfEgy.WNSVIvFfvSIVmBCw&sIDType=CUID,Android – Playstore,Android: mshiFFt - Apps on Google Play,Android: mshiFFt - Apps on Google Play,,2258,0
mshiFFt,Shivalik Small Finance Bank,SHIVALIK SMALL FINANCE BANK LIMITED,2026-09-25,https://data.rbi.org.in/BOE/OpenDocument/opendoc/custom.jsp?iDocID=ARfEgy.WNSVIvFfvSIVmBCw&sIDType=CUID,iOS – Apple App Store,iOS: ‎mshiFFt App - App Store,iOS: ‎mshiFFt App - App Store,,2259,0
Klinq,Self-owned,SHIVDURGA TRADING (P) LTD,2026-09-25,https://data.rbi.org.in/BOE/OpenDocument/opendoc/custom.jsp?iDocID=ARfEgy.WNSVIvFfvSIVmBCw&sIDType=CUID,Website,https://loan.myklinq.com/,https://loan.myklinq.com/,,2260,0
SalaryBolt,Self owned by RE i.e. Shivji Finance and Investments Private Limited,SHIVJI FINANCE AND INVESTMENTS (P) LTD.,2026-09-25,https://data.rbi.org.in/BOE/OpenDocument/opendoc/custom.jsp?iDocID=ARfEgy.WNSVIvFfvSIVmBCw&sIDType=CUID,Website i.e. https://salarybolt.com/,https://salarybolt.com/,https://salarybolt.com/,,2261,0
SHREE GAJANAN UCBL BYADGI,SHREE GAJANAN URBAN CO OP BANK LTD BYADGI,SHREE GAJANAN URBAN CO-OP.BANK LTD.,2026-09-25,https://data.rbi.org.in/BOE/OpenDocument/opendoc/custom.jsp?iDocID=ARfEgy.WNSVIvFfvSIVmBCw&sIDType=CUID,GOOGLE PLAY STORE,https://play.google.com/store/apps/details?id=com.banksoft.client.gajananabyadgibank,https://play.google.com/store/apps/details?id=com.banksoft.client.gajananabyadgibank,com.banksoft.client.gajananabyadgibank,2262,0
DhanLAP,DhanLAP,SHRIRAM CREDIT COMPANY LIMITED,2026-09-25,https://data.rbi.org.in/BOE/OpenDocument/opendoc/custom.jsp?iDocID=ARfEgy.WNSVIvFfvSIVmBCw&sIDType=CUID,Website,http://dhanlao.com/,http://dhanlao.com/,,2263,0
CreditFIT App,Creditmantri Finserve Private Limited,SHRIRAM FINANCE LIMITED (FORMERLY SHRIRAM TRANSPORT FINANCE COMPANY LIMITED),2026-09-25,https://data.rbi.org.in/BOE/OpenDocument/opendoc/custom.jsp?iDocID=ARfEgy.WNSVIvFfvSIVmBCw&sIDType=CUID,Google Play Store,https://play.google.com/store/apps/details?id=com.creditmantri,Android:https://play.google.com/store/apps/details?id=com.creditmantri,com.creditmantri,2264,0
Creditmantri Website,Creditmantri Finserve Private Limited,SHRIRAM FINANCE LIMITED (FORMERLY SHRIRAM TRANSPORT FINANCE COMPANY LIMITED),2026-09-25,https://data.rbi.org.in/BOE/OpenDocument/opendoc/custom.jsp?iDocID=ARfEgy.WNSVIvFfvSIVmBCw&sIDType=CUID,Website,https://www.creditmantri.com,www.creditmantri.com,,2265,0
Digital Lending pages of Phonepe Lending on PhonePe Business: Merchant App,PhonePe Lending Services Private Limited,SHRIRAM FINANCE LIMITED (FORMERLY SHRIRAM TRANSPORT FINANCE COMPANY LIMITED),2026-09-25,https://data.rbi.org.in/BOE/OpenDocument/opendoc/custom.jsp?iDocID=ARfEgy.WNSVIvFfvSIVmBCw&sIDType=CUID,"Google Play Store, Apple App Store, Indus App Store",https://play.google.com/store/apps/details?id=com.phonepe.app.businessIOS,PhonePe Business: Merchant AppAndroid:https://play.google.com/store/apps/details?id=com.phonepe.app.businessIOS:https://apps.apple.com/in/app/phonepe-business-merchant-app/id1463742453Indus App store:https://cas5-0-urlprotect.trendmicro.com:443/wis/clicktime/v1/query?url=https%3a%2f%2fwww.indusappstore.com%2fapps%2ffinance%2fphonepe%2dbusiness%2fcom.phonepe.app.business%3fpage%3ddetails%26id%3dcom.phonepe.app.business&umid=37992c14-010b-4b9c-8cd6-626374c676d1&rct=1780315525&auth=fc9326c43f806f6dfd399b19f34003f46b8eabfc-cc68376af53fdb09c1461ace490112d3be5a60d6,com.phonepe.app.businessIOS,2266,0
Paytm,One97 Communications Limited,SHRIRAM FINANCE LIMITED (FORMERLY SHRIRAM TRANSPORT FINANCE COMPANY LIMITED),2026-09-25,https://data.rbi.org.in/BOE/OpenDocument/opendoc/custom.jsp?iDocID=ARfEgy.WNSVIvFfvSIVmBCw&sIDType=CUID,"Google Play store, Apple app store",https://play.google.com/store/apps/details?id=com.paytm.businessPaytm,Paytm for Business App:https://apps.apple.com/in/app/paytm-for-business/id1351301966https://play.google.com/store/apps/details?id=com.paytm.businessPaytm:Store:?https://play.google.com/store/apps/details?id=net.one97.paytmhttps://apps.apple.com/in/app/paytm/id473941634,com.paytm.businessPaytm,2267,0
PhonePe - Lending Website,PhonePe Lending Services Private Limited,SHRIRAM FINANCE LIMITED (FORMERLY SHRIRAM TRANSPORT FINANCE COMPANY LIMITED),2026-09-25,https://data.rbi.org.in/BOE/OpenDocument/opendoc/custom.jsp?iDocID=ARfEgy.WNSVIvFfvSIVmBCw&sIDType=CUID,Website,https://www.phonepe.com/lending/,https://www.phonepe.com/lending/,,2268,0
Shriram Finance Limited Website,Shriram Finance Limited,SHRIRAM FINANCE LIMITED (FORMERLY SHRIRAM TRANSPORT FINANCE COMPANY LIMITED),2026-09-25,https://data.rbi.org.in/BOE/OpenDocument/opendoc/custom.jsp?iDocID=ARfEgy.WNSVIvFfvSIVmBCw&sIDType=CUID,Website,https://www.shriramfinance.in,https://www.shriramfinance.in,,2269,0
Shriram One App,Shriram Finance Limited,SHRIRAM FINANCE LIMITED (FORMERLY SHRIRAM TRANSPORT FINANCE COMPANY LIMITED),2026-09-25,https://data.rbi.org.in/BOE/OpenDocument/opendoc/custom.jsp?iDocID=ARfEgy.WNSVIvFfvSIVmBCw&sIDType=CUID,"Google Play store, Apple app store",https://play.google.com/store/apps/details?id=com.shriram.oneIOS,Android:https://play.google.com/store/apps/details?id=com.shriram.oneIOS: https://apps.apple.com/in/app/shriram-one-fd-upi-loans/id6446923754,com.shriram.oneIOS,2270,0
Kissht,OnEMI Technology Solutions Limited,SI CREVA CAPITAL SERVICES PRIVATE LIMITED,2026-09-25,https://data.rbi.org.in/BOE/OpenDocument/opendoc/custom.jsp?iDocID=ARfEgy.WNSVIvFfvSIVmBCw&sIDType=CUID,PlayStore,https://play.google.com/store/apps/details?id=com.fastbanking,https://play.google.com/store/apps/details?id=com.fastbanking&hl=en,com.fastbanking,2271,0
Kissht IOS,OnEMI Technology Solutions Limited,SI CREVA CAPITAL SERVICES PRIVATE LIMITED,2026-09-25,https://data.rbi.org.in/BOE/OpenDocument/opendoc/custom.jsp?iDocID=ARfEgy.WNSVIvFfvSIVmBCw&sIDType=CUID,App store,https://apps.apple.com/in/app/kissht-personal-loan-app/id6752766331,https://apps.apple.com/in/app/kissht-personal-loan-app/id6752766331,,2272,0
Ring,OnEMI Technology Solutions Limited,SI CREVA CAPITAL SERVICES PRIVATE LIMITED,2026-09-25,https://data.rbi.org.in/BOE/OpenDocument/opendoc/custom.jsp?iDocID=ARfEgy.WNSVIvFfvSIVmBCw&sIDType=CUID,PlayStore,https://play.google.com/store/apps/details?id=com.ideopay.user,https://play.google.com/store/apps/details?id=com.ideopay.user,com.ideopay.user,2273,0
ABCD,Aditya Birla Capital Digital Limited.,SI CREVA CAPITAL SERVICES PRIVATE LIMITED,2026-09-25,https://data.rbi.org.in/BOE/OpenDocument/opendoc/custom.jsp?iDocID=ARfEgy.WNSVIvFfvSIVmBCw&sIDType=CUID,WebSite,https://www.adityabirlacapital.com/loans/personal-finance/personal-loan,https://www.adityabirlacapital.com/loans/personal-finance/personal-loan,,2274,0
Bajaj Markets,Bajaj Finserv Direct Ltd.,SI CREVA CAPITAL SERVICES PRIVATE LIMITED,2026-09-25,https://data.rbi.org.in/BOE/OpenDocument/opendoc/custom.jsp?iDocID=ARfEgy.WNSVIvFfvSIVmBCw&sIDType=CUID,Appstore,‎Bajaj Markets: Loan & Finance App - App Store,‎Bajaj Markets: Loan & Finance App - App Store,,2275,0
Bajaj Markets,Bajaj Finserv Direct Ltd.,SI CREVA CAPITAL SERVICES PRIVATE LIMITED,2026-09-25,https://data.rbi.org.in/BOE/OpenDocument/opendoc/custom.jsp?iDocID=ARfEgy.WNSVIvFfvSIVmBCw&sIDType=CUID,PlayStore,Bajaj Markets: Loan & Finance - Apps on Google Play,Bajaj Markets: Loan & Finance - Apps on Google Play,,2276,0
Bajaj Markets,Bajaj Finserv Direct Ltd.,SI CREVA CAPITAL SERVICES PRIVATE LIMITED,2026-09-25,https://data.rbi.org.in/BOE/OpenDocument/opendoc/custom.jsp?iDocID=ARfEgy.WNSVIvFfvSIVmBCw&sIDType=CUID,Website,"Bajaj Markets | Loans, Cards, CIBIL Score & Financial Products","Bajaj Markets | Loans, Cards, CIBIL Score & Financial Products",,2277,0
Indialends,GC Web Ventures Private Limited,SI CREVA CAPITAL SERVICES PRIVATE LIMITED,2026-09-25,https://data.rbi.org.in/BOE/OpenDocument/opendoc/custom.jsp?iDocID=ARfEgy.WNSVIvFfvSIVmBCw&sIDType=CUID,WebSite,https://indialends.com/,https://indialends.com/,,2278,0
Mint Money,HT Digital Streams Limited,SI CREVA CAPITAL SERVICES PRIVATE LIMITED,2026-09-25,https://data.rbi.org.in/BOE/OpenDocument/opendoc/custom.jsp?iDocID=ARfEgy.WNSVIvFfvSIVmBCw&sIDType=CUID,Appstore,https://apps.apple.com/in/app/mint-money-credit-score-loans/id6751579585,https://apps.apple.com/in/app/mint-money-credit-score-loans/id6751579585,,2279,0
Mint Money,HT Digital Streams Limited,SI CREVA CAPITAL SERVICES PRIVATE LIMITED,2026-09-25,https://data.rbi.org.in/BOE/OpenDocument/opendoc/custom.jsp?iDocID=ARfEgy.WNSVIvFfvSIVmBCw&sIDType=CUID,PlayStore,https://play.google.com/store/apps/details?id=com.htmintmoney,https://play.google.com/store/apps/details?id=com.htmintmoney&hl=en_IN?,com.htmintmoney,2280,0
Mint Money,HT Digital Streams Limited,SI CREVA CAPITAL SERVICES PRIVATE LIMITED,2026-09-25,https://data.rbi.org.in/BOE/OpenDocument/opendoc/custom.jsp?iDocID=ARfEgy.WNSVIvFfvSIVmBCw&sIDType=CUID,WebSite,https://www.livemintmoney.com/money/loan/personal-loan?cta_position=L1,https://www.livemintmoney.com/money/loan/personal-loan?cta_position=L1,,2281,0
Paisa Bazaar,PaisaBazaar Marketing and Consulting Private Limited,SI CREVA CAPITAL SERVICES PRIVATE LIMITED,2026-09-25,https://data.rbi.org.in/BOE/OpenDocument/opendoc/custom.jsp?iDocID=ARfEgy.WNSVIvFfvSIVmBCw&sIDType=CUID,WebSite,https://www.paisabazaar.com/,https://www.paisabazaar.com/,,2282,0
Paytm Merchant app,One97 Communications Limited,SI CREVA CAPITAL SERVICES PRIVATE LIMITED,2026-09-25,https://data.rbi.org.in/BOE/OpenDocument/opendoc/custom.jsp?iDocID=ARfEgy.WNSVIvFfvSIVmBCw&sIDType=CUID,Appstore,https://apps.apple.com/in/app/paytm-for-business/id1351301966,https://apps.apple.com/in/app/paytm-for-business/id1351301966,,2283,0
Paytm Merchant app,One97 Communications Limited,SI CREVA CAPITAL SERVICES PRIVATE LIMITED,2026-09-25,https://data.rbi.org.in/BOE/OpenDocument/opendoc/custom.jsp?iDocID=ARfEgy.WNSVIvFfvSIVmBCw&sIDType=CUID,PlayStore,https://play.google.com/store/apps/details?id=com.paytm.business,https://play.google.com/store/apps/details?id=com.paytm.business&hl=en_IN,com.paytm.business,2284,0
Prefr,Dreamplug Technologies pvt.ltd,SI CREVA CAPITAL SERVICES PRIVATE LIMITED,2026-09-25,https://data.rbi.org.in/BOE/OpenDocument/opendoc/custom.jsp?iDocID=ARfEgy.WNSVIvFfvSIVmBCw&sIDType=CUID,Appstore,https://apps.apple.com/in/app/prefr-instant-personal-loan/id6758143425,https://apps.apple.com/in/app/prefr-instant-personal-loan/id6758143425,,2285,0
Prefr,Dreamplug Technologies pvt.ltd,SI CREVA CAPITAL SERVICES PRIVATE LIMITED,2026-09-25,https://data.rbi.org.in/BOE/OpenDocument/opendoc/custom.jsp?iDocID=ARfEgy.WNSVIvFfvSIVmBCw&sIDType=CUID,PlayStore,https://play.google.com/store/search?q=Prefr&c=apps&hl=en&pli=1,https://play.google.com/store/search?q=Prefr&c=apps&hl=en&pli=1,,2286,0
Prefr,Dreamplug Technologies pvt.ltd,SI CREVA CAPITAL SERVICES PRIVATE LIMITED,2026-09-25,https://data.rbi.org.in/BOE/OpenDocument/opendoc/custom.jsp?iDocID=ARfEgy.WNSVIvFfvSIVmBCw&sIDType=CUID,Website,https://prefr.com/,https://prefr.com/,,2287,0
SuperMoney,Scapic Innovations Private Limited,SI CREVA CAPITAL SERVICES PRIVATE LIMITED,2026-09-25,https://data.rbi.org.in/BOE/OpenDocument/opendoc/custom.jsp?iDocID=ARfEgy.WNSVIvFfvSIVmBCw&sIDType=CUID,AppStore,https://apps.apple.com/in/app/super-money/id6502597504,https://apps.apple.com/in/app/super-money/id6502597504,,2288,0
SuperMoney,Scapic Innovations Private Limited,SI CREVA CAPITAL SERVICES PRIVATE LIMITED,2026-09-25,https://data.rbi.org.in/BOE/OpenDocument/opendoc/custom.jsp?iDocID=ARfEgy.WNSVIvFfvSIVmBCw&sIDType=CUID,PlayStore,https://play.google.com/store/apps/details?id=money.super.payments,https://play.google.com/store/apps/details?id=money.super.payments&hl=en_IN,money.super.payments,2289,0
SuperMoney,Scapic Innovations Private Limited,SI CREVA CAPITAL SERVICES PRIVATE LIMITED,2026-09-25,https://data.rbi.org.in/BOE/OpenDocument/opendoc/custom.jsp?iDocID=ARfEgy.WNSVIvFfvSIVmBCw&sIDType=CUID,Website and Msite,https://www.flipkart.com/account/login?ret=https%3A%2F%2Fwww.flipkart.com%2Fsumo-3p%2Fpl%2Fpages%2Fjourney%3Futm_source%3DWhatsapp%26utm_campaign%3Dml_abnd%26redirected%3Dtrue,https://www.flipkart.com/account/login?ret=https%3A%2F%2Fwww.flipkart.com%2Fsumo-3p%2Fpl%2Fpages%2Fjourney%3Futm_source%3DWhatsapp%26utm_campaign%3Dml_abnd%26redirected%3Dtrue,,2290,0
Tata Neu,Tata Digital Private Limited,SI CREVA CAPITAL SERVICES PRIVATE LIMITED,2026-09-25,https://data.rbi.org.in/BOE/OpenDocument/opendoc/custom.jsp?iDocID=ARfEgy.WNSVIvFfvSIVmBCw&sIDType=CUID,AppStore,https://apps.apple.com/in/app/tata-neu-shop-travel-finance/id1584669293,https://apps.apple.com/in/app/tata-neu-shop-travel-finance/id1584669293,,2291,0
Tata Neu,Tata Digital Private Limited,SI CREVA CAPITAL SERVICES PRIVATE LIMITED,2026-09-25,https://data.rbi.org.in/BOE/OpenDocument/opendoc/custom.jsp?iDocID=ARfEgy.WNSVIvFfvSIVmBCw&sIDType=CUID,PlayStore,https://play.google.com/store/search?q=tata+neu&c=apps&hl=en_IN,https://play.google.com/store/search?q=tata+neu&c=apps&hl=en_IN,,2292,0
Tata Neu,Tata Digital Private Limited,SI CREVA CAPITAL SERVICES PRIVATE LIMITED,2026-09-25,https://data.rbi.org.in/BOE/OpenDocument/opendoc/custom.jsp?iDocID=ARfEgy.WNSVIvFfvSIVmBCw&sIDType=CUID,WebSite,https://www.tataneu.com,https://www.tataneu.com,,2293,0
PaapaPay,Tempora Mutantur Private Limited,SIDDHI TRADERS (P) LTD,2026-09-25,https://data.rbi.org.in/BOE/OpenDocument/opendoc/custom.jsp?iDocID=ARfEgy.WNSVIvFfvSIVmBCw&sIDType=CUID,Website,https://paapapay.in,https://paapapay.in,,2294,0
Chabot  Solution,Self Owned,S K FINANCE LTD. (OLD NAME ESS KAY FINCORP  LTD),2026-09-25,https://data.rbi.org.in/BOE/OpenDocument/opendoc/custom.jsp?iDocID=ARfEgy.WNSVIvFfvSIVmBCw&sIDType=CUID,Website,https://www.skfin.in/,https://www.skfin.in/,,2295,0
DigiIndialoan,Skyrise Credit and Marketing Limited,SKYRISE CREDIT & MARKETING LIMITED,2026-09-25,https://data.rbi.org.in/BOE/OpenDocument/opendoc/custom.jsp?iDocID=ARfEgy.WNSVIvFfvSIVmBCw&sIDType=CUID,Website,https://digiindialoan.com/,https://digiindialoan.com/,,2296,0
Quickcashindia,Skyrise Credit and Marketing Limited,SKYRISE CREDIT & MARKETING LIMITED,2026-09-25,https://data.rbi.org.in/BOE/OpenDocument/opendoc/custom.jsp?iDocID=ARfEgy.WNSVIvFfvSIVmBCw&sIDType=CUID,Website,https://quickcashindia.com/,https://quickcashindia.com/,,2297,0
RupeyLoans,Skyrise Credit and Marketing Limited,SKYRISE CREDIT & MARKETING LIMITED,2026-09-25,https://data.rbi.org.in/BOE/OpenDocument/opendoc/custom.jsp?iDocID=ARfEgy.WNSVIvFfvSIVmBCw&sIDType=CUID,Website,https://www.rupeyloans.com/,https://www.rupeyloans.com/,,2298,0
slice,slice small finance bank,SLICE SMALL FINANCE BANK LIMITED,2026-09-25,https://data.rbi.org.in/BOE/OpenDocument/opendoc/custom.jsp?iDocID=ARfEgy.WNSVIvFfvSIVmBCw&sIDType=CUID,"Google Play, App store (iOS)",https://play.google.com/store/apps/details?id=indwin.c3.shareapp,https://play.google.com/store/apps/details?id=indwin.c3.shareapp&hl=en,indwin.c3.shareapp,2299,0
slice business,slice small finance bank,SLICE SMALL FINANCE BANK LIMITED,2026-09-25,https://data.rbi.org.in/BOE/OpenDocument/opendoc/custom.jsp?iDocID=ARfEgy.WNSVIvFfvSIVmBCw&sIDType=CUID,Google Play,https://play.google.com/store/apps/details?id=com.slice.nesfb.merchant,https://play.google.com/store/apps/details?id=com.slice.nesfb.merchant,com.slice.nesfb.merchant,2300,0
Angel One's Super App,Angel One,SMFG INDIA CREDIT COMPANY LIMITED,2026-09-25,https://data.rbi.org.in/BOE/OpenDocument/opendoc/custom.jsp?iDocID=ARfEgy.WNSVIvFfvSIVmBCw&sIDType=CUID,Apple's app store,https://apps.apple.com/in/app/angel-one-stocks-mutual-fund/id1060530981,https://apps.apple.com/in/app/angel-one-stocks-mutual-fund/id1060530981,,2301,0
Angel One's Super App,Angel One,SMFG INDIA CREDIT COMPANY LIMITED,2026-09-25,https://data.rbi.org.in/BOE/OpenDocument/opendoc/custom.jsp?iDocID=ARfEgy.WNSVIvFfvSIVmBCw&sIDType=CUID,Google Play Store,https://play.google.com/store/apps/details?id=com.msf.angelmobile,https://play.google.com/store/apps/details?id=com.msf.angelmobile&hl=en,com.msf.angelmobile,2302,0
BharatPe for Business,Resilient Digi Services Private Limited,SMFG INDIA CREDIT COMPANY LIMITED,2026-09-25,https://data.rbi.org.in/BOE/OpenDocument/opendoc/custom.jsp?iDocID=ARfEgy.WNSVIvFfvSIVmBCw&sIDType=CUID,Apple's app store,https://apps.apple.com/in/app/bharatpe-for-business/id1329385873,https://apps.apple.com/in/app/bharatpe-for-business/id1329385873,,2303,0
BharatPe for Business,Resilient Digi Services Private Limited,SMFG INDIA CREDIT COMPANY LIMITED,2026-09-25,https://data.rbi.org.in/BOE/OpenDocument/opendoc/custom.jsp?iDocID=ARfEgy.WNSVIvFfvSIVmBCw&sIDType=CUID,Google Play Store,https://play.google.com/store/apps/details?id=com.bharatpe.app,https://play.google.com/store/apps/details?id=com.bharatpe.app&hl=en_IN&pli=1,com.bharatpe.app,2304,0
Digital lending pages of PhonePe Lending on PhonePe Business: Merchant App,PhonePe Lending Services Private Limited,SMFG INDIA CREDIT COMPANY LIMITED,2026-09-25,https://data.rbi.org.in/BOE/OpenDocument/opendoc/custom.jsp?iDocID=ARfEgy.WNSVIvFfvSIVmBCw&sIDType=CUID,Apple's app store,https://apps.apple.com/in/app/phonepe-business-merchant-app/id1463742453,https://apps.apple.com/in/app/phonepe-business-merchant-app/id1463742453,,2305,0
Digital lending pages of PhonePe Lending on PhonePe Business: Merchant App,PhonePe Lending Services Private Limited,SMFG INDIA CREDIT COMPANY LIMITED,2026-09-25,https://data.rbi.org.in/BOE/OpenDocument/opendoc/custom.jsp?iDocID=ARfEgy.WNSVIvFfvSIVmBCw&sIDType=CUID,Google Play Store,https://play.google.com/store/apps/details?id=com.phonepe.app.business,https://play.google.com/store/apps/details?id=com.phonepe.app.business&hl=en_IN,com.phonepe.app.business,2306,0
Digital lending pages of PhonePe Lending on PhonePe Business: Merchant App,PhonePe Lending Services Private Limited,SMFG INDIA CREDIT COMPANY LIMITED,2026-09-25,https://data.rbi.org.in/BOE/OpenDocument/opendoc/custom.jsp?iDocID=ARfEgy.WNSVIvFfvSIVmBCw&sIDType=CUID,Indus App Store,https://play.google.com/store/apps/details?id=com.phonepe.app.business,https://www.indusappstore.com/apps/finance/phonepe-business/com.phonepe.app.business?page=details&id=com.phonepe.app.business,com.phonepe.app.business,2307,0
Freo,MWYN Tech Private Limited,SMFG INDIA CREDIT COMPANY LIMITED,2026-09-25,https://data.rbi.org.in/BOE/OpenDocument/opendoc/custom.jsp?iDocID=ARfEgy.WNSVIvFfvSIVmBCw&sIDType=CUID,Apple's app store,https://apps.apple.com/in/app/moneytap-is-now-freo-credit/id1374771286,https://apps.apple.com/in/app/moneytap-is-now-freo-credit/id1374771286,,2308,0
Freo,MWYN Tech Private Limited,SMFG INDIA CREDIT COMPANY LIMITED,2026-09-25,https://data.rbi.org.in/BOE/OpenDocument/opendoc/custom.jsp?iDocID=ARfEgy.WNSVIvFfvSIVmBCw&sIDType=CUID,Google Play Store,https://play.google.com/store/apps/details?id=com.mycash.moneytap.app,https://play.google.com/store/apps/details?id=com.mycash.moneytap.app,com.mycash.moneytap.app,2309,0
Freo,MWYN Tech Private Limited,SMFG INDIA CREDIT COMPANY LIMITED,2026-09-25,https://data.rbi.org.in/BOE/OpenDocument/opendoc/custom.jsp?iDocID=ARfEgy.WNSVIvFfvSIVmBCw&sIDType=CUID,Indus App Store,https://play.google.com/store/apps/details?id=com.mycash.moneytap.app,https://www.indusappstore.com/apps/finance/moneytap/com.mycash.moneytap.app/?page=details&id=com.mycash.moneytap.app,com.mycash.moneytap.app,2310,0
Freo,MWYN Tech Private Limited,SMFG INDIA CREDIT COMPANY LIMITED,2026-09-25,https://data.rbi.org.in/BOE/OpenDocument/opendoc/custom.jsp?iDocID=ARfEgy.WNSVIvFfvSIVmBCw&sIDType=CUID,Oppo App Store,oaps://mk/dt?pkg=com.mycash.moneytap.app&style=1,oaps://mk/dt?pkg=com.mycash.moneytap.app&style=1,,2311,0
Freo,MWYN Tech Private Limited,SMFG INDIA CREDIT COMPANY LIMITED,2026-09-25,https://data.rbi.org.in/BOE/OpenDocument/opendoc/custom.jsp?iDocID=ARfEgy.WNSVIvFfvSIVmBCw&sIDType=CUID,Vivo Market,https://play.google.com/store/apps/details?id=com.mycash.moneytap.app,vivomarket://details?id=com.mycash.moneytap.app,com.mycash.moneytap.app,2312,0
Freo,MWYN Tech Private Limited,SMFG INDIA CREDIT COMPANY LIMITED,2026-09-25,https://data.rbi.org.in/BOE/OpenDocument/opendoc/custom.jsp?iDocID=ARfEgy.WNSVIvFfvSIVmBCw&sIDType=CUID,Website,https://www.moneytap.com,www.moneytap.com,,2313,0
"Google Pay: Save, Pay, Manage",Google India Digital Services Private Limited,SMFG INDIA CREDIT COMPANY LIMITED,2026-09-25,https://data.rbi.org.in/BOE/OpenDocument/opendoc/custom.jsp?iDocID=ARfEgy.WNSVIvFfvSIVmBCw&sIDType=CUID,Apple's app store,https://apps.apple.com/in/app/google-pay-save-pay-manage/id1193357041,https://apps.apple.com/in/app/google-pay-save-pay-manage/id1193357041,,2314,0
Google Pay: Secure UPI payment,Google India Digital Services Private Limited,SMFG INDIA CREDIT COMPANY LIMITED,2026-09-25,https://data.rbi.org.in/BOE/OpenDocument/opendoc/custom.jsp?iDocID=ARfEgy.WNSVIvFfvSIVmBCw&sIDType=CUID,Google Play store,https://play.google.com/store/apps/details?id=com.google.android.apps.nbu.paisa.user,https://play.google.com/store/apps/details?id=com.google.android.apps.nbu.paisa.user,com.google.android.apps.nbu.paisa.user,2315,0
"INDmoney: Stocks, Mutual Funds",Finzoomers Services Private Limited,SMFG INDIA CREDIT COMPANY LIMITED,2026-09-25,https://data.rbi.org.in/BOE/OpenDocument/opendoc/custom.jsp?iDocID=ARfEgy.WNSVIvFfvSIVmBCw&sIDType=CUID,Apple's app store,https://apps.apple.com/in/app/indmoney-stocks-mutual-funds/id1450178837,https://apps.apple.com/in/app/indmoney-stocks-mutual-funds/id1450178837,,2316,0
"INDmoney: Stocks, Mutual Funds",Finzoomers Services Private Limited,SMFG INDIA CREDIT COMPANY LIMITED,2026-09-25,https://data.rbi.org.in/BOE/OpenDocument/opendoc/custom.jsp?iDocID=ARfEgy.WNSVIvFfvSIVmBCw&sIDType=CUID,Google Play store,https://play.google.com/store/search?q=indmoney&c=apps&hl=en_IN,https://play.google.com/store/search?q=indmoney&c=apps&hl=en_IN,,2317,0
Instant Approval Personal Loan,GC Web Ventures Pvt Ltd,SMFG INDIA CREDIT COMPANY LIMITED,2026-09-25,https://data.rbi.org.in/BOE/OpenDocument/opendoc/custom.jsp?iDocID=ARfEgy.WNSVIvFfvSIVmBCw&sIDType=CUID,Apple's app store,https://apps.apple.com/in/app/indialends-instant-loan-app/id1163514601,https://apps.apple.com/in/app/indialends-instant-loan-app/id1163514601,,2318,0
Instant Approval Personal Loan,GC Web Ventures Pvt Ltd,SMFG INDIA CREDIT COMPANY LIMITED,2026-09-25,https://data.rbi.org.in/BOE/OpenDocument/opendoc/custom.jsp?iDocID=ARfEgy.WNSVIvFfvSIVmBCw&sIDType=CUID,Google Play Store,https://play.google.com/store/search?q=INDIALENDS&c=apps&hl=en,https://play.google.com/store/search?q=INDIALENDS&c=apps&hl=en,,2319,0
Khatabook credit account book,ADJ Utilities Private Limited (Khatabook),SMFG INDIA CREDIT COMPANY LIMITED,2026-09-25,https://data.rbi.org.in/BOE/OpenDocument/opendoc/custom.jsp?iDocID=ARfEgy.WNSVIvFfvSIVmBCw&sIDType=CUID,Google Play Store,https://play.google.com/store/apps/details?id=com.vaibhavkalpe.android.khatabook,https://play.google.com/store/apps/details?id=com.vaibhavkalpe.android.khatabook,com.vaibhavkalpe.android.khatabook,2320,0
Khatabook Vyapar App,ADJ Utilities Private Limited (Khatabook),SMFG INDIA CREDIT COMPANY LIMITED,2026-09-25,https://data.rbi.org.in/BOE/OpenDocument/opendoc/custom.jsp?iDocID=ARfEgy.WNSVIvFfvSIVmBCw&sIDType=CUID,Apple's app store,https://apps.apple.com/in/app/khatabook-vyapar-app/id1488204139,https://apps.apple.com/in/app/khatabook-vyapar-app/id1488204139,,2321,0
Kissht,OnEMI Technology Solutions Limited,SMFG INDIA CREDIT COMPANY LIMITED,2026-09-25,https://data.rbi.org.in/BOE/OpenDocument/opendoc/custom.jsp?iDocID=ARfEgy.WNSVIvFfvSIVmBCw&sIDType=CUID,Google Play Store,Kissht: Instant Personal Loans - Apps on Google Play,Kissht: Instant Personal Loans - Apps on Google Play,,2322,0
Kissht IOS,OnEMI Technology Solutions Limited,SMFG INDIA CREDIT COMPANY LIMITED,2026-09-25,https://data.rbi.org.in/BOE/OpenDocument/opendoc/custom.jsp?iDocID=ARfEgy.WNSVIvFfvSIVmBCw&sIDType=CUID,Apple's app store,https://apps.apple.com/in/app/kissht-personal-loan-app/id6752766331,https://apps.apple.com/in/app/kissht-personal-loan-app/id6752766331,,2323,0
Lendingkart Android Mobile App,Lendingkart Finance Limited,SMFG INDIA CREDIT COMPANY LIMITED,2026-09-25,https://data.rbi.org.in/BOE/OpenDocument/opendoc/custom.jsp?iDocID=ARfEgy.WNSVIvFfvSIVmBCw&sIDType=CUID,Google Play Store,https://play.google.com/store/apps/details?id=com.LendingKart,https://play.google.com/store/apps/details?id=com.LendingKart&hl=en_IN&pli=1,com.LendingKart,2324,0
Mint:Market & News,HT Digital Streams Limited,SMFG INDIA CREDIT COMPANY LIMITED,2026-09-25,https://data.rbi.org.in/BOE/OpenDocument/opendoc/custom.jsp?iDocID=ARfEgy.WNSVIvFfvSIVmBCw&sIDType=CUID,Apple's app store,https://apps.apple.com/in/app/mint-money-credit-score-loans/id6751579585,https://apps.apple.com/in/app/mint-money-credit-score-loans/id6751579585,,2325,0
Mint:Market & News,HT Digital Streams Limited,SMFG INDIA CREDIT COMPANY LIMITED,2026-09-25,https://data.rbi.org.in/BOE/OpenDocument/opendoc/custom.jsp?iDocID=ARfEgy.WNSVIvFfvSIVmBCw&sIDType=CUID,Google Play Store,https://play.google.com/store/apps/details?id=com.htmintmoney,https://play.google.com/store/apps/details?id=com.htmintmoney&hl=en_IN,com.htmintmoney,2326,0
Mint:Market & News,HT Digital Streams Limited,SMFG INDIA CREDIT COMPANY LIMITED,2026-09-25,https://data.rbi.org.in/BOE/OpenDocument/opendoc/custom.jsp?iDocID=ARfEgy.WNSVIvFfvSIVmBCw&sIDType=CUID,Website,https://www.livemint.com/money/loan/personal-loan,https://www.livemint.com/money/loan/personal-loan,,2327,0
Mobikwik: BHIM UPI & Wallet,One MobiKwik Systems Limited,SMFG INDIA CREDIT COMPANY LIMITED,2026-09-25,https://data.rbi.org.in/BOE/OpenDocument/opendoc/custom.jsp?iDocID=ARfEgy.WNSVIvFfvSIVmBCw&sIDType=CUID,Apple's app store,https://apps.apple.com/in/app/mobikwik-bhim-upi-wallet/id600002523,https://apps.apple.com/in/app/mobikwik-bhim-upi-wallet/id600002523,,2328,0
Mobikwik: BHIM UPI & Wallet,One MobiKwik Systems Limited,SMFG INDIA CREDIT COMPANY LIMITED,2026-09-25,https://data.rbi.org.in/BOE/OpenDocument/opendoc/custom.jsp?iDocID=ARfEgy.WNSVIvFfvSIVmBCw&sIDType=CUID,Google Play Store,https://play.google.com/store/apps/details?id=com.mobikwik_new,https://play.google.com/store/apps/details?id=com.mobikwik_new&hl=en,com.mobikwik_new,2329,0
"MONEY VIEW : LOANS PERSONAL LOAN APP, INSTANT LOAN",Moneyview Limited (formerly known as Moneyview Private Limited and Whizdm Innovations Pvt Limited),SMFG INDIA CREDIT COMPANY LIMITED,2026-09-25,https://data.rbi.org.in/BOE/OpenDocument/opendoc/custom.jsp?iDocID=ARfEgy.WNSVIvFfvSIVmBCw&sIDType=CUID,Apple's app store,https://apps.apple.com/in/app/moneyview-loans-credit-cards/id6468976019,https://apps.apple.com/in/app/moneyview-loans-credit-cards/id6468976019,,2330,0
"MONEY VIEW : LOANS PERSONAL LOAN APP, INSTANT LOAN",Moneyview Limited (formerly known as Moneyview Private Limited and Whizdm Innovations Pvt Limited),SMFG INDIA CREDIT COMPANY LIMITED,2026-09-25,https://data.rbi.org.in/BOE/OpenDocument/opendoc/custom.jsp?iDocID=ARfEgy.WNSVIvFfvSIVmBCw&sIDType=CUID,Google Play Store,https://play.google.com/store/search?q=moneyview&c=apps&hl=en,https://play.google.com/store/search?q=moneyview&c=apps&hl=en,,2331,0
OneScore,FPL Consumer Service Pvt ltd,SMFG INDIA CREDIT COMPANY LIMITED,2026-09-25,https://data.rbi.org.in/BOE/OpenDocument/opendoc/custom.jsp?iDocID=ARfEgy.WNSVIvFfvSIVmBCw&sIDType=CUID,Apple App Store,https://apps.apple.com/in/app/onescore-credit-score-app/id1462059417?,https://apps.apple.com/in/app/onescore-credit-score-app/id1462059417?,,2332,0
OneScore,FPL Consumer Service Pvt ltd,SMFG INDIA CREDIT COMPANY LIMITED,2026-09-25,https://data.rbi.org.in/BOE/OpenDocument/opendoc/custom.jsp?iDocID=ARfEgy.WNSVIvFfvSIVmBCw&sIDType=CUID,Google Play Store,https://play.google.com/store/apps/details?id=tech.fplabs.score,https://play.google.com/store/apps/details?id=tech.fplabs.score&hl=en_IN,tech.fplabs.score,2333,0
Paisabazaar Marketing and Consulting Pvt Ltd,Paisabazaar Marketing and Consulting Pvt Ltd,SMFG INDIA CREDIT COMPANY LIMITED,2026-09-25,https://data.rbi.org.in/BOE/OpenDocument/opendoc/custom.jsp?iDocID=ARfEgy.WNSVIvFfvSIVmBCw&sIDType=CUID,Website,https://www.paisabazaar.com/,https://www.paisabazaar.com/,,2334,0
PAYTM FOR BUSINESS,One97 Communications Limited,SMFG INDIA CREDIT COMPANY LIMITED,2026-09-25,https://data.rbi.org.in/BOE/OpenDocument/opendoc/custom.jsp?iDocID=ARfEgy.WNSVIvFfvSIVmBCw&sIDType=CUID,Apple's app store,https://apps.apple.com/in/app/paytm-for-business/id1351301966,https://apps.apple.com/in/app/paytm-for-business/id1351301966,,2335,0
PAYTM FOR BUSINESS,One97 Communications Limited,SMFG INDIA CREDIT COMPANY LIMITED,2026-09-25,https://data.rbi.org.in/BOE/OpenDocument/opendoc/custom.jsp?iDocID=ARfEgy.WNSVIvFfvSIVmBCw&sIDType=CUID,Google Play Store,https://play.google.com/store/apps/details?id=com.paytm.business,https://play.google.com/store/apps/details?id=com.paytm.business,com.paytm.business,2336,0
PAYTM: SECURE UPI PAYMENTS,One97 Communications Limited,SMFG INDIA CREDIT COMPANY LIMITED,2026-09-25,https://data.rbi.org.in/BOE/OpenDocument/opendoc/custom.jsp?iDocID=ARfEgy.WNSVIvFfvSIVmBCw&sIDType=CUID,Apple's app store,https://apps.apple.com/in/app/paytm/id473941634,https://apps.apple.com/in/app/paytm/id473941634,,2337,0
PAYTM: SECURE UPI PAYMENTS,One97 Communications Limited,SMFG INDIA CREDIT COMPANY LIMITED,2026-09-25,https://data.rbi.org.in/BOE/OpenDocument/opendoc/custom.jsp?iDocID=ARfEgy.WNSVIvFfvSIVmBCw&sIDType=CUID,Google Play Store,https://play.google.com/store/apps/details?id=net.one97.paytm,https://play.google.com/store/apps/details?id=net.one97.paytm,net.one97.paytm,2338,0
Prefr,DreamPlug Technologies Private Limited,SMFG INDIA CREDIT COMPANY LIMITED,2026-09-25,https://data.rbi.org.in/BOE/OpenDocument/opendoc/custom.jsp?iDocID=ARfEgy.WNSVIvFfvSIVmBCw&sIDType=CUID,Apple's app store,https://apps.apple.com/in/app/prefr-personal-loan-app-india/id6758143425,https://apps.apple.com/in/app/prefr-personal-loan-app-india/id6758143425,,2339,0
Prefr,DreamPlug Technologies Private Limited,SMFG INDIA CREDIT COMPANY LIMITED,2026-09-25,https://data.rbi.org.in/BOE/OpenDocument/opendoc/custom.jsp?iDocID=ARfEgy.WNSVIvFfvSIVmBCw&sIDType=CUID,Google Play store,https://play.google.com/store/apps/details?id=com.prefr.credit,https://play.google.com/store/apps/details?id=com.prefr.credit&hl=en_IN,com.prefr.credit,2340,0
Ring,OnEMI Technology Solutions Limited,SMFG INDIA CREDIT COMPANY LIMITED,2026-09-25,https://data.rbi.org.in/BOE/OpenDocument/opendoc/custom.jsp?iDocID=ARfEgy.WNSVIvFfvSIVmBCw&sIDType=CUID,Google Play Store,RING (by Kissht): Quick Loans - Apps on Google Play,RING (by Kissht): Quick Loans - Apps on Google Play,,2341,0
SMFG India Credit Company limited,SMFG India Credit Company limited,SMFG INDIA CREDIT COMPANY LIMITED,2026-09-25,https://data.rbi.org.in/BOE/OpenDocument/opendoc/custom.jsp?iDocID=ARfEgy.WNSVIvFfvSIVmBCw&sIDType=CUID,Website,https://instantpersonalloanapply.smfgindiacredit.com/smfg/personal-loan/login,https://instantpersonalloanapply.smfgindiacredit.com/smfg/personal-loan/login,,2342,0
SMFG India Credit mConnect,SMFG India Credit Company limited,SMFG INDIA CREDIT COMPANY LIMITED,2026-09-25,https://data.rbi.org.in/BOE/OpenDocument/opendoc/custom.jsp?iDocID=ARfEgy.WNSVIvFfvSIVmBCw&sIDType=CUID,Google Play Store,https://play.google.com/store/apps/details?id=com.smfgindia.mconnect,https://play.google.com/store/apps/details?id=com.smfgindia.mconnect,com.smfgindia.mconnect,2343,0
SMFG India Credit mConnect 2.0,SMFG India Credit Company limited,SMFG INDIA CREDIT COMPANY LIMITED,2026-09-25,https://data.rbi.org.in/BOE/OpenDocument/opendoc/custom.jsp?iDocID=ARfEgy.WNSVIvFfvSIVmBCw&sIDType=CUID,Google Play Store,https://play.google.com/store/apps/details?id=com.smfgsuper,https://play.google.com/store/apps/details?id=com.smfgsuper,com.smfgsuper,2344,0
super.money,Scapic Innovations Private Limited,SMFG INDIA CREDIT COMPANY LIMITED,2026-09-25,https://data.rbi.org.in/BOE/OpenDocument/opendoc/custom.jsp?iDocID=ARfEgy.WNSVIvFfvSIVmBCw&sIDType=CUID,Apple App Store,https://apps.apple.com/in/app/super-money/id6502597504,https://apps.apple.com/in/app/super-money/id6502597504,,2345,0
super.money,Scapic Innovations Private Limited,SMFG INDIA CREDIT COMPANY LIMITED,2026-09-25,https://data.rbi.org.in/BOE/OpenDocument/opendoc/custom.jsp?iDocID=ARfEgy.WNSVIvFfvSIVmBCw&sIDType=CUID,Google Play Store,https://play.google.com/store/apps/details?id=money.super.payments,https://play.google.com/store/apps/details?id=money.super.payments&hl=en_IN,money.super.payments,2346,0
Turtlemint,Fintech Blue Solutions Private Limited,SMFG INDIA CREDIT COMPANY LIMITED,2026-09-25,https://data.rbi.org.in/BOE/OpenDocument/opendoc/custom.jsp?iDocID=ARfEgy.WNSVIvFfvSIVmBCw&sIDType=CUID,Website,https://turtlemintloans.com/products/personal-loan/customer/login,https://turtlemintloans.com/products/personal-loan/customer/login,,2347,0
Meesho,Meesho Payments Private Limited,SNAPMINT FINANCIAL SERVICES PRIVATE LIMITED,2026-09-25,https://data.rbi.org.in/BOE/OpenDocument/opendoc/custom.jsp?iDocID=ARfEgy.WNSVIvFfvSIVmBCw&sIDType=CUID,Meesho.com,MPPL website,MPPL website,,2348,0
Snapmint,Snapmint Credit Advisory Private Limited,SNAPMINT FINANCIAL SERVICES PRIVATE LIMITED,2026-09-25,https://data.rbi.org.in/BOE/OpenDocument/opendoc/custom.jsp?iDocID=ARfEgy.WNSVIvFfvSIVmBCw&sIDType=CUID,Andriod app store,Andriod app store,Andriod app store,,2349,0
Snapmint,Snapmint Credit Advisory Private Limited,SNAPMINT FINANCIAL SERVICES PRIVATE LIMITED,2026-09-25,https://data.rbi.org.in/BOE/OpenDocument/opendoc/custom.jsp?iDocID=ARfEgy.WNSVIvFfvSIVmBCw&sIDType=CUID,Apple app store,Apple app store,Apple app store,,2350,0
Snapmint,Snapmint Credit Advisory Private Limited,SNAPMINT FINANCIAL SERVICES PRIVATE LIMITED,2026-09-25,https://data.rbi.org.in/BOE/OpenDocument/opendoc/custom.jsp?iDocID=ARfEgy.WNSVIvFfvSIVmBCw&sIDType=CUID,Snapmint.com,Snapmint Website,Snapmint Website,,2351,0
BharatLoan: Personal Loan App,Self Owned,SOLOMON CAPITAL PRIVATE LIMITED,2026-09-25,https://data.rbi.org.in/BOE/OpenDocument/opendoc/custom.jsp?iDocID=ARfEgy.WNSVIvFfvSIVmBCw&sIDType=CUID,Google Play store,https://play.google.com/store/apps/details?id=com.devmunifin.bharatloan,https://play.google.com/store/apps/details?id=com.devmunifin.bharatloan,com.devmunifin.bharatloan,2352,0
BharatLoan: Personal Loan App,Self Owned,SOLOMON CAPITAL PRIVATE LIMITED,2026-09-25,https://data.rbi.org.in/BOE/OpenDocument/opendoc/custom.jsp?iDocID=ARfEgy.WNSVIvFfvSIVmBCw&sIDType=CUID,Website,https://www.bharatloan.com,https://www.bharatloan.com,,2353,0
AlphaRupee,CopperHive Technologies Private Limited,SONU MARKETING (P) LTD,2026-09-25,https://data.rbi.org.in/BOE/OpenDocument/opendoc/custom.jsp?iDocID=ARfEgy.WNSVIvFfvSIVmBCw&sIDType=CUID,website,https://www.alpharupee.in,www.alpharupee.in,,2354,0
CLICKRA,CLICKRA SOLUTIONS PRIVATE LIMITED,SONU MARKETING (P) LTD,2026-09-25,https://data.rbi.org.in/BOE/OpenDocument/opendoc/custom.jsp?iDocID=ARfEgy.WNSVIvFfvSIVmBCw&sIDType=CUID,App Store,https://apps.apple.com/in/app/clickra/id6764364442,https://apps.apple.com/in/app/clickra/id6764364442,,2355,0
CLICKRA,CLICKRA SOLUTIONS PRIVATE LIMITED,SONU MARKETING (P) LTD,2026-09-25,https://data.rbi.org.in/BOE/OpenDocument/opendoc/custom.jsp?iDocID=ARfEgy.WNSVIvFfvSIVmBCw&sIDType=CUID,Play store,Google Play,Google Play,,2356,0
CLICKRA,CLICKRA SOLUTIONS PRIVATE LIMITED,SONU MARKETING (P) LTD,2026-09-25,https://data.rbi.org.in/BOE/OpenDocument/opendoc/custom.jsp?iDocID=ARfEgy.WNSVIvFfvSIVmBCw&sIDType=CUID,Website,https://clickra.in,https://clickra.in,,2357,0
Creditlab,Self-owned,SONU MARKETING (P) LTD,2026-09-25,https://data.rbi.org.in/BOE/OpenDocument/opendoc/custom.jsp?iDocID=ARfEgy.WNSVIvFfvSIVmBCw&sIDType=CUID,website,https://creditlab.in,https://creditlab.in,,2358,0
Trustpaisa,Flexidgital Tech India Pvt Ltd,SONU MARKETING (P) LTD,2026-09-25,https://data.rbi.org.in/BOE/OpenDocument/opendoc/custom.jsp?iDocID=ARfEgy.WNSVIvFfvSIVmBCw&sIDType=CUID,Website,https://trustpaisa.com/,https://trustpaisa.com/,,2359,0
Trustpaisa: Personal loan app,Flexidgital Tech India Pvt Ltd,SONU MARKETING (P) LTD,2026-09-25,https://data.rbi.org.in/BOE/OpenDocument/opendoc/custom.jsp?iDocID=ARfEgy.WNSVIvFfvSIVmBCw&sIDType=CUID,Google Play,https://play.google.com/store/apps/details?id=trustpaisa.app,https://play.google.com/store/apps/details?id=trustpaisa.app&pcampaignid=web_share,trustpaisa.app,2360,0
Amazon App,Amazon Mobile LLP,SOUTH INDIAN BANK LTD,2026-09-25,https://data.rbi.org.in/BOE/OpenDocument/opendoc/custom.jsp?iDocID=ARfEgy.WNSVIvFfvSIVmBCw&sIDType=CUID,GooglePlay Store/App Store,https://www.amazon.in/,https://www.amazon.in/,,2361,0
AXIO,AXIO Digital Services Private Limited,SOUTH INDIAN BANK LTD,2026-09-25,https://data.rbi.org.in/BOE/OpenDocument/opendoc/custom.jsp?iDocID=ARfEgy.WNSVIvFfvSIVmBCw&sIDType=CUID,Website,https://axio.co.in/,https://axio.co.in/,,2362,0
DhanLap,Ark Neo Financial Services Pvt. Ltd.,SOUTH INDIAN BANK LTD,2026-09-25,https://data.rbi.org.in/BOE/OpenDocument/opendoc/custom.jsp?iDocID=ARfEgy.WNSVIvFfvSIVmBCw&sIDType=CUID,GooglePlay Store,https://dhanlap.com/,https://dhanlap.com/,,2363,0
Finsall,Finsall Resources Pvt Ltd,SOUTH INDIAN BANK LTD,2026-09-25,https://data.rbi.org.in/BOE/OpenDocument/opendoc/custom.jsp?iDocID=ARfEgy.WNSVIvFfvSIVmBCw&sIDType=CUID,Website,https://www.finsall.com/,https://www.finsall.com/,,2364,0
Moneyview,Moneyview Ltd.,SOUTH INDIAN BANK LTD,2026-09-25,https://data.rbi.org.in/BOE/OpenDocument/opendoc/custom.jsp?iDocID=ARfEgy.WNSVIvFfvSIVmBCw&sIDType=CUID,Website,https://www.moneyview.in/,https://www.moneyview.in/,,2365,0
Onescore,One Consumer Services Private Limited,SOUTH INDIAN BANK LTD,2026-09-25,https://data.rbi.org.in/BOE/OpenDocument/opendoc/custom.jsp?iDocID=ARfEgy.WNSVIvFfvSIVmBCw&sIDType=CUID,Website,https://www.onescore.app/,https://www.onescore.app/,,2366,0
Quick PL,SIB,SOUTH INDIAN BANK LTD,2026-09-25,https://data.rbi.org.in/BOE/OpenDocument/opendoc/custom.jsp?iDocID=ARfEgy.WNSVIvFfvSIVmBCw&sIDType=CUID,www.southindianbank.com,https://pl.southindianbank.com/quickpl/login,https://pl.southindianbank.com/quickpl/login,,2367,0
SIB Mirror +,SIB,SOUTH INDIAN BANK LTD,2026-09-25,https://data.rbi.org.in/BOE/OpenDocument/opendoc/custom.jsp?iDocID=ARfEgy.WNSVIvFfvSIVmBCw&sIDType=CUID,GooglePlay Store/App Store,https://www.southindianbank.com,www.southindianbank.com,,2368,0
Smallcase,Case Platforms Private Limited,SOUTH INDIAN BANK LTD,2026-09-25,https://data.rbi.org.in/BOE/OpenDocument/opendoc/custom.jsp?iDocID=ARfEgy.WNSVIvFfvSIVmBCw&sIDType=CUID,Website,https://www.smallcase.com/,https://www.smallcase.com/,,2369,0
SPEEL FINANCE COMPANY PRIVATE LIMITED,Self-owned,SPEEL FINANCE CO P LTD.,2026-09-25,https://data.rbi.org.in/BOE/OpenDocument/opendoc/custom.jsp?iDocID=ARfEgy.WNSVIvFfvSIVmBCw&sIDType=CUID,"PlayStore, AppStore",https://play.google.com/store/apps/details?id=com.pocketly,https://play.google.com/store/apps/details?id=com.pocketly; https://apps.apple.com/in/app/pocketly-instant-personal-loan/id1503307519,com.pocketly,2370,0
Sr.No,Name of the DLA,SPICEBULLS INVESTMENTS LIMITED,2026-09-25,https://data.rbi.org.in/BOE/OpenDocument/opendoc/custom.jsp?iDocID=ARfEgy.WNSVIvFfvSIVmBCw&sIDType=CUID,Name of the owner of DLA (Self-owned/name of LSP in case DLA is of LSP),Available on (Website/name of app store),Available on (Website/name of app store),,2371,0
Salary112,CREDITBRIDGE TECHNOLOGIES LLP,S R CAPITAL  SERVICES  PVT.  LTD.,2026-09-25,https://data.rbi.org.in/BOE/OpenDocument/opendoc/custom.jsp?iDocID=ARfEgy.WNSVIvFfvSIVmBCw&sIDType=CUID,Google Play Store,https://play.google.com/store/apps/details?id=com.vimanotech.salary112,https://play.google.com/store/apps/details?id=com.vimanotech.salary112,com.vimanotech.salary112,2372,0
Salary112,CREDITBRIDGE TECHNOLOGIES LLP,S R CAPITAL  SERVICES  PVT.  LTD.,2026-09-25,https://data.rbi.org.in/BOE/OpenDocument/opendoc/custom.jsp?iDocID=ARfEgy.WNSVIvFfvSIVmBCw&sIDType=CUID,Website,https://www.salary112.com/,https://www.salary112.com/,,2373,0
SRI VASAVAMBA CO OPERATIVE BANK LTD,PROCESSWARE SYSTEMS PVT LTD,SRI VASAVAMBA CO-OP.BANK LTD.,2026-09-25,https://data.rbi.org.in/BOE/OpenDocument/opendoc/custom.jsp?iDocID=ARfEgy.WNSVIvFfvSIVmBCw&sIDType=CUID,APPLE APP STORE,https://apps.apple.com/in/app/sri-vasavamba-co-op-bank/id6480499546,https://apps.apple.com/in/app/sri-vasavamba-co-op-bank/id6480499546,,2374,0
SRI VASAVAMBA CO OPERATIVE BANK LTD,PROCESSWARE SYSTEMS PVT LTD,SRI VASAVAMBA CO-OP.BANK LTD.,2026-09-25,https://data.rbi.org.in/BOE/OpenDocument/opendoc/custom.jsp?iDocID=ARfEgy.WNSVIvFfvSIVmBCw&sIDType=CUID,GOOGPE PLAY STORE,https://play.google.com/store/apps/details?id=com.banksoft.clientVsmba,https://play.google.com/store/apps/details?id=com.banksoft.clientVsmba,com.banksoft.clientVsmba,2375,0
CINB,Self-Owned,STATE BANK OF INDIA,2026-09-25,https://data.rbi.org.in/BOE/OpenDocument/opendoc/custom.jsp?iDocID=ARfEgy.WNSVIvFfvSIVmBCw&sIDType=CUID,Website,https://yonobusiness.sbi/  login/yonobusinesslogin,https://yonobusiness.sbi/  login/yonobusinesslogin,,2376,0
RINB,Self-Owned,STATE BANK OF INDIA,2026-09-25,https://data.rbi.org.in/BOE/OpenDocument/opendoc/custom.jsp?iDocID=ARfEgy.WNSVIvFfvSIVmBCw&sIDType=CUID,Website,https://retail.onlinesbi.sbi/retail/lo gin.htm,https://retail.onlinesbi.sbi/retail/lo gin.htm,,2377,0
YONO,Self-Owned,STATE BANK OF INDIA,2026-09-25,https://data.rbi.org.in/BOE/OpenDocument/opendoc/custom.jsp?iDocID=ARfEgy.WNSVIvFfvSIVmBCw&sIDType=CUID,Android,https://play.google.com/store/apps/details?id=com.sbi.lotusintouch,https://play.google.com/store/app s/details?id=com.sbi.lotusintouch,com.sbi.lotusintouch,2378,0
YONO,Self-Owned,STATE BANK OF INDIA,2026-09-25,https://data.rbi.org.in/BOE/OpenDocument/opendoc/custom.jsp?iDocID=ARfEgy.WNSVIvFfvSIVmBCw&sIDType=CUID,iOS,https://apps.apple.com/in/app/yono-sbi-banking-andlifestyle/id1231393474,https://apps.apple.com/in/app/yono-sbi-banking-andlifestyle/id1231393474,,2379,0
Yono  Business,Self-Owned,STATE BANK OF INDIA,2026-09-25,https://data.rbi.org.in/BOE/OpenDocument/opendoc/custom.jsp?iDocID=ARfEgy.WNSVIvFfvSIVmBCw&sIDType=CUID,Android,https://play.google.com/store/apps/details?id=com.sbi.SBAnywher,https://play.google.com/store/app s/details?id=com.sbi.SBAnywher eCorporate,com.sbi.SBAnywher,2380,0
Yono  Business,Self-Owned,STATE BANK OF INDIA,2026-09-25,https://data.rbi.org.in/BOE/OpenDocument/opendoc/custom.jsp?iDocID=ARfEgy.WNSVIvFfvSIVmBCw&sIDType=CUID,iOS,https://apps.apple.com/in/app/yono-business-sbi/id1056093690,https://apps.apple.com/in/app/yono-business-sbi/id1056093690,,2381,0
Finsall,Finsall Resources Pvt. Ltd.,STOCK GUARDIANS (INDIA) PRIVATE LIMITED,2026-09-25,https://data.rbi.org.in/BOE/OpenDocument/opendoc/custom.jsp?iDocID=ARfEgy.WNSVIvFfvSIVmBCw&sIDType=CUID,Website,https://www.finsall.com/,https://www.finsall.com/,,2382,0
Shublakshmi,Fintech Cloud Private Limitied,SUBHLAKSHMI FINANCE PRIVATE LIMITED (OLD NAME - PEPSU CAPITAL SERVICES PRIVATE LIMITED),2026-09-25,https://data.rbi.org.in/BOE/OpenDocument/opendoc/custom.jsp?iDocID=ARfEgy.WNSVIvFfvSIVmBCw&sIDType=CUID,https://fintechcloud.in/,https://app.shublakshmi.com/,https://app.shublakshmi.com/,,2383,0
Subhlakshmi,Subhlakshmi Finance Private Limited,SUBHLAKSHMI FINANCE PRIVATE LIMITED (OLD NAME - PEPSU CAPITAL SERVICES PRIVATE LIMITED),2026-09-25,https://data.rbi.org.in/BOE/OpenDocument/opendoc/custom.jsp?iDocID=ARfEgy.WNSVIvFfvSIVmBCw&sIDType=CUID,https://subhlakshmi.in/,https://drive.google.com/file/d/1cD372AQNgamw0vP-HLMqwVz1azJE2_gt/view?usp=drive_link,https://drive.google.com/file/d/1cD372AQNgamw0vP-HLMqwVz1azJE2_gt/view?usp=drive_link,,2384,0
EmergencyPaisa,Suburban Finance & Investment Private Limited,SUBURBAN FINANCE & INVESTMENT PVT.LTD.,2026-09-25,https://data.rbi.org.in/BOE/OpenDocument/opendoc/custom.jsp?iDocID=ARfEgy.WNSVIvFfvSIVmBCw&sIDType=CUID,"Available on Play Store, App Store and Website",https://play.google.com/store/apps/details?id=com.suburban.emergency_paisa,https://play.google.com/store/apps/details?id=com.suburban.emergency_paisa&hl=en_IN,com.suburban.emergency_paisa,2385,0
Nill,Nill,"SUNDARLAL SAWJI URBAN CO-OPERATIVE BANK LTD., JINTUR",2026-09-25,https://data.rbi.org.in/BOE/OpenDocument/opendoc/custom.jsp?iDocID=ARfEgy.WNSVIvFfvSIVmBCw&sIDType=CUID,Nill,Nill,Nill,,2386,0
Oro Money,Orocorp Technologies Pvt ltd?,SUNITA FINLEASE LTD.,2026-09-25,https://data.rbi.org.in/BOE/OpenDocument/opendoc/custom.jsp?iDocID=ARfEgy.WNSVIvFfvSIVmBCw&sIDType=CUID,Android Playstore,https://play.google.com/store/apps/details?id=in.orocorp.customer,https://play.google.com/store/apps/details?id=in.orocorp.customer,in.orocorp.customer,2387,0
Oro Money,Orocorp Technologies Pvt ltd?,SUNITA FINLEASE LTD.,2026-09-25,https://data.rbi.org.in/BOE/OpenDocument/opendoc/custom.jsp?iDocID=ARfEgy.WNSVIvFfvSIVmBCw&sIDType=CUID,IOS - Appstore?,https://apps.apple.com/in/app/oro-money-gold-loans-at-home/id1551316636,https://apps.apple.com/in/app/oro-money-gold-loans-at-home/id1551316636,,2388,0
Refyne,Refyne?Tech Private Ltd,SUNITA FINLEASE LTD.,2026-09-25,https://data.rbi.org.in/BOE/OpenDocument/opendoc/custom.jsp?iDocID=ARfEgy.WNSVIvFfvSIVmBCw&sIDType=CUID,Android Playstore,https://play.google.com/store/apps/details?id=in.co.refyne.android,https://play.google.com/store/apps/details?id=in.co.refyne.android&hl=en,in.co.refyne.android,2389,0
Refyne,Refyne?Tech Private Ltd,SUNITA FINLEASE LTD.,2026-09-25,https://data.rbi.org.in/BOE/OpenDocument/opendoc/custom.jsp?iDocID=ARfEgy.WNSVIvFfvSIVmBCw&sIDType=CUID,IOS - Appstore?,https://apps.apple.com/in/app/refyne/id1628740208,https://apps.apple.com/in/app/refyne/id1628740208,,2390,0
ClickPe,Neofirst Technologies India Private Limited,SURAT PEOPLE'S CO-OP.BANK LTD.,2026-09-25,https://data.rbi.org.in/BOE/OpenDocument/opendoc/custom.jsp?iDocID=ARfEgy.WNSVIvFfvSIVmBCw&sIDType=CUID,Play Store,https://play.google.com/store/apps/details?id=com.dailype.dailype,https://play.google.com/store/apps/details?id=com.dailype.dailype,com.dailype.dailype,2391,0
Paytm-MSME,One97 Communications Limited,SURYODAY SMALL FINANCE BANK LIMITED,2026-09-25,https://data.rbi.org.in/BOE/OpenDocument/opendoc/custom.jsp?iDocID=ARfEgy.WNSVIvFfvSIVmBCw&sIDType=CUID,1.Google Play store 2.Apple app store,https://play.google.com/store/apps/details?id=com.paytm.business,https://apps.apple.com/in/app/paytm-for-business/id1351301966 and https://play.google.com/store/apps/details?id=com.paytm.business,com.paytm.business,2392,0
SU Fintrust,WONDER WORLD,S.U.SECURITIES PVT. LTD.,2026-09-25,https://data.rbi.org.in/BOE/OpenDocument/opendoc/custom.jsp?iDocID=ARfEgy.WNSVIvFfvSIVmBCw&sIDType=CUID,Google Play Store,https://play.google.com/store/apps/details?id=com.sufin.trust.finbridge,https://play.google.com/store/apps/details?id=com.sufin.trust.finbridge,com.sufin.trust.finbridge,2393,0
SU wallet,Self-owned,S.U.SECURITIES PVT. LTD.,2026-09-25,https://data.rbi.org.in/BOE/OpenDocument/opendoc/custom.jsp?iDocID=ARfEgy.WNSVIvFfvSIVmBCw&sIDType=CUID,Google Play Store,https://play.google.com/store/apps/details?id=com.suwallet.lendspace.solutions,https://play.google.com/store/apps/details?id=com.suwallet.lendspace.solutions,com.suwallet.lendspace.solutions,2394,0
Svamaan App,Svamaan Financial Services Private Limited (self-owned),SVAMAAN FINANCIAL SERVICES PRIVATE LIMITED,2026-09-25,https://data.rbi.org.in/BOE/OpenDocument/opendoc/custom.jsp?iDocID=ARfEgy.WNSVIvFfvSIVmBCw&sIDType=CUID,Google Playstore,https://play.google.com/store/apps/details?id=com.svamaanapp,https://play.google.com/store/apps/details?id=com.svamaanapp,com.svamaanapp,2395,0
salary24x7,Finovel Fintech Private Limited,SWADHA FINLEASE PRIVATE LIMITED *,2026-09-25,https://data.rbi.org.in/BOE/OpenDocument/opendoc/custom.jsp?iDocID=ARfEgy.WNSVIvFfvSIVmBCw&sIDType=CUID,Google Play Store,https://play.google.com/store/apps/details?id=com.merusphere.salary247.borrower,https://play.google.com/store/apps/details?id=com.merusphere.salary247.borrower&pcampaignid=web_share,com.merusphere.salary247.borrower,2396,0
salary24x7,Finovel Fintech Private Limited,SWADHA FINLEASE PRIVATE LIMITED *,2026-09-25,https://data.rbi.org.in/BOE/OpenDocument/opendoc/custom.jsp?iDocID=ARfEgy.WNSVIvFfvSIVmBCw&sIDType=CUID,Website,https://salary24x7.com/,https://salary24x7.com/,,2397,0
ATM CRED,Self-Owned,SWASTIK FINANCE LIMITED (FORMERLY KNOWN AS AVON MONEY SOLUTION INDIA LIMITED),2026-09-25,https://data.rbi.org.in/BOE/OpenDocument/opendoc/custom.jsp?iDocID=ARfEgy.WNSVIvFfvSIVmBCw&sIDType=CUID,Website and Google Play Store,https://play.google.com/store/apps/details?id=vexil.infotech.atmcred,https://play.google.com/store/apps/details?id=vexil.infotech.atmcred&hl=en-IN,vexil.infotech.atmcred,2398,0
Tala: Fast & Secure Loan App,Self0owned,TALAZEN FINANCE INDIA PRIVATE LIMITED,2026-09-25,https://data.rbi.org.in/BOE/OpenDocument/opendoc/custom.jsp?iDocID=ARfEgy.WNSVIvFfvSIVmBCw&sIDType=CUID,Google Play Store,https://play.google.com/store/apps/details?id=in.com.tala,https://play.google.com/store/apps/details?id=in.com.tala,in.com.tala,2399,0
Chinmay Finlease Limited,Chinmay Finlease Limited,TAPSTART CAPITAL PRIVATE LIMITED,2026-09-25,https://data.rbi.org.in/BOE/OpenDocument/opendoc/custom.jsp?iDocID=ARfEgy.WNSVIvFfvSIVmBCw&sIDType=CUID,Website,https://www.chinmayfinlease.com/,https://www.chinmayfinlease.com/,,2400,0
Chinmay - Personal Loan App,Chinmay Finlease Limited,TAPSTART CAPITAL PRIVATE LIMITED,2026-09-25,https://data.rbi.org.in/BOE/OpenDocument/opendoc/custom.jsp?iDocID=ARfEgy.WNSVIvFfvSIVmBCw&sIDType=CUID,Apple App Store,https://apps.apple.com/in/app/chinmay-personal-loan-app/id6476261363,https://apps.apple.com/in/app/chinmay-personal-loan-app/id6476261363,,2401,0
Chinmay - Personal Loan App,Chinmay Finlease Limited,TAPSTART CAPITAL PRIVATE LIMITED,2026-09-25,https://data.rbi.org.in/BOE/OpenDocument/opendoc/custom.jsp?iDocID=ARfEgy.WNSVIvFfvSIVmBCw&sIDType=CUID,Google Play Store,https://play.google.com/store/apps/details?id=com.chinmay.io,https://play.google.com/store/apps/details?id=com.chinmay.io&hl=en_IN,com.chinmay.io,2402,0
Freo,MWYN Tech Private Limited,TAPSTART CAPITAL PRIVATE LIMITED,2026-09-25,https://data.rbi.org.in/BOE/OpenDocument/opendoc/custom.jsp?iDocID=ARfEgy.WNSVIvFfvSIVmBCw&sIDType=CUID,Apple App Store,https://apps.apple.com/in/app/freo-upi-insurance-loans/id1588894115,https://apps.apple.com/in/app/freo-upi-insurance-loans/id1588894115,,2403,0
Freo,MWYN Tech Private Limited,TAPSTART CAPITAL PRIVATE LIMITED,2026-09-25,https://data.rbi.org.in/BOE/OpenDocument/opendoc/custom.jsp?iDocID=ARfEgy.WNSVIvFfvSIVmBCw&sIDType=CUID,Google Play Store,https://play.google.com/store/apps/details?id=com.moneytap.bnpl.app,https://play.google.com/store/apps/details?id=com.moneytap.bnpl.app&listing=freo_oneapp_moneytap,com.moneytap.bnpl.app,2404,0
Freo,MWYN Tech Private Limited,TAPSTART CAPITAL PRIVATE LIMITED,2026-09-25,https://data.rbi.org.in/BOE/OpenDocument/opendoc/custom.jsp?iDocID=ARfEgy.WNSVIvFfvSIVmBCw&sIDType=CUID,IndusApp,https://play.google.com/store/apps/details?id=com.moneytap.bnpl.app,https://www.indusappstore.com/apps/finance/freo/com.moneytap.bnpl.app/?page=details&id=com.moneytap.bnpl.app,com.moneytap.bnpl.app,2405,0
Freo,MWYN Tech Private Limited,TAPSTART CAPITAL PRIVATE LIMITED,2026-09-25,https://data.rbi.org.in/BOE/OpenDocument/opendoc/custom.jsp?iDocID=ARfEgy.WNSVIvFfvSIVmBCw&sIDType=CUID,Oppo App Store,oaps://mk/dt?pkg=com.moneytap.bnpl.app&style=1,oaps://mk/dt?pkg=com.moneytap.bnpl.app&style=1,,2406,0
Freo,MWYN Tech Private Limited,TAPSTART CAPITAL PRIVATE LIMITED,2026-09-25,https://data.rbi.org.in/BOE/OpenDocument/opendoc/custom.jsp?iDocID=ARfEgy.WNSVIvFfvSIVmBCw&sIDType=CUID,Vivo Market,https://play.google.com/store/apps/details?id=com.moneytap.bnpl.app,vivomarket://details?id=com.moneytap.bnpl.app,com.moneytap.bnpl.app,2407,0
Freo,MWYN Tech Private Limited,TAPSTART CAPITAL PRIVATE LIMITED,2026-09-25,https://data.rbi.org.in/BOE/OpenDocument/opendoc/custom.jsp?iDocID=ARfEgy.WNSVIvFfvSIVmBCw&sIDType=CUID,Website,https://www.freo.money,www.freo.money,,2408,0
Innotech Creditsea Platforms Private Limited,Innotech Creditsea Platforms Private Limited,TAPSTART CAPITAL PRIVATE LIMITED,2026-09-25,https://data.rbi.org.in/BOE/OpenDocument/opendoc/custom.jsp?iDocID=ARfEgy.WNSVIvFfvSIVmBCw&sIDType=CUID,App Store,https://apps.apple.com/in/app/creditsea-personal-loan-app/id6743390338,https://apps.apple.com/in/app/creditsea-personal-loan-app/id6743390338,,2409,0
Innotech Creditsea Platforms Private Limited,Innotech Creditsea Platforms Private Limited,TAPSTART CAPITAL PRIVATE LIMITED,2026-09-25,https://data.rbi.org.in/BOE/OpenDocument/opendoc/custom.jsp?iDocID=ARfEgy.WNSVIvFfvSIVmBCw&sIDType=CUID,Google Play Store,https://play.google.com/store/apps/details?id=com.creditsea.app,https://play.google.com/store/apps/details?id=com.creditsea.app,com.creditsea.app,2410,0
Innotech Creditsea Platforms Private Limited,Innotech Creditsea Platforms Private Limited,TAPSTART CAPITAL PRIVATE LIMITED,2026-09-25,https://data.rbi.org.in/BOE/OpenDocument/opendoc/custom.jsp?iDocID=ARfEgy.WNSVIvFfvSIVmBCw&sIDType=CUID,Website,https://www.creditsea.com,https://www.creditsea.com,,2411,0
MoneyTap,MWYN Tech Private Limited,TAPSTART CAPITAL PRIVATE LIMITED,2026-09-25,https://data.rbi.org.in/BOE/OpenDocument/opendoc/custom.jsp?iDocID=ARfEgy.WNSVIvFfvSIVmBCw&sIDType=CUID,Apple App Store,https://apps.apple.com/in/app/moneytap-is-now-freo-credit/id1374771286,https://apps.apple.com/in/app/moneytap-is-now-freo-credit/id1374771286,,2412,0
MoneyTap,MWYN Tech Private Limited,TAPSTART CAPITAL PRIVATE LIMITED,2026-09-25,https://data.rbi.org.in/BOE/OpenDocument/opendoc/custom.jsp?iDocID=ARfEgy.WNSVIvFfvSIVmBCw&sIDType=CUID,Google Play Store,https://play.google.com/store/apps/details?id=com.mycash.moneytap.app,https://play.google.com/store/apps/details?id=com.mycash.moneytap.app,com.mycash.moneytap.app,2413,0
MoneyTap,MWYN Tech Private Limited,TAPSTART CAPITAL PRIVATE LIMITED,2026-09-25,https://data.rbi.org.in/BOE/OpenDocument/opendoc/custom.jsp?iDocID=ARfEgy.WNSVIvFfvSIVmBCw&sIDType=CUID,IndusApp,https://play.google.com/store/apps/details?id=com.mycash.moneytap.app,https://www.indusappstore.com/apps/finance/moneytap/com.mycash.moneytap.app/?page=details&id=com.mycash.moneytap.app,com.mycash.moneytap.app,2414,0
MoneyTap,MWYN Tech Private Limited,TAPSTART CAPITAL PRIVATE LIMITED,2026-09-25,https://data.rbi.org.in/BOE/OpenDocument/opendoc/custom.jsp?iDocID=ARfEgy.WNSVIvFfvSIVmBCw&sIDType=CUID,Oppo App Store,oaps://mk/dt?pkg=com.mycash.moneytap.app&style=1,oaps://mk/dt?pkg=com.mycash.moneytap.app&style=1,,2415,0
MoneyTap,MWYN Tech Private Limited,TAPSTART CAPITAL PRIVATE LIMITED,2026-09-25,https://data.rbi.org.in/BOE/OpenDocument/opendoc/custom.jsp?iDocID=ARfEgy.WNSVIvFfvSIVmBCw&sIDType=CUID,Vivo Market,https://play.google.com/store/apps/details?id=com.mycash.moneytap.app,vivomarket://details?id=com.mycash.moneytap.app,com.mycash.moneytap.app,2416,0
MoneyTap,MWYN Tech Private Limited,TAPSTART CAPITAL PRIVATE LIMITED,2026-09-25,https://data.rbi.org.in/BOE/OpenDocument/opendoc/custom.jsp?iDocID=ARfEgy.WNSVIvFfvSIVmBCw&sIDType=CUID,Website,https://www.moneytap.com,www.moneytap.com,,2417,0
Digital Quick Cash,Tata Capital Housing Finance Ltd.,TATA CAPITAL HOUSING FINANCE LTD.,2026-09-25,https://data.rbi.org.in/BOE/OpenDocument/opendoc/custom.jsp?iDocID=ARfEgy.WNSVIvFfvSIVmBCw&sIDType=CUID,Website,https://instaloan.tatacapital.com/insta-hl/loans/home-loans/home?sourceName=DQC,https://instaloan.tatacapital.com/insta-hl/loans/home-loans/home?sourceName=DQC,,2418,0
HL Online,Tata Capital Housing Finance Ltd.,TATA CAPITAL HOUSING FINANCE LTD.,2026-09-25,https://data.rbi.org.in/BOE/OpenDocument/opendoc/custom.jsp?iDocID=ARfEgy.WNSVIvFfvSIVmBCw&sIDType=CUID,Website,"""https://www.tatacapital.com/online/loans/home-loans/apply-now-home-loan?sourceName=Website&cidparameter=#! ""","""https://www.tatacapital.com/online/loans/home-loans/apply-now-home-loan?sourceName=Website&cidparameter=#! """,,2419,0
TATA Capital Loan App & Wealth,Tata Capital Housing Finance Ltd.,TATA CAPITAL HOUSING FINANCE LTD.,2026-09-25,https://data.rbi.org.in/BOE/OpenDocument/opendoc/custom.jsp?iDocID=ARfEgy.WNSVIvFfvSIVmBCw&sIDType=CUID,App Store,TATA Capithttps://www.tatacapital.com/tchfl.htmlal Loan & Wealth App on the App?Store,TATA Capithttps://www.tatacapital.com/tchfl.htmlal Loan & Wealth App on the App?Store,,2420,0
TATA Capital Loan App & Wealth,Tata Capital Housing Finance Ltd.,TATA CAPITAL HOUSING FINANCE LTD.,2026-09-25,https://data.rbi.org.in/BOE/OpenDocument/opendoc/custom.jsp?iDocID=ARfEgy.WNSVIvFfvSIVmBCw&sIDType=CUID,Play Store,Tata Capital Loan App & Wealth - Apps on Google Play,Tata Capital Loan App & Wealth - Apps on Google Play,,2421,0
Famescore Pvt Ltd [Other - Disbursal Drawdown],FinAGG Services Pvt Ltd,TATA CAPITAL LIMITED,2026-09-25,https://data.rbi.org.in/BOE/OpenDocument/opendoc/custom.jsp?iDocID=ARfEgy.WNSVIvFfvSIVmBCw&sIDType=CUID,Play store,https://play.google.com/store/apps/details?id=com.finagg.retailerApp,https://play.google.com/store/apps/details?id=com.finagg.retailerApp&hl=en_IN,com.finagg.retailerApp,2422,0
Famescore Pvt Ltd [Other - Disbursal Drawdown],FinAGG Services Pvt Ltd,TATA CAPITAL LIMITED,2026-09-25,https://data.rbi.org.in/BOE/OpenDocument/opendoc/custom.jsp?iDocID=ARfEgy.WNSVIvFfvSIVmBCw&sIDType=CUID,Play store,https://play.google.com/store/apps/details?id=com.finagg.retailerApp,https://play.google.com/store/apps/details?id=com.finagg.retailerApp&hl=en_IN,com.finagg.retailerApp,2423,0
Famescore Pvt Ltd [Other - Disbursal Drawdown],FinAGG Services Pvt Ltd,TATA CAPITAL LIMITED,2026-09-25,https://data.rbi.org.in/BOE/OpenDocument/opendoc/custom.jsp?iDocID=ARfEgy.WNSVIvFfvSIVmBCw&sIDType=CUID,Website,https://www.finagg.in/,https://www.finagg.in/,,2424,0
Famescore Pvt Ltd [Other - Disbursal Drawdown],FinAGG Services Pvt Ltd,TATA CAPITAL LIMITED,2026-09-25,https://data.rbi.org.in/BOE/OpenDocument/opendoc/custom.jsp?iDocID=ARfEgy.WNSVIvFfvSIVmBCw&sIDType=CUID,Website,https://www.finagg.in/,https://www.finagg.in/,,2425,0
Fibe,Social Worth Technologies Limited,TATA CAPITAL LIMITED,2026-09-25,https://data.rbi.org.in/BOE/OpenDocument/opendoc/custom.jsp?iDocID=ARfEgy.WNSVIvFfvSIVmBCw&sIDType=CUID,App Store,https://apps.apple.com/in/app/fibe-instant-personal-loan-app/id1094602630,https://apps.apple.com/in/app/fibe-instant-personal-loan-app/id1094602630,,2426,0
Fibe,Social Worth Technologies Limited,TATA CAPITAL LIMITED,2026-09-25,https://data.rbi.org.in/BOE/OpenDocument/opendoc/custom.jsp?iDocID=ARfEgy.WNSVIvFfvSIVmBCw&sIDType=CUID,App Store,https://apps.apple.com/in/app/fibe-instant-personal-loan-app/id1094602630,https://apps.apple.com/in/app/fibe-instant-personal-loan-app/id1094602630,,2427,0
Fibe,Social Worth Technologies Limited,TATA CAPITAL LIMITED,2026-09-25,https://data.rbi.org.in/BOE/OpenDocument/opendoc/custom.jsp?iDocID=ARfEgy.WNSVIvFfvSIVmBCw&sIDType=CUID,Play store,https://play.google.com/store/apps/details?id=com.earlysalary.android,https://play.google.com/store/apps/details?id=com.earlysalary.android,com.earlysalary.android,2428,0
Fibe,Social Worth Technologies Limited,TATA CAPITAL LIMITED,2026-09-25,https://data.rbi.org.in/BOE/OpenDocument/opendoc/custom.jsp?iDocID=ARfEgy.WNSVIvFfvSIVmBCw&sIDType=CUID,Play store,https://play.google.com/store/apps/details?id=com.earlysalary.android,https://play.google.com/store/apps/details?id=com.earlysalary.android,com.earlysalary.android,2429,0
Fibe,Social Worth Technologies Limited,TATA CAPITAL LIMITED,2026-09-25,https://data.rbi.org.in/BOE/OpenDocument/opendoc/custom.jsp?iDocID=ARfEgy.WNSVIvFfvSIVmBCw&sIDType=CUID,Website,https://www.fibe.in/,https://www.fibe.in/,,2430,0
Fibe,Social Worth Technologies Limited,TATA CAPITAL LIMITED,2026-09-25,https://data.rbi.org.in/BOE/OpenDocument/opendoc/custom.jsp?iDocID=ARfEgy.WNSVIvFfvSIVmBCw&sIDType=CUID,Website,https://www.fibe.in/,https://www.fibe.in/,,2431,0
Finfinity,Synergenius Growth Pvt Ltd,TATA CAPITAL LIMITED,2026-09-25,https://data.rbi.org.in/BOE/OpenDocument/opendoc/custom.jsp?iDocID=ARfEgy.WNSVIvFfvSIVmBCw&sIDType=CUID,App Store,https://apps.apple.com/in/app/finfinity/id6737900071,https://apps.apple.com/in/app/finfinity/id6737900071,,2432,0
Finfinity,Synergenius Growth Pvt Ltd,TATA CAPITAL LIMITED,2026-09-25,https://data.rbi.org.in/BOE/OpenDocument/opendoc/custom.jsp?iDocID=ARfEgy.WNSVIvFfvSIVmBCw&sIDType=CUID,App Store,https://apps.apple.com/in/app/finfinity/id6737900071,https://apps.apple.com/in/app/finfinity/id6737900071,,2433,0
Finfinity,Synergenius Growth Pvt Ltd,TATA CAPITAL LIMITED,2026-09-25,https://data.rbi.org.in/BOE/OpenDocument/opendoc/custom.jsp?iDocID=ARfEgy.WNSVIvFfvSIVmBCw&sIDType=CUID,Play store,https://play.google.com/store/apps/details?id=com.finfinity.co.in,https://play.google.com/store/apps/details?id=com.finfinity.co.in,com.finfinity.co.in,2434,0
Finfinity,Synergenius Growth Pvt Ltd,TATA CAPITAL LIMITED,2026-09-25,https://data.rbi.org.in/BOE/OpenDocument/opendoc/custom.jsp?iDocID=ARfEgy.WNSVIvFfvSIVmBCw&sIDType=CUID,Play store,https://play.google.com/store/apps/details?id=com.finfinity.co.in,https://play.google.com/store/apps/details?id=com.finfinity.co.in,com.finfinity.co.in,2435,0
Finfinity,Synergenius Growth Pvt Ltd,TATA CAPITAL LIMITED,2026-09-25,https://data.rbi.org.in/BOE/OpenDocument/opendoc/custom.jsp?iDocID=ARfEgy.WNSVIvFfvSIVmBCw&sIDType=CUID,Website,https://www.finfinity.co.in/,https://www.finfinity.co.in/,,2436,0
Finfinity,Synergenius Growth Pvt Ltd,TATA CAPITAL LIMITED,2026-09-25,https://data.rbi.org.in/BOE/OpenDocument/opendoc/custom.jsp?iDocID=ARfEgy.WNSVIvFfvSIVmBCw&sIDType=CUID,Website,https://www.finfinity.co.in/,https://www.finfinity.co.in/,,2437,0
Finnable,Finnable Technologies Pvt. Ltd.,TATA CAPITAL LIMITED,2026-09-25,https://data.rbi.org.in/BOE/OpenDocument/opendoc/custom.jsp?iDocID=ARfEgy.WNSVIvFfvSIVmBCw&sIDType=CUID,App Store,https://apps.apple.com/in/app/finnable/id1453358250,https://apps.apple.com/in/app/finnable/id1453358250,,2438,0
Finnable,Finnable Technologies Pvt. Ltd.,TATA CAPITAL LIMITED,2026-09-25,https://data.rbi.org.in/BOE/OpenDocument/opendoc/custom.jsp?iDocID=ARfEgy.WNSVIvFfvSIVmBCw&sIDType=CUID,App Store,https://apps.apple.com/in/app/finnable/id1453358250,https://apps.apple.com/in/app/finnable/id1453358250,,2439,0
Finnable,Finnable Technologies Pvt. Ltd.,TATA CAPITAL LIMITED,2026-09-25,https://data.rbi.org.in/BOE/OpenDocument/opendoc/custom.jsp?iDocID=ARfEgy.WNSVIvFfvSIVmBCw&sIDType=CUID,Play store,https://play.google.com/store/apps/details?id=com.finnable.customer,https://play.google.com/store/apps/details?id=com.finnable.customer,com.finnable.customer,2440,0
Finnable,Finnable Technologies Pvt. Ltd.,TATA CAPITAL LIMITED,2026-09-25,https://data.rbi.org.in/BOE/OpenDocument/opendoc/custom.jsp?iDocID=ARfEgy.WNSVIvFfvSIVmBCw&sIDType=CUID,Play store,https://play.google.com/store/apps/details?id=com.finnable.customer,https://play.google.com/store/apps/details?id=com.finnable.customer,com.finnable.customer,2441,0
Finnable,Finnable Technologies Pvt. Ltd.,TATA CAPITAL LIMITED,2026-09-25,https://data.rbi.org.in/BOE/OpenDocument/opendoc/custom.jsp?iDocID=ARfEgy.WNSVIvFfvSIVmBCw&sIDType=CUID,Website,https://www.finnable.com/,https://www.finnable.com/,,2442,0
Finnable,Finnable Technologies Pvt. Ltd.,TATA CAPITAL LIMITED,2026-09-25,https://data.rbi.org.in/BOE/OpenDocument/opendoc/custom.jsp?iDocID=ARfEgy.WNSVIvFfvSIVmBCw&sIDType=CUID,Website,https://www.finnable.com/,https://www.finnable.com/,,2443,0
Indmoney [Other - Disbursal Drawdown],Finzoomers Services Private Limited,TATA CAPITAL LIMITED,2026-09-25,https://data.rbi.org.in/BOE/OpenDocument/opendoc/custom.jsp?iDocID=ARfEgy.WNSVIvFfvSIVmBCw&sIDType=CUID,App store,https://apps.apple.com/in/app/indmoney-stocks-mutual-funds/id1450178837,https://apps.apple.com/in/app/indmoney-stocks-mutual-funds/id1450178837,,2444,0
Indmoney [Other - Disbursal Drawdown],Finzoomers Services Private Limited,TATA CAPITAL LIMITED,2026-09-25,https://data.rbi.org.in/BOE/OpenDocument/opendoc/custom.jsp?iDocID=ARfEgy.WNSVIvFfvSIVmBCw&sIDType=CUID,App store,https://apps.apple.com/in/app/indmoney-stocks-mutual-funds/id1450178837,https://apps.apple.com/in/app/indmoney-stocks-mutual-funds/id1450178837,,2445,0
Indmoney [Other - Disbursal Drawdown],Finzoomers Services Private Limited,TATA CAPITAL LIMITED,2026-09-25,https://data.rbi.org.in/BOE/OpenDocument/opendoc/custom.jsp?iDocID=ARfEgy.WNSVIvFfvSIVmBCw&sIDType=CUID,Play store,https://play.google.com/store/apps/details?id=in.indwealth,https://play.google.com/store/apps/details?id=in.indwealth&hl=en-US,in.indwealth,2446,0
Indmoney [Other - Disbursal Drawdown],Finzoomers Services Private Limited,TATA CAPITAL LIMITED,2026-09-25,https://data.rbi.org.in/BOE/OpenDocument/opendoc/custom.jsp?iDocID=ARfEgy.WNSVIvFfvSIVmBCw&sIDType=CUID,Play store,https://play.google.com/store/apps/details?id=in.indwealth,https://play.google.com/store/apps/details?id=in.indwealth&hl=en-US,in.indwealth,2447,0
Indmoney [Other - Disbursal Drawdown],Finzoomers Services Private Limited,TATA CAPITAL LIMITED,2026-09-25,https://data.rbi.org.in/BOE/OpenDocument/opendoc/custom.jsp?iDocID=ARfEgy.WNSVIvFfvSIVmBCw&sIDType=CUID,Website,https://www.indmoney.com/,https://www.indmoney.com/,,2448,0
Indmoney [Other - Disbursal Drawdown],Finzoomers Services Private Limited,TATA CAPITAL LIMITED,2026-09-25,https://data.rbi.org.in/BOE/OpenDocument/opendoc/custom.jsp?iDocID=ARfEgy.WNSVIvFfvSIVmBCw&sIDType=CUID,Website,https://www.indmoney.com/,https://www.indmoney.com/,,2449,0
KreditBee,Finnovation Tech Solutions Private Limited,TATA CAPITAL LIMITED,2026-09-25,https://data.rbi.org.in/BOE/OpenDocument/opendoc/custom.jsp?iDocID=ARfEgy.WNSVIvFfvSIVmBCw&sIDType=CUID,App Store,https://apps.apple.com/in/app/easy-personal-loan-kreditbee/id1488736283,https://apps.apple.com/in/app/easy-personal-loan-kreditbee/id1488736283,,2450,0
KreditBee,Finnovation Tech Solutions Private Limited,TATA CAPITAL LIMITED,2026-09-25,https://data.rbi.org.in/BOE/OpenDocument/opendoc/custom.jsp?iDocID=ARfEgy.WNSVIvFfvSIVmBCw&sIDType=CUID,App Store,https://apps.apple.com/in/app/easy-personal-loan-kreditbee/id1488736283,https://apps.apple.com/in/app/easy-personal-loan-kreditbee/id1488736283,,2451,0
KreditBee,Finnovation Tech Solutions Private Limited,TATA CAPITAL LIMITED,2026-09-25,https://data.rbi.org.in/BOE/OpenDocument/opendoc/custom.jsp?iDocID=ARfEgy.WNSVIvFfvSIVmBCw&sIDType=CUID,Galaxy Store,https://apps.samsung.com/appquery/appDetail.as?appId=com.kreditbee.android,https://apps.samsung.com/appquery/appDetail.as?appId=com.kreditbee.android,,2452,0
KreditBee,Finnovation Tech Solutions Private Limited,TATA CAPITAL LIMITED,2026-09-25,https://data.rbi.org.in/BOE/OpenDocument/opendoc/custom.jsp?iDocID=ARfEgy.WNSVIvFfvSIVmBCw&sIDType=CUID,Galaxy Store,https://apps.samsung.com/appquery/appDetail.as?appId=com.kreditbee.android,https://apps.samsung.com/appquery/appDetail.as?appId=com.kreditbee.android,,2453,0
KreditBee,Finnovation Tech Solutions Private Limited,TATA CAPITAL LIMITED,2026-09-25,https://data.rbi.org.in/BOE/OpenDocument/opendoc/custom.jsp?iDocID=ARfEgy.WNSVIvFfvSIVmBCw&sIDType=CUID,Indus App Store,https://indusapp.store/9ip3i05q,https://indusapp.store/9ip3i05q,,2454,0
KreditBee,Finnovation Tech Solutions Private Limited,TATA CAPITAL LIMITED,2026-09-25,https://data.rbi.org.in/BOE/OpenDocument/opendoc/custom.jsp?iDocID=ARfEgy.WNSVIvFfvSIVmBCw&sIDType=CUID,Indus App Store,https://indusapp.store/9ip3i05q,https://indusapp.store/9ip3i05q,,2455,0
KreditBee,Finnovation Tech Solutions Private Limited,TATA CAPITAL LIMITED,2026-09-25,https://data.rbi.org.in/BOE/OpenDocument/opendoc/custom.jsp?iDocID=ARfEgy.WNSVIvFfvSIVmBCw&sIDType=CUID,Oppo,oaps://mk/dt?pkg=com.kreditbee.android&style=1,oaps://mk/dt?pkg=com.kreditbee.android&style=1,,2456,0
KreditBee,Finnovation Tech Solutions Private Limited,TATA CAPITAL LIMITED,2026-09-25,https://data.rbi.org.in/BOE/OpenDocument/opendoc/custom.jsp?iDocID=ARfEgy.WNSVIvFfvSIVmBCw&sIDType=CUID,Oppo,oaps://mk/dt?pkg=com.kreditbee.android&style=1,oaps://mk/dt?pkg=com.kreditbee.android&style=1,,2457,0
KreditBee,Finnovation Tech Solutions Private Limited,TATA CAPITAL LIMITED,2026-09-25,https://data.rbi.org.in/BOE/OpenDocument/opendoc/custom.jsp?iDocID=ARfEgy.WNSVIvFfvSIVmBCw&sIDType=CUID,Play store,https://play.google.com/store/apps/details?id=com.kreditbee.android,https://play.google.com/store/apps/details?id=com.kreditbee.android,com.kreditbee.android,2458,0
KreditBee,Finnovation Tech Solutions Private Limited,TATA CAPITAL LIMITED,2026-09-25,https://data.rbi.org.in/BOE/OpenDocument/opendoc/custom.jsp?iDocID=ARfEgy.WNSVIvFfvSIVmBCw&sIDType=CUID,Play store,https://play.google.com/store/apps/details?id=com.kreditbee.android,https://play.google.com/store/apps/details?id=com.kreditbee.android,com.kreditbee.android,2459,0
KreditBee,Finnovation Tech Solutions Private Limited,TATA CAPITAL LIMITED,2026-09-25,https://data.rbi.org.in/BOE/OpenDocument/opendoc/custom.jsp?iDocID=ARfEgy.WNSVIvFfvSIVmBCw&sIDType=CUID,Vivo Market,https://play.google.com/store/apps/details?id=com.kreditbee.android,vivomarket://details?id=com.kreditbee.android,com.kreditbee.android,2460,0
KreditBee,Finnovation Tech Solutions Private Limited,TATA CAPITAL LIMITED,2026-09-25,https://data.rbi.org.in/BOE/OpenDocument/opendoc/custom.jsp?iDocID=ARfEgy.WNSVIvFfvSIVmBCw&sIDType=CUID,Vivo Market,https://play.google.com/store/apps/details?id=com.kreditbee.android,vivomarket://details?id=com.kreditbee.android,com.kreditbee.android,2461,0
KreditBee,Finnovation Tech Solutions Private Limited,TATA CAPITAL LIMITED,2026-09-25,https://data.rbi.org.in/BOE/OpenDocument/opendoc/custom.jsp?iDocID=ARfEgy.WNSVIvFfvSIVmBCw&sIDType=CUID,Website,https://www.kreditbee.in/,https://www.kreditbee.in/,,2462,0
KreditBee,Finnovation Tech Solutions Private Limited,TATA CAPITAL LIMITED,2026-09-25,https://data.rbi.org.in/BOE/OpenDocument/opendoc/custom.jsp?iDocID=ARfEgy.WNSVIvFfvSIVmBCw&sIDType=CUID,Website,https://www.kreditbee.in/,https://www.kreditbee.in/,,2463,0
KreditBee,Finnovation Tech Solutions Private Limited,TATA CAPITAL LIMITED,2026-09-25,https://data.rbi.org.in/BOE/OpenDocument/opendoc/custom.jsp?iDocID=ARfEgy.WNSVIvFfvSIVmBCw&sIDType=CUID,Xiaomi Global App,https://play.google.com/store/apps/details?id=com.kreditbee.android,https://global.app.mi.com/details?lo=IN&la=en_US&id=com.kreditbee.android,com.kreditbee.android,2464,0
KreditBee,Finnovation Tech Solutions Private Limited,TATA CAPITAL LIMITED,2026-09-25,https://data.rbi.org.in/BOE/OpenDocument/opendoc/custom.jsp?iDocID=ARfEgy.WNSVIvFfvSIVmBCw&sIDType=CUID,Xiaomi Global App,https://play.google.com/store/apps/details?id=com.kreditbee.android,https://global.app.mi.com/details?lo=IN&la=en_US&id=com.kreditbee.android,com.kreditbee.android,2465,0
Lendingkart,Lendingkart Finance Limited,TATA CAPITAL LIMITED,2026-09-25,https://data.rbi.org.in/BOE/OpenDocument/opendoc/custom.jsp?iDocID=ARfEgy.WNSVIvFfvSIVmBCw&sIDType=CUID,Play store,https://play.google.com/store/apps/details?id=com.LendingKart,https://play.google.com/store/apps/details?id=com.LendingKart,com.LendingKart,2466,0
Lendingkart,Lendingkart Finance Limited,TATA CAPITAL LIMITED,2026-09-25,https://data.rbi.org.in/BOE/OpenDocument/opendoc/custom.jsp?iDocID=ARfEgy.WNSVIvFfvSIVmBCw&sIDType=CUID,Play store,https://play.google.com/store/apps/details?id=com.LendingKart,https://play.google.com/store/apps/details?id=com.LendingKart,com.LendingKart,2467,0
Lendingkart,Lendingkart Finance Limited,TATA CAPITAL LIMITED,2026-09-25,https://data.rbi.org.in/BOE/OpenDocument/opendoc/custom.jsp?iDocID=ARfEgy.WNSVIvFfvSIVmBCw&sIDType=CUID,Website,https://www.lendingkart.com/,https://www.lendingkart.com/,,2468,0
Lendingkart,Lendingkart Finance Limited,TATA CAPITAL LIMITED,2026-09-25,https://data.rbi.org.in/BOE/OpenDocument/opendoc/custom.jsp?iDocID=ARfEgy.WNSVIvFfvSIVmBCw&sIDType=CUID,Website,https://www.lendingkart.com/,https://www.lendingkart.com/,,2469,0
Navi Finserv Limited,Navi Finserv Limited,TATA CAPITAL LIMITED,2026-09-25,https://data.rbi.org.in/BOE/OpenDocument/opendoc/custom.jsp?iDocID=ARfEgy.WNSVIvFfvSIVmBCw&sIDType=CUID,Website,https://pl.navifinserv.com/login,https://pl.navifinserv.com/login,,2470,0
Navi Finserv Limited,Navi Finserv Limited,TATA CAPITAL LIMITED,2026-09-25,https://data.rbi.org.in/BOE/OpenDocument/opendoc/custom.jsp?iDocID=ARfEgy.WNSVIvFfvSIVmBCw&sIDType=CUID,Website,https://pl.navifinserv.com/login,https://pl.navifinserv.com/login,,2471,0
OLA,OLA Financial services Pvt Ltd,TATA CAPITAL LIMITED,2026-09-25,https://data.rbi.org.in/BOE/OpenDocument/opendoc/custom.jsp?iDocID=ARfEgy.WNSVIvFfvSIVmBCw&sIDType=CUID,App Store,https://apps.apple.com/in/app/ola-book-cab-auto-bike-taxi/id539179365,https://apps.apple.com/in/app/ola-book-cab-auto-bike-taxi/id539179365,,2472,0
OLA,OLA Financial services Pvt Ltd,TATA CAPITAL LIMITED,2026-09-25,https://data.rbi.org.in/BOE/OpenDocument/opendoc/custom.jsp?iDocID=ARfEgy.WNSVIvFfvSIVmBCw&sIDType=CUID,App Store,https://apps.apple.com/in/app/ola-book-cab-auto-bike-taxi/id539179365,https://apps.apple.com/in/app/ola-book-cab-auto-bike-taxi/id539179365,,2473,0
OLA,OLA Financial services Pvt Ltd,TATA CAPITAL LIMITED,2026-09-25,https://data.rbi.org.in/BOE/OpenDocument/opendoc/custom.jsp?iDocID=ARfEgy.WNSVIvFfvSIVmBCw&sIDType=CUID,Play store,https://play.google.com/store/apps/details?id=com.olacabs.customer,https://play.google.com/store/apps/details?id=com.olacabs.customer,com.olacabs.customer,2474,0
OLA,OLA Financial services Pvt Ltd,TATA CAPITAL LIMITED,2026-09-25,https://data.rbi.org.in/BOE/OpenDocument/opendoc/custom.jsp?iDocID=ARfEgy.WNSVIvFfvSIVmBCw&sIDType=CUID,Play store,https://play.google.com/store/apps/details?id=com.olacabs.customer,https://play.google.com/store/apps/details?id=com.olacabs.customer,com.olacabs.customer,2475,0
OLA,OLA Financial services Pvt Ltd,TATA CAPITAL LIMITED,2026-09-25,https://data.rbi.org.in/BOE/OpenDocument/opendoc/custom.jsp?iDocID=ARfEgy.WNSVIvFfvSIVmBCw&sIDType=CUID,Website,https://www.olamoney.com/,https://www.olamoney.com/,,2476,0
OLA,OLA Financial services Pvt Ltd,TATA CAPITAL LIMITED,2026-09-25,https://data.rbi.org.in/BOE/OpenDocument/opendoc/custom.jsp?iDocID=ARfEgy.WNSVIvFfvSIVmBCw&sIDType=CUID,Website,https://www.olamoney.com/,https://www.olamoney.com/,,2477,0
P4B,One 97 Communications Limited,TATA CAPITAL LIMITED,2026-09-25,https://data.rbi.org.in/BOE/OpenDocument/opendoc/custom.jsp?iDocID=ARfEgy.WNSVIvFfvSIVmBCw&sIDType=CUID,App Store,https://apps.apple.com/in/app/paytm-for-business/id1351301966,https://apps.apple.com/in/app/paytm-for-business/id1351301966,,2478,0
P4B,One 97 Communications Limited,TATA CAPITAL LIMITED,2026-09-25,https://data.rbi.org.in/BOE/OpenDocument/opendoc/custom.jsp?iDocID=ARfEgy.WNSVIvFfvSIVmBCw&sIDType=CUID,App Store,https://apps.apple.com/in/app/paytm-for-business/id1351301966,https://apps.apple.com/in/app/paytm-for-business/id1351301966,,2479,0
P4B,One 97 Communications Limited,TATA CAPITAL LIMITED,2026-09-25,https://data.rbi.org.in/BOE/OpenDocument/opendoc/custom.jsp?iDocID=ARfEgy.WNSVIvFfvSIVmBCw&sIDType=CUID,Play store,https://play.google.com/store/apps/details?id=com.paytm.business,https://play.google.com/store/apps/details?id=com.paytm.business,com.paytm.business,2480,0
P4B,One 97 Communications Limited,TATA CAPITAL LIMITED,2026-09-25,https://data.rbi.org.in/BOE/OpenDocument/opendoc/custom.jsp?iDocID=ARfEgy.WNSVIvFfvSIVmBCw&sIDType=CUID,Play store,https://play.google.com/store/apps/details?id=com.paytm.business,https://play.google.com/store/apps/details?id=com.paytm.business,com.paytm.business,2481,0
Paisabazaar,Paisabazaar Marketing and consulting Private Limited,TATA CAPITAL LIMITED,2026-09-25,https://data.rbi.org.in/BOE/OpenDocument/opendoc/custom.jsp?iDocID=ARfEgy.WNSVIvFfvSIVmBCw&sIDType=CUID,Play store,https://play.google.com/store/apps/details?id=com.paisabazaar,https://play.google.com/store/apps/details?id=com.paisabazaar&hl=en_IN,com.paisabazaar,2482,0
Paisabazaar,Paisabazaar Marketing and consulting Private Limited,TATA CAPITAL LIMITED,2026-09-25,https://data.rbi.org.in/BOE/OpenDocument/opendoc/custom.jsp?iDocID=ARfEgy.WNSVIvFfvSIVmBCw&sIDType=CUID,Play store,https://play.google.com/store/apps/details?id=com.paisabazaar,https://play.google.com/store/apps/details?id=com.paisabazaar&hl=en_IN,com.paisabazaar,2483,0
Paisabazaar,Paisabazaar Marketing and consulting Private Limited,TATA CAPITAL LIMITED,2026-09-25,https://data.rbi.org.in/BOE/OpenDocument/opendoc/custom.jsp?iDocID=ARfEgy.WNSVIvFfvSIVmBCw&sIDType=CUID,Website,https://www.paisabazaar.com/partners/,https://www.paisabazaar.com/partners/,,2484,0
Paisabazaar,Paisabazaar Marketing and consulting Private Limited,TATA CAPITAL LIMITED,2026-09-25,https://data.rbi.org.in/BOE/OpenDocument/opendoc/custom.jsp?iDocID=ARfEgy.WNSVIvFfvSIVmBCw&sIDType=CUID,Website,https://www.paisabazaar.com/partners/,https://www.paisabazaar.com/partners/,,2485,0
Paytm,One 97 Communications Limited,TATA CAPITAL LIMITED,2026-09-25,https://data.rbi.org.in/BOE/OpenDocument/opendoc/custom.jsp?iDocID=ARfEgy.WNSVIvFfvSIVmBCw&sIDType=CUID,App Store,https://apps.apple.com/in/app/paytm-secure-upi-payments/id473941634,https://apps.apple.com/in/app/paytm-secure-upi-payments/id473941634,,2486,0
Paytm,One 97 Communications Limited,TATA CAPITAL LIMITED,2026-09-25,https://data.rbi.org.in/BOE/OpenDocument/opendoc/custom.jsp?iDocID=ARfEgy.WNSVIvFfvSIVmBCw&sIDType=CUID,App Store,https://apps.apple.com/in/app/paytm-secure-upi-payments/id473941634,https://apps.apple.com/in/app/paytm-secure-upi-payments/id473941634,,2487,0
Paytm,One 97 Communications Limited,TATA CAPITAL LIMITED,2026-09-25,https://data.rbi.org.in/BOE/OpenDocument/opendoc/custom.jsp?iDocID=ARfEgy.WNSVIvFfvSIVmBCw&sIDType=CUID,Play store,https://play.google.com/store/apps/details?id=net.one97.paytm,https://play.google.com/store/apps/details?id=net.one97.paytm,net.one97.paytm,2488,0
Paytm,One 97 Communications Limited,TATA CAPITAL LIMITED,2026-09-25,https://data.rbi.org.in/BOE/OpenDocument/opendoc/custom.jsp?iDocID=ARfEgy.WNSVIvFfvSIVmBCw&sIDType=CUID,Play store,https://play.google.com/store/apps/details?id=net.one97.paytm,https://play.google.com/store/apps/details?id=net.one97.paytm,net.one97.paytm,2489,0
TATA Capital Loan App & Wealth,Tata Capital Limited,TATA CAPITAL LIMITED,2026-09-25,https://data.rbi.org.in/BOE/OpenDocument/opendoc/custom.jsp?iDocID=ARfEgy.WNSVIvFfvSIVmBCw&sIDType=CUID,App Store,https://apps.apple.com/in/app/tata-capital-loan-wealth-app/id1451688163,https://apps.apple.com/in/app/tata-capital-loan-wealth-app/id1451688163,,2490,0
TATA Capital Loan App & Wealth,Tata Capital Limited,TATA CAPITAL LIMITED,2026-09-25,https://data.rbi.org.in/BOE/OpenDocument/opendoc/custom.jsp?iDocID=ARfEgy.WNSVIvFfvSIVmBCw&sIDType=CUID,Play store,https://play.google.com/store/apps/details?id=com.snapwork.tcl,https://play.google.com/store/apps/details?id=com.snapwork.tcl,com.snapwork.tcl,2491,0
TATA Capital Loan App & Wealth,Tata Capital Limited,TATA CAPITAL LIMITED,2026-09-25,https://data.rbi.org.in/BOE/OpenDocument/opendoc/custom.jsp?iDocID=ARfEgy.WNSVIvFfvSIVmBCw&sIDType=CUID,Website,"Tata Capital - Personal Loans, Home Loans, Business Loans, Car Loans","Tata Capital - Personal Loans, Home Loans, Business Loans, Car Loans",,2492,0
TataNeu,Tata Digital Private Limited,TATA CAPITAL LIMITED,2026-09-25,https://data.rbi.org.in/BOE/OpenDocument/opendoc/custom.jsp?iDocID=ARfEgy.WNSVIvFfvSIVmBCw&sIDType=CUID,App Store,https://apps.apple.com/in/app/tata-neu-shop-travel-finance/id1584669293,https://apps.apple.com/in/app/tata-neu-shop-travel-finance/id1584669293,,2493,0
TataNeu,Tata Digital Private Limited,TATA CAPITAL LIMITED,2026-09-25,https://data.rbi.org.in/BOE/OpenDocument/opendoc/custom.jsp?iDocID=ARfEgy.WNSVIvFfvSIVmBCw&sIDType=CUID,App Store,https://apps.apple.com/in/app/tata-neu-shop-travel-finance/id1584669293,https://apps.apple.com/in/app/tata-neu-shop-travel-finance/id1584669293,,2494,0
TataNeu,Tata Digital Private Limited,TATA CAPITAL LIMITED,2026-09-25,https://data.rbi.org.in/BOE/OpenDocument/opendoc/custom.jsp?iDocID=ARfEgy.WNSVIvFfvSIVmBCw&sIDType=CUID,Play store,https://play.google.com/store/apps/details?id=com.tatadigital.tcp,https://play.google.com/store/apps/details?id=com.tatadigital.tcp,com.tatadigital.tcp,2495,0
TataNeu,Tata Digital Private Limited,TATA CAPITAL LIMITED,2026-09-25,https://data.rbi.org.in/BOE/OpenDocument/opendoc/custom.jsp?iDocID=ARfEgy.WNSVIvFfvSIVmBCw&sIDType=CUID,Play store,https://play.google.com/store/apps/details?id=com.tatadigital.tcp,https://play.google.com/store/apps/details?id=com.tatadigital.tcp,com.tatadigital.tcp,2496,0
TataNeu,Tata Digital Private Limited,TATA CAPITAL LIMITED,2026-09-25,https://data.rbi.org.in/BOE/OpenDocument/opendoc/custom.jsp?iDocID=ARfEgy.WNSVIvFfvSIVmBCw&sIDType=CUID,Website,https://www.tataneu.com/home,https://www.tataneu.com/home,,2497,0
TataNeu,Tata Digital Private Limited,TATA CAPITAL LIMITED,2026-09-25,https://data.rbi.org.in/BOE/OpenDocument/opendoc/custom.jsp?iDocID=ARfEgy.WNSVIvFfvSIVmBCw&sIDType=CUID,Website,https://www.tataneu.com/home,https://www.tataneu.com/home,,2498,0
Volt [Other - Disbursal Drawdown],Salter Technologies Private Limited,TATA CAPITAL LIMITED,2026-09-25,https://data.rbi.org.in/BOE/OpenDocument/opendoc/custom.jsp?iDocID=ARfEgy.WNSVIvFfvSIVmBCw&sIDType=CUID,App store,https://apps.apple.com/in/app/volt-money-mutual-fund-loan/id6446775789,https://apps.apple.com/in/app/volt-money-mutual-fund-loan/id6446775789,,2499,0
Volt [Other - Disbursal Drawdown],Salter Technologies Private Limited,TATA CAPITAL LIMITED,2026-09-25,https://data.rbi.org.in/BOE/OpenDocument/opendoc/custom.jsp?iDocID=ARfEgy.WNSVIvFfvSIVmBCw&sIDType=CUID,App store,https://apps.apple.com/in/app/volt-money-mutual-fund-loan/id6446775789,https://apps.apple.com/in/app/volt-money-mutual-fund-loan/id6446775789,,2500,0
Volt [Other - Disbursal Drawdown],Salter Technologies Private Limited,TATA CAPITAL LIMITED,2026-09-25,https://data.rbi.org.in/BOE/OpenDocument/opendoc/custom.jsp?iDocID=ARfEgy.WNSVIvFfvSIVmBCw&sIDType=CUID,Play store,https://play.google.com/store/apps/details?id=in.voltmoney,https://play.google.com/store/apps/details?id=in.voltmoney&hl=en-US,in.voltmoney,2501,0
Volt [Other - Disbursal Drawdown],Salter Technologies Private Limited,TATA CAPITAL LIMITED,2026-09-25,https://data.rbi.org.in/BOE/OpenDocument/opendoc/custom.jsp?iDocID=ARfEgy.WNSVIvFfvSIVmBCw&sIDType=CUID,Play store,https://play.google.com/store/apps/details?id=in.voltmoney,https://play.google.com/store/apps/details?id=in.voltmoney&hl=en-US,in.voltmoney,2502,0
Volt [Other - Disbursal Drawdown],Salter Technologies Private Limited,TATA CAPITAL LIMITED,2026-09-25,https://data.rbi.org.in/BOE/OpenDocument/opendoc/custom.jsp?iDocID=ARfEgy.WNSVIvFfvSIVmBCw&sIDType=CUID,Website,https://www.voltmoney.in/,https://www.voltmoney.in/,,2503,0
Volt [Other - Disbursal Drawdown],Salter Technologies Private Limited,TATA CAPITAL LIMITED,2026-09-25,https://data.rbi.org.in/BOE/OpenDocument/opendoc/custom.jsp?iDocID=ARfEgy.WNSVIvFfvSIVmBCw&sIDType=CUID,Website,https://www.voltmoney.in/,https://www.voltmoney.in/,,2504,0
Wishfin,Mywish Marketplaces Private Limited,TATA CAPITAL LIMITED,2026-09-25,https://data.rbi.org.in/BOE/OpenDocument/opendoc/custom.jsp?iDocID=ARfEgy.WNSVIvFfvSIVmBCw&sIDType=CUID,Play store,https://play.google.com/store/apps/details?id=com.mywish.wishfin.view,https://play.google.com/store/apps/details?id=com.mywish.wishfin.view&hl=en_IN,com.mywish.wishfin.view,2505,0
Wishfin,Mywish Marketplaces Private Limited,TATA CAPITAL LIMITED,2026-09-25,https://data.rbi.org.in/BOE/OpenDocument/opendoc/custom.jsp?iDocID=ARfEgy.WNSVIvFfvSIVmBCw&sIDType=CUID,Play store,https://play.google.com/store/apps/details?id=com.mywish.wishfin.view,https://play.google.com/store/apps/details?id=com.mywish.wishfin.view&hl=en_IN,com.mywish.wishfin.view,2506,0
Wishfin,Mywish Marketplaces Private Limited,TATA CAPITAL LIMITED,2026-09-25,https://data.rbi.org.in/BOE/OpenDocument/opendoc/custom.jsp?iDocID=ARfEgy.WNSVIvFfvSIVmBCw&sIDType=CUID,Website,https://www.wishfin.com/personal-loan/tata-capital,https://www.wishfin.com/personal-loan/tata-capital,,2507,0
Wishfin,Mywish Marketplaces Private Limited,TATA CAPITAL LIMITED,2026-09-25,https://data.rbi.org.in/BOE/OpenDocument/opendoc/custom.jsp?iDocID=ARfEgy.WNSVIvFfvSIVmBCw&sIDType=CUID,Website,https://www.wishfin.com/personal-loan/tata-capital,https://www.wishfin.com/personal-loan/tata-capital,,2508,0
Oro money,Orocorp Technologies Private Limited,TENMARK CAPITAL PRIVATE LIMITED,2026-09-25,https://data.rbi.org.in/BOE/OpenDocument/opendoc/custom.jsp?iDocID=ARfEgy.WNSVIvFfvSIVmBCw&sIDType=CUID,https://www.oromoney.in/,https://play.google.com/store/apps/details?id=in.orocorp.customer,https://play.google.com/store/apps/details?id=in.orocorp.customer&pcampaignid=web_share,in.orocorp.customer,2509,0
Trustpaisa,FLEXIDIIGITAL TECH INDIA PVT LTD,THANVIR BROS (P) LTD,2026-09-25,https://data.rbi.org.in/BOE/OpenDocument/opendoc/custom.jsp?iDocID=ARfEgy.WNSVIvFfvSIVmBCw&sIDType=CUID,Playstore,https://play.google.com/store/apps/details?id=trustpaisa.app,https://play.google.com/store/apps/details?id=trustpaisa.app,trustpaisa.app,2510,0
Trustpaisa,FLEXIDIIGITAL TECH INDIA PVT LTD,THANVIR BROS (P) LTD,2026-09-25,https://data.rbi.org.in/BOE/OpenDocument/opendoc/custom.jsp?iDocID=ARfEgy.WNSVIvFfvSIVmBCw&sIDType=CUID,Website,trustpaisa.com,trustpaisa.com,,2511,0
Digital Personal Loans Application (PIL-STP),HSBC (Self-Owned),THE HONGKONG AND SHANGHAI BANKING CORPORATION LIMITED,2026-09-25,https://data.rbi.org.in/BOE/OpenDocument/opendoc/custom.jsp?iDocID=ARfEgy.WNSVIvFfvSIVmBCw&sIDType=CUID,Website,https://personal-loan.hsbc.co.in,https://personal-loan.hsbc.co.in,,2512,0
MOBIPRO,Bankai Informatics Pvt. Ltd.,THE KODINAR NAGRIK SAHAKARI BANK LTD.,2026-09-25,https://data.rbi.org.in/BOE/OpenDocument/opendoc/custom.jsp?iDocID=ARfEgy.WNSVIvFfvSIVmBCw&sIDType=CUID,GOOGLE PLAY STORE,https://play.google.com/store/apps/details?id=com.kodinar.mobipro,https://play.google.com/store/apps/details?id=com.kodinar.mobipro,com.kodinar.mobipro,2513,0
0,0,THE MIZORAM CO-OPERATIVE APEX BANK LTD.,2026-09-25,https://data.rbi.org.in/BOE/OpenDocument/opendoc/custom.jsp?iDocID=ARfEgy.WNSVIvFfvSIVmBCw&sIDType=CUID,mizoapex,0,0,,2514,0
Toyota Finance,Toyota Financial Service India Limited - Self Owned,TOYOTA FINANCIAL SERVICES INDIA LIMITED,2026-09-25,https://data.rbi.org.in/BOE/OpenDocument/opendoc/custom.jsp?iDocID=ARfEgy.WNSVIvFfvSIVmBCw&sIDType=CUID,Google Play,https://play.google.com/store/apps/details?id=com.toyotafinance.projectvikram,https://play.google.com/store/apps/details?id=com.toyotafinance.projectvikram,com.toyotafinance.projectvikram,2516,0
Oroboro Loans,Self Owned,TRANSWARRANTY FINANCE LIMITED,2026-09-25,https://data.rbi.org.in/BOE/OpenDocument/opendoc/custom.jsp?iDocID=ARfEgy.WNSVIvFfvSIVmBCw&sIDType=CUID,website,https://loan.oroboro.in/,https://loan.oroboro.in/,,2517,0
Oroboro Loans,Self Owned,TRANSWARRANTY FINANCE LIMITED,2026-09-25,https://data.rbi.org.in/BOE/OpenDocument/opendoc/custom.jsp?iDocID=ARfEgy.WNSVIvFfvSIVmBCw&sIDType=CUID,website,https://www.oroboro.in,https://www.oroboro.in,,2518,0
Freo,MWYN Tech Private Limited,TRILLIONLOANS FINTECH PRIVATE LIMITED,2026-09-25,https://data.rbi.org.in/BOE/OpenDocument/opendoc/custom.jsp?iDocID=ARfEgy.WNSVIvFfvSIVmBCw&sIDType=CUID,Apple Playstore,https://apps.apple.com/in/app/freo-pay-save-borrow/id1588894115,https://apps.apple.com/in/app/freo-pay-save-borrow/id1588894115,,2519,0
Freo,MWYN Tech Private Limited,TRILLIONLOANS FINTECH PRIVATE LIMITED,2026-09-25,https://data.rbi.org.in/BOE/OpenDocument/opendoc/custom.jsp?iDocID=ARfEgy.WNSVIvFfvSIVmBCw&sIDType=CUID,Google Playstore,https://play.google.com/store/apps/details?id=com.moneytap.bnpl.app,https://play.google.com/store/apps/details?id=com.moneytap.bnpl.app&hl=en_US&pli=1,com.moneytap.bnpl.app,2520,0
Freo,MWYN Tech Private Limited,TRILLIONLOANS FINTECH PRIVATE LIMITED,2026-09-25,https://data.rbi.org.in/BOE/OpenDocument/opendoc/custom.jsp?iDocID=ARfEgy.WNSVIvFfvSIVmBCw&sIDType=CUID,Website,https://freo.money/,https://freo.money/,,2521,0
Fundly,Ardour Analytics Private Limited,TRILLIONLOANS FINTECH PRIVATE LIMITED,2026-09-25,https://data.rbi.org.in/BOE/OpenDocument/opendoc/custom.jsp?iDocID=ARfEgy.WNSVIvFfvSIVmBCw&sIDType=CUID,Android Google Play Store/iOS app store,https://play.google.com/store/apps/details?id=com.fundly.fundly,https://apps.apple.com/in/app/fundly/id6746642092    Android - https://play.google.com/store/apps/details?id=com.fundly.fundly&hl=en_IN,com.fundly.fundly,2522,0
Mobikwik,ONE MOBIKWIK SYSTEMS LIMITED,TRILLIONLOANS FINTECH PRIVATE LIMITED,2026-09-25,https://data.rbi.org.in/BOE/OpenDocument/opendoc/custom.jsp?iDocID=ARfEgy.WNSVIvFfvSIVmBCw&sIDType=CUID,Android Google Play Store/iOS app store,https://play.google.com/store/apps/details?id=com.mobikwik_new,https://apps.apple.com/in/app/mobikwik-bhim-upi-wallet/id600002523Play Store :- https://play.google.com/store/apps/details?id=com.mobikwik_new&hl=en,com.mobikwik_new,2523,0
Moneyview,Moneyview Limited (formerly known as Moneyview Private Limited and Whizdm Innovations Pvt Limited),TRILLIONLOANS FINTECH PRIVATE LIMITED,2026-09-25,https://data.rbi.org.in/BOE/OpenDocument/opendoc/custom.jsp?iDocID=ARfEgy.WNSVIvFfvSIVmBCw&sIDType=CUID,Google Play Store,https://play.google.com/store/apps/details?id=com.whizdm.moneyview.loans,https://play.google.com/store/apps/details?id=com.whizdm.moneyview.loans&pcampaignid=web_share,com.whizdm.moneyview.loans,2524,0
Moneyview,Moneyview Limited (formerly known as Moneyview Private Limited and Whizdm Innovations Pvt Limited),TRILLIONLOANS FINTECH PRIVATE LIMITED,2026-09-25,https://data.rbi.org.in/BOE/OpenDocument/opendoc/custom.jsp?iDocID=ARfEgy.WNSVIvFfvSIVmBCw&sIDType=CUID,iOS App Store,https://apps.apple.com/in/app/moneyview-loans-credit-cards/id6468976019,https://apps.apple.com/in/app/moneyview-loans-credit-cards/id6468976019,,2525,0
NIRA Instant Personal Loan App,Shuhari Tech Ventures Private Limited,TRILLIONLOANS FINTECH PRIVATE LIMITED,2026-09-25,https://data.rbi.org.in/BOE/OpenDocument/opendoc/custom.jsp?iDocID=ARfEgy.WNSVIvFfvSIVmBCw&sIDType=CUID,Android Google Play Store,https://play.google.com/store/apps/details?id=com.nirafinance.customer,https://play.google.com/store/apps/details?id=com.nirafinance.customer,com.nirafinance.customer,2526,0
NYE,RAPIPAY FINTECH PVT LTD,TRILLIONLOANS FINTECH PRIVATE LIMITED,2026-09-25,https://data.rbi.org.in/BOE/OpenDocument/opendoc/custom.jsp?iDocID=ARfEgy.WNSVIvFfvSIVmBCw&sIDType=CUID,Android Google Play Store/iOS app store,https://play.google.com/store/apps/details?id=com.rapipay.nyeApp,https://play.google.com/store/apps/details?id=com.rapipay.nyeApp Store - https://apps.apple.com/in/app/nye-money/id1662431820,com.rapipay.nyeApp,2527,0
BharatPe,Operated by Resilient Digi Services Private Limited,TRILLIONLOANS FINTECH PRIVATE LIMITED,2026-09-25,https://data.rbi.org.in/BOE/OpenDocument/opendoc/custom.jsp?iDocID=ARfEgy.WNSVIvFfvSIVmBCw&sIDType=CUID,Android Google Play Store /iOS - App Store,https://play.google.com/store/apps/details?id=com.bharatpe.app,iOs - https://apps.apple.com/in/app/bharatpe-for-business/id1329385873    Android - https://play.google.com/store/apps/details?id=com.bharatpe.app&hl=en_IN&pli=1,com.bharatpe.app,2528,0
BharatPe for Business,Operated by Resilient Digi Services Private Limited,TRILLIONLOANS FINTECH PRIVATE LIMITED,2026-09-25,https://data.rbi.org.in/BOE/OpenDocument/opendoc/custom.jsp?iDocID=ARfEgy.WNSVIvFfvSIVmBCw&sIDType=CUID,Android Google Play Store /iOS - App Store,https://play.google.com/store/apps/details?id=com.bharatpe.app,iOs - https://apps.apple.com/in/app/bharatpe-for-business/id1329385873    Android - https://play.google.com/store/apps/details?id=com.bharatpe.app&hl=en_IN&pli=1,com.bharatpe.app,2529,0
KarmaLife,OnionLife Private Limited,TRILLIONLOANS FINTECH PRIVATE LIMITED,2026-09-25,https://data.rbi.org.in/BOE/OpenDocument/opendoc/custom.jsp?iDocID=ARfEgy.WNSVIvFfvSIVmBCw&sIDType=CUID,Google Play Store,https://play.google.com/store/apps/details?id=in.onionlife.karmalife,https://play.google.com/store/apps/details?id=in.onionlife.karmalife&hl=en_IN,in.onionlife.karmalife,2530,0
Ninja Global Import Export,Ninjacart Services Private Limited,TRILLIONLOANS FINTECH PRIVATE LIMITED,2026-09-25,https://data.rbi.org.in/BOE/OpenDocument/opendoc/custom.jsp?iDocID=ARfEgy.WNSVIvFfvSIVmBCw&sIDType=CUID,Android Google Play Store/iOS app store,https://play.google.com/store/apps/details?id=com.ninja.ninjaglobal,"Android - https://play.google.com/store/apps/details?id=com.ninja.ninjaglobal&pli=1, iOS - https://apps.apple.com/in/app/ninja-global-import-export/id1618448963",com.ninja.ninjaglobal,2531,0
Ninjamandi,Ninjacart Services Private Limited,TRILLIONLOANS FINTECH PRIVATE LIMITED,2026-09-25,https://data.rbi.org.in/BOE/OpenDocument/opendoc/custom.jsp?iDocID=ARfEgy.WNSVIvFfvSIVmBCw&sIDType=CUID,Android Google Play Store/iOS app store,https://play.google.com/store/apps/details?id=com.nc.trader,"Android - https://play.google.com/store/apps/details?id=com.nc.trader , iOS - https://apps.apple.com/in/app/ninja-app/id1626963855",com.nc.trader,2532,0
Savein Money,SaveIN Fintech Private Limited,TRILLIONLOANS FINTECH PRIVATE LIMITED,2026-09-25,https://data.rbi.org.in/BOE/OpenDocument/opendoc/custom.jsp?iDocID=ARfEgy.WNSVIvFfvSIVmBCw&sIDType=CUID,Website,https://savein.money,https://savein.money,,2533,0
True Balance,Balancehero India Private Limited (Licensed by Balanchero Co. Ltd. - South Korea),TRUE CREDITS PRIVATE LIMITED,2026-09-25,https://data.rbi.org.in/BOE/OpenDocument/opendoc/custom.jsp?iDocID=ARfEgy.WNSVIvFfvSIVmBCw&sIDType=CUID,Apple App Store,https://apps.apple.com/in/app/true-balance-personal-loan/id6752374449,https://apps.apple.com/in/app/true-balance-personal-loan/id6752374449,,2534,0
True Balance,Balancehero India Private Limited (Licensed by Balanchero Co. Ltd. - South Korea),TRUE CREDITS PRIVATE LIMITED,2026-09-25,https://data.rbi.org.in/BOE/OpenDocument/opendoc/custom.jsp?iDocID=ARfEgy.WNSVIvFfvSIVmBCw&sIDType=CUID,Galaxy Store (Samsung),https://galaxystore.samsung.com/detail/com.balancehero.truebalance,https://galaxystore.samsung.com/detail/com.balancehero.truebalance,,2535,0
True Balance,Balancehero India Private Limited (Licensed by Balanchero Co. Ltd. - South Korea),TRUE CREDITS PRIVATE LIMITED,2026-09-25,https://data.rbi.org.in/BOE/OpenDocument/opendoc/custom.jsp?iDocID=ARfEgy.WNSVIvFfvSIVmBCw&sIDType=CUID,Google Play Store,https://play.google.com/store/apps/details?id=com.balancehero.truebalance,https://play.google.com/store/apps/details?id=com.balancehero.truebalance,com.balancehero.truebalance,2536,0
True Balance,Balancehero India Private Limited (Licensed by Balanchero Co. Ltd. - South Korea),TRUE CREDITS PRIVATE LIMITED,2026-09-25,https://data.rbi.org.in/BOE/OpenDocument/opendoc/custom.jsp?iDocID=ARfEgy.WNSVIvFfvSIVmBCw&sIDType=CUID,Huawei AppGallery,https://appgallery.huawei.com/app/C101648675,https://appgallery.huawei.com/app/C101648675,,2537,0
True Balance,Balancehero India Private Limited (Licensed by Balanchero Co. Ltd. - South Korea),TRUE CREDITS PRIVATE LIMITED,2026-09-25,https://data.rbi.org.in/BOE/OpenDocument/opendoc/custom.jsp?iDocID=ARfEgy.WNSVIvFfvSIVmBCw&sIDType=CUID,Indus Appstore (Xiaomi),https://play.google.com/store/apps/details?id=com.balancehero.truebalance,https://global.app.mi.com/details?lo=IN&la=en_US&id=com.balancehero.truebalance,com.balancehero.truebalance,2538,0
True Balance,Balancehero India Private Limited (Licensed by Balanchero Co. Ltd. - South Korea),TRUE CREDITS PRIVATE LIMITED,2026-09-25,https://data.rbi.org.in/BOE/OpenDocument/opendoc/custom.jsp?iDocID=ARfEgy.WNSVIvFfvSIVmBCw&sIDType=CUID,Website,https://www.truebalance.io/,https://www.truebalance.io/,,2539,0
Truepay,Self-Owned,TRUEPAY FINANCE PRIVATE LIMITED (FORMERLY KNOWN AS JAIN FINSCAP PRIVATE LIMITED),2026-09-25,https://data.rbi.org.in/BOE/OpenDocument/opendoc/custom.jsp?iDocID=ARfEgy.WNSVIvFfvSIVmBCw&sIDType=CUID,Website,https://play.google.com/store/apps/details?id=com.truepay.app,https://play.google.com/store/apps/details?id=com.truepay.app,com.truepay.app,2540,0
TSB FINANCE PVT LTD,SELF-OWNED,TSB FINANCE PVT. LTD,2026-09-25,https://data.rbi.org.in/BOE/OpenDocument/opendoc/custom.jsp?iDocID=ARfEgy.WNSVIvFfvSIVmBCw&sIDType=CUID,YES,DAYANDNIGHTLOAN.COM,DAYANDNIGHTLOAN.COM,,2541,0
Finnable,Finnable Credit Private Limited/Finnable Technologies Private Limited,TVS CREDIT SERVICES LIMITED,2026-09-25,https://data.rbi.org.in/BOE/OpenDocument/opendoc/custom.jsp?iDocID=ARfEgy.WNSVIvFfvSIVmBCw&sIDType=CUID,Google App store,https://play.google.com/store/apps/details?id=com.finnable.customer,https://play.google.com/store/apps/details?id=com.finnable.customer,com.finnable.customer,2542,0
Finnable,Finnable Credit Private Limited/Finnable Technologies Private Limited,TVS CREDIT SERVICES LIMITED,2026-09-25,https://data.rbi.org.in/BOE/OpenDocument/opendoc/custom.jsp?iDocID=ARfEgy.WNSVIvFfvSIVmBCw&sIDType=CUID,IOS App store,https://apps.apple.com/in/app/finnable/id1453358250,https://apps.apple.com/in/app/finnable/id1453358250,,2543,0
Finnable,Finnable Credit Private Limited/Finnable Technologies Private Limited,TVS CREDIT SERVICES LIMITED,2026-09-25,https://data.rbi.org.in/BOE/OpenDocument/opendoc/custom.jsp?iDocID=ARfEgy.WNSVIvFfvSIVmBCw&sIDType=CUID,Website,https://www.finnable.com/,https://www.finnable.com/,,2544,0
Flipkart Internet Private Limited,Flipkart Advanz Private Limited,TVS CREDIT SERVICES LIMITED,2026-09-25,https://data.rbi.org.in/BOE/OpenDocument/opendoc/custom.jsp?iDocID=ARfEgy.WNSVIvFfvSIVmBCw&sIDType=CUID,Google App store,https://play.google.com/store/apps/details?id=com.flipkart.android,https://play.google.com/store/apps/details?id=com.flipkart.android&hl=en_IN,com.flipkart.android,2545,0
Flipkart Internet Private Limited,Flipkart Advanz Private Limited,TVS CREDIT SERVICES LIMITED,2026-09-25,https://data.rbi.org.in/BOE/OpenDocument/opendoc/custom.jsp?iDocID=ARfEgy.WNSVIvFfvSIVmBCw&sIDType=CUID,IOS App store,https://apps.apple.com/in/app/flipkart-online-shopping-app/id742044692,https://apps.apple.com/in/app/flipkart-online-shopping-app/id742044692,,2546,0
Flipkart Internet Private Limited,Flipkart Advanz Private Limited,TVS CREDIT SERVICES LIMITED,2026-09-25,https://data.rbi.org.in/BOE/OpenDocument/opendoc/custom.jsp?iDocID=ARfEgy.WNSVIvFfvSIVmBCw&sIDType=CUID,Website,https://www.flipkart.com/,https://www.flipkart.com/,,2547,0
Lending process is enabled for a website journey tech platform referred as InstaCred,Flexmoney Technologies Private Limited,TVS CREDIT SERVICES LIMITED,2026-09-25,https://data.rbi.org.in/BOE/OpenDocument/opendoc/custom.jsp?iDocID=ARfEgy.WNSVIvFfvSIVmBCw&sIDType=CUID,Website,https://www.flexmoney.in/,https://www.flexmoney.in/,,2548,0
Lending process is enabled for a website journey tech platform referred as Juspay Hypercredit,Juspay Technologies Private Ltd,TVS CREDIT SERVICES LIMITED,2026-09-25,https://data.rbi.org.in/BOE/OpenDocument/opendoc/custom.jsp?iDocID=ARfEgy.WNSVIvFfvSIVmBCw&sIDType=CUID,Website,https://juspay.io/in/hypercredit,https://juspay.io/in/hypercredit,,2549,0
NAVI Finserv,Navi Finserv Limited,TVS CREDIT SERVICES LIMITED,2026-09-25,https://data.rbi.org.in/BOE/OpenDocument/opendoc/custom.jsp?iDocID=ARfEgy.WNSVIvFfvSIVmBCw&sIDType=CUID,Website,navi.com/pl,navi.com/pl,,2550,0
The POS machines at the counters serves as the customer interface in the lending process.,Pine Labs Digital Solutions Private Limited,TVS CREDIT SERVICES LIMITED,2026-09-25,https://data.rbi.org.in/BOE/OpenDocument/opendoc/custom.jsp?iDocID=ARfEgy.WNSVIvFfvSIVmBCw&sIDType=CUID,Website,https://www.pinelabs.com,https://www.pinelabs.com,,2551,0
TOI Money,Times Internet Limited,TVS CREDIT SERVICES LIMITED,2026-09-25,https://data.rbi.org.in/BOE/OpenDocument/opendoc/custom.jsp?iDocID=ARfEgy.WNSVIvFfvSIVmBCw&sIDType=CUID,Website,https://www.toi.money,https://www.toi.money,,2552,0
TVS Credit Saathi (Web-based Journey also enabled),Self Owned,TVS CREDIT SERVICES LIMITED,2026-09-25,https://data.rbi.org.in/BOE/OpenDocument/opendoc/custom.jsp?iDocID=ARfEgy.WNSVIvFfvSIVmBCw&sIDType=CUID,Google App store,https://play.google.com/store/apps/details?id=com.tvscs.tvscreditapp,https://play.google.com/store/apps/details?id=com.tvscs.tvscreditapp&hl=en-US&pli=1,com.tvscs.tvscreditapp,2553,0
TVS Credit Saathi (Web-based Journey also enabled),Self Owned,TVS CREDIT SERVICES LIMITED,2026-09-25,https://data.rbi.org.in/BOE/OpenDocument/opendoc/custom.jsp?iDocID=ARfEgy.WNSVIvFfvSIVmBCw&sIDType=CUID,IOS App store,https://apps.apple.com/in/app/tvs-credit-saathi/id1524771336,https://apps.apple.com/in/app/tvs-credit-saathi/id1524771336,,2554,0
TVS Credit Saathi (Web-based Journey also enabled),Self Owned,TVS CREDIT SERVICES LIMITED,2026-09-25,https://data.rbi.org.in/BOE/OpenDocument/opendoc/custom.jsp?iDocID=ARfEgy.WNSVIvFfvSIVmBCw&sIDType=CUID,Website,https://stpcspl.tvscredit.com/stp/cso/310/,https://stpcspl.tvscredit.com/stp/cso/310/,,2555,0
TVS Credit Services Limited,Self Owned,TVS CREDIT SERVICES LIMITED,2026-09-25,https://data.rbi.org.in/BOE/OpenDocument/opendoc/custom.jsp?iDocID=ARfEgy.WNSVIvFfvSIVmBCw&sIDType=CUID,Website,https://digitalpl.tvscredit.com/digitalPL/#/login?sid=OPQ,https://digitalpl.tvscredit.com/digitalPL/#/login?sid=OPQ,,2556,0
Finnable,Finnable Credit Private Limited/Finnable Technologies Private Limited,TVS CREDIT SERVICES LTD,2026-09-25,https://data.rbi.org.in/BOE/OpenDocument/opendoc/custom.jsp?iDocID=ARfEgy.WNSVIvFfvSIVmBCw&sIDType=CUID,Google App store,https://play.google.com/store/apps/details?id=com.finnable.customer,https://play.google.com/store/apps/details?id=com.finnable.customer,com.finnable.customer,2557,0
Finnable,Finnable Credit Private Limited/Finnable Technologies Private Limited,TVS CREDIT SERVICES LTD,2026-09-25,https://data.rbi.org.in/BOE/OpenDocument/opendoc/custom.jsp?iDocID=ARfEgy.WNSVIvFfvSIVmBCw&sIDType=CUID,IOS App store,https://apps.apple.com/in/app/finnable/id1453358250,https://apps.apple.com/in/app/finnable/id1453358250,,2558,0
Finnable,Finnable Credit Private Limited/Finnable Technologies Private Limited,TVS CREDIT SERVICES LTD,2026-09-25,https://data.rbi.org.in/BOE/OpenDocument/opendoc/custom.jsp?iDocID=ARfEgy.WNSVIvFfvSIVmBCw&sIDType=CUID,Website,https://www.finnable.com/,https://www.finnable.com/,,2559,0
Flexmoney,Flexmoney Technologies Private Limited,TVS CREDIT SERVICES LTD,2026-09-25,https://data.rbi.org.in/BOE/OpenDocument/opendoc/custom.jsp?iDocID=ARfEgy.WNSVIvFfvSIVmBCw&sIDType=CUID,Website,https://www.flexmoney.in/,https://www.flexmoney.in/,,2560,0
Flipkart Internet Private Limited,Flipkart Advanz Private Limited,TVS CREDIT SERVICES LTD,2026-09-25,https://data.rbi.org.in/BOE/OpenDocument/opendoc/custom.jsp?iDocID=ARfEgy.WNSVIvFfvSIVmBCw&sIDType=CUID,Google App store,https://play.google.com/store/apps/details?id=com.flipkart.android,https://play.google.com/store/apps/details?id=com.flipkart.android&hl=en_IN,com.flipkart.android,2561,0
Flipkart Internet Private Limited,Flipkart Advanz Private Limited,TVS CREDIT SERVICES LTD,2026-09-25,https://data.rbi.org.in/BOE/OpenDocument/opendoc/custom.jsp?iDocID=ARfEgy.WNSVIvFfvSIVmBCw&sIDType=CUID,IOS App store,https://apps.apple.com/in/app/flipkart-online-shopping-app/id742044692,https://apps.apple.com/in/app/flipkart-online-shopping-app/id742044692,,2562,0
Flipkart Internet Private Limited,Flipkart Advanz Private Limited,TVS CREDIT SERVICES LTD,2026-09-25,https://data.rbi.org.in/BOE/OpenDocument/opendoc/custom.jsp?iDocID=ARfEgy.WNSVIvFfvSIVmBCw&sIDType=CUID,Website,https://www.flipkart.com/,https://www.flipkart.com/,,2563,0
TVS Credit Saathi,Self Owned,TVS CREDIT SERVICES LTD,2026-09-25,https://data.rbi.org.in/BOE/OpenDocument/opendoc/custom.jsp?iDocID=ARfEgy.WNSVIvFfvSIVmBCw&sIDType=CUID,Google App store,https://play.google.com/store/apps/details?id=com.tvscs.tvscreditapp,https://play.google.com/store/apps/details?id=com.tvscs.tvscreditapp&hl=en-US&pli=1,com.tvscs.tvscreditapp,2564,0
TVS Credit Saathi,Self Owned,TVS CREDIT SERVICES LTD,2026-09-25,https://data.rbi.org.in/BOE/OpenDocument/opendoc/custom.jsp?iDocID=ARfEgy.WNSVIvFfvSIVmBCw&sIDType=CUID,Google App store,https://play.google.com/store/search?q=tvs+credit+saathi&c=apps&hl=en,https://play.google.com/store/search?q=tvs+credit+saathi&c=apps&hl=en,,2565,0
TVS Credit Saathi,Self Owned,TVS CREDIT SERVICES LTD,2026-09-25,https://data.rbi.org.in/BOE/OpenDocument/opendoc/custom.jsp?iDocID=ARfEgy.WNSVIvFfvSIVmBCw&sIDType=CUID,IOS App store,https://apps.apple.com/in/app/tvs-credit-saathi/id1524771336,https://apps.apple.com/in/app/tvs-credit-saathi/id1524771336,,2566,0
TVS Credit Saathi,Self Owned,TVS CREDIT SERVICES LTD,2026-09-25,https://data.rbi.org.in/BOE/OpenDocument/opendoc/custom.jsp?iDocID=ARfEgy.WNSVIvFfvSIVmBCw&sIDType=CUID,Website,https://stpcspl.tvscredit.com/stp/cso/310/,https://stpcspl.tvscredit.com/stp/cso/310/,,2567,0
TVS Credit Services Limited,Self Owned,TVS CREDIT SERVICES LTD,2026-09-25,https://data.rbi.org.in/BOE/OpenDocument/opendoc/custom.jsp?iDocID=ARfEgy.WNSVIvFfvSIVmBCw&sIDType=CUID,Website,https://digitalpl.tvscredit.com/digitalPL/#/login?sid=OPQ,https://digitalpl.tvscredit.com/digitalPL/#/login?sid=OPQ,,2568,0
LOANHUB,SELF OWNED,TYCOON CREDIT &PORTFOLIO LTD.,2026-09-25,https://data.rbi.org.in/BOE/OpenDocument/opendoc/custom.jsp?iDocID=ARfEgy.WNSVIvFfvSIVmBCw&sIDType=CUID,WEBSITE,https://loanhubindia.com,https://loanhubindia.com,,2569,0
MY FLOT,Growcap creditwise Private limited,TYCOON CREDIT &PORTFOLIO LTD.,2026-09-25,https://data.rbi.org.in/BOE/OpenDocument/opendoc/custom.jsp?iDocID=ARfEgy.WNSVIvFfvSIVmBCw&sIDType=CUID,Website & App store,https://www.myflot.com,https://www.myflot.com,,2570,0
TAP4CREDIT,RNP Tech Services Private Limited,TYCOON CREDIT &PORTFOLIO LTD.,2026-09-25,https://data.rbi.org.in/BOE/OpenDocument/opendoc/custom.jsp?iDocID=ARfEgy.WNSVIvFfvSIVmBCw&sIDType=CUID,WEBSITE,https://tap4credit.in,https://tap4credit.in,,2571,0
True Rupee,SELF OWNED,TYCOON CREDIT &PORTFOLIO LTD.,2026-09-25,https://data.rbi.org.in/BOE/OpenDocument/opendoc/custom.jsp?iDocID=ARfEgy.WNSVIvFfvSIVmBCw&sIDType=CUID,App store,https://truerupee.com/download-app/,https://truerupee.com/download-app/,,2572,0
ZAPPLOANS,SELF OWNED,TYCOON CREDIT &PORTFOLIO LTD.,2026-09-25,https://data.rbi.org.in/BOE/OpenDocument/opendoc/custom.jsp?iDocID=ARfEgy.WNSVIvFfvSIVmBCw&sIDType=CUID,WEBSITE,https://zapploans.com,https://zapploans.com,,2573,0
Petro1 - Powered by Tyger Capital,Tyger Capital Private Limited,TYGER CAPITAL PRIVATE LIMIED (FORMERLY KNOWN AS ADANI CAPITAL PRIVATE LIMITED),2026-09-25,https://data.rbi.org.in/BOE/OpenDocument/opendoc/custom.jsp?iDocID=ARfEgy.WNSVIvFfvSIVmBCw&sIDType=CUID,AppStore/ Play store,Not Yet Release,Not Yet Release,,2574,0
Digital CC Renewal,Self Owned,UCO BANK,2026-09-25,https://data.rbi.org.in/BOE/OpenDocument/opendoc/custom.jsp?iDocID=ARfEgy.WNSVIvFfvSIVmBCw&sIDType=CUID,Website,https://www.ucobank.com/en/web/guest/instant-digital-loan,https://www.ucobank.com/en/web/guest/instant-digital-loan,,2575,0
Digital Education Loan,Self Owned,UCO BANK,2026-09-25,https://data.rbi.org.in/BOE/OpenDocument/opendoc/custom.jsp?iDocID=ARfEgy.WNSVIvFfvSIVmBCw&sIDType=CUID,Website,https://www.ucobank.com/en/web/guest/instant-digital-loan,https://www.ucobank.com/en/web/guest/instant-digital-loan,,2576,0
"Digital MSME Loan upto 25 Lakh (Shishu, Kishore, Tarun, MSME Smart)",Self Owned,UCO BANK,2026-09-25,https://data.rbi.org.in/BOE/OpenDocument/opendoc/custom.jsp?iDocID=ARfEgy.WNSVIvFfvSIVmBCw&sIDType=CUID,Website,https://www.ucobank.com/en/web/guest/instant-digital-loan,https://www.ucobank.com/en/web/guest/instant-digital-loan,,2577,0
GST Smart Finance,Self Owned,UCO BANK,2026-09-25,https://data.rbi.org.in/BOE/OpenDocument/opendoc/custom.jsp?iDocID=ARfEgy.WNSVIvFfvSIVmBCw&sIDType=CUID,Website,https://www.ucobank.com/en/web/guest/instant-digital-loan,https://www.ucobank.com/en/web/guest/instant-digital-loan,,2578,0
KCC Renewal Upto 2 lakh,Self Owned,UCO BANK,2026-09-25,https://data.rbi.org.in/BOE/OpenDocument/opendoc/custom.jsp?iDocID=ARfEgy.WNSVIvFfvSIVmBCw&sIDType=CUID,Website,https://www.ucobank.com/en/web/guest/instant-digital-loan,https://www.ucobank.com/en/web/guest/instant-digital-loan,,2579,0
KCC with RBIH integration,Self Owned,UCO BANK,2026-09-25,https://data.rbi.org.in/BOE/OpenDocument/opendoc/custom.jsp?iDocID=ARfEgy.WNSVIvFfvSIVmBCw&sIDType=CUID,Website,https://www.ucobank.com/en/web/guest/instant-digital-loan,https://www.ucobank.com/en/web/guest/instant-digital-loan,,2580,0
Loan against FDR,Self Owned,UCO BANK,2026-09-25,https://data.rbi.org.in/BOE/OpenDocument/opendoc/custom.jsp?iDocID=ARfEgy.WNSVIvFfvSIVmBCw&sIDType=CUID,Internet application/UCO Mbanking Plus app,"https://ucoebanking.in, UCO Mbanking Plus app","https://ucoebanking.in, UCO Mbanking Plus app",,2581,0
Overdraft against FD/RD,Self Owned,UCO BANK,2026-09-25,https://data.rbi.org.in/BOE/OpenDocument/opendoc/custom.jsp?iDocID=ARfEgy.WNSVIvFfvSIVmBCw&sIDType=CUID,UCO Mbanking Plus app,UCO Mbanking Plus app,UCO Mbanking Plus app,,2582,0
Pre Qualified Personal Loan (PQPL),Self Owned,UCO BANK,2026-09-25,https://data.rbi.org.in/BOE/OpenDocument/opendoc/custom.jsp?iDocID=ARfEgy.WNSVIvFfvSIVmBCw&sIDType=CUID,Website,https://www.ucobank.com/en/web/guest/instant-digital-loan,https://www.ucobank.com/en/web/guest/instant-digital-loan,,2583,0
Pre Qualified Vehicle Loan (PQVL),Self Owned,UCO BANK,2026-09-25,https://data.rbi.org.in/BOE/OpenDocument/opendoc/custom.jsp?iDocID=ARfEgy.WNSVIvFfvSIVmBCw&sIDType=CUID,Website,https://www.ucobank.com/en/web/guest/instant-digital-loan,https://www.ucobank.com/en/web/guest/instant-digital-loan,,2584,0
STP Pension,Self Owned,UCO BANK,2026-09-25,https://data.rbi.org.in/BOE/OpenDocument/opendoc/custom.jsp?iDocID=ARfEgy.WNSVIvFfvSIVmBCw&sIDType=CUID,Website,https://www.ucobank.com/en/web/guest/instant-digital-loan,https://www.ucobank.com/en/web/guest/instant-digital-loan,,2585,0
4FIN,4Fin Finance Private Limited,UGRO CAPITAL  LIMITED (PREVIOUSLY CHOKHANI SECURITIES LIMITED),2026-09-25,https://data.rbi.org.in/BOE/OpenDocument/opendoc/custom.jsp?iDocID=ARfEgy.WNSVIvFfvSIVmBCw&sIDType=CUID,Google Play Store,https://play.google.com/store/apps/details?id=com.fourfinfinance.b2c,https://play.google.com/store/apps/details?id=com.fourfinfinance.b2c&hl=en_IN,com.fourfinfinance.b2c,2586,0
Arthum,Avyayam Infotech Private Limited,UGRO CAPITAL  LIMITED (PREVIOUSLY CHOKHANI SECURITIES LIMITED),2026-09-25,https://data.rbi.org.in/BOE/OpenDocument/opendoc/custom.jsp?iDocID=ARfEgy.WNSVIvFfvSIVmBCw&sIDType=CUID,Website,https://arthum.co.in,https://arthum.co.in,,2587,0
BharatPe for Business,Resilient Digi Services Private Limited,UGRO CAPITAL  LIMITED (PREVIOUSLY CHOKHANI SECURITIES LIMITED),2026-09-25,https://data.rbi.org.in/BOE/OpenDocument/opendoc/custom.jsp?iDocID=ARfEgy.WNSVIvFfvSIVmBCw&sIDType=CUID,Apple App Store,https://apps.apple.com/in/app/bharatpe-for-business/id1329385873,https://apps.apple.com/in/app/bharatpe-for-business/id1329385873,,2588,0
BharatPe for Business,Resilient Digi Services Private Limited,UGRO CAPITAL  LIMITED (PREVIOUSLY CHOKHANI SECURITIES LIMITED),2026-09-25,https://data.rbi.org.in/BOE/OpenDocument/opendoc/custom.jsp?iDocID=ARfEgy.WNSVIvFfvSIVmBCw&sIDType=CUID,Google Play Store,https://play.google.com/store/apps/details?id=com.bharatpe.app,https://play.google.com/store/apps/details?id=com.bharatpe.app&hl=en_IN,com.bharatpe.app,2589,0
Digital lending pages of PhonePe Lending on PhonePe Business: Merchant App,PhonePe Lending Services Private Limited,UGRO CAPITAL  LIMITED (PREVIOUSLY CHOKHANI SECURITIES LIMITED),2026-09-25,https://data.rbi.org.in/BOE/OpenDocument/opendoc/custom.jsp?iDocID=ARfEgy.WNSVIvFfvSIVmBCw&sIDType=CUID,Apple App Store,https://apps.apple.com/in/app/phonepe-business-merchant-app/id1463742453,https://apps.apple.com/in/app/phonepe-business-merchant-app/id1463742453,,2590,0
Digital lending pages of PhonePe Lending on PhonePe Business: Merchant App,PhonePe Lending Services Private Limited,UGRO CAPITAL  LIMITED (PREVIOUSLY CHOKHANI SECURITIES LIMITED),2026-09-25,https://data.rbi.org.in/BOE/OpenDocument/opendoc/custom.jsp?iDocID=ARfEgy.WNSVIvFfvSIVmBCw&sIDType=CUID,Google Play Store,https://play.google.com/store/apps/details?id=com.phonepe.app.business,https://play.google.com/store/apps/details?id=com.phonepe.app.business&hl=en_IN,com.phonepe.app.business,2591,0
Digital lending pages of PhonePe Lending on PhonePe Business: Merchant App,PhonePe Lending Services Private Limited,UGRO CAPITAL  LIMITED (PREVIOUSLY CHOKHANI SECURITIES LIMITED),2026-09-25,https://data.rbi.org.in/BOE/OpenDocument/opendoc/custom.jsp?iDocID=ARfEgy.WNSVIvFfvSIVmBCw&sIDType=CUID,Indus App Store,https://play.google.com/store/apps/details?id=com.phonepe.app.business,https://www.indusappstore.com/apps/finance/phonepe-business/com.phonepe.app.business?page=details&id=com.phonepe.app.business,com.phonepe.app.business,2592,0
Finagg SME,Finagg Services Private Limited,UGRO CAPITAL  LIMITED (PREVIOUSLY CHOKHANI SECURITIES LIMITED),2026-09-25,https://data.rbi.org.in/BOE/OpenDocument/opendoc/custom.jsp?iDocID=ARfEgy.WNSVIvFfvSIVmBCw&sIDType=CUID,Google Play Store,https://play.google.com/store/apps/details?id=com.finagg.retailerApp,https://play.google.com/store/apps/details?id=com.finagg.retailerApp&hl=en_IN,com.finagg.retailerApp,2593,0
Flexipayment,Value Growth Fintech Solutions Private Limited,UGRO CAPITAL  LIMITED (PREVIOUSLY CHOKHANI SECURITIES LIMITED),2026-09-25,https://data.rbi.org.in/BOE/OpenDocument/opendoc/custom.jsp?iDocID=ARfEgy.WNSVIvFfvSIVmBCw&sIDType=CUID,Website,https://app.flexipayment.in/scf,https://app.flexipayment.in/scf,,2594,0
GetVantage,GetVantage Tech Private Limited,UGRO CAPITAL  LIMITED (PREVIOUSLY CHOKHANI SECURITIES LIMITED),2026-09-25,https://data.rbi.org.in/BOE/OpenDocument/opendoc/custom.jsp?iDocID=ARfEgy.WNSVIvFfvSIVmBCw&sIDType=CUID,Website,https://www.GetVantage.Co,www.GetVantage.Co,,2595,0
Lendingkart,Lendingkart Technologies Private Limited,UGRO CAPITAL  LIMITED (PREVIOUSLY CHOKHANI SECURITIES LIMITED),2026-09-25,https://data.rbi.org.in/BOE/OpenDocument/opendoc/custom.jsp?iDocID=ARfEgy.WNSVIvFfvSIVmBCw&sIDType=CUID,Google Play Store,https://play.google.com/store/apps/details?id=com.LendingKart,https://play.google.com/store/apps/details?id=com.LendingKart&hl=en_IN,com.LendingKart,2596,0
Meesho: Online Shopping App,Meesho payments private limited,UGRO CAPITAL  LIMITED (PREVIOUSLY CHOKHANI SECURITIES LIMITED),2026-09-25,https://data.rbi.org.in/BOE/OpenDocument/opendoc/custom.jsp?iDocID=ARfEgy.WNSVIvFfvSIVmBCw&sIDType=CUID,Apple App Store,https://apps.apple.com/us/app/meesho-online-shopping/id1457958492,https://apps.apple.com/us/app/meesho-online-shopping/id1457958492,,2597,0
Meesho: Online Shopping App,Meesho payments private limited,UGRO CAPITAL  LIMITED (PREVIOUSLY CHOKHANI SECURITIES LIMITED),2026-09-25,https://data.rbi.org.in/BOE/OpenDocument/opendoc/custom.jsp?iDocID=ARfEgy.WNSVIvFfvSIVmBCw&sIDType=CUID,Google Play Store,https://play.google.com/store/apps/details?id=com.meesho.supply,https://play.google.com/store/apps/details?id=com.meesho.supply&hl=en_IN,com.meesho.supply,2598,0
MobiKwik for Business,One Mobikwik Systems Limited,UGRO CAPITAL  LIMITED (PREVIOUSLY CHOKHANI SECURITIES LIMITED),2026-09-25,https://data.rbi.org.in/BOE/OpenDocument/opendoc/custom.jsp?iDocID=ARfEgy.WNSVIvFfvSIVmBCw&sIDType=CUID,Google Play Store,https://play.google.com/store/apps/details?id=com.mobikwik.business,https://play.google.com/store/apps/details?id=com.mobikwik.business,com.mobikwik.business,2599,0
MyShubhLife,Datasigns Technologies Private Limited,UGRO CAPITAL  LIMITED (PREVIOUSLY CHOKHANI SECURITIES LIMITED),2026-09-25,https://data.rbi.org.in/BOE/OpenDocument/opendoc/custom.jsp?iDocID=ARfEgy.WNSVIvFfvSIVmBCw&sIDType=CUID,Google Play Store,https://play.google.com/store/apps/details?id=com.datasignstech.lam,https://play.google.com/store/apps/details?id=com.datasignstech.lam&hl=en&gl=IN,com.datasignstech.lam,2600,0
"PayNearby - Aadhaar ATM, DMT",Nearby Technologies Private Limited,UGRO CAPITAL  LIMITED (PREVIOUSLY CHOKHANI SECURITIES LIMITED),2026-09-25,https://data.rbi.org.in/BOE/OpenDocument/opendoc/custom.jsp?iDocID=ARfEgy.WNSVIvFfvSIVmBCw&sIDType=CUID,Google Play Store,https://play.google.com/store/apps/details?id=com.bnb.paynearby,https://play.google.com/store/apps/details?id=com.bnb.paynearby&hl=en_IN,com.bnb.paynearby,2601,0
Paytm,One 97 Communications Limited,UGRO CAPITAL  LIMITED (PREVIOUSLY CHOKHANI SECURITIES LIMITED),2026-09-25,https://data.rbi.org.in/BOE/OpenDocument/opendoc/custom.jsp?iDocID=ARfEgy.WNSVIvFfvSIVmBCw&sIDType=CUID,Apple App Store,https://apps.apple.com/in/app/paytm-for-business/id1351301966,https://apps.apple.com/in/app/paytm-for-business/id1351301966,,2602,0
Paytm,One 97 Communications Limited,UGRO CAPITAL  LIMITED (PREVIOUSLY CHOKHANI SECURITIES LIMITED),2026-09-25,https://data.rbi.org.in/BOE/OpenDocument/opendoc/custom.jsp?iDocID=ARfEgy.WNSVIvFfvSIVmBCw&sIDType=CUID,Google Play Store,https://play.google.com/store/apps/details?id=com.paytm.business,https://play.google.com/store/apps/details?id=com.paytm.business,com.paytm.business,2603,0
Recur,Founderlink Technologies Private Limited,UGRO CAPITAL  LIMITED (PREVIOUSLY CHOKHANI SECURITIES LIMITED),2026-09-25,https://data.rbi.org.in/BOE/OpenDocument/opendoc/custom.jsp?iDocID=ARfEgy.WNSVIvFfvSIVmBCw&sIDType=CUID,Website,https://www.recurclub.com,www.recurclub.com,,2604,0
Rupifi,Rupifi Technology Solutions Private Limited,UGRO CAPITAL  LIMITED (PREVIOUSLY CHOKHANI SECURITIES LIMITED),2026-09-25,https://data.rbi.org.in/BOE/OpenDocument/opendoc/custom.jsp?iDocID=ARfEgy.WNSVIvFfvSIVmBCw&sIDType=CUID,Apple App Store,https://apps.apple.com/in/app/rupifi/id6477918398,https://apps.apple.com/in/app/rupifi/id6477918398,,2605,0
Rupifi,Rupifi Technology Solutions Private Limited,UGRO CAPITAL  LIMITED (PREVIOUSLY CHOKHANI SECURITIES LIMITED),2026-09-25,https://data.rbi.org.in/BOE/OpenDocument/opendoc/custom.jsp?iDocID=ARfEgy.WNSVIvFfvSIVmBCw&sIDType=CUID,Google Play Store,https://play.google.com/store/apps/details?id=com.rupifi,https://play.google.com/store/apps/details?id=com.rupifi&hl=en_IN,com.rupifi,2606,0
Shiprocket,Shiprocket Limited,UGRO CAPITAL  LIMITED (PREVIOUSLY CHOKHANI SECURITIES LIMITED),2026-09-25,https://data.rbi.org.in/BOE/OpenDocument/opendoc/custom.jsp?iDocID=ARfEgy.WNSVIvFfvSIVmBCw&sIDType=CUID,Apple App Store,https://apps.apple.com/in/app/shiprocket-courier-delivery/id1444055257,https://apps.apple.com/in/app/shiprocket-courier-delivery/id1444055257,,2607,0
Shiprocket,Shiprocket Limited,UGRO CAPITAL  LIMITED (PREVIOUSLY CHOKHANI SECURITIES LIMITED),2026-09-25,https://data.rbi.org.in/BOE/OpenDocument/opendoc/custom.jsp?iDocID=ARfEgy.WNSVIvFfvSIVmBCw&sIDType=CUID,Google Play Store,https://play.google.com/store/apps/details?id=com.shiprocket.shiprocket,https://play.google.com/store/apps/details?id=com.shiprocket.shiprocket,com.shiprocket.shiprocket,2608,0
Spice Money Adhikari AEPS App,Spice Money Limited,UGRO CAPITAL  LIMITED (PREVIOUSLY CHOKHANI SECURITIES LIMITED),2026-09-25,https://data.rbi.org.in/BOE/OpenDocument/opendoc/custom.jsp?iDocID=ARfEgy.WNSVIvFfvSIVmBCw&sIDType=CUID,Google Play Store,https://play.google.com/store/apps/details?id=in.spicemudra,https://play.google.com/store/apps/details?id=in.spicemudra&hl=en_IN,in.spicemudra,2609,0
Supermoney,Getclarity Fintech Services Pvt Ltd,UGRO CAPITAL  LIMITED (PREVIOUSLY CHOKHANI SECURITIES LIMITED),2026-09-25,https://data.rbi.org.in/BOE/OpenDocument/opendoc/custom.jsp?iDocID=ARfEgy.WNSVIvFfvSIVmBCw&sIDType=CUID,Website,https://www.supermoney.in,https://www.supermoney.in,,2610,0
Velicham,Velicham Finance Private Limited,UGRO CAPITAL  LIMITED (PREVIOUSLY CHOKHANI SECURITIES LIMITED),2026-09-25,https://data.rbi.org.in/BOE/OpenDocument/opendoc/custom.jsp?iDocID=ARfEgy.WNSVIvFfvSIVmBCw&sIDType=CUID,Google Play Store,https://play.google.com/store/apps/details?id=com.velichamfinance.customer,https://play.google.com/store/apps/details?id=com.velichamfinance.customer,com.velichamfinance.customer,2611,0
4FIN,4Fin Finance Private Limited,UGRO CAPITAL  LIMITED (PREVIOUSLY CHOKHANI SECURITIES LIMITED)*,2026-09-25,https://data.rbi.org.in/BOE/OpenDocument/opendoc/custom.jsp?iDocID=ARfEgy.WNSVIvFfvSIVmBCw&sIDType=CUID,Google Play Store,https://play.google.com/store/apps/details?id=com.fourfinfinance.b2c,https://play.google.com/store/apps/details?id=com.fourfinfinance.b2c&hl=en_IN,com.fourfinfinance.b2c,2612,0
Arthum,Avyayam Infotech Private Limited,UGRO CAPITAL  LIMITED (PREVIOUSLY CHOKHANI SECURITIES LIMITED)*,2026-09-25,https://data.rbi.org.in/BOE/OpenDocument/opendoc/custom.jsp?iDocID=ARfEgy.WNSVIvFfvSIVmBCw&sIDType=CUID,Website,https://arthum.co.in,https://arthum.co.in,,2613,0
BharatPe for Business,Resilient Digi Services Private Limited,UGRO CAPITAL  LIMITED (PREVIOUSLY CHOKHANI SECURITIES LIMITED)*,2026-09-25,https://data.rbi.org.in/BOE/OpenDocument/opendoc/custom.jsp?iDocID=ARfEgy.WNSVIvFfvSIVmBCw&sIDType=CUID,Apple App Store,https://apps.apple.com/in/app/bharatpe-for-business/id1329385873,https://apps.apple.com/in/app/bharatpe-for-business/id1329385873,,2614,0
BharatPe for Business,Resilient Digi Services Private Limited,UGRO CAPITAL  LIMITED (PREVIOUSLY CHOKHANI SECURITIES LIMITED)*,2026-09-25,https://data.rbi.org.in/BOE/OpenDocument/opendoc/custom.jsp?iDocID=ARfEgy.WNSVIvFfvSIVmBCw&sIDType=CUID,Google Play Store,https://play.google.com/store/apps/details?id=com.bharatpe.app,https://play.google.com/store/apps/details?id=com.bharatpe.app&hl=en_IN,com.bharatpe.app,2615,0
Digital lending pages of PhonePe Lending on PhonePe Business: Merchant App,PhonePe Lending Services Private Limited,UGRO CAPITAL  LIMITED (PREVIOUSLY CHOKHANI SECURITIES LIMITED)*,2026-09-25,https://data.rbi.org.in/BOE/OpenDocument/opendoc/custom.jsp?iDocID=ARfEgy.WNSVIvFfvSIVmBCw&sIDType=CUID,Apple App Store,https://apps.apple.com/in/app/phonepe-business-merchant-app/id1463742453,https://apps.apple.com/in/app/phonepe-business-merchant-app/id1463742453,,2616,0
Digital lending pages of PhonePe Lending on PhonePe Business: Merchant App,PhonePe Lending Services Private Limited,UGRO CAPITAL  LIMITED (PREVIOUSLY CHOKHANI SECURITIES LIMITED)*,2026-09-25,https://data.rbi.org.in/BOE/OpenDocument/opendoc/custom.jsp?iDocID=ARfEgy.WNSVIvFfvSIVmBCw&sIDType=CUID,Google Play Store,https://play.google.com/store/apps/details?id=com.phonepe.app.business,https://play.google.com/store/apps/details?id=com.phonepe.app.business&hl=en_IN,com.phonepe.app.business,2617,0
Digital lending pages of PhonePe Lending on PhonePe Business: Merchant App,PhonePe Lending Services Private Limited,UGRO CAPITAL  LIMITED (PREVIOUSLY CHOKHANI SECURITIES LIMITED)*,2026-09-25,https://data.rbi.org.in/BOE/OpenDocument/opendoc/custom.jsp?iDocID=ARfEgy.WNSVIvFfvSIVmBCw&sIDType=CUID,Indus App Store,https://play.google.com/store/apps/details?id=com.phonepe.app.business,https://www.indusappstore.com/apps/finance/phonepe-business/com.phonepe.app.business?page=details&id=com.phonepe.app.business,com.phonepe.app.business,2618,0
Finagg SME,Finagg Services Private Limited,UGRO CAPITAL  LIMITED (PREVIOUSLY CHOKHANI SECURITIES LIMITED)*,2026-09-25,https://data.rbi.org.in/BOE/OpenDocument/opendoc/custom.jsp?iDocID=ARfEgy.WNSVIvFfvSIVmBCw&sIDType=CUID,Google Play Store,https://play.google.com/store/apps/details?id=com.finagg.retailerApp,https://play.google.com/store/apps/details?id=com.finagg.retailerApp&hl=en_IN,com.finagg.retailerApp,2619,0
Flexipayment,Value Growth Fintech Solutions Private Limited,UGRO CAPITAL  LIMITED (PREVIOUSLY CHOKHANI SECURITIES LIMITED)*,2026-09-25,https://data.rbi.org.in/BOE/OpenDocument/opendoc/custom.jsp?iDocID=ARfEgy.WNSVIvFfvSIVmBCw&sIDType=CUID,Website,https://app.flexipayment.in/scf,https://app.flexipayment.in/scf,,2620,0
GetVantage,GetVantage Tech Private Limited,UGRO CAPITAL  LIMITED (PREVIOUSLY CHOKHANI SECURITIES LIMITED)*,2026-09-25,https://data.rbi.org.in/BOE/OpenDocument/opendoc/custom.jsp?iDocID=ARfEgy.WNSVIvFfvSIVmBCw&sIDType=CUID,Website,https://www.GetVantage.Co,www.GetVantage.Co,,2621,0
Lendingkart,Lendingkart Technologies Private Limited,UGRO CAPITAL  LIMITED (PREVIOUSLY CHOKHANI SECURITIES LIMITED)*,2026-09-25,https://data.rbi.org.in/BOE/OpenDocument/opendoc/custom.jsp?iDocID=ARfEgy.WNSVIvFfvSIVmBCw&sIDType=CUID,Google Play Store,https://play.google.com/store/apps/details?id=com.LendingKart,https://play.google.com/store/apps/details?id=com.LendingKart&hl=en_IN,com.LendingKart,2622,0
Meesho: Online Shopping App,Meesho payments private limited,UGRO CAPITAL  LIMITED (PREVIOUSLY CHOKHANI SECURITIES LIMITED)*,2026-09-25,https://data.rbi.org.in/BOE/OpenDocument/opendoc/custom.jsp?iDocID=ARfEgy.WNSVIvFfvSIVmBCw&sIDType=CUID,Apple App Store,https://apps.apple.com/us/app/meesho-online-shopping/id1457958492,https://apps.apple.com/us/app/meesho-online-shopping/id1457958492,,2623,0
Meesho: Online Shopping App,Meesho payments private limited,UGRO CAPITAL  LIMITED (PREVIOUSLY CHOKHANI SECURITIES LIMITED)*,2026-09-25,https://data.rbi.org.in/BOE/OpenDocument/opendoc/custom.jsp?iDocID=ARfEgy.WNSVIvFfvSIVmBCw&sIDType=CUID,Google Play Store,https://play.google.com/store/apps/details?id=com.meesho.supply,https://play.google.com/store/apps/details?id=com.meesho.supply&hl=en_IN,com.meesho.supply,2624,0
MobiKwik for Business,One Mobikwik Systems Limited,UGRO CAPITAL  LIMITED (PREVIOUSLY CHOKHANI SECURITIES LIMITED)*,2026-09-25,https://data.rbi.org.in/BOE/OpenDocument/opendoc/custom.jsp?iDocID=ARfEgy.WNSVIvFfvSIVmBCw&sIDType=CUID,Google Play Store,https://play.google.com/store/apps/details?id=com.mobikwik.business,https://play.google.com/store/apps/details?id=com.mobikwik.business,com.mobikwik.business,2625,0
MyShubhLife,GROX Technologies Private Limited,UGRO CAPITAL  LIMITED (PREVIOUSLY CHOKHANI SECURITIES LIMITED)*,2026-09-25,https://data.rbi.org.in/BOE/OpenDocument/opendoc/custom.jsp?iDocID=ARfEgy.WNSVIvFfvSIVmBCw&sIDType=CUID,Google Play Store,https://play.google.com/store/apps/details?id=com.datasignstech.lam,https://play.google.com/store/apps/details?id=com.datasignstech.lam&hl=en&gl=IN,com.datasignstech.lam,2626,0
"PayNearby - Aadhaar ATM, DMT",Nearby Technologies Private Limited,UGRO CAPITAL  LIMITED (PREVIOUSLY CHOKHANI SECURITIES LIMITED)*,2026-09-25,https://data.rbi.org.in/BOE/OpenDocument/opendoc/custom.jsp?iDocID=ARfEgy.WNSVIvFfvSIVmBCw&sIDType=CUID,Google Play Store,https://play.google.com/store/apps/details?id=com.bnb.paynearby,https://play.google.com/store/apps/details?id=com.bnb.paynearby&hl=en_IN,com.bnb.paynearby,2627,0
Paytm,One 97 Communications Limited,UGRO CAPITAL  LIMITED (PREVIOUSLY CHOKHANI SECURITIES LIMITED)*,2026-09-25,https://data.rbi.org.in/BOE/OpenDocument/opendoc/custom.jsp?iDocID=ARfEgy.WNSVIvFfvSIVmBCw&sIDType=CUID,Apple App Store,https://apps.apple.com/in/app/paytm-for-business/id1351301966,https://apps.apple.com/in/app/paytm-for-business/id1351301966,,2628,0
Paytm,One 97 Communications Limited,UGRO CAPITAL  LIMITED (PREVIOUSLY CHOKHANI SECURITIES LIMITED)*,2026-09-25,https://data.rbi.org.in/BOE/OpenDocument/opendoc/custom.jsp?iDocID=ARfEgy.WNSVIvFfvSIVmBCw&sIDType=CUID,Google Play Store,https://play.google.com/store/apps/details?id=com.paytm.business,https://play.google.com/store/apps/details?id=com.paytm.business,com.paytm.business,2629,0
Recur,Founderlink Technologies Private Limited,UGRO CAPITAL  LIMITED (PREVIOUSLY CHOKHANI SECURITIES LIMITED)*,2026-09-25,https://data.rbi.org.in/BOE/OpenDocument/opendoc/custom.jsp?iDocID=ARfEgy.WNSVIvFfvSIVmBCw&sIDType=CUID,Website,https://www.recurclub.com,www.recurclub.com,,2630,0
Rupifi,Rupifi Technology Solutions Private Limited,UGRO CAPITAL  LIMITED (PREVIOUSLY CHOKHANI SECURITIES LIMITED)*,2026-09-25,https://data.rbi.org.in/BOE/OpenDocument/opendoc/custom.jsp?iDocID=ARfEgy.WNSVIvFfvSIVmBCw&sIDType=CUID,Apple App Store,https://apps.apple.com/in/app/rupifi/id6477918398,https://apps.apple.com/in/app/rupifi/id6477918398,,2631,0
Rupifi,Rupifi Technology Solutions Private Limited,UGRO CAPITAL  LIMITED (PREVIOUSLY CHOKHANI SECURITIES LIMITED)*,2026-09-25,https://data.rbi.org.in/BOE/OpenDocument/opendoc/custom.jsp?iDocID=ARfEgy.WNSVIvFfvSIVmBCw&sIDType=CUID,Google Play Store,https://play.google.com/store/apps/details?id=com.rupifi,https://play.google.com/store/apps/details?id=com.rupifi&hl=en_IN,com.rupifi,2632,0
Shiprocket,Shiprocket Limited,UGRO CAPITAL  LIMITED (PREVIOUSLY CHOKHANI SECURITIES LIMITED)*,2026-09-25,https://data.rbi.org.in/BOE/OpenDocument/opendoc/custom.jsp?iDocID=ARfEgy.WNSVIvFfvSIVmBCw&sIDType=CUID,Apple App Store,https://apps.apple.com/in/app/shiprocket-courier-delivery/id1444055257,https://apps.apple.com/in/app/shiprocket-courier-delivery/id1444055257,,2633,0
Shiprocket,Shiprocket Limited,UGRO CAPITAL  LIMITED (PREVIOUSLY CHOKHANI SECURITIES LIMITED)*,2026-09-25,https://data.rbi.org.in/BOE/OpenDocument/opendoc/custom.jsp?iDocID=ARfEgy.WNSVIvFfvSIVmBCw&sIDType=CUID,Google Play Store,https://play.google.com/store/apps/details?id=com.shiprocket.shiprocket,https://play.google.com/store/apps/details?id=com.shiprocket.shiprocket,com.shiprocket.shiprocket,2634,0
Spice Money – Banking Agent App,Spice Money Limited,UGRO CAPITAL  LIMITED (PREVIOUSLY CHOKHANI SECURITIES LIMITED)*,2026-09-25,https://data.rbi.org.in/BOE/OpenDocument/opendoc/custom.jsp?iDocID=ARfEgy.WNSVIvFfvSIVmBCw&sIDType=CUID,Google Play Store,https://play.google.com/store/apps/details?id=in.spicemudra,https://play.google.com/store/apps/details?id=in.spicemudra&hl=en_IN,in.spicemudra,2635,0
Supermoney,Getclarity Fintech Services Pvt Ltd,UGRO CAPITAL  LIMITED (PREVIOUSLY CHOKHANI SECURITIES LIMITED)*,2026-09-25,https://data.rbi.org.in/BOE/OpenDocument/opendoc/custom.jsp?iDocID=ARfEgy.WNSVIvFfvSIVmBCw&sIDType=CUID,Website,https://www.supermoney.in,https://www.supermoney.in,,2636,0
Velicham,Velicham Finance Private Limited,UGRO CAPITAL  LIMITED (PREVIOUSLY CHOKHANI SECURITIES LIMITED)*,2026-09-25,https://data.rbi.org.in/BOE/OpenDocument/opendoc/custom.jsp?iDocID=ARfEgy.WNSVIvFfvSIVmBCw&sIDType=CUID,Google Play Store,https://play.google.com/store/apps/details?id=com.velichamfinance.customer,https://play.google.com/store/apps/details?id=com.velichamfinance.customer,com.velichamfinance.customer,2637,0
Velocity,White Wizard Technologies Private Limited,UGRO CAPITAL  LIMITED (PREVIOUSLY CHOKHANI SECURITIES LIMITED)*,2026-09-25,https://data.rbi.org.in/BOE/OpenDocument/opendoc/custom.jsp?iDocID=ARfEgy.WNSVIvFfvSIVmBCw&sIDType=CUID,Google Play Store,https://play.google.com/store/apps/details?id=com.velocity.electrum.prod,https://play.google.com/store/apps/details?id=com.velocity.electrum.prod&hl=en_IN,com.velocity.electrum.prod,2638,0
OTO,OTO Capital,UJJIVAN SMALL FINANCE BANK LIMITED,2026-09-25,https://data.rbi.org.in/BOE/OpenDocument/opendoc/custom.jsp?iDocID=ARfEgy.WNSVIvFfvSIVmBCw&sIDType=CUID,OTO Capital (Play Store),https://play.google.com/store/apps/details?id=com.oto.android.app,https://play.google.com/store/apps/details?id=com.oto.android.app&hl=en_IN&gl=US,com.oto.android.app,2639,0
Hello Ujjivan,Self-Owned,UJJIVAN SMALL FINANCE BANK LIMITED,2026-09-25,https://data.rbi.org.in/BOE/OpenDocument/opendoc/custom.jsp?iDocID=ARfEgy.WNSVIvFfvSIVmBCw&sIDType=CUID,Hello Ujjivan,https://play.google.com/store/apps/details?id=com.ujjivanbank.voice,https://play.google.com/store/apps/details?id=com.ujjivanbank.voice,com.ujjivanbank.voice,2640,0
Loan10minute,Self-owned,UNICAP INVESTMENTS PRIVATE LIMITED,2026-09-25,https://data.rbi.org.in/BOE/OpenDocument/opendoc/custom.jsp?iDocID=ARfEgy.WNSVIvFfvSIVmBCw&sIDType=CUID,Playstore,https://play.google.com/store/apps/details?id=com.unicap.loan10minute,https://play.google.com/store/apps/details?id=com.unicap.loan10minute,com.unicap.loan10minute,2641,0
Loan10minute,Self-owned,UNICAP INVESTMENTS PRIVATE LIMITED,2026-09-25,https://data.rbi.org.in/BOE/OpenDocument/opendoc/custom.jsp?iDocID=ARfEgy.WNSVIvFfvSIVmBCw&sIDType=CUID,Website,https://loan10minute.com/,https://loan10minute.com/,,2642,0
lendingplate,Unifinz Capital India Limited (Self-Owned),UNIFINZ CAPITAL INDIA LTD (FORMERLY SHREE WORSTEX LTD.),2026-09-25,https://data.rbi.org.in/BOE/OpenDocument/opendoc/custom.jsp?iDocID=ARfEgy.WNSVIvFfvSIVmBCw&sIDType=CUID,App Store,https://apps.apple.com/in/app/lendingplate-personal-loan-app/id1658697924,https://apps.apple.com/in/app/lendingplate-personal-loan-app/id1658697924,,2643,0
lendingplate,Unifinz Capital India Limited (Self-Owned),UNIFINZ CAPITAL INDIA LTD (FORMERLY SHREE WORSTEX LTD.),2026-09-25,https://data.rbi.org.in/BOE/OpenDocument/opendoc/custom.jsp?iDocID=ARfEgy.WNSVIvFfvSIVmBCw&sIDType=CUID,GooglePlay,https://play.google.com/store/apps/details?id=com.lendingplate,https://play.google.com/store/apps/details?id=com.lendingplate,com.lendingplate,2644,0
lendingplate,Unifinz Capital India Limited (Self-Owned),UNIFINZ CAPITAL INDIA LTD (FORMERLY SHREE WORSTEX LTD.),2026-09-25,https://data.rbi.org.in/BOE/OpenDocument/opendoc/custom.jsp?iDocID=ARfEgy.WNSVIvFfvSIVmBCw&sIDType=CUID,MI- GetApps,https://play.google.com/store/apps/details?id=com.lendingplate,https://global.app.mi.com/details?lo=IN&la=en_US&id=com.lendingplate,com.lendingplate,2645,0
lendingplate,Unifinz Capital India Limited (Self-Owned),UNIFINZ CAPITAL INDIA LTD (FORMERLY SHREE WORSTEX LTD.),2026-09-25,https://data.rbi.org.in/BOE/OpenDocument/opendoc/custom.jsp?iDocID=ARfEgy.WNSVIvFfvSIVmBCw&sIDType=CUID,Samsung- Galaxy Store,https://galaxystore.samsung.com/detail/com.lendingplate,https://galaxystore.samsung.com/detail/com.lendingplate,,2646,0
lendingplate,Unifinz Capital India Limited (Self-Owned),UNIFINZ CAPITAL INDIA LTD (FORMERLY SHREE WORSTEX LTD.),2026-09-25,https://data.rbi.org.in/BOE/OpenDocument/opendoc/custom.jsp?iDocID=ARfEgy.WNSVIvFfvSIVmBCw&sIDType=CUID,Website,https://lendingplate.com/personal-loan#applynow,https://lendingplate.com/personal-loan#applynow,,2647,0
Digital PMSVANidhi,Self Owned,UNION BANK OF INDIA,2026-09-25,https://data.rbi.org.in/BOE/OpenDocument/opendoc/custom.jsp?iDocID=ARfEgy.WNSVIvFfvSIVmBCw&sIDType=CUID,Website,https://msme.unionbankofindia.co.in/pmsv/#/signin,https://msme.unionbankofindia.co.in/pmsv/#/signin,,2648,0
Digital PM Vishwakarma,Self Owned,UNION BANK OF INDIA,2026-09-25,https://data.rbi.org.in/BOE/OpenDocument/opendoc/custom.jsp?iDocID=ARfEgy.WNSVIvFfvSIVmBCw&sIDType=CUID,Website,https://msme.unionbankofindia.co.in/pmvk/#/signin-pmvk,https://msme.unionbankofindia.co.in/pmvk/#/signin-pmvk,,2649,0
Digital SHG STP,Self Owned,UNION BANK OF INDIA,2026-09-25,https://data.rbi.org.in/BOE/OpenDocument/opendoc/custom.jsp?iDocID=ARfEgy.WNSVIvFfvSIVmBCw&sIDType=CUID,Website,https://instaloan.unionbankofindia.co.in/shgstp/lendperfect/bankerlogin,https://instaloan.unionbankofindia.co.in/shgstp/lendperfect/bankerlogin,,2650,0
Gold Loan,Self Owned,UNION BANK OF INDIA,2026-09-25,https://data.rbi.org.in/BOE/OpenDocument/opendoc/custom.jsp?iDocID=ARfEgy.WNSVIvFfvSIVmBCw&sIDType=CUID,Website,https://instaloan.unionbankofindia.co.in/retailmsme/online/goldlanding,https://instaloan.unionbankofindia.co.in/retailmsme/online/goldlanding,,2651,0
KCC Fresh Sanction,Self Owned,UNION BANK OF INDIA,2026-09-25,https://data.rbi.org.in/BOE/OpenDocument/opendoc/custom.jsp?iDocID=ARfEgy.WNSVIvFfvSIVmBCw&sIDType=CUID,Website,https://kccnew.unionbankofindia.co.in/existing-customer,https://kccnew.unionbankofindia.co.in/existing-customer,,2652,0
Kisan Tatkal,Self Owned,UNION BANK OF INDIA,2026-09-25,https://data.rbi.org.in/BOE/OpenDocument/opendoc/custom.jsp?iDocID=ARfEgy.WNSVIvFfvSIVmBCw&sIDType=CUID,Website,https://instaloan.unionbankofindia.co.in/agristp/lendperfect/agriLanding,https://instaloan.unionbankofindia.co.in/agristp/lendperfect/agriLanding,,2653,0
Mudra(Kishore & Tarun),Self Owned,UNION BANK OF INDIA,2026-09-25,https://data.rbi.org.in/BOE/OpenDocument/opendoc/custom.jsp?iDocID=ARfEgy.WNSVIvFfvSIVmBCw&sIDType=CUID,Website,https://msme.unionbankofindia.co.in/#/mudra-main,https://msme.unionbankofindia.co.in/#/mudra-main,,2654,0
Nari Shakti,Self Owned,UNION BANK OF INDIA,2026-09-25,https://data.rbi.org.in/BOE/OpenDocument/opendoc/custom.jsp?iDocID=ARfEgy.WNSVIvFfvSIVmBCw&sIDType=CUID,Website,https://msme.unionbankofindia.co.in/#/nari-shakti-main,https://msme.unionbankofindia.co.in/#/nari-shakti-main,,2655,0
Personal Loan,Self Owned,UNION BANK OF INDIA,2026-09-25,https://data.rbi.org.in/BOE/OpenDocument/opendoc/custom.jsp?iDocID=ARfEgy.WNSVIvFfvSIVmBCw&sIDType=CUID,Website,https://dbp.unionbankofindia.co.in/assets/personal-loan/#/landing,https://dbp.unionbankofindia.co.in/assets/personal-loan/#/landing,,2656,0
Pre-Qualified Business Loan,Self Owned,UNION BANK OF INDIA,2026-09-25,https://data.rbi.org.in/BOE/OpenDocument/opendoc/custom.jsp?iDocID=ARfEgy.WNSVIvFfvSIVmBCw&sIDType=CUID,Website,https://dbp.unionbankofindia.co.in/assets/business-loan/#/landing,https://dbp.unionbankofindia.co.in/assets/business-loan/#/landing,,2657,0
Shishu Mudra STP,Self Owned,UNION BANK OF INDIA,2026-09-25,https://data.rbi.org.in/BOE/OpenDocument/opendoc/custom.jsp?iDocID=ARfEgy.WNSVIvFfvSIVmBCw&sIDType=CUID,Website,https://instaloan.unionbankofindia.co.in/shishumudra/lendperfect/landing,https://instaloan.unionbankofindia.co.in/shishumudra/lendperfect/landing,,2658,0
Staff Loan STP,Self Owned,UNION BANK OF INDIA,2026-09-25,https://data.rbi.org.in/BOE/OpenDocument/opendoc/custom.jsp?iDocID=ARfEgy.WNSVIvFfvSIVmBCw&sIDType=CUID,Website,https://instaloan.unionbankofindia.co.in/staffstp/lendperfect/customerLogin,https://instaloan.unionbankofindia.co.in/staffstp/lendperfect/customerLogin,,2659,0
Union Digital Ease,Self Owned,UNION BANK OF INDIA,2026-09-25,https://data.rbi.org.in/BOE/OpenDocument/opendoc/custom.jsp?iDocID=ARfEgy.WNSVIvFfvSIVmBCw&sIDType=CUID,Website,https://msme.unionbankofindia.co.in/digital-cashflow/#/digital-cashflow-main,https://msme.unionbankofindia.co.in/digital-cashflow/#/digital-cashflow-main,,2660,0
Union Education Loan,Self Owned,UNION BANK OF INDIA,2026-09-25,https://data.rbi.org.in/BOE/OpenDocument/opendoc/custom.jsp?iDocID=ARfEgy.WNSVIvFfvSIVmBCw&sIDType=CUID,Website,https://instaloan.unionbankofindia.co.in/online/educationlanding,https://instaloan.unionbankofindia.co.in/online/educationlanding,,2661,0
Union MSME Superfast STP,Self Owned,UNION BANK OF INDIA,2026-09-25,https://data.rbi.org.in/BOE/OpenDocument/opendoc/custom.jsp?iDocID=ARfEgy.WNSVIvFfvSIVmBCw&sIDType=CUID,Website,https://msme.unionbankofindia.co.in/#/gst-gain,https://msme.unionbankofindia.co.in/#/gst-gain,,2662,0
Union Rooftop Solar STP,Self Owned,UNION BANK OF INDIA,2026-09-25,https://data.rbi.org.in/BOE/OpenDocument/opendoc/custom.jsp?iDocID=ARfEgy.WNSVIvFfvSIVmBCw&sIDType=CUID,Website,https://instaloan.unionbankofindia.co.in/solarstp/lendperfect/landing,https://instaloan.unionbankofindia.co.in/solarstp/lendperfect/landing,,2663,0
Vehicle Loan,Self Owned,UNION BANK OF INDIA,2026-09-25,https://data.rbi.org.in/BOE/OpenDocument/opendoc/custom.jsp?iDocID=ARfEgy.WNSVIvFfvSIVmBCw&sIDType=CUID,Website,https://dbp.unionbankofindia.co.in/assets/vehicle-loan/#/landing,https://dbp.unionbankofindia.co.in/assets/vehicle-loan/#/landing,,2664,0
Working Capital Limit Enhancement,Self Owned,UNION BANK OF INDIA,2026-09-25,https://data.rbi.org.in/BOE/OpenDocument/opendoc/custom.jsp?iDocID=ARfEgy.WNSVIvFfvSIVmBCw&sIDType=CUID,Website,https://msme.unionbankofindia.co.in/#/wc-limit-main,https://msme.unionbankofindia.co.in/#/wc-limit-main,,2665,0
Unity Small Finance Bank,Unity Small Finance Bank Limited,UNITY SMALL FINANCE BANK LIMITED,2026-09-25,https://data.rbi.org.in/BOE/OpenDocument/opendoc/custom.jsp?iDocID=ARfEgy.WNSVIvFfvSIVmBCw&sIDType=CUID,Website,https://theunitybank.com,https://theunitybank.com,,2666,0
LendingKart^,Lendingkart Technologies Private Limited,UNITY SMALL FINANCE BANK LIMITED,2026-09-25,https://data.rbi.org.in/BOE/OpenDocument/opendoc/custom.jsp?iDocID=ARfEgy.WNSVIvFfvSIVmBCw&sIDType=CUID,Apple App Store,https://apps.apple.com/in/app/lendingkart-instant-business-loans/id1172319472,https://apps.apple.com/in/app/lendingkart-instant-business-loans/id1172319472,,2667,0
LendingKart^,Lendingkart Technologies Private Limited,UNITY SMALL FINANCE BANK LIMITED,2026-09-25,https://data.rbi.org.in/BOE/OpenDocument/opendoc/custom.jsp?iDocID=ARfEgy.WNSVIvFfvSIVmBCw&sIDType=CUID,Google App Store,https://play.google.com/store/apps/details?id=com.LendingKart,https://play.google.com/store/apps/details?id=com.LendingKart&hl=en_IN,com.LendingKart,2668,0
LendingKart^,Lendingkart Technologies Private Limited,UNITY SMALL FINANCE BANK LIMITED,2026-09-25,https://data.rbi.org.in/BOE/OpenDocument/opendoc/custom.jsp?iDocID=ARfEgy.WNSVIvFfvSIVmBCw&sIDType=CUID,Website,https://www.lendingkart.com/,https://www.lendingkart.com/,,2669,0
OkCredit^,OkCredit Psi Phi Global Solutions Pvt. Ltd.,UNITY SMALL FINANCE BANK LIMITED,2026-09-25,https://data.rbi.org.in/BOE/OpenDocument/opendoc/custom.jsp?iDocID=ARfEgy.WNSVIvFfvSIVmBCw&sIDType=CUID,Apple App Store,https://apps.apple.com/in/app/okcredit-udhar-bahi-khata/id1488748286,https://apps.apple.com/in/app/okcredit-udhar-bahi-khata/id1488748286,,2670,0
OkCredit^,OkCredit Psi Phi Global Solutions Pvt. Ltd.,UNITY SMALL FINANCE BANK LIMITED,2026-09-25,https://data.rbi.org.in/BOE/OpenDocument/opendoc/custom.jsp?iDocID=ARfEgy.WNSVIvFfvSIVmBCw&sIDType=CUID,Google App Store,https://play.google.com/store/apps/details?id=in.okcredit.merchant,https://play.google.com/store/apps/details?id=in.okcredit.merchant&referrer=af_tranid%3DgYAraqR7U2690XZGPmz6pw%26af_dp%3Dokcredit%253A%252F%252Fmerchant%252Fv1%252Fhome%26c%3DHomePage%26pid%3DWebsite_OkCredit,in.okcredit.merchant,2671,0
Pay Me India*,Huey Tech Pvt. Ltd.,UNITY SMALL FINANCE BANK LIMITED,2026-09-25,https://data.rbi.org.in/BOE/OpenDocument/opendoc/custom.jsp?iDocID=ARfEgy.WNSVIvFfvSIVmBCw&sIDType=CUID,Website,https://www.paymeindia.in/,https://www.paymeindia.in/,,2672,0
Unity Small Finance Bank APP,Unity Small Finance Bank Limited,UNITY SMALL FINANCE BANK LIMITED,2026-09-25,https://data.rbi.org.in/BOE/OpenDocument/opendoc/custom.jsp?iDocID=ARfEgy.WNSVIvFfvSIVmBCw&sIDType=CUID,Apple Play Store,https://apps.apple.com/in/app/unity-bank-fd-savings-account/id6450705139,https://apps.apple.com/in/app/unity-bank-fd-savings-account/id6450705139,,2673,0
Unity Small Finance Bank APP,Unity Small Finance Bank Limited,UNITY SMALL FINANCE BANK LIMITED,2026-09-25,https://data.rbi.org.in/BOE/OpenDocument/opendoc/custom.jsp?iDocID=ARfEgy.WNSVIvFfvSIVmBCw&sIDType=CUID,Google App Store,https://play.google.com/store/apps/details?id=app.imps.unity,https://play.google.com/store/apps/details?id=app.imps.unity&hl=en_IN,app.imps.unity,2674,0
Olyv,Smartcoin Financials Private limited,UPMOVE CAPITAL PRIVATE LIMITED,2026-09-25,https://data.rbi.org.in/BOE/OpenDocument/opendoc/custom.jsp?iDocID=ARfEgy.WNSVIvFfvSIVmBCw&sIDType=CUID,Indus App Bazaar,https://play.google.com/store/apps/details?id=in.rebase.app,https://www.indusappstore.com/apps/finance/olyv--smartcoin-/in.rebase.app/?page=details&id=in.rebase.app,in.rebase.app,2675,0
Olyv,Smartcoin Financials Private limited,UPMOVE CAPITAL PRIVATE LIMITED,2026-09-25,https://data.rbi.org.in/BOE/OpenDocument/opendoc/custom.jsp?iDocID=ARfEgy.WNSVIvFfvSIVmBCw&sIDType=CUID,MI Store,https://play.google.com/store/apps/details?id=in.rebase.app,https://global.app.mi.com/details?lo=IN&la=en&id=in.rebase.app,in.rebase.app,2676,0
Olyv,Smartcoin Financials Private limited,UPMOVE CAPITAL PRIVATE LIMITED,2026-09-25,https://data.rbi.org.in/BOE/OpenDocument/opendoc/custom.jsp?iDocID=ARfEgy.WNSVIvFfvSIVmBCw&sIDType=CUID,Play store,https://play.google.com/store/apps/details?id=in.rebase.app,https://play.google.com/store/apps/details?id=in.rebase.app&pli=1,in.rebase.app,2677,0
Olyv,Smartcoin Financials Private limited,UPMOVE CAPITAL PRIVATE LIMITED,2026-09-25,https://data.rbi.org.in/BOE/OpenDocument/opendoc/custom.jsp?iDocID=ARfEgy.WNSVIvFfvSIVmBCw&sIDType=CUID,Web,https://app.olyv.co.in/login,https://app.olyv.co.in/login,,2678,0
MudraSewa,Self-owned,URGENT FINVEST LTD.,2026-09-25,https://data.rbi.org.in/BOE/OpenDocument/opendoc/custom.jsp?iDocID=ARfEgy.WNSVIvFfvSIVmBCw&sIDType=CUID,Website,https://mudrasewa.com/,https://mudrasewa.com/,,2679,0
QuickPaisa Fintech Private Limited,QuickPaisa Fintech Private Limited,USB FINANCIAL CORPORATION LTD,2026-09-25,https://data.rbi.org.in/BOE/OpenDocument/opendoc/custom.jsp?iDocID=ARfEgy.WNSVIvFfvSIVmBCw&sIDType=CUID,App Store,https://apps.apple.com/in/app/quickpaisa-get-loan-get-reward/id6752324494,https://apps.apple.com/in/app/quickpaisa-get-loan-get-reward/id6752324494,,2680,0
QuickPaisa Fintech Private Limited,QuickPaisa Fintech Private Limited,USB FINANCIAL CORPORATION LTD,2026-09-25,https://data.rbi.org.in/BOE/OpenDocument/opendoc/custom.jsp?iDocID=ARfEgy.WNSVIvFfvSIVmBCw&sIDType=CUID,Google Android,https://play.google.com/store/apps/details?id=com.quickpaisa.loanapp,https://play.google.com/store/apps/details?id=com.quickpaisa.loanapp,com.quickpaisa.loanapp,2681,0
QuickPaisa Fintech Private Limited,QuickPaisa Fintech Private Limited,USB FINANCIAL CORPORATION LTD,2026-09-25,https://data.rbi.org.in/BOE/OpenDocument/opendoc/custom.jsp?iDocID=ARfEgy.WNSVIvFfvSIVmBCw&sIDType=CUID,Website,https://quickpaisa.in,https://quickpaisa.in,,2682,0
FatakPay,FatakPay Digital Private Limited,USHA FINANCIAL SERVICES PVT.LTD.,2026-09-25,https://data.rbi.org.in/BOE/OpenDocument/opendoc/custom.jsp?iDocID=ARfEgy.WNSVIvFfvSIVmBCw&sIDType=CUID,App Store,https://apps.apple.com/in/app/fatakpay/id6468567795,https://apps.apple.com/in/app/fatakpay/id6468567795,,2683,0
FatakPay,FatakPay Digital Private Limited,USHA FINANCIAL SERVICES PVT.LTD.,2026-09-25,https://data.rbi.org.in/BOE/OpenDocument/opendoc/custom.jsp?iDocID=ARfEgy.WNSVIvFfvSIVmBCw&sIDType=CUID,Google Play Store,https://play.google.com/store/apps/details?id=com.fatakpay,https://play.google.com/store/apps/details?id=com.fatakpay&gl=in,com.fatakpay,2684,0
Kreditcall,Usha Financial Services Limited,USHA FINANCIAL SERVICES PVT.LTD.,2026-09-25,https://data.rbi.org.in/BOE/OpenDocument/opendoc/custom.jsp?iDocID=ARfEgy.WNSVIvFfvSIVmBCw&sIDType=CUID,Google Play Store,https://play.google.com/store/apps/details?id=com.kreditcall,https://play.google.com/store/apps/details?id=com.kreditcall,com.kreditcall,2685,0
Kreditcall,Usha Financial Services Limited,USHA FINANCIAL SERVICES PVT.LTD.,2026-09-25,https://data.rbi.org.in/BOE/OpenDocument/opendoc/custom.jsp?iDocID=ARfEgy.WNSVIvFfvSIVmBCw&sIDType=CUID,Website,https://www.kreditcall.com/,https://www.kreditcall.com/,,2686,0
LoanFront,Vaibhav Vyapaar Limited (Formerly known as Vaibhav Vyapaar Private Limited),USHA FINANCIAL SERVICES PVT.LTD.,2026-09-25,https://data.rbi.org.in/BOE/OpenDocument/opendoc/custom.jsp?iDocID=ARfEgy.WNSVIvFfvSIVmBCw&sIDType=CUID,Google Play Store,https://play.google.com/store/apps/details?id=in.loanfront.android,https://play.google.com/store/apps/details?id=in.loanfront.android,in.loanfront.android,2687,0
Kissht,OnEMI Technology Solutions Limited,UTKARSH SMALL FINANCE BANK LIMITED,2026-09-25,https://data.rbi.org.in/BOE/OpenDocument/opendoc/custom.jsp?iDocID=ARfEgy.WNSVIvFfvSIVmBCw&sIDType=CUID,Play Store,https://play.google.com/store/apps/details?id=com.fastbanking,https://play.google.com/store/apps/details?id=com.fastbanking&hl=en,com.fastbanking,2688,0
Kissht IOS,OnEMI Technology Solutions Limited,UTKARSH SMALL FINANCE BANK LIMITED,2026-09-25,https://data.rbi.org.in/BOE/OpenDocument/opendoc/custom.jsp?iDocID=ARfEgy.WNSVIvFfvSIVmBCw&sIDType=CUID,App store,https://apps.apple.com/in/app/kissht-personal-loan-app/id6752766331,https://apps.apple.com/in/app/kissht-personal-loan-app/id6752766331,,2689,0
Ring,OnEMI Technology Solutions Limited,UTKARSH SMALL FINANCE BANK LIMITED,2026-09-25,https://data.rbi.org.in/BOE/OpenDocument/opendoc/custom.jsp?iDocID=ARfEgy.WNSVIvFfvSIVmBCw&sIDType=CUID,Play Store,https://play.google.com/store/apps/details?id=com.fastbanking,https://play.google.com/store/apps/details?id=com.fastbanking&hl=en,com.fastbanking,2690,0
FUNDOBABA,U.Y. FINCORP LIMITED,U.Y. FINCORP LIMITED,2026-09-25,https://data.rbi.org.in/BOE/OpenDocument/opendoc/custom.jsp?iDocID=ARfEgy.WNSVIvFfvSIVmBCw&sIDType=CUID,Website,http://fundobaba.com,http://fundobaba.com,,2691,0
LoanFront,Self-owned,VAIBHAV VYAPAAR PVT LTD,2026-09-25,https://data.rbi.org.in/BOE/OpenDocument/opendoc/custom.jsp?iDocID=ARfEgy.WNSVIvFfvSIVmBCw&sIDType=CUID,Google Play Store,https://play.google.com/store/apps/details?id=in.loanfront.android,https://play.google.com/store/apps/details?id=in.loanfront.android,in.loanfront.android,2692,0
FlexiBee,FLEXIFINTECH SOLUASTION PRIVATE LIMITED,VAISHALI SECURITIES LIMITED,2026-09-25,https://data.rbi.org.in/BOE/OpenDocument/opendoc/custom.jsp?iDocID=ARfEgy.WNSVIvFfvSIVmBCw&sIDType=CUID,Google Play Store,https://play.google.com/store/apps/details?id=com.flexibee.flexibee,https://play.google.com/store/apps/ details?id=com.flexibee.flexibee,com.flexibee.flexibee,2693,0
LoveFund,PRYNTAFIN TECHNOLOGY PRIVATE LIMITED,VAISHALI SECURITIES LIMITED,2026-09-25,https://data.rbi.org.in/BOE/OpenDocument/opendoc/custom.jsp?iDocID=ARfEgy.WNSVIvFfvSIVmBCw&sIDType=CUID,Google Play Store,https://play.google.com/store/apps/details?id=com.fundlove.fundlove,https://play.google.com/store/apps/ details?id=com.fundlove.fundlove,com.fundlove.fundlove,2694,0
ZingLoan,Self-owned,VAISHALI SECURITIES LIMITED,2026-09-25,https://data.rbi.org.in/BOE/OpenDocument/opendoc/custom.jsp?iDocID=ARfEgy.WNSVIvFfvSIVmBCw&sIDType=CUID,Google Play Store,https://play.google.com/store/apps/details?id=com.zingloan.zingloan,https://play.google.com/store/apps/ details?id=com.zingloan.zingloan,com.zingloan.zingloan,2695,0
Sparsh,Self-owned,VARTHANA FINANCE PRIVATE LIMITED,2026-09-25,https://data.rbi.org.in/BOE/OpenDocument/opendoc/custom.jsp?iDocID=ARfEgy.WNSVIvFfvSIVmBCw&sIDType=CUID,website,https://varthana.c om/collection- lsp-agencies/,https://varthana.c om/collection- lsp-agencies/,,2696,0
Vector Blink,Vector Finance Private Limited,VECTOR FINANCE PRIVATE LIMITED,2026-09-25,https://data.rbi.org.in/BOE/OpenDocument/opendoc/custom.jsp?iDocID=ARfEgy.WNSVIvFfvSIVmBCw&sIDType=CUID,https://vectorblink.com,https://vectorblink.com,https://vectorblink.com,,2697,0
Vmoney,Venus Barter Private Limited,VENUS BARTER PVT LTD,2026-09-25,https://data.rbi.org.in/BOE/OpenDocument/opendoc/custom.jsp?iDocID=ARfEgy.WNSVIvFfvSIVmBCw&sIDType=CUID,Google Play Store,https://play.google.com/store/apps/details?id=com.vmoney.app,https://play.google.com/store/apps/details?id=com.vmoney.app,com.vmoney.app,2698,0
FlexPay,Self-owned,VIVIFI INDIA FINANCE (P) LTD,2026-09-25,https://data.rbi.org.in/BOE/OpenDocument/opendoc/custom.jsp?iDocID=ARfEgy.WNSVIvFfvSIVmBCw&sIDType=CUID,Apple Appstore,https://apps.apple.com/in/app/flexpay-personal-loan-app/id1530536084,https://apps.apple.com/in/app/flexpay-personal-loan-app/id1530536084,,2699,0
FlexPay,Self-owned,VIVIFI INDIA FINANCE (P) LTD,2026-09-25,https://data.rbi.org.in/BOE/OpenDocument/opendoc/custom.jsp?iDocID=ARfEgy.WNSVIvFfvSIVmBCw&sIDType=CUID,Galaxystore,https://galaxystore.samsung.com/detail/in.india.upi.flexpay,https://galaxystore.samsung.com/detail/in.india.upi.flexpay,,2700,0
FlexPay,Self-owned,VIVIFI INDIA FINANCE (P) LTD,2026-09-25,https://data.rbi.org.in/BOE/OpenDocument/opendoc/custom.jsp?iDocID=ARfEgy.WNSVIvFfvSIVmBCw&sIDType=CUID,Google Playstore,https://play.google.com/store/apps/details?id=in.india.upi.flexpay,https://play.google.com/store/apps/details?id=in.india.upi.flexpay,in.india.upi.flexpay,2701,0
FlexPay Loan,Self-owned,VIVIFI INDIA FINANCE (P) LTD,2026-09-25,https://data.rbi.org.in/BOE/OpenDocument/opendoc/custom.jsp?iDocID=ARfEgy.WNSVIvFfvSIVmBCw&sIDType=CUID,Google Playstore,https://play.google.com/store/apps/details?id=in.flexpay.digital.credit.card.instant.credit.on.upi,https://play.google.com/store/apps/details?id=in.flexpay.digital.credit.card.instant.credit.on.upi,in.flexpay.digital.credit.card.instant.credit.on.upi,2702,0
FlexSalary,Self-owned,VIVIFI INDIA FINANCE (P) LTD,2026-09-25,https://data.rbi.org.in/BOE/OpenDocument/opendoc/custom.jsp?iDocID=ARfEgy.WNSVIvFfvSIVmBCw&sIDType=CUID,Galaxystore,https://galaxystore.samsung.com/detail/com.flexsalary,https://galaxystore.samsung.com/detail/com.flexsalary,,2703,0
FlexSalary,Self-owned,VIVIFI INDIA FINANCE (P) LTD,2026-09-25,https://data.rbi.org.in/BOE/OpenDocument/opendoc/custom.jsp?iDocID=ARfEgy.WNSVIvFfvSIVmBCw&sIDType=CUID,Google Playstore,https://play.google.com/store/apps/details?id=com.flexsalary,https://play.google.com/store/apps/details?id=com.flexsalary,com.flexsalary,2704,0
FlexSalary,Self-owned,VIVIFI INDIA FINANCE (P) LTD,2026-09-25,https://data.rbi.org.in/BOE/OpenDocument/opendoc/custom.jsp?iDocID=ARfEgy.WNSVIvFfvSIVmBCw&sIDType=CUID,Apple Appstore,https://apps.apple.com/in/app/flexsalary-instant-loan-app/id1343181693,https://apps.apple.com/in/app/flexsalary-instant-loan-app/id1343181693,,2705,0
Udyam Flex Loan,Self-owned,VIVIFI INDIA FINANCE (P) LTD,2026-09-25,https://data.rbi.org.in/BOE/OpenDocument/opendoc/custom.jsp?iDocID=ARfEgy.WNSVIvFfvSIVmBCw&sIDType=CUID,Google Playstore,https://play.google.com/store/apps/details?id=com.udyam.flex.loans,https://play.google.com/store/apps/details?id=com.udyam.flex.loans,com.udyam.flex.loans,2706,0
Rupeeontime – Instant Loan,Dev-Aashish Capitals Private Limited,VRINDA FINLEASE LIMITED,2026-09-25,https://data.rbi.org.in/BOE/OpenDocument/opendoc/custom.jsp?iDocID=ARfEgy.WNSVIvFfvSIVmBCw&sIDType=CUID,Google Play Store,https://play.google.com/store/apps/details?id=com.devaashishcapitals.rot,https://play.google.com/store/apps/details?id=com.devaashishcapitals.rot,com.devaashishcapitals.rot,2707,0
Rupeeontime – Instant Loan,Dev-Aashish Capitals Private Limited,VRINDA FINLEASE LIMITED,2026-09-25,https://data.rbi.org.in/BOE/OpenDocument/opendoc/custom.jsp?iDocID=ARfEgy.WNSVIvFfvSIVmBCw&sIDType=CUID,Webiste,https://rupeeontime.com/,https://rupeeontime.com/,,2708,0
Zapcash,Omnistack Innovation Private Limited,WEEKLINE INVESTMENT & TRADING CO. LTD.,2026-09-25,https://data.rbi.org.in/BOE/OpenDocument/opendoc/custom.jsp?iDocID=ARfEgy.WNSVIvFfvSIVmBCw&sIDType=CUID,google play store,com.zapcash.loan,com.zapcash.loan,,2710,0
Welkin Commercials,Welkin Commercials Pvt Ltd,WELKIN COMMERCIALS PVT. LTD.,2026-09-25,https://data.rbi.org.in/BOE/OpenDocument/opendoc/custom.jsp?iDocID=ARfEgy.WNSVIvFfvSIVmBCw&sIDType=CUID,Website,https://welkincommercials.com/welkin.apk,https://welkincommercials.com/welkin.apk,,2711,0
SaveIN,SaveIN Fintech Pvt Ltd,WELKIN COMMERCIALS PVT. LTD.,2026-09-25,https://data.rbi.org.in/BOE/OpenDocument/opendoc/custom.jsp?iDocID=ARfEgy.WNSVIvFfvSIVmBCw&sIDType=CUID,Website,https://customer.savein.money/,https://customer.savein.money/,,2712,0
Khatabook,ADJ Utility Apps Private Limited,WESTERN CAPITAL ADVISORS PRIVATE LIMITED,2026-09-25,https://data.rbi.org.in/BOE/OpenDocument/opendoc/custom.jsp?iDocID=ARfEgy.WNSVIvFfvSIVmBCw&sIDType=CUID,Website,https://khatabook.com/,https://khatabook.com/,,2713,0
Grayquest,Grayquest Education Finance Private Limited,WESTERN CAPITAL ADVISORS PRIVATE LIMITED,2026-09-25,https://data.rbi.org.in/BOE/OpenDocument/opendoc/custom.jsp?iDocID=ARfEgy.WNSVIvFfvSIVmBCw&sIDType=CUID,Website,https://www.grayquest.com,https://www.grayquest.com,,2714,0
OTO,1T9 Technology Private Limited,WESTERN CAPITAL ADVISORS PRIVATE LIMITED,2026-09-25,https://data.rbi.org.in/BOE/OpenDocument/opendoc/custom.jsp?iDocID=ARfEgy.WNSVIvFfvSIVmBCw&sIDType=CUID,Website,https://www.otocapital.in/,https://www.otocapital.in/,,2715,0
Stashfin,Akara Capital Advisors Pvt Ltd,WESTERN CAPITAL ADVISORS PRIVATE LIMITED,2026-09-25,https://data.rbi.org.in/BOE/OpenDocument/opendoc/custom.jsp?iDocID=ARfEgy.WNSVIvFfvSIVmBCw&sIDType=CUID,Website,https://www.stashfin.com/,https://www.stashfin.com/,,2716,0
We Rize,Wortgage Technology Pvt. Ltd,WESTERN CAPITAL ADVISORS PRIVATE LIMITED,2026-09-25,https://data.rbi.org.in/BOE/OpenDocument/opendoc/custom.jsp?iDocID=ARfEgy.WNSVIvFfvSIVmBCw&sIDType=CUID,Website,https://www.werize.com/,https://www.werize.com/,,2717,0
Cred,DREAMPLUG TECHNOLOGIES PRIVATE LIMITED,WHIZDM FINANCE PRIVATE LIMITED,2026-09-25,https://data.rbi.org.in/BOE/OpenDocument/opendoc/custom.jsp?iDocID=ARfEgy.WNSVIvFfvSIVmBCw&sIDType=CUID,Google Play Store,https://play.google.com/store/apps/details?id=com.dreamplug.androidapp,https://play.google.com/store/apps/details?id=com.dreamplug.androidapp&amp;hl=en_IN,com.dreamplug.androidapp,2718,0
Cred,DREAMPLUG TECHNOLOGIES PRIVATE LIMITED,WHIZDM FINANCE PRIVATE LIMITED,2026-09-25,https://data.rbi.org.in/BOE/OpenDocument/opendoc/custom.jsp?iDocID=ARfEgy.WNSVIvFfvSIVmBCw&sIDType=CUID,iOS App Store,https://apps.apple.com/in/app/cred-credit-cards-bills-upi/id1428580080,https://apps.apple.com/in/app/cred-credit-cards-bills-upi/id1428580080,,2719,0
Cred,DREAMPLUG TECHNOLOGIES PRIVATE LIMITED,WHIZDM FINANCE PRIVATE LIMITED,2026-09-25,https://data.rbi.org.in/BOE/OpenDocument/opendoc/custom.jsp?iDocID=ARfEgy.WNSVIvFfvSIVmBCw&sIDType=CUID,Website,https://cred.club/,https://cred.club/,,2720,0
Jify,Zeo Fin Technology Private Limited,WHIZDM FINANCE PRIVATE LIMITED,2026-09-25,https://data.rbi.org.in/BOE/OpenDocument/opendoc/custom.jsp?iDocID=ARfEgy.WNSVIvFfvSIVmBCw&sIDType=CUID,Google Play Store,https://play.google.com/store/apps/details?id=com.jify.mobile,https://play.google.com/store/apps/details?id=com.jify.mobile&pcampaignid=web_share,com.jify.mobile,2721,0
Jify,Zeo Fin Technology Private Limited,WHIZDM FINANCE PRIVATE LIMITED,2026-09-25,https://data.rbi.org.in/BOE/OpenDocument/opendoc/custom.jsp?iDocID=ARfEgy.WNSVIvFfvSIVmBCw&sIDType=CUID,iOS App Store,https://apps.apple.com/in/app/jify-money-by-zeo-fin/id1591896706,https://apps.apple.com/in/app/jify-money-by-zeo-fin/id1591896706,,2722,0
Moneyview,Moneyview Limited (formerly known as Moneyview Private Limited and Whizdm Innovations Pvt Limited),WHIZDM FINANCE PRIVATE LIMITED,2026-09-25,https://data.rbi.org.in/BOE/OpenDocument/opendoc/custom.jsp?iDocID=ARfEgy.WNSVIvFfvSIVmBCw&sIDType=CUID,Google Play Store,https://play.google.com/store/apps/details?id=com.whizdm.moneyview.loans,https://play.google.com/store/apps/details?id=com.whizdm.moneyview.loans&pcampaignid=web_share,com.whizdm.moneyview.loans,2723,0
Moneyview,Moneyview Limited (formerly known as Moneyview Private Limited and Whizdm Innovations Pvt Limited),WHIZDM FINANCE PRIVATE LIMITED,2026-09-25,https://data.rbi.org.in/BOE/OpenDocument/opendoc/custom.jsp?iDocID=ARfEgy.WNSVIvFfvSIVmBCw&sIDType=CUID,iOS App Store,https://apps.apple.com/in/app/moneyview-loans-credit-cards/id6468976019,https://apps.apple.com/in/app/moneyview-loans-credit-cards/id6468976019,,2724,0
creditwalle,Woodland Securities Pvt. Ltd,WOODLAND SECURITIES LIMITED,2026-09-25,https://data.rbi.org.in/BOE/OpenDocument/opendoc/custom.jsp?iDocID=ARfEgy.WNSVIvFfvSIVmBCw&sIDType=CUID,Website,https://www.creditwalle.com/,https://www.creditwalle.com/,,2725,0
Werize Customer App,Wortgage Finance Private Limited,WORTGAGE FINANCE PRIVATE LIMITED,2026-09-25,https://data.rbi.org.in/BOE/OpenDocument/opendoc/custom.jsp?iDocID=ARfEgy.WNSVIvFfvSIVmBCw&sIDType=CUID,Google Play Store,https://play.google.com/store/apps/details?id=com.moneyonclick.custom,https://play.google.com/store/ apps/details? id=com.moneyonclick.custom erapp&hl=en,com.moneyonclick.custom,2726,0
ECS Credit,Self-owned,YAKSH INFINLEASE PVT.LTD,2026-09-25,https://data.rbi.org.in/BOE/OpenDocument/opendoc/custom.jsp?iDocID=ARfEgy.WNSVIvFfvSIVmBCw&sIDType=CUID,Website,https://www.ecscredit.com/,https://www.ecscredit.com/,,2727,0
Maharani Financial Services,Aman Kumar,YASHIK FINLEASE PVT.LTD,2026-09-25,https://data.rbi.org.in/BOE/OpenDocument/opendoc/custom.jsp?iDocID=ARfEgy.WNSVIvFfvSIVmBCw&sIDType=CUID,Website,https://www.maharanifinancials.com/,https://www.maharanifinancials.com/,,2728,0
Nexiloans,Nexi fintech private limited,YASHIK FINLEASE PVT.LTD,2026-09-25,https://data.rbi.org.in/BOE/OpenDocument/opendoc/custom.jsp?iDocID=ARfEgy.WNSVIvFfvSIVmBCw&sIDType=CUID,Google playstore,https://nexiloans.com/,https://nexiloans.com/,,2729,0
BharatPe UPI,Resilient Digi Services Private Limited,YES BANK LTD.,2026-09-25,https://data.rbi.org.in/BOE/OpenDocument/opendoc/custom.jsp?iDocID=ARfEgy.WNSVIvFfvSIVmBCw&sIDType=CUID,Apple App Store,https://apps.apple.com/in/app/bharatpe-upi-loan-rewards/id1586002156,https://apps.apple.com/in/app/bharatpe-upi-loan-rewards/id1586002156,,2730,0
BharatPe UPI,Resilient Digi Services Private Limited,YES BANK LTD.,2026-09-25,https://data.rbi.org.in/BOE/OpenDocument/opendoc/custom.jsp?iDocID=ARfEgy.WNSVIvFfvSIVmBCw&sIDType=CUID,Google Play,https://play.google.com/store/apps/details?id=com.postpe.app,https://play.google.com/store/apps/details?id=com.postpe.app&hl=en_IN,com.postpe.app,2731,0
CRED,Name of the LSP - Dreamplug Technologies Private Limited,YES BANK LTD.,2026-09-25,https://data.rbi.org.in/BOE/OpenDocument/opendoc/custom.jsp?iDocID=ARfEgy.WNSVIvFfvSIVmBCw&sIDType=CUID,Apple App Store,https://apps.apple.com/in/app/cred-credit-cards-payments/id1428580080,https://apps.apple.com/in/app/cred-credit-cards-payments/id1428580080,,2732,0
CRED,Name of the LSP - Dreamplug Technologies Private Limited,YES BANK LTD.,2026-09-25,https://data.rbi.org.in/BOE/OpenDocument/opendoc/custom.jsp?iDocID=ARfEgy.WNSVIvFfvSIVmBCw&sIDType=CUID,Google Play,https://play.google.com/store/apps/details?id=com.dreamplug.androidapp,https://play.google.com/store/apps/details?id=com.dreamplug.androidapp&hl=en_IN,com.dreamplug.androidapp,2733,0
Creditas Business Solutions,Self owned - YES Bank Limited,YES BANK LTD.,2026-09-25,https://data.rbi.org.in/BOE/OpenDocument/opendoc/custom.jsp?iDocID=ARfEgy.WNSVIvFfvSIVmBCw&sIDType=CUID,Website,https://creditcards.yes.bank.in/digital/login,https://creditcards.yes.bank.in/digital/login,,2734,0
DIGI OD (Digital Overdraft),Self Owned (YES Bank Limited),YES BANK LTD.,2026-09-25,https://data.rbi.org.in/BOE/OpenDocument/opendoc/custom.jsp?iDocID=ARfEgy.WNSVIvFfvSIVmBCw&sIDType=CUID,Website,https://yesaimca.yes.bank.in/ybl_digiod/#/,https://yesaimca.yes.bank.in/ybl_digiod/#/,,2735,0
IRIS,Self owned - YES Bank Limited,YES BANK LTD.,2026-09-25,https://data.rbi.org.in/BOE/OpenDocument/opendoc/custom.jsp?iDocID=ARfEgy.WNSVIvFfvSIVmBCw&sIDType=CUID,Apple App Store,https://apps.apple.com/in/app/iris-by-yes-bank-mobile-app/id1575064171,https://apps.apple.com/in/app/iris-by-yes-bank-mobile-app/id1575064171,,2736,0
IRIS,Self owned - YES Bank Limited,YES BANK LTD.,2026-09-25,https://data.rbi.org.in/BOE/OpenDocument/opendoc/custom.jsp?iDocID=ARfEgy.WNSVIvFfvSIVmBCw&sIDType=CUID,Google Play,https://play.google.com/store/apps/details?id=in.irisbyyes.app,https://play.google.com/store/apps/details?id=in.irisbyyes.app&hl=en_IN,in.irisbyyes.app,2737,0
KIWI,GOKIWI TECH PRIVATE LIMITED,YES BANK LTD.,2026-09-25,https://data.rbi.org.in/BOE/OpenDocument/opendoc/custom.jsp?iDocID=ARfEgy.WNSVIvFfvSIVmBCw&sIDType=CUID,Apple App Store,https://apps.apple.com/in/app/kiwi-rupay-credit-card-on-upi/id6449386307,https://apps.apple.com/in/app/kiwi-rupay-credit-card-on-upi/id6449386307,,2738,0
KIWI,GOKIWI TECH PRIVATE LIMITED,YES BANK LTD.,2026-09-25,https://data.rbi.org.in/BOE/OpenDocument/opendoc/custom.jsp?iDocID=ARfEgy.WNSVIvFfvSIVmBCw&sIDType=CUID,Google Play,https://play.google.com/store/apps/details?id=in.gokiwi.kiwitpap,https://play.google.com/store/apps/details?id=in.gokiwi.kiwitpap,in.gokiwi.kiwitpap,2739,0
Paisabazaar,Paisabazaar Marketing and Consulting Private Limited,YES BANK LTD.,2026-09-25,https://data.rbi.org.in/BOE/OpenDocument/opendoc/custom.jsp?iDocID=ARfEgy.WNSVIvFfvSIVmBCw&sIDType=CUID,Apple App Store,https://apps.apple.com/in/app/paisabazaar-credit-score-loan/id1029403201,https://apps.apple.com/in/app/paisabazaar-credit-score-loan/id1029403201,,2740,0
Paisabazaar,Paisabazaar Marketing and Consulting Private Limited,YES BANK LTD.,2026-09-25,https://data.rbi.org.in/BOE/OpenDocument/opendoc/custom.jsp?iDocID=ARfEgy.WNSVIvFfvSIVmBCw&sIDType=CUID,Google Play,https://play.google.com/store/apps/details?id=com.paisabazaar,https://play.google.com/store/apps/details?id=com.paisabazaar&hl=en_IN,com.paisabazaar,2741,0
Paisabazaar,Paisabazaar Marketing and Consulting Private Limited,YES BANK LTD.,2026-09-25,https://data.rbi.org.in/BOE/OpenDocument/opendoc/custom.jsp?iDocID=ARfEgy.WNSVIvFfvSIVmBCw&sIDType=CUID,Website,https://www.paisabazaar.com/,https://www.paisabazaar.com/,,2742,0
YES Online,Self owned - YES Bank Limited,YES BANK LTD.,2026-09-25,https://data.rbi.org.in/BOE/OpenDocument/opendoc/custom.jsp?iDocID=ARfEgy.WNSVIvFfvSIVmBCw&sIDType=CUID,Website,https://www.yes.bank.in/personal-banking/yes-individual/cards/credit-cards/credit-card-services,https://www.yes.bank.in/personal-banking/yes-individual/cards/credit-cards/credit-card-services,,2743,0
YES Race,Self owned - YES Bank Limited,YES BANK LTD.,2026-09-25,https://data.rbi.org.in/BOE/OpenDocument/opendoc/custom.jsp?iDocID=ARfEgy.WNSVIvFfvSIVmBCw&sIDType=CUID,Website,https://www.yes.bank.in/yes-bank-loans/loan-in-seconds,https://www.yes.bank.in/yes-bank-loans/loan-in-seconds,,2744,0
RapidRupee,AFG BUSINESS SOLUTIONS (INDIA) PRIVATE LIMITED,YUVARAJ FINANCE (PVT) LTD.,2026-09-25,https://data.rbi.org.in/BOE/OpenDocument/opendoc/custom.jsp?iDocID=ARfEgy.WNSVIvFfvSIVmBCw&sIDType=CUID,Google App Store,https://play.google.com/store/apps/details?id=rapidrupee.app,https://play.google.com/store/apps/details?id=rapidrupee.app&pli=1,rapidrupee.app,2745,0
RapidRupee,AFG BUSINESS SOLUTIONS (INDIA) PRIVATE LIMITED,YUVARAJ FINANCE (PVT) LTD.,2026-09-25,https://data.rbi.org.in/BOE/OpenDocument/opendoc/custom.jsp?iDocID=ARfEgy.WNSVIvFfvSIVmBCw&sIDType=CUID,Website,https://www.rapidrupee.in/,https://www.rapidrupee.in/,,2746,0
Yuva Personal Loan App,Self-owned,YUVARAJ FINANCE (PVT) LTD.,2026-09-25,https://data.rbi.org.in/BOE/OpenDocument/opendoc/custom.jsp?iDocID=ARfEgy.WNSVIvFfvSIVmBCw&sIDType=CUID,Google App Store,https://play.google.com/store/apps/details?id=yuva.loan.app,https://play.google.com/store/apps/details?id=yuva.loan.app,yuva.loan.app,2747,0
Yuva Personal Loan App,Self-owned,YUVARAJ FINANCE (PVT) LTD.,2026-09-25,https://data.rbi.org.in/BOE/OpenDocument/opendoc/custom.jsp?iDocID=ARfEgy.WNSVIvFfvSIVmBCw&sIDType=CUID,Website,https://yuvalms.in/,https://yuvalms.in/,,2748,0
Ananda Dairy Limited,ANANDA DAIRY LIMITED,ZEAL HOLDINGS PRIVATE LIMITED,2026-09-25,https://data.rbi.org.in/BOE/OpenDocument/opendoc/custom.jsp?iDocID=ARfEgy.WNSVIvFfvSIVmBCw&sIDType=CUID,Website,https://ananda.in,https://ananda.in,,2749,0
careinsurance,Care Health Insurance Limited,ZEAL HOLDINGS PRIVATE LIMITED,2026-09-25,https://data.rbi.org.in/BOE/OpenDocument/opendoc/custom.jsp?iDocID=ARfEgy.WNSVIvFfvSIVmBCw&sIDType=CUID,Website/ Playstore / App store,https://careinsurance.com,https://careinsurance.com,,2750,0
Kredmint Technologies Private Limited,Kredmint Technologies Private Limited,ZEAL HOLDINGS PRIVATE LIMITED,2026-09-25,https://data.rbi.org.in/BOE/OpenDocument/opendoc/custom.jsp?iDocID=ARfEgy.WNSVIvFfvSIVmBCw&sIDType=CUID,Website,https://www.kredmint.com,https://www.kredmint.com,,2751,0
Meesho Payments Private Limited (MPPL),Meesho Payments Private Limited (MPPL),ZEAL HOLDINGS PRIVATE LIMITED,2026-09-25,https://data.rbi.org.in/BOE/OpenDocument/opendoc/custom.jsp?iDocID=ARfEgy.WNSVIvFfvSIVmBCw&sIDType=CUID,Website/ Playstore / App store,https://www.meesho.com/,https://www.meesho.com/,,2752,0
Zomato Hyperpure,Zomato Hyperpure Private Limited,ZEAL HOLDINGS PRIVATE LIMITED,2026-09-25,https://data.rbi.org.in/BOE/OpenDocument/opendoc/custom.jsp?iDocID=ARfEgy.WNSVIvFfvSIVmBCw&sIDType=CUID,Website/ Playstore / App store,https://www.hyperpure.com/,https://www.hyperpure.com/,,2753,0
Salary now,KKSV BUSINESS SERVICES PRIVATE LIMITED,ZED LEAFIN PVT. LTD.,2026-09-25,https://data.rbi.org.in/BOE/OpenDocument/opendoc/custom.jsp?iDocID=ARfEgy.WNSVIvFfvSIVmBCw&sIDType=CUID,Website,https://www.salarynow.in,www.salarynow.in,,2754,0
Salary now - Instant Loans,KKSV BUSINESS SERVICES PRIVATE LIMITED,ZED LEAFIN PVT. LTD.,2026-09-25,https://data.rbi.org.in/BOE/OpenDocument/opendoc/custom.jsp?iDocID=ARfEgy.WNSVIvFfvSIVmBCw&sIDType=CUID,Google play store,https://play.google.com/store/apps/details?id=com.kksv.salarynowapp,https://play.google.com/store/apps/details?id=com.kksv.salarynowapp,com.kksv.salarynowapp,2755,0
SN Insta Personal Advance Loan,ZED LEAFIN PRIVATE LIMITED (Self-owned),ZED LEAFIN PVT. LTD.,2026-09-25,https://data.rbi.org.in/BOE/OpenDocument/opendoc/custom.jsp?iDocID=ARfEgy.WNSVIvFfvSIVmBCw&sIDType=CUID,Google Play Store,https://play.google.com/store/apps/details?id=com.kksv.salarynowloan,https://play.google.com/store/apps/details?id=com.kksv.salarynowloan,com.kksv.salarynowloan,2756,0
SN Insta Personal Advance Loan,ZED LEAFIN PRIVATE LIMITED (Self-owned),ZED LEAFIN PVT. LTD.,2026-09-25,https://data.rbi.org.in/BOE/OpenDocument/opendoc/custom.jsp?iDocID=ARfEgy.WNSVIvFfvSIVmBCw&sIDType=CUID,Website,https://www.zedfinance.com,www.zedfinance.com,,2757,0
zerodhacapital.com,Self Owned,ZERODHA CAPITAL PRIVATE LIMITED,2026-09-25,https://data.rbi.org.in/BOE/OpenDocument/opendoc/custom.jsp?iDocID=ARfEgy.WNSVIvFfvSIVmBCw&sIDType=CUID,Yes,https://loans.zerodhacapital.com/,https://loans.zerodhacapital.com/,,2758,0
