Sr. No,Entity Name,Website of RE,Entity Type,Name of the DLA,Name of the owner of DLA (Self-owned/ name of LSP in case DLA is of LSP),Available on (Website/ Name of app store),Link to DLA
1,121 FINANCE PRIVATE LIMITED (OLD NAME YERROW FINANCE AND INVESTMENTS PRIVATE LIMITED),https://121finance.com,NBFC,GeM Sahay,Government Emarketplace,Google Android, https://play.google.com/store/apps/details?id=com.gemsahay.perfios&hl=en
2,,https://121finance.com,NBFC,GeM Sahay,Government Emarketplace,iOS App Store,?https://apps.apple.com/in/app/gem-sahay/id6502699944
3,,https://121finance.com,NBFC,GeM Sahay,Government Emarketplace,Website,https://gem-sahay.perfios.com/pcg-gem/gemLogin
4,360 ONE PRIME LIMITED (FORMERLY  IIFL WEALTH PRIME LIMITED AND IIFL WEALTH FINANCE LTD) ,https://www.360.one/wealth/lending-solutions,NBFC,360 ONE Wealth – Lending,Self Owned,https://www.360.one/wealth/lending-solutionsApp store: Android,Android App URL: https://play.google.com/store/apps/details?id=com.one360.lending
5,,https://www.360.one/wealth/lending-solutions,NBFC,360 ONE Wealth – Lending,Self Owned,https://www.360.one/wealth/lending-solutionsApp store: Apple,iOS App URL: https://apps.apple.com/in/app/360-one-wealth-lending/id6757471560
6,4FIN FINANCE PRIVATE LIMITED,https://4fin.in/,NBFC,4Fin,4Fin Finance Private Limited,Google Play Store,https://play.google.com/store/apps/details?id=com.fourfinfinance.b2c
7,AADHAR INDIA FINVEST LIMITED,https://aadharindiafinvest.com/,NBFC,Rupee112: Personal Loan App,Self Owned ,App Store ,https://apps.apple.com/in/app/rupee112-instant-loan/id6465577336
8,,https://aadharindiafinvest.com/,NBFC,Rupee112: Personal Loan App,Self Owned ,Google Play Store ,https://play.google.com/store/apps/details?id=com.vrindafinlease.rupee112 
9,,https://aadharindiafinvest.com/,NBFC,Rupee112: Personal Loan App,Self Owned ,Website ,https://www.rupee112.com/ 
10,"AASRA FINCORP PRIVATE LIMITED (NAME CHANGED ON MAY 14, 2019)",aasrafincorp.com,NBFC,MyMoneyBazaar,My Money Bazaar India Private Limited,MyMoneyBazaar,https://mymoneybazaar.com/
11,,aasrafincorp.com,NBFC,MyMoneyBazaar,My Money Bazaar India Private Limited,MyMoneyBazaar,https://play.google.com/store/apps/details?id=com.my.moneybazzar
12,ABHAYKUMAR LEA-FIN & INVESTMENTS (PRIVATE) LIMITED,https://alfifinance.com,NBFC,KreditMart,KREDITMART SMARTPAY ADVISORY PRIVATE LIMITED,Website,https://kreditmart.loan
13,,https://alfifinance.com,NBFC,Kredit Mart Personal Loan App,KREDITMART SMARTPAY ADVISORY PRIVATE LIMITED,Google Play Store,https://kreditmart.loan
14,ACG LEASING LTD.,https://acgleasinglimited.com/,NBFC,Loanontip ,RRYO Private Limited ,Website,https://loanontip.com/
15,ACHIIEVERS FINANCE INDIA PRIVATE LIMITED,www.achiieversfinance.com,NBFC,ACHIIEVERS QUICK GOLD LOAN,SELF-OWNED,Google Play Store,https://play.google.com/store/apps/details?id=com.dimensions.liveloancustomerafil
16,,www.achiieversfinance.com,NBFC,ACHIIEVERS QUICK GOLD LOAN,SELF-OWNED,Website,https://www.achiieversquickgoldloan.com/apply-now/
17,,www.achiieversfinance.com,NBFC,AFIL LLC,SELF-OWNED,Web App,https://cloud40.dimensionslive.com/AFILLLC/
18,,www.achiieversfinance.com,NBFC,JHATPAT LOANS,SELF-OWNED,Google Play Store,https://play.google.com/store/apps/details?id=com.habile.cloudbankin.achiievers&pcampaignid=web_share
19,,www.achiieversfinance.com,NBFC,JHATPAT LOANS,SELF-OWNED,IndusApp,https://www.indusappstore.com/apps/finance/jhatpat-loans/com.habile.cloudbankin.achiievers/?page=details&id=com.habile.cloudbankin.achiievers
20,,www.achiieversfinance.com,NBFC,JHATPAT LOANS,SELF-OWNED,Web App,https://webapp.jhatpatloans.com/onboard/#/login/borrower
21,,www.achiieversfinance.com,NBFC,JHATPAT LOANS,SELF-OWNED,Website,https://www.jhatpatloans.com/apply-loan
22,ACOLYTE FINSERV LIMITED (EARLIER KNOWN AS GAGAN METALS LIMITED),www.acolytefinserv.com.com,NBFC,Borrowera,Self Owned,https://www.borrowera.com/,https://www.borrowera.com/
23,,www.acolytefinserv.com.com,NBFC,Credxpres,Self Owned,https://credxpres.com/,https://credxpres.com/
24,,www.acolytefinserv.com.com,NBFC,Instant Paise,Self Owned,https://instantpaise.com/,https://instantpaise.com/
25,,www.acolytefinserv.com.com,NBFC,Loanfinserve,Self Owned,https://www.loanfinserve.com/,https://www.loanfinserve.com/
26,,www.acolytefinserv.com.com,NBFC,Loan Mitraa,Self Owned,https://loanmitraa.com/,https://loanmitraa.com/
27,,www.acolytefinserv.com.com,NBFC,Moneywalle,Self Owned,https://moneywalle.com/,https://moneywalle.com/
28,,www.acolytefinserv.com.com,NBFC,Perfect Paisa,Self Owned,https://perfect-paisa.com/,https://perfect-paisa.com/
29,ADITSH FINTECH PRIVATE LIMITED,https://aditshfintech.com/,NBFC,Blink Credit,FINOVATEX TECHNOLOGIES PRIVATE LIMITED,Google Play Store,https://play.google.com/store/apps/details?id=com.core.service.safe.cred.link.pro.ncin.app
30,ADITYA BIRLA CAPITAL LIMITED (MERGED WITH ADITYA BIRLA FINANCE LIMITED),https://www.adityabirlacapital.com/,NBFC,Digital Eco system,Udyog Plus Digital Journey - ABCL,Website,https://udyogplus.adityabirlacapital.com/login?url=/instant-business-loan
31,,??https://www.adityabirlacapital.com/loans/our-digital-lending-platform-partners,NBFC,Aditya Birla Capital Digital?,?Aditya Birla Capital Digital?Limited,Apple App store,https://apps.apple.com/in/app/abcd-aditya-birla-capital-app/id6477909524
32,,??https://www.adityabirlacapital.com/loans/our-digital-lending-platform-partners,NBFC,Aditya Birla Capital Digital?,?Aditya Birla Capital Digital?Limited,Google Play Store,ABCD Aditya Birla Capital - Apps on Google Play
33,,??https://www.adityabirlacapital.com/loans/our-digital-lending-platform-partners,NBFC,Aditya Birla Capital Digital?,?Aditya Birla Capital Digital?Limited,Website ,https://oneapp.abfldirect.com/epl/login?dsa_hash=8fe0ba1c6fcc8ff1d90f2158d8ff0166471f91b1145be9431843a0df7b00df66https://abcd.adityabirlacapital.com/PersonalLoan
34,,?https://www.adityabirlacapital.com/loans/our-digital-lending-platform-partners,NBFC,Insta PL,?Self Owned (Aditya Birla Capital Limited),?Website,https://oneapp.abfldirect.com/epl/login?dsa_hash=79c341f193a8d0f14b2034a83644fd2347eb0571cd4e7c9d07cb81e978c37b1d
35,,https://www.adityabirlacapital.com/loans/our-digital-lending-platform-partners,NBFC,Angel One's Super App,Angel One,Apple App Store,https://apps.apple.com/in/app/angel-one-stocks-mutual-fund/id1060530981
36,,https://www.adityabirlacapital.com/loans/our-digital-lending-platform-partners,NBFC,Angel One's Super App,Angel One,Google Play Store,https://play.google.com/store/apps/details?id=com.msf.angelmobile&hl=en
37,,https://www.adityabirlacapital.com/loans/our-digital-lending-platform-partners,NBFC,BharatPe for Business, Resilient Digi Services Private Limited,Apple App Store,https://apps.apple.com/in/app/bharatpe-for-business/id1329385873
38,,https://www.adityabirlacapital.com/loans/our-digital-lending-platform-partners,NBFC,BharatPe for Business,Resilient Digi Services Private Limited,Google Play store,https://play.google.com/store/apps/details?id=com.bharatpe.app&hl=en_IN&pli=1
39,,https://www.adityabirlacapital.com/loans/our-digital-lending-platform-partners,NBFC,Cred,Dreamplug Technologies Pvt. Ltd.,Apple App store,https://apps.apple.com/in/app/cred-credit-cards-bills-upi/id1428580080
40,,https://www.adityabirlacapital.com/loans/our-digital-lending-platform-partners,NBFC,Cred,Dreamplug Technologies Pvt. Ltd.,Google Play Store,https://play.google.com/store/apps/details?id=com.dreamplug.androidapp&hl=en_IN
41,,https://www.adityabirlacapital.com/loans/our-digital-lending-platform-partners,NBFC,Cred,Dreamplug Technologies Pvt. Ltd.,Website,https://cred.club/
42,,https://www.adityabirlacapital.com/loans/our-digital-lending-platform-partners,NBFC,Flexiloan,Epimoney Private Limited,Website,https://flexiloans.com
43,,https://www.adityabirlacapital.com/loans/our-digital-lending-platform-partners,NBFC,Google Pay,Google India Digital Services Pvt Ltd,Apple App store,Apple App Store: https://gpay.app.goo.gl/1nmD
44,,https://www.adityabirlacapital.com/loans/our-digital-lending-platform-partners,NBFC,Google Pay,Google India Digital Services Pvt Ltd,Google Play store,Google Play:??https://pay.google.com/intl/en_in/about/
45,,https://www.adityabirlacapital.com/loans/our-digital-lending-platform-partners,NBFC,Indifi,Indifi Technologies Private Limited,Website,https://www.indifi.com
46,,https://www.adityabirlacapital.com/loans/our-digital-lending-platform-partners,NBFC,Kissht ,OnEMI Technologies Solutions Limited ,PlayStore,Kissht: Instant Personal Loans - Apps on Google Play
47,,https://www.adityabirlacapital.com/loans/our-digital-lending-platform-partners,NBFC,Kissht IOS,OnEMI Technologies Solutions Limited ,App store,https://apps.apple.com/in/app/kissht-personal-loan-app/id6752766331
48,,https://www.adityabirlacapital.com/loans/our-digital-lending-platform-partners,NBFC,Kreditbee,Finnovation Tech Solutions Private Limited,Apple App Store,https://apps.apple.com/in/app/easy-personal-loan-kreditbee/id1488736283
49,,https://www.adityabirlacapital.com/loans/our-digital-lending-platform-partners,NBFC,Kreditbee,Finnovation Tech Solutions Private Limited,Google Play Store,https://play.google.com/store/apps/details?id=com.kreditbee.android
50,,https://www.adityabirlacapital.com/loans/our-digital-lending-platform-partners,NBFC,Kreditbee,Finnovation Tech Solutions Private Limited,IndusApp,https://indusapp.store/9ip3i05q
51,,https://www.adityabirlacapital.com/loans/our-digital-lending-platform-partners,NBFC,Kreditbee,Finnovation Tech Solutions Private Limited,Mi App Store,https://global.app.mi.com/details?lo=IN&la=en_US&id=com.kreditbee.android
52,,https://www.adityabirlacapital.com/loans/our-digital-lending-platform-partners,NBFC,Kreditbee,Finnovation Tech Solutions Private Limited,Oppo App Store,oaps://mk/dt?pkg=com.kreditbee.android&style=1
53,,https://www.adityabirlacapital.com/loans/our-digital-lending-platform-partners,NBFC,Kreditbee,Finnovation Tech Solutions Private Limited,Samsung App Store,https://apps.samsung.com/appquery/appDetail.as?appId=com.kreditbee.android
54,,https://www.adityabirlacapital.com/loans/our-digital-lending-platform-partners,NBFC,Kreditbee,Finnovation Tech Solutions Private Limited,Vivo Market,vivomarket://details?id=com.kreditbee.android
55,,https://www.adityabirlacapital.com/loans/our-digital-lending-platform-partners,NBFC,Kreditbee,Finnovation Tech Solutions Private Limited,Website,https://www.kreditbee.in/
56,,https://www.adityabirlacapital.com/loans/our-digital-lending-platform-partners,NBFC,LendingKart,Lendingkart Finance Limited,Website,https://www.lendingkart.com
57,,https://www.adityabirlacapital.com/loans/our-digital-lending-platform-partners,NBFC,Moneyview,Moneyview Limited (formerly known as Whizdm Innovations Private Limited),Android,https://play.google.com/store/apps/details?id=com.whizdm.moneyview.loans&pcampaignid=web_share
58,,https://www.adityabirlacapital.com/loans/our-digital-lending-platform-partners,NBFC,Moneyview,Moneyview Limited (formerly known as Whizdm Innovations Private Limited),IOS,https://apps.apple.com/in/app/moneyview-loans-credit-cards/id6468976019
59,,https://www.adityabirlacapital.com/loans/our-digital-lending-platform-partners,NBFC,Paisabazaar,Paisabazaar Marketing And Consulting Pvt Ltd,Website / Google Play Store and Apple app?store,https://apps.apple.com/in/app/paisabazaar-com-loans-cards/id1029403201
60,,https://www.adityabirlacapital.com/loans/our-digital-lending-platform-partners,NBFC,Paisabazaar,Paisabazaar Marketing And Consulting Pvt Ltd,Website / Google Play Store and Apple app?store,https://play.google.com/store/apps/details?id=com.paisabazaar&hl=en_IN&pli=1
61,,https://www.adityabirlacapital.com/loans/our-digital-lending-platform-partners,NBFC,Paytm,One97 Communications Limited,Apple App store,https://apps.apple.com/in/app/paytm/id473941634
62,,https://www.adityabirlacapital.com/loans/our-digital-lending-platform-partners,NBFC,Paytm,One97 Communications Limited,Google Play store,https://play.google.com/store/apps/details?id=net.one97.paytm
63,,https://www.adityabirlacapital.com/loans/our-digital-lending-platform-partners,NBFC,Phone pe ,PhonePe Lending Services Pvt Ltd,Apple App store ,https://apps.apple.com/in/app/phonepe-secure-payments-app/id1170055821
64,,https://www.adityabirlacapital.com/loans/our-digital-lending-platform-partners,NBFC,Phone pe ,PhonePe Lending Services Pvt Ltd,Google Play store,https://play.google.com/store/apps/details?id=com.phonepe.app&hl=en_IN
65,,https://www.adityabirlacapital.com/loans/our-digital-lending-platform-partners,NBFC,Prefr,Dreamplug Technologies Private Limited,Apple App store,https://apps.apple.com/in/app/prefr-personal-loan-app-india/id6758143425
66,,https://www.adityabirlacapital.com/loans/our-digital-lending-platform-partners,NBFC,Prefr,Dreamplug Technologies Private Limited,Google Play store,https://play.google.com/store/apps/dev?id=8232133924451524143&hl=en_IN
67,,https://www.adityabirlacapital.com/loans/our-digital-lending-platform-partners,NBFC,Prefr,Dreamplug Technologies Private Limited,Website,https://prefr.com/
68,,https://www.adityabirlacapital.com/loans/our-digital-lending-platform-partners,NBFC,Propelld,Bluebear Technology Private Limited,Website,https://propelld.com/
69,,https://www.adityabirlacapital.com/loans/our-digital-lending-platform-partners,NBFC,Ring,OnEMI Technologies Solutions Limited ,PlayStore,RING (by Kissht): Quick Loans - Apps on Google Play
70,AEON CREDIT SERVICE INDIA PRIVATE LIMITED,https://www.aeoncredit.co.in/,NBFC,AEON FAST (This is used only for generating pre-approval credit limit as of now),AEON Credit Service India Private Limited,Google Play Store and IOS App Store,https://play.google.com/store/apps/details?id=com.stetig.aeon_mobile_app&pcampaignid=web_share       https://apps.apple.com/in/app/aeon-fast/id6673896502?
71,AEROFLEX FINANCE PRIVATE LIMITED,https://aeroflexfinance.com/,NBFC,InstaMoney,Roctogen Services Private Limited,Playstore,https://play.google.com/store/apps/details?id=com.innofinsolutions.instamoney&hl=en_IN&pli=1
72,AGAMAN FINANCIAL SERVICES LIMITED,https://www.agamanfinancial.com/credit_score,NBFC,Right Rupee,Agaman Financial Private Limited,Website,https://www.rightrupee.com/apply-now.php
73,AGARWAL ASSIGNMENTS PVT. LTD.,https://www.agarwalassignments.com,NBFC,EASYFINCARE,Self-owned,Website,https://www.easyfincare.com
74,,https://www.agarwalassignments.com,NBFC,EASYRUPEE LOAN,WISTFUL FINANCE PRIVATE LIMITED,Website,https://www.easyrupeeloan.com
75,,https://www.agarwalassignments.com,NBFC,EMI Wale,Self-owned,Website,https://emiwalle.com
76,,https://www.agarwalassignments.com,NBFC,EVERYDAY EMI,Self-owned,Website,https://everydayemiloan.com
77,,https://www.agarwalassignments.com,NBFC,LOAN WITHIN,Self-owned,Website,https://www.loanwithin.com
78,,https://www.agarwalassignments.com,NBFC,ZERO LOAN INTREST,Self-owned,Website,https://www.zeroloaninterest.com
79,A.G.F. FINLEASE (INDIA) LIMITED,https://agffinlease.com/,NBFC,KREDBHARAT,TWOMINUTES FINTECH PRIVATE LIMITED,GOOGLE PLAY STORE,https://play.google.com/store/apps/details?id=com.twominutesfintech
80,,https://agffinlease.com/,NBFC,KREDBHARAT,TWOMINUTES FINTECH PRIVATE LIMITED,WEBSITE,https://kredbharat.com/
81,,https://agffinlease.com/,NBFC,RULE MUDRA,TWOMINUTES FINTECH PRIVATE LIMITED,GOOGLE PLAY STORE,https://play.google.com/store/apps/details?id=com.rulemudra.loan
82,,https://agffinlease.com/,NBFC,RULE MUDRA,TWOMINUTES FINTECH PRIVATE LIMITED,WEBSITE,https://rulemudra.com/
83,AGIWAL FINANCE PRIVATE LIMITED (EARLIER KNOWN AS SURMIT INVESTMENTS PVT LTD).,https://www.agiwalfinance.com/,NBFC,AGI MONEEY,Agiwal Fintech Private Limited,App store,https://apps.apple.com/in/app/agi-moneey/id6771662067
84,,https://www.agiwalfinance.com/,NBFC,AGI MONEEY,Agiwal Fintech Private Limited,Google Play Store,https://play.google.com/store/apps/details?id=com.agimoneeyloan.app
85,,https://www.agiwalfinance.com/,NBFC,AGI MONEEY,Agiwal Fintech Private Limited,Website,https://admin.agimoneey.com/
86,AGRIM FINCAP PVT.LTD.,https://swipeloan.in,NBFC,Swipe Loan,KGIL Fintech Solutions Private Limited,Website,https://swipeloan.in
87,,www.agrimfincap.com ,NBFC,5minuteloan,Self-owned,Website,www.5minuteloan.com 
88,,www.agrimfincap.com ,NBFC,Paisaanytime,Self-owned,Website,www.paisaanytime.com 
89,,www.agrimfincap.com ,NBFC,Rupyalelo,Self-owned,Website,www.rupyalelo.com 
90,,www.agrimfincap.com ,NBFC,Shreeloan,Self-owned,Website,www.shreeloan.com 
91,,www.agrimfincap.com ,NBFC,Speedoloan,Self-owned,Play Store ,https://play.google.com/store/apps/details?id=com.speedoloan.speedoloan&hl=en_IN 
92,,www.agrimfincap.com ,NBFC,Speedoloan,Self-owned,Website,www.speedoloan.com 
93,,www.agrimfincap.com ,NBFC,True Fund,Self-owned,Website,https://truefund.in/ 
94,AIRTEL MONEY LIMITED,www.airtelmoney.in,NBFC,Airtel App,Xtelify Limited,Google Play store/App store,https://play.google.com/store/apps/details?id=com.myairtelapp&hl=en_IN&gl=US and https://apps.apple.com/us/app/airtel-thanks-recharge-upi/id543184334
95,AKARA CAPITAL ADVISORS PRIVATE LIMITED,https://www.akaracap.com/,NBFC,Indialends,GC Web Ventures Private Limited,Apple Appstore,https://apps.apple.com/in/app/indialends-loans-credit-score/id1163514601
96,,https://www.akaracap.com/,NBFC,Indialends,GC Web Ventures Private Limited,Google Playstore,https://play.google.com/store/apps/details?id=com.indialends.android&hl=en
97,,https://www.akaracap.com/,NBFC,Indialends,GC Web Ventures Private Limited,Website,https://indialends.com/
98,,https://www.akaracap.com/,NBFC,Mint Money,HT Digital Streams Limited,Apple Appstore,https://apps.apple.com/in/app/mint-money-credit-score-loans/id6751579585
99,,https://www.akaracap.com/,NBFC,Mint Money,HT Digital Streams Limited,Google Playstore,https://play.google.com/store/apps/details?id=com.htmintmoney
100,,https://www.akaracap.com/,NBFC,Mint Money,HT Digital Streams Limited,Website,www.livemintmoney.com
101,,https://www.akaracap.com/,NBFC,Stashfin,EQX Analytics Private Limited,Apple Appstore,https://apps.apple.com/in/app/stashfin-loans-bonds-more/id1276990457
102,,https://www.akaracap.com/,NBFC,Stashfin,EQX Analytics Private Limited,Google Playstore,https://play.google.com/store/search?q=stashfin&amp;c=apps
103,,https://www.akaracap.com/,NBFC,Stashfin,EQX Analytics Private Limited,Website,https://www.stashfin.com/
104,,https://www.akaracap.com/,NBFC,Turtlemint Loans,Turtlemint Fintech Solutions Limited,Website,https://turtlemintloans.com/loans
105,ALLEN'S HOUSING  & FINANCE LTD,https://allenhf.in/,NBFC,PocketRupee,PHRENOLOGICAL INFO AUDIT AND APP SOLUTION PRIVATE LIMITED,Google Play Store,https://play.google.com/store/apps/details?id=com.pocket.rupee.deal
106,,https://allenhf.in/,NBFC,PocketRupee,PHRENOLOGICAL INFO AUDIT AND APP SOLUTION PRIVATE LIMITED,iOS App Store,https://apps.apple.com/in/app/dinerolisto/id6780918242
107,ALTURA FINANCIAL SERVICES LIMITED,https://alturafinancials.com/,NBFC,AssistFin Technologies Private Limited,Self-owned,Website,https://loanone.in/
108,AMAR AMBA FINANCE HIRE PURCHASE PRIVATE LIMITED,https://www.nextfin.in/,NBFC,Nextfin: Instant Loan,Amar Amba Finance Hire Purchase Pvt Ltd,App Store,https://apps.apple.com/in/app/nextfin-instant-loans/id1602053613
109,,https://www.nextfin.in/,NBFC,Nextfin: Instant Loan,Amar Amba Finance Hire Purchase Pvt Ltd,Google Play Store,https://play.google.com/store/apps/details?id=in.nextfin.app
110,,https://www.nextfin.in/,NBFC,Nextfin: Instant Loan,Amar Amba Finance Hire Purchase Pvt Ltd,Website,https://www.nextfin.in/
111,AMARAVATHI FINANCIAL SOLUTIONS PRIVATE LIMITED,https://amaravathifin.in/,NBFC,Get it Now,Kapiital kapslock Private Limited,Google Playstore,https://play.google.com/store/apps/details?id=com.kapiital.getitnow&hl=en_IN
112,AMBIT FINVEST PVT. LTD. (FORMERLY - AMBIT RETAIL FINANCE PVT. LTD.),https://www.werize.com/,NBFC,WeRize Customer App,Wortgage Technologies Pvt Ltd,Google Play Store ,https://play.google.com/store/apps/details?id=com.moneyonclick.customerapp
113,AMICA FINANCE PRIVATE LIMITED,https://www.jupiter.credit/,NBFC,Finsall,Finsall Resources Private Limited,"Website, Google Play store and Apple App Store","www.finsall.com/Finsall, Finsall - Apps on Google Play, - https://apps.apple.com/in/app/finsall/id155341993"
114,,https://www.jupiter.credit/,NBFC,Jupiter ,Amica Financial Technologies Private Limited,Google Play store and Apple App Store,"https://play.google.com/store/apps/details?id=money.jupiter, https://apps.apple.com/in/app/jupiter-cards-upi-banking/id1507748747"
115,,https://www.jupiter.credit/,NBFC,Khatabook,ADJ Utility Apps Private Limited,Google Play store and Apple App Store,1. https://play.google.com/store/apps/details?id=com.vaibhavkalpe.android.khatabook&pcampaignid=web_share; 2. https://apps.apple.com/in/app/khatabook-vyapar-app/id1488204139
116,AMPIRE FINANCE PRIVATE LIMITED (EARLIER KNOWN AS MAULESH INVESTMENTS PRIVATE LIMITED),https://ampirefinance.com/,NBFC,F1 Speed Loan,Self Owned,Website,https://f1speedloan.com/
117,,https://ampirefinance.com/,NBFC,Fast Paise,Self Owned,Website,https://fastpaise.ai/
118,,https://ampirefinance.com/,NBFC,Fundsb4salary,Self Owned,Website,http://fundsb4salary.com/
119,,https://ampirefinance.com/,NBFC,Fundsbull,Self Owned,Website,http://fundsbull.com/
120,,https://ampirefinance.com/,NBFC,QuickOneLoan,Self Owned,Website,https://quickoneloan.com/
121,,https://ampirefinance.com/,NBFC,Salary Adda,Self Owned,Website,https://salaryadda.com/
122,,https://ampirefinance.com/,NBFC,Salary Setu,Self Owned,Website,https://salarysetu.com/
123,,https://ampirefinance.com/,NBFC,Snap Paisa,Self Owned,Website,https://snappaisa.com/
124,AMPIRE FINANCE PRIVATE LIMITED( FORMERLY KNOWN AS MAULESH INVESTMENT PRIVATE LTD),https://ampirefinance.com/,NBFC,Credbuddy,Self owned,Website,https://thecredbuddy.com/
125,,https://ampirefinance.com/,NBFC,F 1 Speed Loan,Self Owned,Website,https://f1speedloan.com/
126,,https://ampirefinance.com/,NBFC,Fast Paisa,Self Owned,Website,https://fastpaise.in/
127,,https://ampirefinance.com/,NBFC,Salary Adda,Self Owned,Website,https://salaryadda.com/
128,,https://ampirefinance.com/,NBFC,Salary Setu,Self Owned,Website,https://salarysetu.com/
129,,https://ampirefinance.com/,NBFC,Snap Paisa,Self Owned,Website,https://www.snappaisa.com/
130,ANAND RATHI GLOBAL FINANCE  LTD. (FORMERLY - RATHI GLOBAL FINANCE  LTD.), https://anandrathiglobal.com/,NBFC,Anand Rathi Global Finance Limited,Self owned, Website,https://digitallas.rathi.com/. 
131,ANGEL FINCAP PRIVATE LIMITED,https://angelonecredit.in/,NBFC,Angel One,Angel One Limited,Google Play Store,https://protect.checkpoint.com/v2/r05/___https://play.google.com/store/apps/details?id=com.msf.angelmobile&hl=en_IN___.YXBzMTphbmdlbG9uZTpjOm86MmNmMjI2MTgzMWVhZTM2ZGE1OTMxYzYyNzI5Yjc4ZGE6Nzo0NTNkOjEyMmE1ZDYxZTlhNmE5NmNiYzExODQwODA1NzhlNDMwZDA0MGJiYzc3ZmQ2ODAzN2E2NzQ2OWVjZWJjODE0MTI6dDpGOkY
132,,https://angelonecredit.in/,NBFC,Angel One ,Angel One Limited,Apple app store,https://protect.checkpoint.com/v2/r05/___https://apps.apple.com/in/app/angel-one-stocks-mutual-fund/id1060530981___.YXBzMTphbmdlbG9uZTpjOm86MmNmMjI2MTgzMWVhZTM2ZGE1OTMxYzYyNzI5Yjc4ZGE6Nzo2NWQ2OjljNDg2NjZjZjBjOGUwMjFlNjgwMDdiZTU3MDFiZTU4YmU3YWE5MjhkMWYwMWFjY2NlMTAwNWU1MGYxNTQ2NzU6dDpGOkY
133,ANUPAM FINSERV LIMITED (FORMERLY VANTAGE CORPORATE SERVICES LTD),www.anupamfinserv.com,NBFC,AbhiRupee,Dhairya Management Services Private Limited,Apple Appstore,https://abhirupee.com/
134,APARAMPAAR FINANCE PRIVATE LIMITED,https://www.omozing.com/,NBFC,Omozing Personal Loans,Aparampaar Finance Private Limited,Play Store,https://play.google.com/store/apps/details?id=com.omozing_developers.omozing_updated
135,APOLLO FINVEST (INDIA) LTD.,https:// www.apollofinvest.com/,NBFC,Airpay Capital,Airpay Payment Services Private Limited,Google Play Store,https://play.google.com/store/apps/details?id=com.airpay.capital&hl=en_IN
136,,https:// www.apollofinvest.com/,NBFC,Apollo Cash,Self-owned,Google Playstore,https://play.google.com/store/ apps/details? id=com.ApolloApp&pcampaig nid=web_share
137,,https:// www.apollofinvest.com/,NBFC,FatakPay,FatakPay Digital Private Limited,Apple Appstore,https://apps.apple.com/in/app/fatakpay/id6468567795
138,,https:// www.apollofinvest.com/,NBFC,FatakPay,FatakPay Digital Private Limited,Google Playstore,https://play.google.com/store/apps/details?id=com.fatakpay&gl=in
139,,https:// www.apollofinvest.com/,NBFC,FatakPay,FatakPay Digital Private Limited,Website,https://fatakpay.com/
140,,https:// www.apollofinvest.com/,NBFC,GrowFi loan aggregator app,Gaman Technologies Pvt Ltd. ( Self- owned),Google Play Store,https://play.google.com/store/search?q=growfi&c=apps&hl=en_IN
141,,https:// www.apollofinvest.com/,NBFC,GrowFi loan aggregator app,Gaman Technologies Pvt Ltd. ( Self- owned),Website,https://growfi.app/
142,,https:// www.apollofinvest.com/,NBFC,Loanmax,LOANMAX ADVISORY LLP,Google Play Store,https://play.google.com/store/apps/details?id=com.loanmax&hl=en_IN
143,,https:// www.apollofinvest.com/,NBFC,NIRA,SHUHARI TECH VENTURES PRIVATE LIMITED,Apple Appstore,https://play.google.com/store/search?q=nira&c=apps&gl=in
144,,https:// www.apollofinvest.com/,NBFC,WeRize,Wortgage Technologies Private Limited,Google Play store,https://play.google.com/store/apps/details?id=com.mocpartnerportal
145,,https:// www.apollofinvest.com/,NBFC,WeRize,Wortgage Technologies Private Limited,Website,https://partner.werize.com/LandingPage
146,ARHAM FINANCE & INVESTMENT SERVICES LTD.,https://arhamfinance.com/,NBFC,Credfin: Instant Personal Loans,Credfin Services Private Limited,https://credfin.money/,https://play.google.com/store/apps/details?id=com.credfin.money
147,"ARISTO SECURITIES PVT, LTD.",https://www.revfincapital.com,NBFC,Revfin,Revfin Services Private Limited,Apple store,https://apps.apple.com/in/app/revfin/id1454364758
148,,https://www.revfincapital.com,NBFC,Revfin,Revfin Services Private Limited,Google Play store,https://play.google.com/store/apps/details?id=com.revfin_ptech18
149,,https://www.revfincapital.com,NBFC,RevnU,Revfin Services Private Limited,Apple store,https://apps.apple.com/in/app/revnu/id1461749942
150,,https://www.revfincapital.com,NBFC,RevnU,Revfin Services Private Limited,Google Play store,https://play.google.com/store/apps/details?id=com.revfin.partner&pcampaignid=web_share
151,ARNOLD HOLDINGS LTD,https://arnoldholdings.in/,NBFC,TRADOFINA,SELF OWNED(ARNOLD HOLDINGS LTD),GOOGLE PLAY STORE,https://play.google.com/store/apps/details?id=com.rufilo.user&hl=en_IN
152,ARTHASHASTRA EPAYLATER FINANCIAL PRIVATE LIMITED,https://www.epaylater.in/,NBFC,ePayLater,Arthashastra Fintech Private Limited,ePayLater,https://play.google.com/store/search?q=epaylater&c=apps&hl=en
153,ARYAMAN FINANCE (INDIA) LIMITED,https://www.aryamanfinance.co.in/,NBFC,GetCred,Aryaman Finance (India) Limited,Google Play Console and apple developer,https://play.google.com/store/apps/details?id=com.personalloanapp
154,ASH GROVE CAPITAL PRIVATE LIMITED (FORMERLY KNOWN A UNOGROWTH CREDIT INDIA PRIVATE LIMITED),https://www.ashgrove.in/,NBFC,CoBorrow,Third Unicorn Private Limited,https://www.coborrow.in,https://www.coborrow.in
155,ASIRVAD MICRO FINANCE LIMITED,https://asirvadmicrofinance.co.in/digital-lending/,NBFC,Asirvad Online Gold Loan (OGL),Asirvad Mico Finance Limited – Self owned,Google Play store,https://play.google.com/store/apps/details?id=com.asirvadogl
156,,https://asirvadmicrofinance.co.in/digital-lending/,NBFC,Asirvad Online Gold Loan (OGL),Asirvad Mico Finance Limited – Self owned,Website,https://asirvadmicrofinance.co.in/online-gold-loan/
157,ATD FINANCIAL SERVICES PVT LTD,https://atdfinance.in/index.php,NBFC,ATD MONEY,ATD FINANCIAL SERVICES PVT LTD,"Website: https://www.atdmoney.com/, Google Play Store: ATD Money",https://atdfinance.in/atd-money.php
158,,https://atdfinance.in/index.php,NBFC,MY LOAN,MYLOANBAZAR DOT COM,"Website:https://myloanbazar.in/, Google Play Store: My Loan",https://atdfinance.in/my-loan-bazar.php
159,AUREUS FINVEST PRIVATE LIMITED  (EARLIER KNOWN AS SHIVDURGA TRADING (P) LTD),https://aureusfinvest.com/,NBFC,Creditt+,Credify Technologies Private Limited (App/Platform Licenced to Aureus Finvest Private Limited),App Store (iOS),https://apps.apple.com/in/app/creditt-personal-loan-app/id1330936066
160,,https://aureusfinvest.com/,NBFC,Creditt+,Credify Technologies Private Limited (App/Platform Licenced to Aureus Finvest Private Limited),Website,https://credittnow.com/
161,,https://aureusfinvest.com/,NBFC,myklinq,Aureus Finvest Private Limited (Self-owned),App Store (iOS),https://apps.apple.com/in/app/id6771667143
162,,https://aureusfinvest.com/,NBFC,myklinq,Aureus Finvest Private Limited (Self-owned),Google Play Store (Android),https://play.google.com/store/apps/details?id=com.myklinq
163,,https://aureusfinvest.com/,NBFC,myklinq,Aureus Finvest Private Limited (Self-owned),Website,https://loan.myklinq.com/
164,AU SMALL FINANCE BANK LIMITED,https://www.au.bank.in/pdfs/raise-a-complaint/grievance-redressal-mechanism.pdf,BANK,AU 0101 Business - Internet Banking,Self-owned,Website,https://www.au.bank.in/business-banking
165,,https://www.au.bank.in/pdfs/raise-a-complaint/grievance-redressal-mechanism.pdf,BANK,AU 0101 Business - Mobile Banking,Self-owned,Google Play Store/Apple App Store,https://play.google.com/store/apps/details?id=com.au.mrct
166,,https://www.au.bank.in/pdfs/raise-a-complaint/grievance-redressal-mechanism.pdf,BANK,AU 0101 Mobile Banking,Self-owned,Google Play Store/Apple App Store,https://play.google.com/store/apps/details?id=com.ausmallfinancebank.amb
167,,https://www.au.bank.in/pdfs/raise-a-complaint/grievance-redressal-mechanism.pdf,BANK,AU 0101 Net Banking,Self-owned,Website,https://www.au.bank.in/personal-banking
168,,https://www.au.bank.in/pdfs/raise-a-complaint/grievance-redressal-mechanism.pdf,BANK,AURO Chatbot,Self-owned,Website,https://www.au.bank.in/personal-banking/auro
169,,https://www.au.bank.in/pdfs/raise-a-complaint/grievance-redressal-mechanism.pdf,BANK,AU Website,Self-owned,Website,https://www.au.bank.in/
170,,https://www.au.bank.in/pdfs/raise-a-complaint/grievance-redressal-mechanism.pdf,BANK,Salesforce,Self-owned,Google Play Store/Apple App Store,Salesforce - Apps on Google Play
171,,https://www.au.bank.in/pdfs/raise-a-complaint/grievance-redressal-mechanism.pdf,BANK,WhatsApp Banking,Self-owned,Website,https://www.au.bank.in/personal-banking/digital-banking/online-banking/whatsapp-banking
172,"AUXILO FINSERVE PRIVATE LIMITED (W.E.F. SEPTEMBER 11, 2017)",https://www.auxilo.com/,NBFC,Propelld,Bluebear Technology Private Limited,Website,https://propelld.com/
173,AVANSE FINANCIAL SERVICES LTD,www.avanse.com,NBFC,Avanse ,Avanse Financial Services Ltd,Website,https://online.avanse.com/
174,,www.avanse.com,NBFC,Credit Fair,?K. M. Global Credit Private Limited* (No fresh sourcing from LSP arrangement),Website,https://creditfair.in
175,,www.avanse.com,NBFC,Edufin,Advansure tech Pvt Ltd* (No fresh sourcing from LSP arrangement),Website,https://www.edufin.in
176,,www.avanse.com,NBFC,Fly Hi,Flyhi Financial Services Ltd,Website,https://flyhifinance.com
177,,www.avanse.com,NBFC,Grayquest,Grayquest Education Finance Pvt Ltd* (No fresh sourcing from LSP arrangement),Website,https://grayquest.com
178,,www.avanse.com,NBFC,Grayquest,Grayquest Education Finance Pvt Ltd* (No fresh sourcing from LSP arrangement),Website,https://grayquest.com
179,,www.avanse.com,NBFC,Grayquest,Grayquest Education Finebsiteance Pvt Ltd* (No fresh sourcing from LSP arrangement),Website,https://grayquest.com
180,,www.avanse.com,NBFC,Gyandhan,Gyandhan Financial Services Private Limited,Website,https://nbfc.gyandhan.com/
181,,www.avanse.com,NBFC,Jodo?,Bharosepe Technology Services Pvt Ltd.* (No fresh sourcing from LSP arrangement),Website,https://www.jodo.in
182,,www.avanse.com,NBFC,Leo 1,Gajju Technologies Private Limited* (No fresh sourcing from LSP arrangement),Website,https://www.leo1.in
183,,www.avanse.com,NBFC,Propelld,Bluebear Technology Pvt Ltd,Website,https://propelld.com
184,,www.avanse.com,NBFC,Scholfe,Sarvam Fintech Pvt Ltd* (No fresh sourcing from LSP arrangement),Website,http://scholfe.com
185,,www.avanse.com,NBFC,TCPL,Techfino Capital private limited,Website,https://www.techfino.in
186,AVANTI FINANCE PRIVATE LIMITED,https://www.avantifinance.in/,NBFC,Aspire Fintech Private Limited (Web based paltform),Aspire Fintech Private Limited,Website,apply.letsaspire.in
187,,https://www.avantifinance.in/,NBFC,Avanti,Avanti Finance Private Limited,Avanti (Android),https://play.google.com/store/apps/details?id=com.indihood.avanti
188,,https://www.avantifinance.in/,NBFC,Betterplace Money,Betterplace Safety Solutions Private Limited,BetterPlace Money (Android),https://play.google.com/store/apps/details?id=com.app.betterplaceloans&hl=en_IN
189,,https://www.avantifinance.in/,NBFC,Entitled Solutions Private Limited (Web based paltform),Entitled Solutions Private Limited,Website,https://forms.sarvam.co/?partner=quess&emp_id=2000334576$aWt5YQ==
190,,https://www.avantifinance.in/,NBFC,Karmalife | EWA,Onionlife Private Limited (Karma life),Karmalife | EWA (Android),https://play.google.com/store/apps/details?id=in.onionlife.karmalife&hl=en_IN
191,,https://www.avantifinance.in/,NBFC,NIRA Instant Personal Loan App,Shuhari Tech Ventures Private Limited,Android,https://play.google.com/store/apps/details?id=com.nirafinance.customer&hl=en_IN&gl=IN
192,,https://www.avantifinance.in/,NBFC,PayMe: Personal Loan App,Hueytech Private Limited,PayMe: Personal Loan App (Android),https://play.google.com/store/apps/details?id=io.attabot.app.paymeindia&hl=en_IN&gl=IN
193,,https://www.avantifinance.in/,NBFC,PayMe: Personal Loan App,Hueytech Private Limited,PayMe: Personal Loan App (iOS),https://apps.apple.com/in/app/payme-personal-loan-app/id1282142711
194,AVANTI MICROFINANCE PRIVATE LIMITED,https://www.avantimfin.in/,NBFC,Avanti,Avanti Finance Private Limited,Avanti (Android),https://play.google.com/store/apps/details?id=com.indihood.avanti
195,AVINASH CAPITAL  MARKETS  PVT.  LTD.,https://avinashcapital.com/,NBFC,BrightLoans,Vimanotech India Private Limited ,App Store,https://apps.apple.com/in/app/brightloans-instant-loan/id6756614109
196,,https://avinashcapital.com/,NBFC,BrightLoans,Vimanotech India Private Limited ,Google Play Store,https://play.google.com/store/apps/details?id=com.devaashishcapitals.bls
197,,https://avinashcapital.com/,NBFC,BrightLoans,Vimanotech India Private Limited ,Website,Brightloans.in
198,,https://avinashcapital.com/,NBFC,Fixrupee,CRONBAY TECHNOLOGIES PRIVATE LIMITED,Google Play Store,https://play.google.com/store/apps/details?id=com.fixrupee.twa
199,,https://avinashcapital.com/,NBFC,Fixrupee,CRONBAY TECHNOLOGIES PRIVATE LIMITED,iOS App Store,https://apps.apple.com/in/app/id6756772453
200,,https://avinashcapital.com/,NBFC,Kreditbuddha,Vimanotech India Private Limited ,Google Play Store,https://play.google.com/store/apps/details?id=com.vimanotech.kreditbuddha
201,,https://avinashcapital.com/,NBFC,Kreditbuddha,Vimanotech India Private Limited ,Website,https://www.kreditbuddha.com/
202,,https://avinashcapital.com/,NBFC,Titan Fincorp ,Vimanotech India Private Limited ,Google Play Store,https://play.google.com/store/apps/details?id=com.vimanotech.titanfincorp
203,,https://avinashcapital.com/,NBFC,Titan Fincorp ,Vimanotech India Private Limited ,Website,https://www.titanfincorp.com/
204,AVON MONEY SOLUTION INDIA LIMITED,https://swastikfinance.in/,NBFC,ATM Cred,Swastik Finance Limited,Google Playstore,https://play.google.com/store/apps/details?id=vexil.infotech.atmcred
205,AXIS BANK LIMITED,https://www.axisbank.com/,BANK,Finnable: Personal Loan App,Finnable Credit Limited,PlayStore,https://play.google.com/store/apps/details?id=com.finnable.customer&hl=en_IN
206,,https://www.axis.bank.in,BANK,Axis Bank Website,Self-owned,Website,https://www.axis.bank.in/loans/car-loan
207,,https://www.axis.bank.in,BANK,Axis Bank Website,Self-owned,Website,https://www.axis.bank.in/loans/two-wheeler-loans
208,,https://www.axis.bank.in/,BANK,Amazon,Amazon Finance India Private Limited?,Amazon Shopping App (Android),https://play.google.com/store/apps/details?id=in.amazon.mShop.android.shopping
209,,https://www.axis.bank.in/,BANK,Amazon,Amazon Finance India Private Limited?,Amazon Shopping App (iOS),https://apps.apple.com/in/app/amazon-india-shop-pay-minitv/id1478350915
210,,https://www.axis.bank.in/,BANK,Amazon,Amazon Finance India Private Limited?,Mobile Web,https://amazon.in/personal-loan
211,,https://www.axis.bank.in/,BANK,"App Store: Axis Mobile: Pay, Invest & UPI",Self-owned,Play Store,https://apps.apple.com/in/app/axis-bank-mobile-banking/id699582556
212,,https://www.axis.bank.in/,BANK,Axis Bank Internet Banking,Self-owned,Internet Banking,https://omni.axis.bank.in/axisretailbanking/
213,,https://www.axis.bank.in/,BANK,Axis Bank Mobile Banking,Self-owned,Play Store,https://play.google.com/store/apps/details?id=com.axis.mobile
214,,https://www.axis.bank.in/,BANK,Axis Bank Neo for Corporate,Self-owned,App Store,https://apps.apple.com/in/app/neo-for-corporates/id6477910250
215,,https://www.axis.bank.in/,BANK,Axis Bank Neo for Corporate,Self-owned,Play Store,https://play.google.com/store/apps/details?id=com.axiscorporatebankapp
216,,https://www.axis.bank.in/,BANK,Axis Bank Website,Self-owned,Website,https://www.axis.bank.in/loans/24x7-flexicredit
217,,https://www.axis.bank.in/,BANK,Axis Bank Website,Self-owned,Website,https://www.axis.bank.in/loans/24x7-instant-loan
218,,https://www.axis.bank.in/,BANK,Axis Bank Website,Self-owned,Website,https://www.axis.bank.in/loans/24x7-instant-loan/24x7-car-loan-top-up
219,,https://www.axis.bank.in/,BANK,Axis Bank Website,Self-owned,Website,https://www.axis.bank.in/loans/24x7-instant-loan/24x7-overdraft-against-fixed-deposit
220,,https://www.axis.bank.in/,BANK,Axis Bank Website,Self-owned,Website,https://www.axis.bank.in/loans/24x7-instant-loan/24x7-quick-overdrafts
221,,https://www.axis.bank.in/,BANK,Axis Bank Website,Self-owned,Website,https://www.axis.bank.in/loans/business-loan
222,,https://www.axis.bank.in/,BANK,Axis Bank Website,Self-owned,Website,https://www.axis.bank.in/loans/home-loan/top-up-home-loans
223,,https://www.axis.bank.in/,BANK,Axis Bank Website,Self-owned,Website,https://www.axis.bank.in/loans/loan-against-securities
224,,https://www.axis.bank.in/,BANK,Axis Bank Website,Self-owned,Website,https://www.axis.bank.in/loans/personal-loan
225,,https://www.axis.bank.in/,BANK,"Axis Mobile: Pay, Invest & UPI",Self-owned,App Store,https://apps.apple.com/in/app/axis-bank-mobile-banking/id699582556
226,,https://www.axis.bank.in/,BANK,Bitrocket by CheQ,Bitrocket Labs Private Limited,Website,https://cheq.onelink.me/3UIC/kqzbhgy0
227,,https://www.axis.bank.in/,BANK,Freecharge Business App,Freecharge Business and Technology Services Limited ,Play Store,https://play.google.com/store/apps/details?id=com.freecharge.business
228,,https://www.axis.bank.in/,BANK,Google Pay,Google India Digital Services (Google Pay),App Store,https://apps.apple.com/in/app/google-pay-save-pay-manage/id1193357041
229,,https://www.axis.bank.in/,BANK,Google Pay,Google India Digital Services (Google Pay),Play Store,https://play.google.com/store/apps/details?id=com.google.android.apps.nbu.paisa.user&pcampaignid=web_share
230,,https://www.axis.bank.in/,BANK,INDmoney,Finzoomers Services Private Limited,App Store,https://apps.apple.com/in/app/indmoney-stocks-mutual-fund/id1450178837
231,,https://www.axis.bank.in/,BANK,INDmoney,Finzoomers Services Private Limited,Play Store,https://play.google.com/store/apps/details?id=in.indwealth&hl=en_IN
232,,https://www.axis.bank.in/,BANK,Neo for Merchants,Self-owned,App Store,https://apps.apple.com/in/app/neo-for-merchants/id6479882439
233,,https://www.axis.bank.in/,BANK,Neo for Merchants,Self-owned,Play Store,https://play.google.com/store/apps/details?id=com.neo.axis&hl=en-US
234,,https://www.axis.bank.in/,BANK,Paisabazaar,Paisabazaar Marketing and Consulting Private Limited,App Store,"‎Paisabazaar:Credit Score, Loan App - App Store"
235,,https://www.axis.bank.in/,BANK,Paisabazaar,Paisabazaar Marketing and Consulting Private Limited,Play Store,https://play.google.com/store/apps/details?id=com.paisabazaar
236,,https://www.axis.bank.in/,BANK,Paisabazaar,Paisabazaar Marketing and Consulting Private Limited,Website,Axis Personal Loan - Apply for Axis Bank Personal Loan Online
237,,https://www.axis.bank.in/,BANK,Paytm,One97 Communications Limited,App Store,https://apps.apple.com/in/app/paytm-secure-upi-payments/id473941634
238,,https://www.axis.bank.in/,BANK,Paytm,One97 Communications Limited,Play Store,https://play.google.com/store/apps/details?id=net.one97.paytm
239,,https://www.axis.bank.in/,BANK,Siddhi,Self-owned,Website,https://www.axis.bank.in/cards/credit-card/instant-loan-on-credit-card#howtoapply
240,,https://www.axis.bank.in/,BANK,super.money,Scapic Innovations Private Limited,Appstore,https://apps.apple.com/in/app/super-money/id6502597504
241,,https://www.axis.bank.in/,BANK,super.money,Scapic Innovations Private Limited,Playstore,https://play.google.com/store/apps/details?id=money.super.payments&hl=en_IN
242,,https://www.axis.bank.in/,BANK,Tata Neu,Tata Digital Pvt. Ltd.,Appstore,https://apps.apple.com/in/app/tata-neu-shop-travel-finance/id1584669293
243,,https://www.axis.bank.in/,BANK,Tata Neu,Tata Digital Pvt. Ltd.,Playstore,https://play.google.com/store/search?q=tata+neu&c=apps&hl=en_IN
244,,https://www.axis.bank.in/,BANK,Tata Neu,Tata Digital Pvt. Ltd.,Website,https://www.tataneu.com
245,AXIS FINANCE LTD.,www.axisfinance.in,NBFC,Axis Finance Limited,Self Owned,Accessible via Axis Finance LOS Access control restrictions in place being an assisted journey.,https://retaillos.axisfinance.co.in/csfweb/
246,AYAAN FINSERVE INDIA PRIVATE LIMITED (FORMERLY CHARAT RAM SHRIRAM PVT. LTD.),https://afiloans.co.in/,NBFC,Ayaan Finserve India Pvt. Ltd,Ayaan Finserve India Pvt. Ltd,Website and App Store,https://play.google.com/store/apps/details?id=com.ayanfin
247,BABA LEASE AND INVESTMENT PRIVATE LIMITED,//babalease.com,NBFC,Paisa247,Riga marketplace Paisa247 Pvt Ltd,Website / Google play store / iOS store / Indus app store,www.paisa247.in / https://play.google.com/store/apps/details?id=in.paisa247&hl=en_IN / https://apps.apple.com/in/app/paisa247/id6751623280 / https://www.indusappstore.com/apps/finance/paisa247/in.paisa247/?page=details&id=in.paisa247
248,,//babalease.com,NBFC,Rupeeq.com,Intuino Business Consulting India Private Limited,Website,www.rupeeq.com
249,,//babalease.com,NBFC,Taplend,Self-Owned,Website / Google play store,https://taplend.in/ / https://play.google.com/store/apps/details?id=com.taplend.india
250,BAGMANE TRADERS (P) LTD,https://bagmanetraders.com,NBFC,SalaryMantra,Delviant AI Labs Private Limited,Google Play Store,https://play.google.com/store/apps/details?id=com.salarymantra.app
251,,https://bagmanetraders.com,NBFC,SalaryMantra,Delviant AI Labs Private Limited,Website,https://salarymantra.com
252,BAJAJ FINANCE LTD.,https://www.bajajfinserv.in/bajaj-finserv-partners,NBFC,50fin App,Fifty Fintech Pvt. Ltd,Apple App Store,https://apps.apple.com/us/app/50fin/id1669039122 
253,,https://www.bajajfinserv.in/bajaj-finserv-partners,NBFC,50fin: Loan Against Securities App,Fifty Fintech Pvt. Ltd,Google Play Store,https://play.google.com/store/apps/details?id=com.fiftyfin.app
254,,https://www.bajajfinserv.in/bajaj-finserv-partners,NBFC,50fin Website,Fifty Fintech Pvt. Ltd,Website ,https://www.50fin.in/
255,,https://www.bajajfinserv.in/bajaj-finserv-partners,NBFC,Airtel Thanks App,Xtelify Ltd.,Apple App Store,https://apps.apple.com/in/app/airtel-thanks-recharge-bank/id543184334
256,,https://www.bajajfinserv.in/bajaj-finserv-partners,NBFC,Airtel Thanks App,Xtelify Ltd.,Google Play Store,https://play.google.com/store/apps/details?id=com.myairtelapp
257,,https://www.bajajfinserv.in/bajaj-finserv-partners,NBFC,Airtel Website,Xtelify Ltd.,Website,https://www.airtel.in/airtel-thanks-app
258,,https://www.bajajfinserv.in/bajaj-finserv-partners,NBFC,Bajaj Finance App,Self-owned,Apple App Store,https://apps.apple.com/in/app/bajaj-finance-loans-upi-fd/id505454145
259,,https://www.bajajfinserv.in/bajaj-finserv-partners,NBFC,Bajaj Finance App,Self-owned,Google Play Store,play.google.com/store/apps/details?id=org.altruist.BajajExperia&shortlink=4n&c=Web_Business_UPI_7&pid=Web%20Business&source_caller=ui
260,,https://www.bajajfinserv.in/bajaj-finserv-partners,NBFC,Bajaj Markets App,Bajaj Finserv Direct Ltd.,Apple App Store,https://apps.apple.com/in/app/bajaj-finserv-markets-loan-app/id1482914241
261,,https://www.bajajfinserv.in/bajaj-finserv-partners,NBFC,Bajaj Markets App,Bajaj Finserv Direct Ltd.,Google Play Store,https://play.google.com/store/apps/details?id=in.bajajfinservmarkets.app&hl=en
262,,https://www.bajajfinserv.in/bajaj-finserv-partners,NBFC,Bajaj Markets Website,Bajaj Finserv Direct Ltd.,Website ,https://www.bajajfinservmarkets.in/
263,,https://www.bajajfinserv.in/bajaj-finserv-partners,NBFC,BFL Website,Self-owned,Website ,www.bajajfinserv.in
264,,https://www.bajajfinserv.in/bajaj-finserv-partners,NBFC,Blinkmoney Website,Capline Ventures Pvt. Ltd.,Website ,https://www.blinkmoney.in/
265,,https://www.bajajfinserv.in/bajaj-finserv-partners,NBFC,Finsire Website,Finsire Technologies Pvt. Ltd.,Website ,https://www.finsire.com/
266,,https://www.bajajfinserv.in/bajaj-finserv-partners,NBFC,Google Pay India/ GPay Website,Google India Digital Services Pvt. Ltd.,Website,https://pay.google.com/intl/en_in/about/
267,,https://www.bajajfinserv.in/bajaj-finserv-partners,NBFC,"Google Pay: Save, Pay, Manage App",Google India Digital Services Pvt. Ltd.,Apple App Store,https://apps.apple.com/in/app/google-pay-save-pay-manage/id1193357041
268,,https://www.bajajfinserv.in/bajaj-finserv-partners,NBFC,Google Pay: Secure UPI payment App,Google India Digital Services Pvt. Ltd.,Google Play Store,https://play.google.com/store/apps/details?id=com.google.android.apps.nbu.paisa.user
269,,https://www.bajajfinserv.in/bajaj-finserv-partners,NBFC,Lark Finserv App,LARK Finserv Pvt. Ltd.,Apple App Store,https://apps.apple.com/in/app/larkx/id6498548678
270,,https://www.bajajfinserv.in/bajaj-finserv-partners,NBFC,Lark Finserv App,LARK Finserv Pvt. Ltd.,Google Play Store,https://play.google.com/store/apps/details?id=com.lark_finserv.dpi_locker&hl=en
271,,https://www.bajajfinserv.in/bajaj-finserv-partners,NBFC,Lark Finserv Website,LARK Finserv Pvt. Ltd.,Website ,https://www.larkfinserv.com/
272,,https://www.bajajfinserv.in/bajaj-finserv-partners,NBFC,Liquify App,Sumanju Technologies Pvt. Ltd.,Google Play Store,https://play.google.com/store/apps/details?id=com.liquify
273,,https://www.bajajfinserv.in/bajaj-finserv-partners,NBFC,Liquify India App,Sumanju Technologies Pvt. Ltd.,Apple App Store,https://apps.apple.com/in/app/liquify-india/id6737821388
274,,https://www.bajajfinserv.in/bajaj-finserv-partners,NBFC,Neoble Website,Indiwealth Technologies Pvt. Ltd.,Website ,https://www.neoble.in/
275,,https://www.bajajfinserv.in/bajaj-finserv-partners,NBFC,Njloans Website,NJ Financial Services Pvt. Ltd.,Website ,https://njloans.in/
276,,https://www.bajajfinserv.in/bajaj-finserv-partners,NBFC,Quicklend Website,Finramp Technologies Pvt. Ltd. ,Website ,https://www.quicklend.in/
277,,https://www.bajajfinserv.in/bajaj-finserv-partners,NBFC,SLiQ App,Valuenable Pvt. Ltd.,Google Play Store,https://play.google.com/store/apps/details?id=com.valuenable.las
278,,https://www.bajajfinserv.in/bajaj-finserv-partners,NBFC,Smallcase: Stock Investments App,Essential Investment Managers Pvt. Ltd. ,Google Play Store,https://play.google.com/store/apps/details?id=com.smallcase.android&hl=en
279,,https://www.bajajfinserv.in/bajaj-finserv-partners,NBFC,"Smallcase: Stocks, MFs, FDs App",Essential Investment Managers Pvt. Ltd. ,Apple App Store,https://apps.apple.com/in/app/smallcase-stocks-mfs-fds/id1345309437
280,,https://www.bajajfinserv.in/bajaj-finserv-partners,NBFC,Smallcase Website,Essential Investment Managers Pvt. Ltd. ,Website ,https://www.smallcase.com/
281,,https://www.bajajfinserv.in/bajaj-finserv-partners,NBFC,Valuenable Website,Valuenable Pvt. Ltd.,Website ,https://valuenable.in/
282,,https://www.bajajfinserv.in/bajaj-finserv-partners,NBFC,Yenmo: Mutual Fund Loans App,Yenmo Technologies Pvt. Ltd.,Apple App Store,https://apps.apple.com/in/app/yenmo-mutual-funds-loans/id6477531049
283,,https://www.bajajfinserv.in/bajaj-finserv-partners,NBFC,Yenmo- Mutual Funds Loan App,Yenmo Technologies Pvt. Ltd.,Google Play Store,https://play.google.com/store/search?q=yenmo&c=apps&hl=en
284,,https://www.bajajfinserv.in/bajaj-finserv-partners,NBFC,Yenmo Website,Yenmo Technologies Pvt. Ltd.,Website ,https://yenmo.in/
285,BANK OF BARODA,www.bankofbaroda.in,BANK,Digital Lending Application 1,Self-owned,Website,https://dil.bankofbaroda.in
286,,www.bankofbaroda.in,BANK,Digital Lending Application 2,Self-owned,Website,https://dil2.bankofbaroda.co.in/
287,,www.bankofbaroda.in,BANK,Digital Lending Application 3,Self-owned,Website,https://dil4.bankofbaroda.co.in/smart-od
288,,www.bankofbaroda.in,BANK,Jansamarth Portal,Jansamarth,Website,https://www.jansamarth.in
289,,www.bankofbaroda.in,BANK,PSBloansin59minutes,PSBloansin59minutes,Website,https://www.psbloansin59minutes.com/
290,BANK OF INDIA,https://bankofindia.bank.in,BANK,E-Platform,SELF-OWNED,WEBSITE,https://staraks.bankofindia.bank.in
291,BANK OF MAHARASHTRA,https://bankofmaharashtra.bank.in/,BANK,Car Loan,Self Owned,Website,https://bomdigitalloans.bankofmaharashtra.bank.in/vehicle-loan/#/vehicle-home
292,,https://bankofmaharashtra.bank.in/,BANK,e-GST,Self Owned,Website,https://bomdigitalloans.bankofmaharashtra.bank.in/gstin/#/gst-credit
293,,https://bankofmaharashtra.bank.in/,BANK,Gold Loan,Self Owned,Website,https://bomdigitalloans.bankofmaharashtra.bank.in/gold-loan/#/gold-loan-signin
294,,https://bankofmaharashtra.bank.in/,BANK,KCC Jan Samart ,Self Owned,Website,https://www.jansamarth.in/home/bom
295,,https://bankofmaharashtra.bank.in/,BANK,KCC Tatkal,Self Owned,Website,https://digiloans.bankofmaharashtra.bank.in/apply/kisan-tatkal-loan?bom
296,,https://bankofmaharashtra.bank.in/,BANK,Mahabank Rooftop Solar Panel Loan ,Self Owned,Website,https://mahadigitalloans.bankofmaharashtra.bank.in/surya/#/
297,,https://bankofmaharashtra.bank.in/,BANK,Mudra,Self Owned,Website,https://bomdigitalloans.bankofmaharashtra.bank.in/#/mudra-main
298,,https://bankofmaharashtra.bank.in/,BANK,PM AWAS Yojana Home Loan For EWS/LIG/MIG,Self Owned,Website,https://mahadigitalloans.bankofmaharashtra.bank.in/pmay/#/home
299,,https://bankofmaharashtra.bank.in/,BANK,?PMSVANidhi?,Self Owned,Website,https://bomdigitalloans.bankofmaharashtra.bank.in/#/layout/banker/dashboard/pm-svanidhi
300,,https://bankofmaharashtra.bank.in/,BANK,PM Vishwakarma,Self Owned,Website,https://bomdigitalloans.bankofmaharashtra.bank.in/pmvk/#/pmvk-signin
301,,https://bankofmaharashtra.bank.in/,BANK,PQPL,Self Owned,Website,https://bomdigitalloans.bankofmaharashtra.bank.in/#/layout/papl/login?bom
302,,https://bankofmaharashtra.bank.in/,BANK,Self Helf Group,Self Owned,Website,https://bomdigitalloans.bankofmaharashtra.bank.in/shg/#/shg-loan-home
303,,https://bankofmaharashtra.bank.in/,BANK,ZenLyfe  Loan against Deposit( Mobile Banking App ),Self Owned,Play Store / App Store,Available in Play Store / App Store
304,BANSAL IN HOLD LTD.,https://www.bansalinhold.com,NBFC,My Money Bazaar,My Money Bazaar India Private Limited,Website,https://mymoneybazaar.com/
305,BAROTA FINANCE LIMITED,https://barotafinance.com/ ,NBFC,Paisa24 Finance,Self owned,Website,https://paisa24finance.com/ 
306,BARWALA LEASING & FINANCE PVT.LTD,https://barwalaleasing.com/,NBFC,Cashboxx,Barwala Leasing & Finance Private Limited,Website,https://cashboxx.in/
307,BEE PEE JAY FINANCE LTD,https://bpjnbfc.in/,NBFC,RapidRupee,AFG BUSINESS SOLUTIONS (INDIA) PRIVATE LIMITED,Google Play,https://play.google.com/store/apps/details?id=rapidrupee.app&pli=1
308,,https://bpjnbfc.in/,NBFC,RapidRupee,AFG BUSINESS SOLUTIONS (INDIA) PRIVATE LIMITED,Website,https://www.rapidrupee.in/
309,BHANIX FINANCE & INVESTMENT LTD,www.bhanixfinance.com,NBFC,CASHe,TSLC Pte Ltd with a sub-license to Bhanix Finance and Investment Limited,App store,https://apps.apple.com/in/app/cashe-loan-credit-line-app/id1261854922
310,,www.bhanixfinance.com,NBFC,CASHe,TSLC Pte Ltd with a sub-license to Bhanix Finance and Investment Limited,Play store,https://play.google.com/store/apps/details?id=co.tslc.cashe.android
311,,www.bhanixfinance.com,NBFC,CASHe,TSLC Pte Ltd with a sub-license to Bhanix Finance and Investment Limited,Web,https://web.cashe.co.in/
312,BHAWANA CAPITAL PVT LTD (FORMERLY BHAWANA SECURITIES & FINANCIAL SERVICES LTD),https://www.bhawanafinance.com/,NBFC,KarmaLife,Onionlife Private Limited,Google Play,https://play.google.com/store/apps/details?id=in.onionlife.karmalife&pli=1
313,,https://www.bhawanafinance.com/,NBFC,LoanFront,Vaibhav Vyapaar Private Limited,Google Play,https://play.google.com/store/apps/details?id=in.loanfront.android
314,BILLIONLOANS FINANCIAL SERVICES PRIVATE LIMITED,https://www.billionloans.com/business-loan-machinery-desc.html,NBFC,Ippopay for Stores,Ippopay Technologies Pvt Ltd,Apple App Store,https://apps.apple.com/in/app/ippopay-for-stores/id6465133694
315,,https://www.billionloans.com/business-loan-machinery-desc.html,NBFC,Ippopay for Stores,Ippopay Technologies Pvt Ltd,Google Play Store,https://play.google.com/store/apps/details?id=com.ippopay.store
316,BILLUS INVESTMENTS PVT. LTD.,https://billusinvestments.com/,NBFC,Next Capital,BILLUS INVESTMENTS PRIVATE LIMITED,Google Play Store,https://play.google.com/apps/test/com.nextcapital/1
317,BLUE CHIP FINANCE PVT. LTD.,https://bluechipfinance.co/,NBFC,KapitaLoan,One Tone Collective LLP,One Tone Collective LLP,https://play.google.com/store/apps/details?id=com.onetone.kapitaloan
318,,https://bluechipfinance.co/,NBFC,KapitaLoan,One Tone Collective LLP,website,https://www.kapitaloan.com/
319,BMW FIN-INVEST PRIVATE LIMITED,https://www.bmwfininvest.com/,NBFC,Zapcash - Quick Loans,OMNISTACK INNOVATION PRIVATE LIMITED,App Store ,https://apps.apple.com/in/app/zapcash-quick-loans/id6761755166
320,,https://www.bmwfininvest.com/,NBFC,Zapcash - Quick Loans,OMNISTACK INNOVATION PRIVATE LIMITED,Google Play Store ,https://play.google.com/store/apps/details?id=com.zapcash.loan
321,,https://www.bmwfininvest.com/,NBFC,Zapcash - Quick Loans,OMNISTACK INNOVATION PRIVATE LIMITED,Website,https://zapcash.in/
322,BOCARD LIMITED,https://www.bobcard.co.in/,NBFC,NA,NA,BOBCARD LTD,NA
323,B.P. SECURITIES (INDIA) PVT. LTD.,https://bpsecuritiesindia.com/,NBFC,Myinstafunds,Self Owned,Website,https://www.myinstafunds.com/
324,BRANCH INTERNATIONAL FINANCIAL SERVICES PRIVATE LIMITED,https://branch.co,NBFC,Branch International Financial Services Private Limited,Branch International Financial Services Private Limited,Google Play Store,https://play.google.com/store/apps/details?id=com.branch_international.branch.branch_demo_android&referrer=utm_source=IN_Website&utm_medium=CTA_Click&utm_term=CTA_click&gl=in
325,,https://branch.co,NBFC,Branch International Financial Services Private Limited,Branch International Financial Services Private Limited,Website,https://branch.co/in/web/login
326,,https://branch.co,NBFC,Branch International Financial Services Private Limited,Branch International Financial Services Private Limited,Website,https://phone.branchapp.in/
327,BT FINANCE PRIVATE LIMITED (EARLIER KNOWN AS VANDEEP SUPPLIERS PRIVATE LIMITED),www.petticash.in,NBFC,Petticash,BT Finance Pvt Ltd,Google Play Store,https://play.google.com/store/apps/details?id=in.mobilemoney.finance&hl=en_IN
328,BUSSAN AUTO FINANCE INDIA PRIVATE LTD.,www.fexprime.com,NBFC,CIRCLEPE,CIRCLEPE PRIVATE LIMITED,App Store,https://apps.apple.com/in/app/circlepe/id6677022752
329,,www.fexprime.com,NBFC,CIRCLEPE,CIRCLEPE PRIVATE LIMITED,Google Play Store,https://play.google.com/store/apps/details?id=com.circlepe.club
330,,www.fexprime.com,NBFC,CIRCLEPE,CIRCLEPE PRIVATE LIMITED,Website ,https://www.circlepe.club/
331,CANARA BANK,https://www.canarabank.com/,BANK,Digital Lending Platform,Canara Bank,Website,https://portal.digiloans.canarabank.in/LoanPortal/
332,CAPFLOAT FINANCIAL SERVICES PRIVATE LIMITED.,axio.co.in,NBFC,Tata Neu ,Tata Digital Private Limited,Android,https://play.google.com/store/apps/details?id=com.tatadigital.tcp
333,,axio.co.in,NBFC,Tata Neu ,Tata Digital Private Limited,iOS,https://apps.apple.com/in/app/tata-neu-shop-travel-finance/id1584669293
334,,axio.co.in,NBFC,Tata Neu ,Tata Digital Private Limited,Website,https://www.tataneu.com
335,CAPITAL INDIA FINANCE LIMITED,www.capitalindia.com,NBFC,NYE,Rapipay Fintech Private Limited,Android and iOS,https://in.rapipay.com
336,CAPITAL TRADE LINKS LIMITED,www.capitaltrade.in,NBFC,Paisanow,self owned,Website and app store,https://paisanow.in/PaisaNow.apk
337,CAPITAL TRUST LIMITED,www.capitaltrust.in,NBFC,Capital Gold Loan,Capital Trust Limited,Google Play Store,https://play.google.com/store/apps/details?id=com.ctl.capitalgold
338,CAPRI GLOBAL CAPITAL LIMITED (FORMERLY MONEY MATTERS FINANCIAL SERVICES LTD.),https://www.capriloans.in,NBFC,BharatPe for Business,Operated by Resilient Digi Services Private Limited,Apple App Store,https://apps.apple.com/in/app/bharatpe-for-business/id1329385873
339,,https://www.capriloans.in,NBFC,BharatPe for Business,Operated by Resilient Digi Services Private Limited,Google Play,https://play.google.com/store/apps/details?id=com.bharatpe.app&hl=en_IN&pli=1
340,,https://www.capriloans.in,NBFC,Capri Loans,Self Owned,Apple App Store,https://apps.apple.com/in/app/capri-loans/id6504343732
341,,https://www.capriloans.in,NBFC,Capri Loans,Self Owned,Google Play,https://play.google.com/store/apps/details?id=com.capriloans.consumer&hl=en_IN
342,CARDAMOM MERCHANTS' CO-OP.BANK LTD.,www.cmcbankhaveri.com,BANK,CMC BANK HAVERI,THE CARDAMOM MERCHATS COOP BANK LTD HAVERI,PLAY STORE,https://play.google.com/store/ apps/details? id=com.banksoft.client.cmcBa nk&pcampaignid=web_share
343,CARS24 FINANCIAL SERVICES PRIVATE LIMITED,https://www.cars24.com/loans24/used-car-loan/,NBFC,Carz4Sale?,M/S. Karot Technologies LLP,Website,https://www.carz4sale.in/loan/?i=u
344,,https://www.cars24.com/loans24/used-car-loan/,NBFC,MotorHunk?,"Motorhunk Private Limited,",Website,https://motorhunk.com/
345,,https://www.cars24.com/loans24/used-car-loan/,NBFC,PhonePe,PhonePe Lending services Private Limited,Apple AppStore / Google PlayStore,https://play.google.com/store/apps/details?id=com.phonepe.app   https://apps.apple.com/in/app/phonepe-secure-payments-app/id1170055821
346,,https://www.cars24.com/loans24/used-car-loan/,NBFC,Vehicle Info,VASUNDHARA INFOTECH LLP,Apple AppStore / Google PlayStore,https://play.google.com/store/apps/details?id=com.vehicle.rto.vahan.status.information.register https://apps.apple.com/in/app/vehicleinfo-all-vahan-detail/id1319263976
347,CASPIAN IMPACT INVESTMENTS PRIVATE LIMITED,https://caspiandebt.in/,NBFC,Indifi Technologies Pvt Ltd ,Indifi Technologies Pvt Ltd ,Website,https://www.indifi.com/
348,CENTRAL BANK OF INDIA,https://centralbankofindia.co.in/,BANK,Digital Lending Platform,Self Owned,Website,https://centralbankofindia.co.in/en/Digital_Loan_Link
349,CHHOTARIA SECURITIES  PVT.  LTD.,https://www.chhotariasecurities.com/,NBFC,CreditSea,Innotech Creditsea Platforms Private Limited,App Store,https://apps.apple.com/in/app/creditsea- personal-loan-app/id6743390338
350,,https://www.chhotariasecurities.com/,NBFC,CreditSea,Innotech Creditsea Platforms Private Limited,Google Play Store,https://play.google.com/store/apps/details? id=com.creditsea.app
351,,https://www.chhotariasecurities.com/,NBFC,CreditSea,Innotech Creditsea Platforms Private Limited,Website,https://www.creditsea.com/
352,,https://www.chhotariasecurities.com/,NBFC,GoCredit,Vijayalakshmi Technology Infinity NKB Private Limited,Google Play Store,https://play.google.com/store/apps/details?id=money.gocredit.ai
353,,https://www.chhotariasecurities.com/,NBFC,GoCredit,Vijayalakshmi Technology Infinity NKB Private Limited,website,WWW.GOCREDIT.MONEY
354,,https://www.chhotariasecurities.com/,NBFC,GrowFi Loan Aggregator App,Gaman Technologiles Pvt Ltd. ,Play Store,https://play.google.com/store/search?q=growfi&c=apps&hl=en_IN
355,,https://www.chhotariasecurities.com/,NBFC,GrowFi Loan Aggregator App,Gaman Technologiles Pvt Ltd. ,Website,https://growfi.app/
356,,https://www.chhotariasecurities.com/,NBFC,Rupee24,Rupee24 Platforms Pvt. Ltd.,Website,www.rupee24.com
357,,https://www.chhotariasecurities.com/,NBFC,Rupeeq.com,Intuino Business Consulting India Private Limited,Website,www.rupeeq.com
358,CHINMAY FINLEASE LTD,https://www.chinmayfinlease.com/,NBFC,AryseFin,Vibhuprada Services Private Limited,Website,https://arysefin.com/
359,,https://www.chinmayfinlease.com/,NBFC,Chinmay Finlease Limited,Self-owned,Apple App Store,https://apps.apple.com/in/app/chinmay- personal-loan-app/id6476261363
360,,https://www.chinmayfinlease.com/,NBFC,Chinmay Finlease Limited,Self-owned,Google Play Store,https://play.google.com/store/apps/details? id=com.chinmay.io&hl=en_IN
361,,https://www.chinmayfinlease.com/,NBFC,Chinmay Finlease Limited,Self-owned,Website,https://www.chinmayfinlease.com/
362,,https://www.chinmayfinlease.com/,NBFC,CreditHaat,Vibhuprada Services Private Limited,Website,https://www.credithaat.com/
363,,https://www.chinmayfinlease.com/,NBFC,Lenditt,Lenditt Innovations & Technologies Pvt. Ltd,Apple App Store,https://apps.apple.com/in/app/lenditt- personal-loan-app/id1577363656
364,,https://www.chinmayfinlease.com/,NBFC,Lenditt,Lenditt Innovations & Technologies Pvt. Ltd,Google Play Store,https://play.google.com/store/apps/details? id=com.fintech.lenditt&hl=en_IN
365,,https://www.chinmayfinlease.com/,NBFC,Samridhya,Samridhya Innovations Private Ltd,Apple App Store,https://apps.apple.com/in/app/samridhya/ id6745554387
366,,https://www.chinmayfinlease.com/,NBFC,Samridhya,Samridhya Innovations Private Ltd,Google Play Store,https://play.google.com/store/apps/details? id=samridh.consumer&hl=en_IN
367,CHINTAMANI FINLEASE LTD.,https://www.chintamanifinlease.com/,NBFC,Instant mudra,Self-Owned,Website and Play Store,https://www.instantmudra.com/
368,CHOICE FINSERV PRIVATE LIMITED,https://choiceindia.com/,NBFC,NYE,Rapipay Fintech private Limited,Available on Google Play App Store,https://play.google.com/store/apps/details?id=com.rapipay.nye
369,CHOLAMANDALAM INVESTMENT AND FINANCE COMPANY LIMITED,www.cholamandalam.com,NBFC,Chola One,Self-Owned,App store - ios,https://apps.apple.com/in/app/chola-one-digital-lending-app/id6505143802
370,,www.cholamandalam.com,NBFC,Chola One,Self-Owned,Play store - Android ,https://play.google.com/store/apps/details?id=io.ionic.d2c&hl=en
371,,www.cholamandalam.com,NBFC,Fibe,Social Worth Technologies Ltd,App Store (For iphone),https://apps.apple.com/in/app/fibe-instant-personal-loan-app/id1094602630
372,,www.cholamandalam.com,NBFC,Fibe,Social Worth Technologies Ltd,Google Play Store (For Android),https://play.google.com/store/apps/details?id=com.earlysalary.android&hl=en_IN&gl=IN
373,,www.cholamandalam.com,NBFC,Flipkart,Flipkart internet Pvt.Ltd,Apple App Store,https://apps.apple.com/in/app/flipkart-online-shopping-app/id742044692
374,,www.cholamandalam.com,NBFC,Flipkart,Flipkart internet Pvt.Ltd,Google Play Store,https://play.google.com/store/apps/details?id=com.flipkart.android&hl=en_IN
375,,www.cholamandalam.com,NBFC,Flipkart,Flipkart internet Pvt.Ltd,Website,https://www.flipkart.com/
376,,www.cholamandalam.com,NBFC,Freo,MWYN Tech Private Limited,Apple App Store,https://apps.apple.com/in/app/freo-upi-insurance-loans/id1588894115
377,,www.cholamandalam.com,NBFC,Freo,MWYN Tech Private Limited,Google Play Store,https://play.google.com/store/apps/details?id=com.moneytap.bnpl.app&listing=freo_oneapp_moneytap
378,,www.cholamandalam.com,NBFC,Freo,MWYN Tech Private Limited,IndusApp,https://www.indusappstore.com/apps/finance/freo/com.moneytap.bnpl.app/?page=details&id=com.moneytap.bnpl.app
379,,www.cholamandalam.com,NBFC,Freo,MWYN Tech Private Limited,Oppo App Store,oaps://mk/dt?pkg=com.moneytap.bnpl.app&style=1
380,,www.cholamandalam.com,NBFC,Freo,MWYN Tech Private Limited,Vivo Market,vivomarket://details?id=com.moneytap.bnpl.app
381,,www.cholamandalam.com,NBFC,Freo,MWYN Tech Private Limited,Website,www.freo.money
382,,www.cholamandalam.com,NBFC,Freo,MWYN Tech Pvt Ltd,App (App store),https://apps.apple.com/in/app/freo-upi-insurance-loans/id1588894115
383,,www.cholamandalam.com,NBFC,Freo,MWYN Tech Pvt Ltd,App (Playstore),https://play.google.com/store/apps/details?id=com.moneytap.bnpl.app&hl=en_IN
384,,www.cholamandalam.com,NBFC,Freo,MWYN Tech Pvt Ltd,Website,https://freo.money/
385,,www.cholamandalam.com,NBFC,Kreditbee,Finnovation Tech Solutions Private Limited,App,https://apps.apple.com/in/app/easy-personal-loan-kreditbee/id1488736283
386,,www.cholamandalam.com,NBFC,Kreditbee,Finnovation Tech Solutions Private Limited,App,https://apps.samsung.com/appquery/appDetail.as?appId=com.kreditbee.android
387,,www.cholamandalam.com,NBFC,Kreditbee,Finnovation Tech Solutions Private Limited,App,https://global.app.mi.com/details?lo=IN&la=en_US&id=com.kreditbee.android
388,,www.cholamandalam.com,NBFC,Kreditbee,Finnovation Tech Solutions Private Limited,App,https://indusapp.store/9ip3i05q
389,,www.cholamandalam.com,NBFC,Kreditbee,Finnovation Tech Solutions Private Limited,App,https://play.google.com/store/apps/details?id=com.kreditbee.android
390,,www.cholamandalam.com,NBFC,Kreditbee,Finnovation Tech Solutions Private Limited,App,oaps://mk/dt?pkg=com.kreditbee.android&style=1
391,,www.cholamandalam.com,NBFC,Kreditbee,Finnovation Tech Solutions Private Limited,App,vivomarket://details?id=com.kreditbee.android
392,,www.cholamandalam.com,NBFC,Kreditbee,Finnovation Tech Solutions Private Limited,Website,https://www.kreditbee.in/
393,,www.cholamandalam.com,NBFC,Lendingkart,Lendingkart Finance Limited,Google Play Store,https://play.google.com/store/apps/details?id=com.LendingKart&hl=en_IN&pli=1
394,,www.cholamandalam.com,NBFC,LENDINGKART,Lendingkart Finance Limited,Website,https://www.lendingkart.com/
395,,www.cholamandalam.com,NBFC,MoneyTap,MWYN Tech Private Limited,Apple App Store,https://apps.apple.com/in/app/moneytap-is-now-freo-credit/id1374771286
396,,www.cholamandalam.com,NBFC,MoneyTap,MWYN Tech Private Limited,Google Play Store,https://play.google.com/store/apps/details?id=com.mycash.moneytap.app
397,,www.cholamandalam.com,NBFC,MoneyTap,MWYN Tech Private Limited,IndusApp,https://www.indusappstore.com/apps/finance/moneytap/com.mycash.moneytap.app/?page=details&id=com.mycash.moneytap.app
398,,www.cholamandalam.com,NBFC,MoneyTap,MWYN Tech Private Limited,Oppo App Store,oaps://mk/dt?pkg=com.mycash.moneytap.app&style=1
399,,www.cholamandalam.com,NBFC,MoneyTap,MWYN Tech Private Limited,Vivo Market,vivomarket://details?id=com.mycash.moneytap.app
400,,www.cholamandalam.com,NBFC,MoneyTap,MWYN Tech Private Limited,Website,www.moneytap.com
401,,www.cholamandalam.com,NBFC,Moneyview,Moneyview Private Limited,Android App,https://play.google.com/store/search?q=moneyview&c=apps&hl=en
402,,www.cholamandalam.com,NBFC,Moneyview,Moneyview Private Limited,Ios App,https://apps.apple.com/in/app/moneyview-loans-credit-cards/id6468976019
403,,www.cholamandalam.com,NBFC,Moneyview,Moneyview Private Limited,Website,https://moneyview.in/
404,,www.cholamandalam.com,NBFC,navi FINSERV,Navi Finserv Limited,Website,https://navi.com/pl
405,,www.cholamandalam.com,NBFC,Stashfin,EQX Analytics Private Limited,Apple App Store,https://apps.apple.com/in/app/stashfin-loans-bonds-more/id1276990457
406,,www.cholamandalam.com,NBFC,Stashfin,EQX Analytics Private Limited,Google Play Store,https://play.google.com/store/search?q=stashfin&c=apps
407,,www.cholamandalam.com,NBFC,Stashfin,EQX Analytics Private Limited,Website,https://www.stashfin.com/
408,CIECO SECURITIES PVT LTD,asapfinance.in,NBFC,asapfinance.in,Cieco Securities Private Limited,asapfinance.in,asapfinance.in
409,CITRA FINANCIALS PRIVATE LIMITED,https://www.citra.co.in,NBFC,PHOCKET,Phcoket Infotech Pvt Ltd ,https://play.google.com/store/apps/details?id=com.phocket&pcampaignid=web_share,https://play.google.com/store/apps/details?id=com.phocket&pcampaignid=web_share
410,CITY UNION BANK LIMITED,www.cityunionbank.com,BANK,Credit line on UPI,Self-Owned,Website,https://cubintra.cityunionbank.in/APP/CREDITLINEUPI/login.php
411,,www.cityunionbank.com,BANK,Loan against Mutual Funds,Self-Owned,Play store & iCloud ,https://las.cityunionbank.in
412,,www.cityunionbank.com,BANK,Rapid.ai (Credit card),Self-Owned,Website,https://cubcard.cityunionbank.in/cub-cc-ui/
413,CLIME FINANCE PRIVATE LIMITED,https://climefinance.com/,NBFC,Vert-One App,Vert One Private Limited,Google Play Store,https://play.google.com/store/apps/details?id=com.vertone&pli=1
414,CLIX CAPITAL SERVICES PRIVATE LIMITED,https://www.clix.capital/our-partners/money-view/,NBFC,Moneyview,Moneyview Limited (formerly known as Moneyview Private Limited and Whizdm Innovations Pvt Limited),Google Play Store and iOS App Store,Play Store: https://play.google.com/store/apps/details?id=com.whizdm.moneyview.loans&pcampaignid=web_share; App Store: https://apps.apple.com/in/app/moneyview-loans-credit-cards/id6468976019
415,,https://www.clix.capital/our-partners/rapipay/,NBFC,NYE,RAPIPAY FINTECH PVT LTD,App store and Play Store,Android - https://play.google.com/store/apps/details?id=com.rapipay.nye App Store - https://apps.apple.com/in/app/nye-money/id1662431820
416,C.N.M.P. INVESTMENTS PVT.LTD.,https://cnmp.in/,NBFC,Abhicash,Abhicash Infotech Private Limited,Play Store,https://play.google.com/store/apps/details?id=com.abhicash.abhicashapp&hl=en
417,,https://cnmp.in/,NBFC,Abhimoney,Abhicash Infotech Private Limited,Website,https://abhimoney.in
418,COLLOCATE MERCHANTS (P) LTD,https://collocatemerchants.com/,NBFC,LOANDIDI,COLLOCATE MERCANTS PRIVATE LIMITED,WEBSITE,https://www.loandidi.com/
419,COMERO LEASING & FINANCIALS PVT. LTD.,www.comero.in,NBFC,Xpressloan,Self Owned,www.comero.in,https://www.xpressloan.in/
420,CP CAPITAL LIMITED,https://cpcapital.in/,NBFC,CreditSea,Innotech Creditsea Platforms Private Limited,"https://www.creditsea.com, https://apps.apple.com/in/app/creditsea, https://play.google.com/store",https://www.creditsea.com
421,CREDILA FINANCIAL SERVICES LIMITED (FORMERLY KNOWN AS HDFC CREDILA FINANCIAL SERVICES LIMITED),?https://www.credila.com/,NBFC,Credila's Website,?Self Owned,Website,https://www.credila.com/
422,,https://www.credila.com/,NBFC,Credila's LOS,Self Owned,Website,https://auth.credila.com/signin
423,,https://www.credila.com/,NBFC,spoctree website,Ausha Digital Private Limited,Website,https://www.spoctree.com/  
424,CREDITACCESS GRAMEEN LIMITED,https://www.creditaccessgrameen.in/products/digital-lending/,NBFC,Grameen MAHI,Self-owned,Google Playstore,https://play.google.com/store/apps/details?id=com.creditaccessgrameen.mahi&hl=en_IN
425,CSB BANK LIMITED,CSB.bank.in,BANK,Grayquest Web Portal,Grayquest Education Finance Private Ltd,Website,http://www.grayquest.com/
426,DAVINTA FINANCIAL SERVICES PRIVATE LIMITED,https://www.davintafinserv.com/,NBFC,Davinta,Davinta Financial Services Private Limited,Available on website. Available on Google Playstore app,https://www.davintafinserv.com/digital_lending_partners.php
427,DBS BANK INDIA LIMITED,https://www.dbs.com/digibank/in/digital-lending-partnership.page,BANK,"CRED: UPI, Credit Cards, Bills",Dreamplug Technologies Pvt Ltd,App store,https://apps.apple.com/in/app/cred-credit-cards-payments/id1428580080
428,,https://www.dbs.com/digibank/in/digital-lending-partnership.page,BANK,"CRED: UPI, Credit Cards, Bills",Dreamplug Technologies Pvt Ltd,Google Play,https://play.google.com/store/apps/details?id=com.dreamplug.androidapp&hl=en
429,,https://www.dbs.com/digibank/in/digital-lending-partnership-with-hcin.page,BANK,Home Credit: Personal Loan App,Home Credit,Google Play,https://play.google.com/store/apps/details?id=ph.homecredit.capp&hl=en-gb&gl=ph
430,DECIMUS FINANCIAL LTD. (FORMERLY  K.C.FINCAP LIMITED),https://decimus.co.in/,NBFC,RULE MUDRA,TWOMINUTES FINTECH PRIVATE LIMITED,GOOGLE PLAY STORE,https://play.google.com/store/apps/details?id=com.rulemudra.loan
431,,https://decimus.co.in/,NBFC,RULE MUDRA,TWOMINUTES FINTECH PRIVATE LIMITED,WEBSITE,https://rulemudra.com/
432,DEV-AASHISH CAPITAL (P) LTD,https://www.devaashish.com/,NBFC,Blinkr,Gaurav Kalra,Google Play Store,https://play.google.com/store/apps/details?id=com.blinkr_payday_app
433,,https://www.devaashish.com/,NBFC,Blinkr,Gaurav Kalra,Website ,https://blinkrloan.com/
434,,https://www.devaashish.com/,NBFC,Rupeeontime – Instant Loan,Self owned ,Google play Store ,https://play.google.com/store/apps/details?id=com.devaashishcapitals.rot 
435,,https://www.devaashish.com/,NBFC,Rupeeontime – Instant Loan,Self owned ,Website ,https://rupeeontime.com/
436,DEVMUNI LEASING & FINANCE LTD.,https://www.devmunifinance.com/,NBFC,Loan112 Instant Personal Loan,Self owned ,Google Play Store ,https://play.google.com/store/apps/details?id=com.personalLoan.loan112 
437,,https://www.devmunifinance.com/,NBFC,Loan112 Instant Personal Loan,Self owned ,Website ,https://www.loan112.com/
438,DHANI LOANS AND SERVICES LIMITED,www.dhaniloansandservices.com,NBFC,Dhani,Inhouse,App Store ,https://apps.apple.com/in/app/dhani-upi-cards-bills/id1273192455
439,,www.dhaniloansandservices.com,NBFC,Dhani,Inhouse,Google Play Store ,https://play.google.com/store/apps/details?id=com.indiaBulls
440,,www.dhaniloansandservices.com,NBFC,Dhani,Inhouse,website,https://login.dhani.com
441,DHRUVA CAPITAL SERVICES LTD.,https://www.dhruvacapital.com/,NBFC,NeoMoney,DHRUVA CAPITAL SERVICES LIMITED,Google Play Store ,https://play.google.com/store/apps/details?id=com.neomoney.app
442,,https://www.dhruvacapital.com/,NBFC,NeoMoney,DHRUVA CAPITAL SERVICES LIMITED,Indus App Store,https://www.indusappstore.com/apps/finance/neo-money/com.neomoney.app/?page=details&id=com.neomoney.app
443,DHVIJA FINANCE LIMITED  (EARLIER KNOWN AS F MEC INTERNATIONAL FINANCIAL SERVICES LTD.),https://www.fmecinternational.com/contact-us,NBFC,Salary Flow,DHVIJA FINANCE LIMITED,Goggle Play Store,https://play.google.com/store/apps/details?id=com.salary.flow
444,DIGNER FINLEASE & INVESTMENT PRIVATE LIMITED,https://www.dfaipl.com/,NBFC,CashPey – India’s Own Loan App,CashPey – India’s Own Loan App,Google Play Store ,https://play.google.com/store/apps/details?id=com.cashpey
445,,https://www.dfaipl.com/,NBFC,Creditpey,Digner Fin-lease and Investment Private Limited,Website,https://www.creditpey.com/
446,,https://www.dfaipl.com/,NBFC,Kreditsure,Digner Fin-lease and Investment Private Limited,Website,https://www.kreditsure.com/
447,DMI FINANCE PVT LTD.,https://www.dmifinance.in/,NBFC,50Fin,Fifty Fintech pvt ltd,Apple Store,https://apps.apple.com/in/app/50fin/id1669039122
448,,https://www.dmifinance.in/,NBFC,50Fin,Fifty Fintech pvt ltd,Google Play store,https://play.google.com/store/apps/details?id=com.fiftyfin.app
449,,https://www.dmifinance.in/,NBFC,50Fin,Fifty Fintech pvt ltd,Website ,https://www.50fin.in/
450,,https://www.dmifinance.in/,NBFC,Abhiloans,KNAB finance pvt ltd,Website,https://abhiloans.com/
451,,https://www.dmifinance.in/,NBFC,Airtel Thanks,Xtelify Limited?,Apple App Store?,https://apps.apple.com/in/app/airtel-thanks-recharge-bank/id543184334
452,,https://www.dmifinance.in/,NBFC,Airtel Thanks,Xtelify Limited?,Google Play Store,https://play.google.com/store/apps/details?id=com.myairtelapp
453,,https://www.dmifinance.in/,NBFC,Airtel Thanks,Xtelify Limited?,Mobile Web,?https://www.airtel.in/airtel-thanks-app
454,,https://www.dmifinance.in/,NBFC,BHIM,NPCI BHIM Services Limited?,Apple App Store?,https://apps.apple.com/in/app/bhim-bharats-own-payments-app/id1200315258
455,,https://www.dmifinance.in/,NBFC,BHIM,NPCI BHIM Services Limited?,Google Play Store,https://play.google.com/store/apps/details?id=in.org.npci.upiapp&hl=en_IN
456,,https://www.dmifinance.in/,NBFC,Billcut.com,Billplan Fintech Private Limited,Apple App Store,https://apps.apple.com/in/app/billcut-app/id6761058090
457,,https://www.dmifinance.in/,NBFC,Billcut.com,Billplan Fintech Private Limited,Google Playstore,https://play.google.com/store/apps/details?id=com.billcut.billcutapp
458,,https://www.dmifinance.in/,NBFC,Billcut.com,Billplan Fintech Private Limited,Website,www.billcut.com
459,,https://www.dmifinance.in/,NBFC,CRED,M/s Dreamplug Technologies Private Limited,Apple App Store?,https://apps.apple.com/in/app/cred-credit-cards-bills-upi/id1428580080
460,,https://www.dmifinance.in/,NBFC,CRED,M/s Dreamplug Technologies Private Limited,Google Play Store,https://play.google.com/store/apps/details?id=com.dreamplug.androidapp&amp;amp;hl=en_IN
461,,https://www.dmifinance.in/,NBFC,DigitMoney,DigitMoney Technologies Private Limited,Website,https://digitmoney.in/
462,,https://www.dmifinance.in/,NBFC,DMI Finance app,Self-Owned,Google Playstore,https://play.google.com/store/apps/details?id=in.dmifinance.app&hl=en_IN
463,,https://www.dmifinance.in/,NBFC,faircentpro.com,FTIPL Payments And Marketing Tech Private Limited,Website,www.faircentpro.com
464,,https://www.dmifinance.in/,NBFC,Finance Buddha,Finbud Financial Services Limited,Website, https://www.financebuddha.com/
465,,https://www.dmifinance.in/,NBFC,Finnable,Finnable Technologies Private Limited,Apple App Store?,https://apps.apple.com/in/app/finnable/id1453358250
466,,https://www.dmifinance.in/,NBFC,Finnable,Finnable Technologies Private Limited,Google Play Store,https://play.google.com/store/apps/details?id=com.finnable.customer&hl=en_IN&pli=1
467,,https://www.dmifinance.in/,NBFC,Finnable,Finnable Technologies Private Limited,Website,www.finnable.com
468,,https://www.dmifinance.in/,NBFC,Flipkart,Flipkart Advanz Private Limited,Apple Store,https://apps.apple.com/in/app/flipkart-online-shopping-app/id742044692
469,,https://www.dmifinance.in/,NBFC,Flipkart,Flipkart Advanz Private Limited,Google Play store,https://play.google.com/store/apps/details?id=com.flipkart.android&hl=en_IN&pli=1
470,,https://www.dmifinance.in/,NBFC,GoodScore,Arthvit 1809 Tech Private Limited (through LSP - Upswing Financial Technologies Private Limited ),Apple App Store,https://apps.apple.com/in/app/goodscore-credit-score-app/id6654923902
471,,https://www.dmifinance.in/,NBFC,GoodScore,Arthvit 1809 Tech Private Limited (through LSP - Upswing Financial Technologies Private Limited ),Google Play Store,https://play.google.com/store/apps/details?id=com.rupicard.score&hl=en?
472,,https://www.dmifinance.in/,NBFC,Google pay,Google India Digital Services Pvt Ltd,Apple App Store?,https://apps.apple.com/in/app/google-pay-save-pay-manage/id1193357041
473,,https://www.dmifinance.in/,NBFC,Google pay,Google India Digital Services Pvt Ltd,Google Play Store,https://play.google.com/store/apps/details?id=com.google.android.apps.nbu.paisa.user&hl=en_INhttps://apps.apple.com/in/app/google-pay-save-pay-manage/id1193357041
474,,https://www.dmifinance.in/,NBFC,Google Pay for Business,Google India Digital Services Pvt Ltd,Apple App Store?,https://apps.apple.com/in/app/google-pay-for-business/id6475613159
475,,https://www.dmifinance.in/,NBFC,Google Pay for Business,Google India Digital Services Pvt Ltd,Google Play Store,https://play.google.com/store/apps/details?id=com.google.android.apps.nbu.paisa.merchant
476,,https://www.dmifinance.in/,NBFC, Moneyview ,Moneyview Private Limited (formerly known as Whizdm Innovations Private Limited),Apple App Store?,https://apps.apple.com/in/app/moneyview-loans-credit-cards/id6468976019
477,,https://www.dmifinance.in/,NBFC, Moneyview ,Moneyview Private Limited (formerly known as Whizdm Innovations Private Limited),Google Play Store,https://play.google.com/store/apps/details?id=com.whizdm.moneyview.loans&hl=en_IN&gl=IN
478,,https://www.dmifinance.in/,NBFC, Moneyview ,Moneyview Private Limited (formerly known as Whizdm Innovations Private Limited),Website,https://www.moneyview.in/
479,,https://www.dmifinance.in/,NBFC,OLA,?ANI Technologies Pvt. Ltd.,Apple Store,https://apps.apple.com/in/app/ola-book-cab-auto-bike-taxi/id539179365
480,,https://www.dmifinance.in/,NBFC,OLA,?ANI Technologies Pvt. Ltd.,Google Play store,https://play.google.com/store/apps/details?id=com.olacabs.customer
481,,https://www.dmifinance.in/,NBFC,Parkplus ( via Upswing),Parviom Technologies Private Limited (through LSP - Upswing Financial Technologies Private Limited),Apple App StoreGoogle Play Store,https://886bc.app.link/3YdXY305ilb?_p=c11029cb9f1c65f5e0038cfce8
482,,https://www.dmifinance.in/,NBFC,Saarathi,Saarathi Finbiz Pvt. Ltd,Apple App Store?,https://apps.apple.com/in/app/saarathi/id1531149811
483,,https://www.dmifinance.in/,NBFC,Saarathi,Saarathi Finbiz Pvt. Ltd,Google Play Store,https://play.google.com/store/apps/details?id=dataon.decimal.saarathi.mars
484,,https://www.dmifinance.in/,NBFC,Saarathi,Saarathi Finbiz Pvt. Ltd,Mobile Web,https://www.saarathi.ai/
485,,https://www.dmifinance.in/,NBFC,Samsung Finance+ ,Samsung India Electronics Private Ltd.,Google Playstore,https://play.google.com/store/apps/details?id=com.samsung.android.samsungsure&gl=in
486,,https://www.dmifinance.in/,NBFC,Samsung Finance+ ,Samsung India Electronics Private Ltd.,Google Playstore,https://play.google.com/store/apps/details?id=com.samsung.android.sure.merchant&hl=en_
487,,https://www.dmifinance.in/,NBFC,Samsung Finance+ ,Samsung India Electronics Private Ltd.,Website,https://www.samsung.com
488,,https://www.dmifinance.in/,NBFC,Super.money,Scapic Innovations Private Limited,Apple App Store,https://apps.apple.com/in/app/super-money/id6502597504
489,,https://www.dmifinance.in/,NBFC,Super.money,Scapic Innovations Private Limited,Google Play Store,https://play.google.com/store/apps/details?id=money.super.payments&hl=en_IN
490,,https://www.dmifinance.in/,NBFC,Super.Money (Flipkart),Scapic Innovations Private Limited,Website,http://fkrt.it/fRXyz4NN
491,,https://www.dmifinance.in/,NBFC,Wishfin,Mywish Marketplaces Private Limited,Website,https://www.wishfin.com 
492,,https://www.dmifinance.in/,NBFC,ZestMoney,Glimmer Technologies Private Limited (earlier known as DMI Infotech Solutions Pvt. Ltd.),Apple App Store?,https://apps.apple.com/in/app/zestmoney/id1597244251
493,,https://www.dmifinance.in/,NBFC,ZestMoney,Glimmer Technologies Private Limited (earlier known as DMI Infotech Solutions Pvt. Ltd.),Google Playstore,https://play.google.com/store/apps/details?id=in.zestmoney.android.zestlife&pcampaignid=web_share
494,D.PAL LEASING & FINANCE CO. LTD.,https://dpalloan.com,NBFC,DpalLoan,D.PAL LEASING AND FINANCE COMPANY LIMITED,Website,https://dpalloan.com
495,,https://getpaise.com,NBFC,GetPaise,D.PAL LEASING AND FINANCE COMPANY LIMITED,Website,https://getpaise.com
496,,https://loanbiz.in,NBFC,Loanbiz,D.PAL LEASING AND FINANCE COMPANY LIMITED,Website,https://loanbiz.in
497,D S G INVESTMENTS PRIVATE LIMITED,https://dsginvestments.com/,NBFC,Flot,Growcap creditwise pvt ltd,website and app,https://myflot.com/
498,,https://dsginvestments.com/,NBFC,Flot,Growcap creditwise pvt ltd,website and app,https://play.google.com/store/apps/details?id=com.myflot&hl=en_IN
499,D. S. INTEGRATED FINSEC PVT. LTD.,https://dsfinance.co.in/,NBFC,CreditJar,D.S. Integrated Finsec Private Limited ( Self-Owned),Yes Both,https://play.google.com/store/apps/details?id=com.creditjar.app  https://creditjar.in
500,DSP FINANCE PRIVATE LIMITED,https://dspfin.com/,NBFC,BlinkMoney,Capline Ventures Private Limited,Playstore,https://play.google.com/store/apps/details?id=app.blinkmoney.in
501,,https://dspfin.com/,NBFC,BlinkMoney,Capline Ventures Private Limited,Website,https://blinkmoney.in/
502,,https://dspfin.com/,NBFC,Cred,Dreamplug Technologies Private Limited,Appstore,https://apps.apple.com/in/app/cred-credit-cards-payments/id1428580080
503,,https://dspfin.com/,NBFC,Cred,Dreamplug Technologies Private Limited,Playstore,https://play.google.com/store/apps/details?id=com.dreamplug.androidapp&hl=en_IN
504,,https://dspfin.com/,NBFC,Creditcase,Essential Investment Managers Private Limited,Appstore,https://apps.apple.com/in/app/creditcase-mutual-fund-loans/id6752245760
505,,https://dspfin.com/,NBFC,Creditcase,Essential Investment Managers Private Limited,Playstore,https://play.google.com/store/apps/details?id=com.smallcase.android.credit
506,,https://dspfin.com/,NBFC,"ET Money: Mutual Funds, Stocks",BANAYANTREE SERVICES LIMITED,"Appstore - ET Money: Mutual Funds, Stocks",https://apps.apple.com/in/app/et-money-mutual-funds-stocks/id1212752482
507,,https://dspfin.com/,NBFC,"ET Money: Mutual Funds, Stocks",BANAYANTREE SERVICES LIMITED,"Playstore - ET Money: Mutual Funds, Stocks",https://play.google.com/store/apps/details?id=com.smartspends&hl=en_IN
508,,https://dspfin.com/,NBFC,Groww App,Billionbrains Garage Ventures Limited,Apple App Store,https://apps.apple.com/in/app/groww-stocks-mutual-fund-upi/id1404871703
509,,https://dspfin.com/,NBFC,Groww App,Billionbrains Garage Ventures Limited,Google Playstore,https://play.google.com/store/apps/details?id=com.nextbillion.groww
510,,https://dspfin.com/,NBFC,Groww Credit: Instant Loan App,Billionbrains Garage Ventures Limited,Appstore - Groww Credit: Instant Loan App,https://apps.apple.com/in/app/groww-credit-instant-loan-app/id6633433697
511,,https://dspfin.com/,NBFC,Groww Credit: Instant Loan App,Billionbrains Garage Ventures Limited,Playstore - Groww Credit: Instant Loan App,https://play.google.com/store/apps/details?id=in.groww.dash
512,,https://dspfin.com/,NBFC,"INDmoney: Stocks, Mutual funds",FINZOOMERS SERVICES PRIVATE LIMITED,"Appstore - INDmoney: Stocks, Mutual Fund",https://apps.apple.com/in/app/indmoney-stocks-mutual-fund/id1450178837
513,,https://dspfin.com/,NBFC,"INDmoney: Stocks, Mutual funds",FINZOOMERS SERVICES PRIVATE LIMITED,"Playstore - INDmoney: Stocks, Mutual funds",https://play.google.com/store/apps/details?id=in.indwealth&hl=en_IN
514,,https://dspfin.com/,NBFC,LARK Finserv,LARK FINSERV PRIVATE LIMITED,Website ,https://www.larkfinserv.com
515,,https://dspfin.com/,NBFC,Paytm: Secure UPI Payments,One97 Communications Ltd,Appstore - Paytm: Secure UPI Payments,https://apps.apple.com/in/app/paytm-secure-upi-payments/id473941634
516,,https://dspfin.com/,NBFC,Paytm: Secure UPI Payments,One97 Communications Ltd,Playstore - Paytm: Secure UPI Payments,https://play.google.com/store/apps/details?id=net.one97.paytm
517,,https://dspfin.com/,NBFC,"PhonePe: UPI, Payments, Recharge",PHONEPE LENDING SERVICES PRIVATE LIMITED,"Appstore - PhonePe: UPI, Payments, Recharge",https://apps.apple.com/in/app/phonepe-secure-payments-app/id1170055821
518,,https://dspfin.com/,NBFC,"PhonePe: UPI, Payments, Recharge",PHONEPE LENDING SERVICES PRIVATE LIMITED,"Playstore - PhonePe: UPI, Payments, Recharge",https://play.google.com/store/apps/details?id=com.phonepe.app&hl=en_IN
519,,https://dspfin.com/,NBFC,Quicklend,Finramp Technologies Private Limited,Website,https://www.quicklend.in/
520,,https://dspfin.com/,NBFC,Smallcase,Essential Investment Managers Private Limited,Appstore,https://apps.apple.com/in/app/smallcase-stocks-mfs-fds/id1345309437
521,,https://dspfin.com/,NBFC,Smallcase,Essential Investment Managers Private Limited,Playstore,https://play.google.com/store/apps/details?id=com.smallcase.android
522,,https://dspfin.com/,NBFC,Smallcase,Essential Investment Managers Private Limited,Website,smallcase.com
523,,https://dspfin.com/,NBFC,Volt Money: Mutual Fund Loan,DSP FINANCE PRIVATE LIMITED,Volt Money: Mutual Fund Loan,https://play.google.com/store/apps/details?id=in.voltmoney&hl=en_IN&pli=1
524,,https://dspfin.com/,NBFC,Volt Money: Mutual Fund Loan,DSP FINANCE PRIVATE LIMITED,Website ,https://voltmoney.in/
525,,https://dspfin.com/,NBFC,Volt Money: Mutual Fund Loan,SALTER TECHNOLOGIES PRIVATE LIMITED,Volt Money: Mutual Fund Loan,https://apps.apple.com/in/app/volt-money-mutual-fund-loan/id6446775789
526,,https://dspfin.com/,NBFC,Yenmo Mutual Funds Loan App,YENMO TECHNOLOGIES PRIVATE LIMITED,Appstore - Yenmo: Mutual Funds Loans,https://apps.apple.com/in/app/yenmo-mutual-funds-loans/id6477531049
527,,https://dspfin.com/,NBFC,Yenmo Mutual Funds Loan App,YENMO TECHNOLOGIES PRIVATE LIMITED,Playstore - Yenmo: Mutual Funds Loans,https://play.google.com/store/apps/details?id=in.yenmo&hl=en_IN
528,DYTRON FINVEST PRIVATE LIMITED,https://www.dytronfinvest.com,NBFC,Paisa108,Paisa 108 Private Limited,Google Play Store,https://play.google.com/store/apps/details?id=app.paisa108.com
529,,https://www.dytronfinvest.com,NBFC,Paisa108,Paisa 108 Private Limited,Website,https://www.paisa108.com
530,DYTRON FINVEST PVT. LTD. C,https://www.dytronfinvest.com,NBFC,Paisa108,Paisa 108 Private Limited,Google Play Store,https://play.google.com/store/apps/details?id=com.paisa108.app
531,,https://www.dytronfinvest.com,NBFC,Paisa108,Paisa 108 Private Limited,Website,https://www.paisa108.com
532,EARLYSALARY SERVICES PRIVATE LIMITED (OLD NAME ASHISH SECURITIES PVT. LTD.),www.earlysalary.in,NBFC,Aditya Birla Capital Digital,Aditya Birla Capital Digital Ltd,Appstore,https://apps.apple.com/in/app/abcd-aditya-birla-capital-app/id6477909524
533,,www.earlysalary.in,NBFC,Aditya Birla Capital Digital,Aditya Birla Capital Digital Ltd,Playstore,https://play.google.com/store/apps/details?id=com.adityabirlacapitaldigital.OneApp&hl=en
534,,www.earlysalary.in,NBFC,Aditya Birla Capital Digital,Aditya Birla Capital Digital Ltd,Website,https://www.adityabirlacapital.com/
535,,www.earlysalary.in,NBFC,Airtel Thanks App,Xtelify Limited,Appstore,https://apps.apple.com/in/app/airtel-thanks-recharge-bank/id543184334
536,,www.earlysalary.in,NBFC,Airtel Thanks App,Xtelify Limited,Playstore,https://play.google.com/store/apps/details?id=com.myairtelapp&hl=en
537,,www.earlysalary.in,NBFC,Airtel Thanks App,Xtelify Limited,Website,https://www.airtel.in/
538,,www.earlysalary.in,NBFC,Angel One,Angel One Limited,Appstore,https://apps.apple.com/in/app/angel-one-stocks-mutual-fund/id1060530981
539,,www.earlysalary.in,NBFC,Angel One,Angel One Limited,Playstore,https://play.google.com/store/apps/details?id=com.msf.angelmobile&hl=en
540,,www.earlysalary.in,NBFC,Angel One,Angel One Limited,Website,https://www.angelone.in/
541,,www.earlysalary.in,NBFC,Bajaj Markets,Bajaj Finserv Direct Limited,Appstore,https://apps.apple.com/in/app/bajaj-markets-instant-loan-app/id1482914241
542,,www.earlysalary.in,NBFC,Bajaj Markets,Bajaj Finserv Direct Limited,Playstore,https://play.google.com/store/apps/details?id=in.bajajfinservmarkets.app
543,,www.earlysalary.in,NBFC,Bajaj Markets,Bajaj Finserv Direct Limited,Website,https://www.bajajfinservmarkets.in/
544,,www.earlysalary.in,NBFC,Bitrocket,Bitrocket Labs Private Limited,Appstore,https://www.apple.com/in/search/cheq?src=globalnav
545,,www.earlysalary.in,NBFC,Bitrocket,Bitrocket Labs Private Limited,Playstore,https://play.google.com/store/apps/details?id=com.cheq.retail&hl=en
546,,www.earlysalary.in,NBFC,Bitrocket,Bitrocket Labs Private Limited,Website,https://cheqfin.one
547,,www.earlysalary.in,NBFC,Buddyloans,Bvalue Services Private Limited,Appstore,https://apps.apple.com/in/app/buddy-loan-personal-loan/id1552911697
548,,www.earlysalary.in,NBFC,Buddyloans,Bvalue Services Private Limited,Playstore,https://play.google.com/store/search?q=buddy+loan&c=apps&hl=en
549,,www.earlysalary.in,NBFC,Buddyloans,Bvalue Services Private Limited,Website,https://www.buddyloan.com/
550,,www.earlysalary.in,NBFC,Cars24,Cars24 Financial Services Private Limited,Appstore,https://apps.apple.com/in/app/cars24-sell-buy-used-cars/id1364492085
551,,www.earlysalary.in,NBFC,Cars24,Cars24 Financial Services Private Limited,Playstore,https://play.google.com/store/apps/details?id=com.cars24.seller&hl=en
552,,www.earlysalary.in,NBFC,Cars24,Cars24 Financial Services Private Limited,Website,https://www.cars24.com/
553,,www.earlysalary.in,NBFC,Credithaat,Vibhuprada Services Pvt Ltd,Website,https://www.credithaat.com/
554,,www.earlysalary.in,NBFC,Creditmantri,Creditmantri Finserv Pvt Ltd,Website,https://www.creditmantri.com/
555,,www.earlysalary.in,NBFC,Fibe,Social Worth Technologies Limited,Appstore,https://apps.apple.com/in/app/fibe-instant-personal-loan-app/id1094602630
556,,www.earlysalary.in,NBFC,Fibe,Social Worth Technologies Limited,Playstore,https://play.google.com/store/search?q=fibe&c=apps&hl=en
557,,www.earlysalary.in,NBFC,Fibe,Social Worth Technologies Limited,Website,https://www.fibe.in/
558,,www.earlysalary.in,NBFC,Fi Money,Epifi Technologies Pvt Ltd,Appstore,https://apps.apple.com/in/app/fi-money-save-invest-smart/id1531564767
559,,www.earlysalary.in,NBFC,Fi Money,Epifi Technologies Pvt Ltd,Playstore,https://play.google.com/store/apps/details?id=com.epifi.paisa&hl=en_IN
560,,www.earlysalary.in,NBFC,Fi Money,Epifi Technologies Pvt Ltd,Website,https://fi.money/
561,,www.earlysalary.in,NBFC,Finance Buddha,Finbud Financials Services Ltd,Website,https://www.financebuddha.com/
562,,www.earlysalary.in,NBFC,Finshell Pay,Growhiz Technologies Pvt Ltd,Playstore,https://play.google.com/store/search?q=finshell&c=apps&hl=en
563,,www.earlysalary.in,NBFC,Flipkart,Flipkart Advanz Private Limited,Appstore,https://apps.apple.com/in/app/flipkart-online-shopping-app/id742044692
564,,www.earlysalary.in,NBFC,Flipkart,Flipkart Advanz Private Limited,Playstore,https://play.google.com/store/apps/details?id=com.flipkart.android&hl=en
565,,www.earlysalary.in,NBFC,Flipkart,Flipkart Advanz Private Limited,Website,https://www.flipkart.com/
566,,www.earlysalary.in,NBFC,GoodScore,Arthvit 1809 Tech Private Limited ,Appstore,https://apps.apple.com/in/app/goodscore-credit-score-app/id6654923902
567,,www.earlysalary.in,NBFC,GoodScore,Arthvit 1809 Tech Private Limited ,Playstore,https://play.google.com/store/apps/details?id=com.rupicard.score
568,,www.earlysalary.in,NBFC,GoodScore,Arthvit 1809 Tech Private Limited ,Website,https://goodscore.app/
569,,www.earlysalary.in,NBFC,Groww credit,Billionbrains Garage Ventures Ltd,Appstore,http://apps.apple.com/in/app/groww-credit-instant-loan-app/id6633433697
570,,www.earlysalary.in,NBFC,Groww credit,Billionbrains Garage Ventures Ltd,Playstore,https://play.google.com/store/apps/details?id=in.groww.dash&hl=en
571,,www.earlysalary.in,NBFC,Groww credit,Billionbrains Garage Ventures Ltd,Website,https://credit.groww.in/
572,,www.earlysalary.in,NBFC,Indialends,GC Web Ventures Private Limited,Appstore,https://apps.apple.com/in/app/indialends-instant-loan-app/id1163514601
573,,www.earlysalary.in,NBFC,Indialends,GC Web Ventures Private Limited,Playstore,https://play.google.com/store/search?q=indialends&c=apps&hl=en
574,,www.earlysalary.in,NBFC,Indialends,GC Web Ventures Private Limited,Website,https://indialends.com/
575,,www.earlysalary.in,NBFC,India Post Payments Bank,India Post Payments Bank Ltd,Appstore,https://apps.apple.com/in/app/ippb-mobile-banking/id1447211192
576,,www.earlysalary.in,NBFC,India Post Payments Bank,India Post Payments Bank Ltd,Playstore,https://play.google.com/store/apps/details?id=com.iexceed.appzillon.ippbMB&hl=en
577,,www.earlysalary.in,NBFC,India Post Payments Bank,India Post Payments Bank Ltd,Website,https://www.ippbonline.com/web/ippb
578,,www.earlysalary.in,NBFC,Indmoney,Finzoomers Services Private Limited,Appstore,https://apps.apple.com/in/app/indmoney-stocks-mutual-fund/id1450178837
579,,www.earlysalary.in,NBFC,Indmoney,Finzoomers Services Private Limited,Playstore,https://play.google.com/store/apps/details?id=in.indwealth&hl=en
580,,www.earlysalary.in,NBFC,Indmoney,Finzoomers Services Private Limited,Website,https://www.indmoney.com/
581,,www.earlysalary.in,NBFC,Jio Finance,Jio Finance Platform and Service Ltd,Appstore,https://apps.apple.com/in/app/jiofinance/id6469583963
582,,www.earlysalary.in,NBFC,Jio Finance,Jio Finance Platform and Service Ltd,Playstore,https://play.google.com/store/apps/details?id=in.jfs.jiofinance&hl=en_IN
583,,www.earlysalary.in,NBFC,Jio Finance,Jio Finance Platform and Service Ltd,Website,https://www.jiofinance.in/
584,,www.earlysalary.in,NBFC,Juspay,Juspay Technologies Private Limited,Appstore,https://apps.apple.com/in/app/juspay-portal/id6740138129
585,,www.earlysalary.in,NBFC,Juspay,Juspay Technologies Private Limited,Playstore,https://play.google.com/store/apps/details?id=io.juspay.juspayportal&hl=en
586,,www.earlysalary.in,NBFC,Juspay,Juspay Technologies Private Limited,Website,https://juspay.io/in
587,,www.earlysalary.in,NBFC,Kashti,Kashti Finserv Private Limited,Website,https://www.kashti.com/
588,,www.earlysalary.in,NBFC,Kpaisa,Kleio Innovation Labs Private Limited,Playstore,https://play.google.com/store/apps/details?id=com.kleio.kpay&hl=en
589,,www.earlysalary.in,NBFC,Kpaisa,Kleio Innovation Labs Private Limited,Website,https://kpaisa.com/
590,,www.earlysalary.in,NBFC,Loans24,Cars24 Financial Services Private Limited,Website,https://www.loans24.co.in/
591,,www.earlysalary.in,NBFC,Loantap,Loantap Financial Technologies Private Limited,Appstore,https://apps.apple.com/in/app/loantap/id1461444558
592,,www.earlysalary.in,NBFC,Loantap,Loantap Financial Technologies Private Limited,Playstore,https://play.google.com/store/apps/details?id=in.loantap.app&hl=en
593,,www.earlysalary.in,NBFC,Loantap,Loantap Financial Technologies Private Limited,Website,https://loantap.in/
594,,www.earlysalary.in,NBFC,Mint Money,HT Digital Streams Ltd,Appstore,https://apps.apple.com/in/app/mint-money-credit-score-loans/id6751579585
595,,www.earlysalary.in,NBFC,Mint Money,HT Digital Streams Ltd,Playstore,https://play.google.com/store/apps/details?id=com.htmintmoney&hl=en_IN?
596,,www.earlysalary.in,NBFC,Mint Money,HT Digital Streams Ltd,Website,https://www.livemint.com/money/loan/personal-loan
597,,www.earlysalary.in,NBFC,Moneycontrol,Moneycontrol Dot Com India Limited,Appstore,https://apps.apple.com/in/app/moneycontrol-markets-news/id408654600
598,,www.earlysalary.in,NBFC,Moneycontrol,Moneycontrol Dot Com India Limited,Playstore,https://play.google.com/store/apps/details?id=com.divum.MoneyControl&hl=en
599,,www.earlysalary.in,NBFC,Moneycontrol,Moneycontrol Dot Com India Limited,Website,https://www.moneycontrol.com/
600,,www.earlysalary.in,NBFC,Nobroker Instacash,Nobroker Technologies Solutions Private Limited,Playstore,https://play.google.com/store/apps/details?id=com.nobroker.loans&hl=en_IN
601,,www.earlysalary.in,NBFC,Nobroker Instacash,Nobroker Technologies Solutions Private Limited,Website,https://www.nobroker.in/instacash/landing?isHybrid=true&hybridActionBar=false&nbFr=New_Home_Page_Banner
602,,www.earlysalary.in,NBFC,One Andro,Andromeda Sales and Distribution Private Limited,Appstore,https://apps.apple.com/in/app/oneandro-loans-insurance/id6478778926
603,,www.earlysalary.in,NBFC,One Andro,Andromeda Sales and Distribution Private Limited,Playstore,https://play.google.com/store/apps/details?id=com.oneandro&hl=en
604,,www.earlysalary.in,NBFC,One Andro,Andromeda Sales and Distribution Private Limited,Website,https://www.andromedaloans.com/terms-of-use-app/
605,,www.earlysalary.in,NBFC,Paisabazar,Paisabazar Marketing and Consulting Pvt Ltd,Appstore,https://apps.apple.com/in/app/paisabazaar-com-loans-cards/id1029403201
606,,www.earlysalary.in,NBFC,Paisabazar,Paisabazar Marketing and Consulting Pvt Ltd,Playstore,https://play.google.com/store/apps/details?id=com.paisabazaar&hl=en
607,,www.earlysalary.in,NBFC,Paisabazar,Paisabazar Marketing and Consulting Pvt Ltd,Website,https://www.paisabazaar.com/
608,,www.earlysalary.in,NBFC,Parkplus,Parviom Technologies Pvt Ltd,Appstore,https://apps.apple.com/in/app/park-rto-parivahan-fastag/id1244749178
609,,www.earlysalary.in,NBFC,Parkplus,Parviom Technologies Pvt Ltd,Playstore,https://play.google.com/store/search?q=park+plus&c=apps&hl=en
610,,www.earlysalary.in,NBFC,Parkplus,Parviom Technologies Pvt Ltd,Website,https://parkplus.io/
611,,www.earlysalary.in,NBFC,Paytm,One97 Communications Limited,Appstore,https://apps.apple.com/in/app/paytm/id473941634
612,,www.earlysalary.in,NBFC,Paytm,One97 Communications Limited,Playstore,https://play.google.com/store/apps/details?id=net.one97.paytm
613,,www.earlysalary.in,NBFC,Paytm,One97 Communications Limited,Website,https://paytm.com/
614,,www.earlysalary.in,NBFC,RU connect,Ruloans Distribution Pvt Ltd,Appstore,https://apps.apple.com/in/app/ruconnect-by-ruloans/id1661321073
615,,www.earlysalary.in,NBFC,RU connect,Ruloans Distribution Pvt Ltd,Playstore,https://play.google.com/store/apps/details?id=com.ruloanss&hl=en
616,,www.earlysalary.in,NBFC,RU connect,Ruloans Distribution Pvt Ltd,Website,https://ruconnect.in/
617,,www.earlysalary.in,NBFC,Shopse,Newbazaar Technologies Pvt Ltd,Appstore,https://apps.apple.com/in/app/shopse-shop-now-pay-later/id1501675725
618,,www.earlysalary.in,NBFC,Shopse,Newbazaar Technologies Pvt Ltd,Playstore,https://play.google.com/store/apps/details?id=com.shopse.consumer&hl=en_IN
619,,www.earlysalary.in,NBFC,Shopse,Newbazaar Technologies Pvt Ltd,Website,https://www.getshopse.com/
620,,www.earlysalary.in,NBFC,Spoctree,Ausha Digital Pvt Ltd,Website,https://www.spoctree.com/
621,,www.earlysalary.in,NBFC,Supermoney,Scapic Innovations Pvt Ltd,Appstore,https://apps.apple.com/in/app/super-money/id6502597504
622,,www.earlysalary.in,NBFC,Supermoney,Scapic Innovations Pvt Ltd,Playstore,https://play.google.com/store/apps/details?id=money.super.payments&hl=en
623,,www.earlysalary.in,NBFC,Supermoney,Scapic Innovations Pvt Ltd,Website,https://super.money/
624,,www.earlysalary.in,NBFC,Tata Neu,Tata Digital Private Limited,Appstore,https://apps.apple.com/in/app/tata-neu-shop-travel-finance/id1584669293
625,,www.earlysalary.in,NBFC,Tata Neu,Tata Digital Private Limited,Playstore,https://play.google.com/store/apps/details?id=com.tatadigital.tcp&hl=en
626,,www.earlysalary.in,NBFC,Tata Neu,Tata Digital Private Limited,Website,https://www.tataneu.com/home
627,,www.earlysalary.in,NBFC,Varthana,Varthana?Finance Private Limited,Website,https://varthana.com/student/lsp/
628,,www.earlysalary.in,NBFC,Wishfin,Mywish Marketplaces Pvt Ltd,Appstore,https://apps.apple.com/in/app/wishfin/id1448228668
629,,www.earlysalary.in,NBFC,Wishfin,Mywish Marketplaces Pvt Ltd,Playstore,https://play.google.com/store/apps/details?id=com.mywish.wishfin.view&hl=en
630,,www.earlysalary.in,NBFC,Wishfin,Mywish Marketplaces Pvt Ltd,Website,https://www.wishfin.com/
631,,www.earlysalary.in,NBFC,Zavo,Legalpay Technology Pvt Ltd,Appstore,https://apps.apple.com/in/app/zavo-emi-payments-rewards/id6738023310
632,,www.earlysalary.in,NBFC,Zavo,Legalpay Technology Pvt Ltd,Playstore,https://play.google.com/store/apps/details?id=com.zavo.app&hl=en
633,,www.earlysalary.in,NBFC,Zavo,Legalpay Technology Pvt Ltd,Website,https://www.thezavo.com/
634,,www.earlysalary.in,NBFC,Zet Partner,VISTAS TECHNOLABS PRIVATE LIMITED,Playstore,https://play.google.com/store/apps/details?id=in.onecode.app&referrer=utm_medium%3Dwebsite%26utm_source%3Dgoogle-play
635,,www.earlysalary.in,NBFC,Zet Partner,VISTAS TECHNOLABS PRIVATE LIMITED,Website,https://partner.zetapp.in/
636,ECOFY FINANCE PRIVATE LIMITED (FORMERLY KNOWN AS ACCRETIVE CLEANTECH FINANCE PRIVATE LIMITED),https://www.ecofy.co.in/,NBFC,AHAsolar Technologies Limited,AHAsolar Technologies Limited,Website,https://play.google.com/store/search?q=ahasolar%20on e&c=apps&hl=en
637,,https://www.ecofy.co.in/,NBFC,Autovert Technologies Private Limited,self owned,Website,https://los.dms.autovertplug.com/login
638,,https://www.ecofy.co.in/,NBFC,Husk Power Systems Private Limited,Husk Power Systems Private Limited,Website,https://play.google.com/store/apps/details?id=com.bee m&pli=1
639,,https://www.ecofy.co.in/,NBFC,Lok Suvidha Finance Limited,Lok Suvidha Finance Limited,Google,https://play.google.com/store/apps/details?id=com.loksuvidha.loksuvidhaconsumerapp
640,,https://www.ecofy.co.in/,NBFC,SolarSquare Energy Private Limited,SolarSquare Energy Private Limited,website,https://play.google.com/store/apps/details?id=com.sse. solarpro_referral&hl=en-US&pli=1
641,,https://www.ecofy.co.in/,NBFC,Vidyut Green Labs Pvt Ltd,Vidyut Green Labs Pvt Ltd,website,https://play.google.com/store/apps/details?id=com.vidyuttech.dco&hl=en
642,EDGRO FINANCE PRIVATE LIMITED,https://www.edgrofin.com/ ,NBFC,Bluebear Technology Private Limited (Propelld),Bluebear Technology Private Limited (Propelld),Website,https://propelld.com/ 
643,EIGHT FINANCE PVT. LTD.,Not available,NBFC,Kodo,Kodo Technologies Private Limited,Website,app.kodo.in
644,ENN ENN CAPITAL PRIVATE LIMITED,https://ennenncapital.com/,NBFC,Money Multiplier (Empowered by Seven Fincorp),Noxven Ventures OPC Private Limited,Website,https://www.moneymultiplier.co
645,EPIMONEY PRIVATE LIMITED,https://flexiloans.com/ ,NBFC,bajajfinservmarkets,Bajaj Finserv Direct Limited,Website,https://www.bajajfinservmarkets.in/
646,,https://flexiloans.com/ ,NBFC,Bajaj Finserv Markets Loan App,Bajaj Finserv Direct Limited,Apple Store,https://apps.apple.com/in/app/bajaj-finserv-markets-loan-app/id1482914241 
647,,https://flexiloans.com/ ,NBFC,Bajaj Finserv Markets Loan App,Bajaj Finserv Direct Limited,Google Play Store,https://play.google.com/store/apps/details?id=in.bajajfinservmarkets.app&hl=en 
648,,https://flexiloans.com/ ,NBFC,Buddy Loan,Bvalue Services Private Limited,Website,https://www.buddyloan.com/ 
649,,https://flexiloans.com/ ,NBFC,Buddy Loan: Personal Loan App,Bvalue Services Private Limited,Apple Store,https://apps.apple.com/in/app/buddy-loan-personal-loan-app/id1552911697 
650,,https://flexiloans.com/ ,NBFC,Buddy Loan: Personal Loan App,Bvalue Services Private Limited,Google Play Store,https://play.google.com/store/apps/details?id=com.buddyloan.vls&referrer=utm_source%3DWebsite%26utm_medium%3DDownloadButton 
651,,https://flexiloans.com/ ,NBFC,FlexiLoans,Epimoney Private Limited,Website,https://flexiloans.com/ 
652,,https://flexiloans.com/ ,NBFC,FlexiLoans: Business Loans,Epimoney Private Limited,Google Play Store,https://play.google.com/store/apps/details?id=com.flexiloan&hl=en_IN 
653,,https://flexiloans.com/ ,NBFC,Freedm,FTIPL Payment and Marketing Tech Private Limited,Website,https://freedm.ai/
654,,https://flexiloans.com/ ,NBFC,Paisabazaar,Paisabazaar Marketing and Consulting Private Limited,Website,https://www.paisabazaar.com/ 
655,,https://flexiloans.com/ ,NBFC,"Paisabazaar-Loans,Credit Score ",Paisabazaar Marketing and Consulting Private Limited,Apple Store,https://apps.apple.com/in/app/paisabazaar-com-loans-cards/id1029403201 
656,,https://flexiloans.com/ ,NBFC,"Paisabazaar-Loans,Credit Score ",Paisabazaar Marketing and Consulting Private Limited,Google Play Store,https://play.google.com/store/apps/details?id=com.paisabazaar 
657,,https://flexiloans.com/ ,NBFC,Tally,Navmaya Tech Services Private Limited,Website,https://tallycapital.tallysolutions.com/add-on/
658,EPOCH MERCANTILES PRIVATE LIMITED,https://epochmercantiles.com/,NBFC,My Salary Loan,Fintech Cloud Private Limited,Website,https://mysalaryloan.com/
659,EQUENTIA FINANCIAL SERVICE PRIVATE LIMITED,www.credable.in/  ,NBFC,Velocity.in,White Wizard Technologies Pvt Ltd.,website,https://www.velocity.in/ 
660,EQUITAS SMALL FINANCE BANK LIMITED,https://www.equitasbank.in,BANK,Equitas 2.0,Self-owned,Appstore,https://apps.apple.com/in/app/equitas-2-0-savings-fd-more/id6449971923
661,,https://www.equitasbank.in,BANK,Equitas 2.0,Self-owned,Playstore,https://play.google.com/store/apps/details?id=com.equitas.elevate&hl=en_IN
662,,https://www.equitasbank.in,BANK,Equitas Netbanking,Self-owned,Web,?https://ib.equip.equitas.bank.in/
663,EVERLIGHT HOLDING PVT LTD,https://everlightholdings.com/,NBFC,Credcashy,TRANSITECH IT SERVICES PRIVATE LIMITED,Google Play Store and Apple App Store,https://credcashy.com/
664,"EXCELLENT CO-OP.BANK LTD., MUMBAI",www.excellentbankltd.com,BANK,Mobile Banking,My Card Solutions Pvt Ltd,Play Store,Play Store - Excellent Co-op Bank Ltd
665,EXUDE VINCOM PRIVATE LIMITED,https://www.exudevincom.com,NBFC,CredMe,Delviant AI Labs Private Limited,Google Play Store,https://play.google.com/store/apps/details?id=com.delviant.credme
666,,https://www.exudevincom.com,NBFC,CredMe,Delviant AI Labs Private Limited,Website,https://www.credme.in
667,FDPL FINANCE PRIVATE LIMITED,https://www.fdplfinance.com/,NBFC,Aadi Finance,SUMTI VISTA VENTURES LLP,Website,https://www.aadifinance.com/
668,,https://www.fdplfinance.com/,NBFC,Airpay Capital,Airpay Payment Services Private Limited,Playstore,https://play.google.com/store/apps/details?id=com.airpay.capital
669,,https://www.fdplfinance.com/,NBFC,Airpay Capital,Airpay Payment Services Private Limited,Website,https://www.airpay.capital/
670,,https://www.fdplfinance.com/,NBFC,AryseFin,Vibhuprada Services Private Limited,Website,https://arysefin.com/
671,,https://www.fdplfinance.com/,NBFC,Bachatt,Trusave Fintech Pvt Ltd,App Store,https://apps.apple.com/in/app/bachatt-daily-fd-mutual-fund/id6749962231
672,,https://www.fdplfinance.com/,NBFC,Bachatt,Trusave Fintech Pvt Ltd,Play Store,https://play.google.com/store/apps/details?id=app.bachatt.customer
673,,https://www.fdplfinance.com/,NBFC,Bachatt,Trusave Fintech Pvt Ltd,Website,https://bachatt.app/
674,,https://www.fdplfinance.com/,NBFC,BharatNXT,FCAP TECHNOLOGIES PRIVATE LIMITED,BharatNXT,https://play.google.com/store/apps/details?id=com.fcap.bharatnxt&hl=en_IN https://apps.apple.com/in/app/bharatnxt-business-payment-app/id1627695125
675,,https://www.fdplfinance.com/,NBFC,Cashkuber,ZV Consultant LLP,Website,https://cashkuber.com/
676,,https://www.fdplfinance.com/,NBFC,Choice Connect,Choice Connect Private Limited,App Store,https://apps.apple.com/in/app/choice-connect/id1668969201?l=mr
677,,https://www.fdplfinance.com/,NBFC,Choice Connect,Choice Connect Private Limited,Play Store,https://play.google.com/store/apps/details?id=com.choicebroking.choiceconnect&hl=en_IN
678,,https://www.fdplfinance.com/,NBFC,Choice Connect,Choice Connect Private Limited,Website,https://choiceconnect.in/
679,,https://www.fdplfinance.com/,NBFC,Cover Mantra,CoverMantra Services Private Limited ,Play Store,https://play.google.com/store/apps/details?id=com.covermantra.loan
680,,https://www.fdplfinance.com/,NBFC,Cover Mantra,CoverMantra Services Private Limited ,Website,https://www.covermantra.com/
681,,https://www.fdplfinance.com/,NBFC,CP Advisor,Chetan Pal Advisor Digital Private Limited,Website,https://cpadvisordigital.in/home-1
682,,https://www.fdplfinance.com/,NBFC,CreditFit,CreditMantri Finserve Private Limited,Play Store,https://play.google.com/store/apps/details?id=com.creditmantri&hl=en_IN
683,,https://www.fdplfinance.com/,NBFC,CreditHaat,Vibhuprada Services Private Limited,Website,https://www.credithaat.com/
684,,https://www.fdplfinance.com/,NBFC,CreditMantri ,CreditMantri Finserve Private Limited,Website,https://www.creditmantri.com/
685,,https://www.fdplfinance.com/,NBFC,Credo Cash,Keish Commerce Private Limited,Website,https://credocash.com/
686,,https://www.fdplfinance.com/,NBFC,DigitMoney,DigitMoney Technologies Private Limited,Website,https://digitmoney.in/
687,,https://www.fdplfinance.com/,NBFC,FatakPay,FatakPay Digital Private Limited,Apple Appstore,https://apps.apple.com/in/app/fatakpay/id6468567795
688,,https://www.fdplfinance.com/,NBFC,FatakPay,FatakPay Digital Private Limited,Google Playstore,https://play.google.com/store/apps/details?id=com.fatakpay&gl=in
689,,https://www.fdplfinance.com/,NBFC,FatakPay,FatakPay Digital Private Limited,Website,https://fatakpay.com/
690,,https://www.fdplfinance.com/,NBFC,FixoFin,AMMO Digital LLP,Play Store,https://play.google.com/store/apps/details?id=ammodigital.fixofin
691,,https://www.fdplfinance.com/,NBFC,FixoFin,AMMO Digital LLP,Website,https://fixofin.com
692,,https://www.fdplfinance.com/,NBFC,FlipItMoney,Entorq Technologies Private Limited,Apple Appstore,https://apps.apple.com/in/app/flipitmoney-flipitnews/id1554308443
693,,https://www.fdplfinance.com/,NBFC,FlipItMoney,Entorq Technologies Private Limited,Google Play Store,https://play.google.com/store/apps/details?id=com.flipitnews.finance&hl=en_IN
694,,https://www.fdplfinance.com/,NBFC,FlipItMoney,Entorq Technologies Private Limited,Website,https://flipit.money 
695,,https://www.fdplfinance.com/,NBFC,GoCredit,Vijayalakshmi Technology Infinity NKB Private Limited,Play Store,https://play.google.com/store/apps/details?id=money.gocredit.ai
696,,https://www.fdplfinance.com/,NBFC,GoCredit,Vijayalakshmi Technology Infinity NKB Private Limited,Website,https://www.gocredit.money/
697,,https://www.fdplfinance.com/,NBFC,GoodScore,??Arthvit 1809 Tech Private Limited,Apple store,https://apps.apple.com/in/app/goodscore-credit-score-app/id6654923902
698,,https://www.fdplfinance.com/,NBFC,GoodScore,??Arthvit 1809 Tech Private Limited,Play store,https://play.google.com/store/apps/details?id=com.rupicard.score
699,,https://www.fdplfinance.com/,NBFC,Gromo,Vitrak Technologies Private Limited,Website,"https://gromo.in/, https://indiasales.club/"
700,,https://www.fdplfinance.com/,NBFC,KeshvaCredit,KeshvaCredit Services Private Limited,Website,https://www.keshvacredit.com/
701,,https://www.fdplfinance.com/,NBFC,Krux Finance,Raganan Technologies Private Limited,Website,https://www.kruxfinance.com/
702,,https://www.fdplfinance.com/,NBFC,LoanSparrow,True Focus Consultant Solution LLp,Website,https://loansparrow.com/
703,,https://www.fdplfinance.com/,NBFC,Netambit,Netambit Value first Services Pvt. Ltd.,Website,www.netambit.net
704,,https://www.fdplfinance.com/,NBFC,Nivi Loans,Profirst Fincare Private Limited,Website,https://niviloans.com/
705,,https://www.fdplfinance.com/,NBFC,Ratecut,Leverse Labs Private Limited,Website,https://www.ratecut.in
706,,https://www.fdplfinance.com/,NBFC,RupeeQ ,Intuino Business consulting India Private Limited,Google Playstore,https://play.google.com/store/apps/details?id=com.rupeeq.app
707,,https://www.fdplfinance.com/,NBFC,RupeeQ ,Intuino Business consulting India Private Limited,Website,https://rupeeq.com/
708,,https://www.fdplfinance.com/,NBFC,SalarySe ,Critical Path Technologies Private Limited,App Store,https://apps.apple.com/in/app/salaryse/id6471236999
709,,https://www.fdplfinance.com/,NBFC,SalarySe ,Critical Path Technologies Private Limited,Play Store,https://play.google.com/store/apps/details?id=com.salaryse.android
710,,https://www.fdplfinance.com/,NBFC,SalarySe ,Critical Path Technologies Private Limited,Website,https://www.salaryse.com/
711,,https://www.fdplfinance.com/,NBFC,Swipe Loan,KGIL Fintech Solutions Pvt Ltd,Play Store,https://play.google.com/store/apps/details?id=com.kgil.swipeloan
712,,https://www.fdplfinance.com/,NBFC,Swipe Loan,KGIL Fintech Solutions Pvt Ltd,Website,https://swipeloan.in
713,,https://www.fdplfinance.com/,NBFC,Urban Money,Urban Money Private Limited,App Store,https://apps.apple.com/in/app/urban-money/id6761172509
714,,https://www.fdplfinance.com/,NBFC,Urban Money,Urban Money Private Limited,Website,https://www.urbanmoney.com
715,,https://www.fdplfinance.com/,NBFC,Vitto,Uthaan Technologies Private Limited,Google Play,https://play.google.com/store/apps/details?id=ai.microfinance.vitto
716,,https://www.fdplfinance.com/,NBFC,Vitto,Uthaan Technologies Private Limited,Website,https://www.vitto.money/
717,,https://www.fdplfinance.com/,NBFC,WeCredit,QuantumX Global Private Limited,Play Store,https://play.google.com/store/apps/details?id=com.wecredit.Wecredit&hl=en_IN
718,,https://www.fdplfinance.com/,NBFC,WeCredit,QuantumX Global Private Limited,Website,https://wecredit.co.in/
719,,https://www.fdplfinance.com/,NBFC,Yubi Markets,Yubi Markets Private Limited,Website,https://yubimarkets.com/lending/
720,,https://www.fdplfinance.com/,NBFC,Zavo,LegalPay Technology Pvt Ltd,Play Store,https://play.google.com/store/apps/details?id=com.zavo.app&hl=en-US&pli=1
721,,https://www.fdplfinance.com/,NBFC,Zavo,LegalPay Technology Pvt Ltd,Website,https://www.thezavo.com/
722,,https://www.fdplfinance.com/,NBFC,ZET,ZET Technolabs Private Limited,App Store,https://apps.apple.com/in/app/zet-build-your-credit-score/id6736613540
723,,https://www.fdplfinance.com/,NBFC,ZET,ZET Technolabs Private Limited,Play Store,https://play.google.com/store/apps/details?id=in.magnetapp&hl=en_IN
724,,https://www.fdplfinance.com/,NBFC,ZET,ZET Technolabs Private Limited,Website,https://zetapp.in/
725,FEDERAL BANK LTD,https://www.federalbank.co.in/bajaj-finserv-direct-limited,BANK,Bajaj Markets,Bajaj Finserv Direct Limited  ,https://www.bajajfinservmarkets.in/loans/personal-loan/federal-bank-personal-loan.html,https://apps.apple.com/in/app/bajaj-markets-instant-loan-app/id1482914241
726,,https://www.federalbank.co.in/bajaj-finserv-direct-limited,BANK,Bajaj Markets,Bajaj Finserv Direct Limited  ,https://www.bajajfinservmarkets.in/loans/personal-loan/federal-bank-personal-loan.html,https//play.google.com/store/apps/details?id=in.bajajfinservmarkets.app
727,,https://www.federalbank.co.in/digital-personal-loans-epifi,BANK,FiMoney,EpiFi Technologies Private Limited  ,App:(Android)  Fi Money,iOS: https://apps.apple.com/in/app/bajaj-markets-instant-loan-app/id1482914241
728,,https://www.federalbank.co.in/digital-personal-loans-epifi,BANK,FiMoney,EpiFi Technologies Private Limited  ,https://fi.money/FAQs/about-fi/general-info/how-do-i-register-a-complaint-with-fi-money ,Android: https://play.google.com/store/apps/details?id=com.epifi.paisa
729,,https://www.federalbank.co.in/personal-loans-paytm,BANK,Paytm,One97 Communications Limited,Available on Andriod Play Store ,https://apps.apple.com/in/app/paytm-secure-upi-payments/id473941634
730,,https://www.federalbank.co.in/personal-loans-paytm,BANK,Paytm,One97 Communications Limited,Available on Andriod Play Store ,https://play.google.com/store/apps/details?id=net.one97.paytm
731,,https://www.federal.bank.in/digital-personal-loans-paisa-bazaar,BANK,PaisaBazaar Application,Paisabazaar Marketing & Consulting Private Limited ,Website:https://www.paisabazaar.com/federal-bank/personal-loan/ App: (Android) Paisabazaar,https://play.google.com/store/apps/details?id=com.paisabazaar
732,,https://www.federal.bank.in/digital-personal-loans-paisa-bazaar,BANK,PaisaBazaar Application,Paisabazaar Marketing & Consulting Private Limited ,Website:https://www.paisabazaar.com/federal-bank/personal-loan/ App: (iOS)  Paisabazaar,https://apps.apple.com/in/app/paisabazaar-com-loans-cards/id1029403201
733,,www.federalbank.co.in,BANK,Digital personal loan,Self-owned,website,https://personalloan.federalbank.co.in/#/entry
734,FINAGLE FINANCIAL SERVICES PRIVATE LIMITED, https://www.finaglenbfc.com/,NBFC,Anytime Rupee,Pi Credit Services Private Limited,Play Store,https://play.google.com/store/apps/details?id=com.anytimerupee
735,, https://www.finaglenbfc.com/,NBFC,MoneyDot,YRS Solutions,Play Store,https://play.google.com/store/apps/details?id=com.yrs.moneydot
736,, https://www.finaglenbfc.com/,NBFC,TezCredit,Finagle Financial Services Private Limited,Play Store,https://play.google.com/store/apps/details?id=com.tezcredit.app&hl=en-US
737,, https://www.finaglenbfc.com/,NBFC,TezCredit,Finagle Financial Services Private Limited,Website,https://tezcredit.com/
738,FINALEAP FINSERV PVT LTD,https://finaleap.com,NBFC,CASHO,Finaleap Finserv Private Limited,Website,https://mycasho.com/
739,"FINCFRIENDS PRIVATE LIMITED (REISSUED ON DECEMBER 24, 2018)",https://fincfriends.com,NBFC,Rupeeredee,MONEYMITRA IT SOLUTIONS PRIVATE LIMITED,Google Play Store,https://play.google.com/store/apps/details?id=com.rupeeredee.app
740,,https://fincfriends.com,NBFC,Rupeeredee,MONEYMITRA IT SOLUTIONS PRIVATE LIMITED,HONOR App Market,honormarket://details?id=com.rupeeredee.app
741,,https://fincfriends.com,NBFC,Rupeeredee,MONEYMITRA IT SOLUTIONS PRIVATE LIMITED,OPPO App Market,market://details?id=com.rupeeredee.app
742,,https://fincfriends.com,NBFC,Rupeeredee,MONEYMITRA IT SOLUTIONS PRIVATE LIMITED,Rupeeredee Website,https://rupeeredee.com/
743,,https://fincfriends.com,NBFC,Rupeeredee,MONEYMITRA IT SOLUTIONS PRIVATE LIMITED,Samsung App Market,samsungapps://ProductDetail/com.rupeeredee.app
744,,https://fincfriends.com,NBFC,Rupeeredee,MONEYMITRA IT SOLUTIONS PRIVATE LIMITED,Vivo App Market,vivomarket://details?id=com.rupeeredee.app
745,,https://fincfriends.com,NBFC,Vivamoney,VIVAMONEY SOLUTIONS PRIVATE LIMITED,App Store,https://apps.apple.com/in/app/viva-money-credit-line-loan/id6449091018
746,,https://fincfriends.com,NBFC,Vivamoney,VIVAMONEY SOLUTIONS PRIVATE LIMITED,Google Play Store,https://play.google.com/store/apps/details?id=com.vivamoney&hl=en_IN
747,,https://fincfriends.com,NBFC,Vivamoney,VIVAMONEY SOLUTIONS PRIVATE LIMITED,Vivamoney Website,https://vivamoney.in/
748,FINDOC FINVEST (P) LTD(FORMALLY  AUJLA FINVEST PVT LTD AND NAME CHANGED ON 8.02.2016),https://findocfinvest.com/,NBFC,CarePay,Carecoin Technologies Private Limited,Website,https://www.carepay.money
749,,https://findocfinvest.com/,NBFC,Claimfriendy,Claimfriendy Private Limited,Website,https://www.claimfriendy.com/
750,,https://findocfinvest.com/,NBFC,SaveIN,SaveIN Fintech Private Limited,Website,https://customer.savein.money/
751,FINE MOTORS FINVEST PRINATE LIMITED,https://www.instantfundz.com/,NBFC,Instant Fundz,Self-owned,Website ,https://www.instantfundz.com/
752,FINKURVE FINANCIAL SERVICES LIMITED (OLD NAME- SANJAY LEASING LIMITED),https://www.arvog.com/,NBFC,Huey Tech Private Limited ,Huey Tech Private Limited,PayMe Personal Loan App,https://play.google.com/store/apps/details?id=io.attabot.app.paymeindia
753,,https://www.arvog.com/,NBFC,KKSV BUSINESS SERVICES PVT LTD,KKSV BUSINESS SERVICES PVT LTD,Salary Now Quick Advance Loan,https://play.google.com/store/apps/details?id=com.kksv.salarynow
754,FINNABLE CREDIT PRIVATE LIMITED,https://www.finnable.credit/,NBFC,Flipkart Online Shopping App, DLA is owned by Flipkart Internet Private Limited,1) Google Play Store; and  2)Apple App Store,1)Link for Google Play Store - https://play.google.com/store/apps/details?id=com.flipkart.android  2)Link for Apple App Store:- https://apps.apple.com/in/app/flipkart-online-shopping-app/id742044692
755,FINTREE FINANCE PRIVATE LIMITED,https://fintreefinance.com/,NBFC,CirclePe,Circlepe Private Limited,Google Play Store,https://play.google.com/store/apps/details?id=com.circlepe.club
756,,https://fintreefinance.com/,NBFC,Clayyo,Clayyo Health Support Private Limited,https://www.clayyo.com/ ,NA
757,,https://fintreefinance.com/,NBFC,Fincrest Capital,Fincrest Capital Services Private Limited,Website,https://fincrestcapital.co/
758,,https://fintreefinance.com/,NBFC,Helium,Nome Residences Private Limited,https://helium.in/,NA
759,,https://fintreefinance.com/,NBFC,Loandigit,Credit Wealth Technologies Private Limited,Google Play Store,https://play.google.com/store/apps/details?id=com.loandigit.android
760,,https://fintreefinance.com/,NBFC,MartOnline ,Sagar deposit and advances ltd,Google Play Store,http://www.martonline.co.in/#UserApp
761,,https://fintreefinance.com/,NBFC,MOTION CORP, Motion Corp Private Limited,Website,Motion Corp | Smart EV Financing
762,,https://fintreefinance.com/,NBFC,NA,Embifi global services Pvt Ltd,https://www.embifi.in/,NA
763,,https://fintreefinance.com/,NBFC,NA,Fundify Communication  Private Limited ,website,https://udharcapital.com/about.php
764,,https://fintreefinance.com/,NBFC,NA,Grayquest education finance pvt Ltd,https://www.grayquest.com/,NA
765,,https://fintreefinance.com/,NBFC,NA,Sterlion Finance Private Limited,Website,https://www.sterlion.in/contact
766,,https://fintreefinance.com/,NBFC,OkCredit,Psi phi global solutions pvt ltd,Google Play Store,https://play.google.com/store/apps/details?id=in.okcredit.merchant&referrer=af_tranid%3Do34fmTllSuKAB1SVDBU7wA%26af_dp%3Dokcredit%253A%252F%252Fmerchant%252Fv1%252Fhome%26c%3DHomePage%26pid%3DWebsite_OkCredit
767,,https://fintreefinance.com/,NBFC,QUICKMONEY,Quicky Globaltech Private Limited ,Website,https://www.quick.money/
768,,https://fintreefinance.com/,NBFC,Rapid Money,Moneytime Technology Solutions Private Limited,Google Play Store,https://play.google.com/store/apps/details?id=com.rapid_money&hl=en_IN
769,,https://fintreefinance.com/,NBFC,Saswat Money,SFT Finance Private Limited,Play Store,https://play.google.com/store/apps/details?id=com.saswatfinanace.saswatcustomer
770,,https://fintreefinance.com/,NBFC,Seven Fincorp,Noxven Ventures (OPC) Private Limited ,Website,Seven Fincorp - Money Multiplier & Enterprise Solutions
771,,https://fintreefinance.com/,NBFC,The EMI Club,Mash technologies pvt Ltd,https://theemiclub.com/,https://www.appbrain.com/app/the-emi-club-dealer-app/com.mash.emiclubdealer
772,,https://fintreefinance.com/,NBFC,Yamoney,Ya Money Marketing and consulting Private Limited,Website,Apply - YA Loans
773,FINVASIA FINANCIAL SERVICES PVT LTD,https://jumpp.credit/about-us/,NBFC,jUMPP,FINFUTECH SOLUTIONS PRIVATE LIMITED,Google Play Store,https://play.google.com/store/apps/details?id=com.finvasia.jumpp&hl=en_IN
774,FLIPKART FINANCE PRIVATE LIMITED,https://www.flipkartfinance.com/,NBFC,Flipkart,Flipkart Internet Private Limited,"""Google play store Apple app store ""","""https://play.google.com/store/apps/details? id=com.flipkart.android&hl=en_IN https:// apps.apple.com/in/app/flipkart-online- shopping-app/id742044692"""
775,F MEC INTERNATIONAL FINANCIAL SERVICES LTD.,https://fmecinternational.com/,NBFC,Alrightyy,Twinsalary Technologies Private Limited,Website,https://www.alrightyy.com/
776,,https://fmecinternational.com/,NBFC,ClickmyLoan,Self owned,Google Play Store,https://play.google.com/store/apps/details?id=com.habile.cloudbankin.clickmyloan 
777,,https://fmecinternational.com/,NBFC,ClickmyLoan,Self owned,Website,https://clickmyloan.com/
778,,https://fmecinternational.com/,NBFC,Finayo,Kilpi Technology & Services Pvt Ltd,Google Play Store,https://play.google.com/store/apps/details?id=com.app.finayo
779,,https://swipeloan.in,NBFC,Swipe Loan,KGIL Fintech Solutions Pvt Ltd,Play Store,https://play.google.com/store/apps/details?id=com.kgil.swipeloan
780,,https://swipeloan.in,NBFC,Swipe Loan,KGIL Fintech Solutions Pvt Ltd,Website,https://swipeloan.in
781,FYNX CAPITAL LIMITED (EARLIER KNOWN AS RAJATH FINANCE LIMITED),https://www.i2ifunding.com/,NBFC,www.i2ifunding.com,RNVP Technology Private Limited,Website or throught APIs,www.i2ifunding.com
782,,Not an Regulated entity,NBFC,https://karmalife.ai/,Onionlife Private Limited,Website or throught APIs,https://karmalife.ai/
783,,Not an Regulated entity,NBFC,https://moneyase.in/,Codemodulu Financial Investment Services Pvt Ltd ,Website or throught APIs,https://moneyase.in/
784,,Not an Regulated entity,NBFC,www.billmart.com,BillMart FinTech Private Limited.,Google Play Store,https://play.google.com/store/apps/details?id=com.billmart.finance&hl=en_IN
785,,Not an Regulated entity,NBFC,www.billmart.com,BillMart FinTech Private Limited.,iOS App store,https://apps.apple.com/in/app/billmart-bill-discounting/id1628818618
786,,Not an Regulated entity,NBFC,www.billmart.com,BillMart FinTech Private Limited.,Website,https://app.billmart.com/sign-in
787,,Not an Regulated entity,NBFC,www.billmart.com,BillMart FinTech Private Limited.,Website ,https://fynxapp.billmart.com/sign-in
788,GAGANDEEP SERVICES PRIVATE LIMITED,not available,NBFC,Dhanrishi,Fintech Cloud Private Limited,Website,https://dhanrishi.com/
789,GANESH LEASFIN PVT. LTD.,https://www.ganeshleasfin.com/,NBFC,LoanVestra,Cloudepower Services Private Limited,Play Store,https://play.google.com/store/apps/details?id=com.loanvestra.limit.cloudepower.instant
790,,https://www.ganeshleasfin.com/,NBFC,LoanVestra,Cloudepower Services Private Limited,Website,https://portal.cloudepower.com
791,GEOJIT CREDITS (P) LTD (FORMERLY  A S R FINANCING & LEASING (P)LTD),www.geojitcredits.com,NBFC,ValuEnable ,ValuEnable Private Limited,Website,https://loan.valuenable.in/
792,GETGROWTH CAPITAL PRIVATE LIMITED,https://getgrowthcapital.co/,NBFC,Gem Sahay,Government Emarketplace,iOS App store,https://apps.apple.com/in/app/gem-sahay/id6502699944
793,,https://getgrowthcapital.co/,NBFC,Gem Sahay,Government Emarketplace,Website,https://gem-sahay.perfios.com/pcg-gem/gemLogin
794,GIRDHAR FINLEASE PVT LTD.,https://girdharfinlease.com,NBFC,30daysLoan,Self-owned,Website/Playstore/app store,https://30daysloan.com
795,,https://girdharfinlease.com,NBFC,FundsMama,Self-owned,Website/Playstore/app store,https://fundsmama.com
796,,https://girdharfinlease.com,NBFC,fundsmama.in,Self-owned,Website/Playstore/app store,https://fundsmama.in
797,GODREJ FINANCE LIMITED (OLD NAME ENSEMBLE HOLDINGS & FINANCE LIMITED),https://www.godrejfinance.com/,NBFC,Bajaj Finserv Markets LoanApp,BAJAJ FINSERV DIRECT LIMITED,Apple App Store Google Play Store,https://play.google.com/store/apps/details?id=in.bajajfinservmarkets.app https://apps.apple.com/in/app/bajajfinserv-loans-upi-fd/id505454145
798,,https://www.godrejfinance.com/,NBFC,Catfin,CATEYE ADVISORS PRIVATE LIMITED,https://app.catfin.in/#/login/partner-login,https://app.catfin.in/#/login/partner-login
799,,https://www.godrejfinance.com/,NBFC,Efundzz,EFUND TECHNICAL SERVICES PRIVATE LIMITED,https://www.efundzz.com/,https://www.efundzz.com/
800,,https://www.godrejfinance.com/,NBFC,Godrej Personal Loan - Priority Money,Self Owned,https://www.godrejcapital.com/our-products/personal-loan,https://applynow-personal-loan.godrejfinance.com/auth/login?next=%2Fadmin%2Fapplications
801,,https://www.godrejfinance.com/,NBFC,Kosh24,UDYAN PLATFORMS (OPC) PRIVATE LIMITED,https://kosh24.com/,https://kosh24.com/
802,,https://www.godrejfinance.com/,NBFC,Paisabazaar,PAISABAZAAR MARKETING AND CONSULTING PRIVATE LIMITED,Apple App Store Google Play Store,https://apps.apple.com/in/app/paisabazaar-com-loans-cards/id1029403201 https://play.google.com/store/apps/details?id=com.paisabazaar&hl=en_IN&pli=1
803,,https://www.godrejfinance.com/,NBFC,Wecredit,QUANTUMX GLOBAL PRIVATE LIMITED,Google Play Store,https://play.google.com/store/apps/details?id=com.wecredit.Wecredit&hl=en_IN
804,GOLDEN LEGAND LEASING & FINANCE LTD.,https://www.gllfl.com,NBFC,Ashapurti Loans,GOLDEN LEGAND LEASING AND FINANCE LIMITED,"WEBSITE, GOOGLE PLAY STORE & APPLE APPSTORE",Website - https://ashapurtiloans.com/;  Playstore - https://play.google.com/store/apps/details?id=com.ashapurtiloans;  Appstore - https://apps.apple.com/in/app/ashapurtiloans/id6670594664
805,GOLDLINE FINANCE PVT LTD,https://www.goldlinefinance.in/,NBFC,Capital Now,Finxer Technologies  Private Limited,"Google Play Store, iOS App Store, Website",https://play.google.com/store/search?q=capital%20now&c=apps https://apps.apple.com/in/app/capital-now-personal-loan-app/id1584771837 https://www.capitalnow.in/
806,GOPI SECURITIES PVT LTD.,www.salariedloan.com,NBFC,Salaried Loan,Gopi Securities Private Limited,Website,https://salariedloan.com/apply-now
807,GOSREE FINANCE LIMITED,https://www.gosreefinance.com/,NBFC,Finnable,Finnable Technologies Private Limited,Google App store,https://play.google.com/store/apps/details?id=com.finnable.customer
808,,https://www.gosreefinance.com/,NBFC,Finnable,Finnable Technologies Private Limited,IOS App store,https://apps.apple.com/in/app/finnable/id1453358250
809,,https://www.gosreefinance.com/,NBFC,Finnable,Finnable Technologies Private Limited,Website,https://www.finnable.com/
810,GREAVES FINANCE LIMITED,www.evfin.co,NBFC,Finflux by M2P,M2P,https://gfl.finflux.io/,https://m2pfintech.com/
811,GRESHMA FINVEST PRIVATE LIMITED,https://savein.money/,NBFC,SaveIN,SAVEIN FINTECH PRIVATE LIMITED,Website,https://savein.money/
812,GRJ TRADES & FINANCE LTD.,https://grjtradesandfinance.com/,NBFC,Turantloan,Self-owned,Website,https://turantloan.com/
813,GROMOR FINANCE PRIVATE LIMITED,https://gromor.in/,NBFC,Ninja,Ninjacart Services Private Limited,Google Play Store,https://play.google.com/store/apps/details?id=com.nc.trader
814,,https://gromor.in/,NBFC,Ninja,Ninjacart Services Private Limited,Ios App Store,https://apps.apple.com/in/app/ninja-app/id1626963855
815,,https://gromor.in/,NBFC,Pice,Nanosecond Technologies Private Limited,Google Play Store,https://play.google.com/store/apps/details?id=one.pice.pice_business_loan
816,,https://gromor.in/,NBFC,Pice,Nanosecond Technologies Private Limited,Ios App Store,https://apps.apple.com/in/app/pice-business-payments-app/id6463862579
817,,https://gromor.in/,NBFC,Shiprocket,Shiprocket Limited,Website,https://www.shiprocket.in/capital/
818,GROW MONEY CAPITAL PVT LTD (FORMERLY ECLEAR LEASING & FINANCE PVT LTD),https://growmoneycapital.com/,NBFC,Cashvia,Self-owned,Google Play Store,https://play.google.com/store/apps/details?id=com.cashvia
819,,https://growmoneycapital.com/,NBFC,Cashvia,Self-owned,Website,https://cashvia.in/
820,,https://growmoneycapital.com/,NBFC,FinEzzy,Radical Advisors India Private Limited,Apple App store,"https://apps.apple.com/in/app/finezzy-mutual-funds-loan/id1632011179,"
821,,https://growmoneycapital.com/,NBFC,FinEzzy,Radical Advisors India Private Limited,Google Play store, https://play.google.com/store/apps/details?id=com.finezzy
822,,https://growmoneycapital.com/,NBFC,Lendingplate,Unifinz Capital India Limited,Apple Store,https://apps.apple.com/in/app/lendingplate-personal-loan-app/id1658697924
823,,https://growmoneycapital.com/,NBFC,Lendingplate,Unifinz Capital India Limited,Google Play Store,https://play.google.com/store/apps/details?id=com.lendingplate&gl=in&pli=1
824,,https://growmoneycapital.com/,NBFC,Lendingplate,Unifinz Capital India Limited,MI,https://global.app.mi.com/details?lo=IN&la=en_US&id=com.lendingplate
825,,https://growmoneycapital.com/,NBFC,Lendingplate,Unifinz Capital India Limited,Samsung,https://galaxystore.samsung.com/detail/000007398207
826,,https://growmoneycapital.com/,NBFC,Moneyview,Moneyview Limited,Apple App Store,https://apps.apple.com/in/app/moneyview-loans-credit-cards/id6468976019
827,,https://growmoneycapital.com/,NBFC,Moneyview,Moneyview Limited,Google Play Store,https://play.google.com/store/apps/details?id=com.whizdm.moneyview.loans&hl=en_IN&gl=IN
828,,https://growmoneycapital.com/,NBFC,OTO Capital,1T9 Technology Private Limited,Google Play store,https://play.google.com/store/apps/details?id=com.oto.android.app
829,,https://growmoneycapital.com/,NBFC,OTO Capital,1T9 Technology Private Limited,Website,https://www.otocapital.in
830,,https://growmoneycapital.com/,NBFC,True Balance,Balancehero India Private Limited,Galaxy Store (Samsung),https://galaxystore.samsung.com/detail/com.balancehero.truebalance
831,,https://growmoneycapital.com/,NBFC,True Balance,Balancehero India Private Limited,Google Play Store,https://play.google.com/store/apps/details?id=com.balancehero.truebalance
832,,https://growmoneycapital.com/,NBFC,True Balance,Balancehero India Private Limited,Huawei AppGallery,https://appgallery.huawei.com/app/C101648675
833,,https://growmoneycapital.com/,NBFC,True Balance,Balancehero India Private Limited,Indus Appstore (Xiaomi),https://global.app.mi.com/details?lo=IN&la=en_US&id=com.balancehero.truebalance
834,GROWW CREDITSERV TECHNOLOGY PRIVATE LIMITED,https://growwcredit.in/,NBFC,Groww App,Billionbrains Garage Ventures Limited,Apple AppStore,https://apps.apple.com/in/app/groww-stocks-mutual-fund-ipo/id1404871703
835,,https://growwcredit.in/,NBFC,Groww App,Billionbrains Garage Ventures Limited,Google PlayStore,https://play.google.com/store/apps/details?id=com.nextbillion.groww&hl=en_IN
836,,https://growwcredit.in/,NBFC,Groww Credit,Billionbrains Garage Ventures Limited,https://credit.groww.in/,https://credit.groww.in/
837,,https://growwcredit.in/,NBFC,Groww Credit: Instant Loan App,Billionbrains Garage Ventures Limited,Apple AppStore,https://apps.apple.com/in/app/groww-credit-instant-loan-app/id6633433697
838,,https://growwcredit.in/,NBFC,Groww Credit: Instant Loan App,Billionbrains Garage Ventures Limited,Google PlayStore,https://play.google.com/store/search?q=groww+credit&c=apps&hl=en_IN
839,GSB FINANCE LTD.,https://gsbfinancelimited.com/,NBFC,CreditSea,Innotech Creditsea Platforms Private Limited,"Website, IOS App Store, Google Play Store",https://www.creditsea.com 
840,GSD TRADING AND FINANCIAL SERVICES PVT. LTD,https://gsdfinancial.in/,NBFC,Kredito24,TECAZOID INNOVATIONS PRIVATE LIMITED,Website,https://kredito24.in/
841,G.S. LEASING & FINANCE PVT. LTD.,www.gsfinance.in,NBFC,GS FINANCE : PERSONAL LOAN ,G S LEASING AND FINANCE PRIVATE LIMITED ,GOOLE PLAY STORE ,https://play.google.com/store/apps/details?id=com.GSFinance.gsfinanceApp&pcampaignid=web_share
842,GYANDHAN FINANCIAL SERVICES PRIVATE LIMITED,https://nbfc.gyandhan.com/,NBFC,Gyandhan Financial Service Private Limited,Self-owned,Website,https://nbfc.gyandhan.com/
843,HARI AND COMPANY INVESTMENTS MADRAS PRIVATE LIMITED,https://www.vivriticapital.com/,NBFC,Axio,Axio Digital Private Limited,Apple Store,https://apps.apple.com/in/app/axio-bnpl-personal-loan/id6449531839
844,,https://www.vivriticapital.com/,NBFC,Axio,Axio Digital Private Limited,Play Store,https://play.google.com/store/apps/details?id=com.daamitt.walnut.app
845,,https://www.vivriticapital.com/,NBFC,Branch- Personal Cash Loan App,Branch International Financial Services Private Limited,Play Store,https://play.google.com/store/apps/details?id=com.branch_international.branch.branch_demo_android 
846,,https://www.vivriticapital.com/,NBFC,Branch- Personal Cash Loan App,Branch International Financial Services Private Limited,Web,https://branchapp.in/
847,,https://www.vivriticapital.com/,NBFC,CASHe,Bhanix Finance and Investment Ltd,App store,https://apps.apple.com/in/app/cashe-online-instant-loan-app/id1261854922
848,,https://www.vivriticapital.com/,NBFC,CASHe,Bhanix Finance and Investment Ltd,Web,https://campaign.cashe.co.in/DoE8/CASHeWebD
849,,https://www.vivriticapital.com/,NBFC,CRED,Dreamplug Technologies Pvt. Ltd.,Apple Store,https://apps.apple.com/in/app/cred-credit-cards-payments/id1428580080
850,,https://www.vivriticapital.com/,NBFC,CRED,Dreamplug Technologies Pvt. Ltd.,Play Store,https://play.google.com/store/apps/details?id=com.dreamplug.androidapp&hl=en_IN
851,,https://www.vivriticapital.com/,NBFC,FatakPay,FatakPay Digital Pvt Ltd,App store,https://apps.apple.com/in/app/fatakpay/id6468567795
852,,https://www.vivriticapital.com/,NBFC,FatakPay,FatakPay Digital Pvt Ltd,Play Store,https://play.google.com/store/apps/details?id=com.fatakpay&gl=in
853,,https://www.vivriticapital.com/,NBFC,Fibe,Social Worth Technologies Ltd.,App store,https://apps.apple.com/in/app/instant-personal-loan-by-fibe/id1094602630
854,,https://www.vivriticapital.com/,NBFC,Fibe,Social Worth Technologies Ltd.,Play Store,https://play.google.com/store/apps/details?id=com.earlysalary.android
855,,https://www.vivriticapital.com/,NBFC,Fibe,Social Worth Technologies Ltd.,Web,https://www.fibe.in/contact-us/
856,,https://www.vivriticapital.com/,NBFC,Finnable Personal Loan App,Finnable Technologies Private Limited,Apple Store,https://apps.apple.com/in/app/finnable/id1453358250
857,,https://www.vivriticapital.com/,NBFC,Finnable Personal Loan App,Finnable Technologies Private Limited,Play Store,https://play.google.com/store/apps/details?id=com.finnable.customer&gl=IN
858,,https://www.vivriticapital.com/,NBFC,Finnable Personal Loan App,Finnable Technologies Private Limited,Web,https://www.finnable.com/
859,,https://www.vivriticapital.com/,NBFC,Finsall Resources Pvt Ltd.,Finsall Resources Pvt Ltd.,Web,https://www.finsall.com/
860,,https://www.vivriticapital.com/,NBFC,Flash app ,FINZO EV Solutions Pvt Ltd,Web,https://www.turno.club/
861,,https://www.vivriticapital.com/,NBFC,FlexiLoans: Business Loans ,Epimoney Private Limited,Play Store,https://play.google.com/store/apps/details?id=com.flexiloan&hl=en_IN&pli=1
862,,https://www.vivriticapital.com/,NBFC,Inprime,STK Credit Private Limited (InPrime Finserv) ,Web,https://www.inprime.in/apply-loan
863,,https://www.vivriticapital.com/,NBFC,Jodo,Bharosepe Technology Services Pvt Ltd.,Web,https://www.jodo.in/
864,,https://www.vivriticapital.com/,NBFC,Khatabook App,ADJ Utility Apps Private Limited,Apple Store Khatabook Vyapar App ,https://apps.apple.com/in/app/khatabook-vyapar-app/id1488204139
865,,https://www.vivriticapital.com/,NBFC,Khatabook App,ADJ Utility Apps Private Limited,Play Store,https://play.google.com/store/search?q=khatabook&c=apps
866,,https://www.vivriticapital.com/,NBFC,KOSH,Adhikosh Financial Advisory Pvt Ltd (Kosh) ,Play Store: Kosh - Loan App,https://play.google.com/store/apps/details?id=com.kosh&gl=IN
867,,https://www.vivriticapital.com/,NBFC,Kreditbee,Finnovation Tech Solutions Private Limited,Apple Store,https://apps.apple.com/in/app/easy-personal-loan-kreditbee/id1488736283
868,,https://www.vivriticapital.com/,NBFC,Kreditbee,Finnovation Tech Solutions Private Limited,Other App Stores,https://apps.samsung.com/appquery/appDetail.as?appId=com.kreditbee.android
869,,https://www.vivriticapital.com/,NBFC,Kreditbee,Finnovation Tech Solutions Private Limited,Other App Stores,https://global.app.mi.com/details?lo=IN&la=en_US&id=com.kreditbee.android
870,,https://www.vivriticapital.com/,NBFC,Kreditbee,Finnovation Tech Solutions Private Limited,Other App Stores,https://indusapp.store/9ip3i05q
871,,https://www.vivriticapital.com/,NBFC,Kreditbee,Finnovation Tech Solutions Private Limited,Other App Stores,oaps://mk/dt?pkg=com.kreditbee.android&style=1
872,,https://www.vivriticapital.com/,NBFC,Kreditbee,Finnovation Tech Solutions Private Limited,Other App Stores,vivomarket://details?id=com.kreditbee.android
873,,https://www.vivriticapital.com/,NBFC,Kreditbee,Finnovation Tech Solutions Private Limited,Play Store:,https://play.google.com/store/apps/details?id=com.kreditbee.android
874,,https://www.vivriticapital.com/,NBFC,Kreditbee,Finnovation Tech Solutions Private Limited,Website,https://www.kreditbee.in/
875,,https://www.vivriticapital.com/,NBFC,Mobikwik,One Mobikwik Systems Ltd,Apple ,https://apps.apple.com/in/app/mobikwik-bhim-upi-wallet/id600002523
876,,https://www.vivriticapital.com/,NBFC,Mobikwik,One Mobikwik Systems Ltd,Play Store,https://play.google.com/store/apps/details?id=com.mobikwik_new&hl=en_IN&gl=IN
877,,https://www.vivriticapital.com/,NBFC,Moneyview,Moneyview Private Limited formerly known as Whizdm Innovations Private Limited,Apple Store,https://apps.apple.com/in/app/moneyview-loans-credit-cards/id6468976019
878,,https://www.vivriticapital.com/,NBFC,Moneyview,Moneyview Private Limited formerly known as Whizdm Innovations Private Limited,Play Store,https://play.google.com/store/search?q=moneyview&c=apps&gl=IN
879,,https://www.vivriticapital.com/,NBFC,Okcredit,Psi Phi Global Solutions Private Limited,Apple Store: OkCredit - Udhar Bahi Khata,https://play.google.com/store/apps/details?id=in.okcredit.merchant&referrer=af_tranid%3Dj2HGz-IuEmFkrTAVIGHIWA%26af_dp%3Dokcredit%253A%252F%252Fmerchant%252Fv1%252Fhome%26c%3DHomePage%26pid%3DWebsite_OkCredit
880,,https://www.vivriticapital.com/,NBFC,Okcredit,Psi Phi Global Solutions Private Limited,"Play Store: OkCredit: Ledger, UPI, Billing",https://apps.apple.com/in/app/okcredit-udhar-bahi-khata/id1488748286
881,,https://www.vivriticapital.com/,NBFC,Olyv (SmartCoin),SmartCoin Financials Private Limited,Play Store,https://play.google.com/store/apps/details?id=in.rebase.app&pli=1
882,,https://www.vivriticapital.com/,NBFC,Olyv (SmartCoin),SmartCoin Financials Private Limited,Web:Olyv,https://app.olyv.co.in/login
883,,https://www.vivriticapital.com/,NBFC,Paytm,Paytm for Business App,App store,https://apps.apple.com/in/app/paytm-secure-upi-payments/id473941634
884,,https://www.vivriticapital.com/,NBFC,Paytm,Paytm for Business App,Play Store,https://play.google.com/store/apps/details?id=net.one97.paytm&hl=en_IN&pli=1
885,,https://www.vivriticapital.com/,NBFC,Paytm,Paytm for Business App,Web,https://paytm.com
886,,https://www.vivriticapital.com/,NBFC,PaywithRING (by Kissht),OnEMI Technology Solutions Private Limited,App store,https://apps.apple.com/in/app/kissht-instant-personal-loan/id6752766331
887,,https://www.vivriticapital.com/,NBFC,PaywithRING (by Kissht),OnEMI Technology Solutions Private Limited,Play Store,https://play.google.com/store/apps/details?id=com.fastbanking
888,,https://www.vivriticapital.com/,NBFC,PaywithRING (by Kissht),OnEMI Technology Solutions Private Limited,Play Store,https://play.google.com/store/apps/details?id=com.ideopay.user
889,,https://www.vivriticapital.com/,NBFC,PaywithRING (by Kissht),OnEMI Technology Solutions Private Limited,Web,https://www.kissht.com/
890,,https://www.vivriticapital.com/,NBFC,RESPO FINANCIAL CAPITAL PRIVATE LIMITED,RESPO FINANCIAL CAPITAL PRIVATE LIMITED,Play Store,https://respo.co.in/
891,,https://www.vivriticapital.com/,NBFC,RESPO FINANCIAL CAPITAL PRIVATE LIMITED,ZYPE,App store,https://www.getzype.com/App Store Link 
892,,https://www.vivriticapital.com/,NBFC,Slice,slice Small Finance Bank Ltd,Apple Store,https://apps.apple.com/in/app/slice-bank-at-rbi-repo-rate/id1123372237
893,,https://www.vivriticapital.com/,NBFC,Slice,slice Small Finance Bank Ltd,Play Store,https://play.google.com/store/apps/details?id=indwin.c3.shareapp&hl=en_IN
894,,https://www.vivriticapital.com/,NBFC,True Balance,Balancehero India Private Limited,App store,https://apps.apple.com/in/app/true-balance-personal-loan/id6752374449
895,,https://www.vivriticapital.com/,NBFC,True Balance,Balancehero India Private Limited,Galaxy Store (Samsung),https://galaxystore.samsung.com/detail/com.balancehero.truebalance
896,,https://www.vivriticapital.com/,NBFC,True Balance,Balancehero India Private Limited,Huawei AppGallery,https://appgallery.huawei.com/app/C101648675
897,,https://www.vivriticapital.com/,NBFC,True Balance,Balancehero India Private Limited,Indus Appstore (Xiaomi),https://global.app.mi.com/details?lo=IN&la=en_US&id=com.balancehero.truebalance
898,,https://www.vivriticapital.com/,NBFC,True Balance,Balancehero India Private Limited,Play Store,https://play.google.com/store/apps/details?id=com.balancehero.truebalance
899,,https://www.vivriticapital.com/,NBFC,True Balance,Balancehero India Private Limited,Web,https://www.truebalance.io/
900,,https://www.vivriticapital.com/,NBFC,Upwards by Lendingkart.,Lendingkart Technologies Private Limited,Play Store:,https://play.google.com/store/apps/details?id=com.goupwards&gl=IN
901,,https://www.vivriticapital.com/,NBFC,WeRize Customer App,Wortgage Technologies Private Limited,Google Play,https://play.google.com/store/apps/details?id=com.moneyonclick.customerapp&hl=en
902,HARSH TRACOM (P) LTD,https://www.mangomoney.in/,NBFC,GoCredit,Vijayalakshmi Technology Infinity NKB Private Limited,Google Play Store,https://play.google.com/store/apps/details?id=money.gocredit.ai
903,,https://www.mangomoney.in/,NBFC,GoCredit,Vijayalakshmi Technology Infinity NKB Private Limited,Website,WWW.GOCREDIT.MONEY
904,HARVINDER FINANCE COMPANY PRIVATE LIMITED,https://harvinderfinance.com/,NBFC,Expessoloan,Fintech Cloud Private Limited,Website,https://expressoloan.com/
905,HDB FINANCIAL SERVICES LIMITED,https://www.hdbfs.com/products/digital-lenders,NBFC,Fibe,Social Worth Technologies Limited,App Store (For iphone),https://apps.apple.com/in/app/fibe-instant-personal-loan-app/id1094602630
906,,https://www.hdbfs.com/products/digital-lenders,NBFC,Fibe,Social Worth Technologies Limited,Google Play Store (For Android),https://play.google.com/store/apps/details?id=com.earlysalary.android&hl=en_IN&gl=IN
907,HDFC BANK LTD.,https://www.hdfc.bank.in/,BANK,ADOBE,Self Owned,Website,https://applyonline.hdfc.bank.in/
908,,https://www.hdfc.bank.in/,BANK,DAP,Self Owned,Website,https://digiapply.hdfc.bank.in/vivid/las#LAS_Authentication
909,,https://www.hdfc.bank.in/,BANK,DASH,Self Owned,Website,https://osappsext.hdfc.com/ONBOARDING_EXISTING_FE/HDFC_NOW_BasicDetails?Journey=HDFC_NOW&Parent= 
910,,https://www.hdfc.bank.in/,BANK,FINAGG ,Self Owned,Website,https://hscf.finagg.in/pwa/#/hdfcseller/login
911,,https://www.hdfc.bank.in/,BANK,FLUTTER,Self Owned,Website,https://applyonline-onboarding-uat.hbctxdom.com/gltp/
912,,https://www.hdfc.bank.in/,BANK,HDFC Bank Mobile Banking App,Self Owned,"Available on Playstore and App store with Name as ""HDFC Bank App (Early Access)""",Play Store https://play.google.com/store/apps/details?id=com.hdfcbank.android.now&pcampaignid=web_shareApp Store: https://apps.apple.com/in/app/hdfc-bank-app-early-access/id6504402552
913,,https://www.hdfc.bank.in/,BANK,LEAD INSTA,Self Owned,Website,https://leadinsta.hdfc.bank.in/applications/webforms/apply/PADD_DD/CustVerification.aspx? 
914,,https://www.hdfc.bank.in/,BANK,LENTRA,Self Owned,Website,https://gonogo.hdfcbankapps.com/v8/portal/?instId=3989&envId=4500&product=OVERDRAFT&appType=INDEPENDENT&tag=SELF_SERVE&icid=website_organic_herobanner_dukandaroverdraftodfacility:banner:applynow#/selfserve/journey
915,,https://www.hdfc.bank.in/,BANK,LOAN ASSIST,Self Owned,Available on Playstore & Appstore with Name as Loan Assist – Quick Bank Loans,Playstore https://play.google.com/store/apps/details?id=com.indigo.hdfcloansApp store:  https://apps.apple.com/in/app/loan-assist-quick-bank-loans/id1190804856
916,,https://www.hdfc.bank.in/,BANK,NET BANKING,Self Owned,Website,https://now.hdfc.bank.in/auth/realms/retail/protocol/openid-connect/auth?response_type=code&client_id=bb-web-client&state=dXRaZUNqMWlXQjRLR2ZxMG0uT1c5U0pXVzBXcXN2UE5MUmdxczNUanM1Y25L&redirect_uri=https%3A%2F%2Fnow.hdfc.bank.in%2Fretail-app%2Fselect-context&scope=openid&code_challenge=mqYYXBC17T-YdmwGdmgIiVU2z-6Z2zfMYjggaZQafdA&code_challenge_method=S256&nonce=dXRaZUNqMWlXQjRLR2ZxMG0uT1c5U0pXVzBXcXN2UE5MUmdxczNUanM1Y25L
917,,https://www.hdfc.bank.in/,BANK,Novopay,Self Owned,Website,https://agentapp.ddp.hdfc.bank.in/dsa-agent-portal/login 
918,,https://www.hdfc.bank.in/,BANK,One Andro app (DLA of LSP),LSP - Andromeda Sales Distribution Private Ltd (Apna Paisa),Play Store and App Store,QR code available Website for direct download.https://www.andromedaloans.com/about-us/
919,,https://www.hdfc.bank.in/,BANK,Paisabazaar App (DLA of LSP),LSP-Paisabazaar Marketing Consulting Pvt Ltd,Playstore,https://play.google.com/store/apps/details?id=com.paisabazaar
920,,https://www.hdfc.bank.in/,BANK,PayZapp,Self Owned,Playstore ,https://v.hdfc.bank.in/payzapp/index.html
921,,https://www.hdfc.bank.in/,BANK,Salary Se App (DLA of LSP),LSP- Critical Path Technologies Pvt Ltd,Website,QR code available Website for direct download.https://www.salaryse.com/
922,,https://www.hdfc.bank.in/,BANK,Xpress Car Loan (DIAL),Self Owned,Website,https://applycarloan.hdfc.bank.in/DiAL/#/loans
923,HELPAGE FINLEASE LIMITED,www.helpagefinlease.com,NBFC,FinAGG SME,FinAGG Services Private Limited,Playstore,www.finagg.in
924,HERO FINCORP LIMITED,https://www.herofincorp.com/,NBFC,Flipkart App,Flipkart Internet Private Limited(DLA),App Store,https://apps.apple.com/in/app/flipkart-online-shopping-app/id742044692
925,,https://www.herofincorp.com/,NBFC,Flipkart App,Flipkart Internet Private Limited(DLA),Google Play Store,https://play.google.com/store/apps/details?id=com.flipkart.android&hl=en_IN
926,,https://www.herofincorp.com/,NBFC,Flipkart App,Flipkart Internet Private Limited(DLA),Website,https://www.flipkart.com/
927,,https://www.herofincorp.com/,NBFC,Hero Digital Lending & UPI App,Hero FinCorp Limited,Apple AppStore,Hero Digital Lending & UPI App App - App Store
928,,https://www.herofincorp.com/,NBFC,Hero Digital Lending & UPI App,Hero FinCorp Limited,Google PlayStore,Hero Digital Lending & UPI App - Apps on Google Play
929,,https://www.herofincorp.com/,NBFC,Hero FinCorp Customer App,Hero FinCorp Limited,Apple App store ,"https://apps.apple.com/in/app/hero-fincorp-customer-app/id1510121935, "
930,,https://www.herofincorp.com/,NBFC,Hero FinCorp Customer App,Hero FinCorp Limited,Google play store,https://play.google.com/store/apps/details?id=com.customer.herofincorp
931,,https://www.herofincorp.com/,NBFC,Hero FinCorp Customer App,Hero FinCorp Limited,Website,https://www.herofincorp.com/
932,,https://www.herofincorp.com/,NBFC,Hero FinCorp Digital UBL,Hero FinCorp Limited,Website,https://hfcl-bl-credit-link.finbox.in/dynamic-creditlink
933,,https://www.herofincorp.com/,NBFC,Hero FinCorp Personal Loan App,Hero FinCorp Limited, Website,https://loans.apps.herofincorp.com/en/personal-loan 
934,,https://www.herofincorp.com/,NBFC,"MobiKwik : Loans, UPI & Wallet",Owned byOne MobiKwik Systems Limited and Operated by MobiKwik Distribution Services Private Limited ,App Store,https://apps.apple.com/in/app/mobikwik-loans-upi-wallet/id600002523
935,,https://www.herofincorp.com/,NBFC,"MobiKwik : Loans, UPI & Wallet",Owned byOne MobiKwik Systems Limited and Operated by MobiKwik Distribution Services Private Limited ,Google Play Store,https://play.google.com/store/apps/details?id=com.mobikwik_new
936,,https://www.herofincorp.com/,NBFC,PaisaBazar,Paisabazaar Marketing and Consulting Private Limited,Apple App store ,https://apps.apple.com/in/app/paisabazaar-com-loans-cards/id1029403201
937,,https://www.herofincorp.com/,NBFC,PaisaBazar,Paisabazaar Marketing and Consulting Private Limited,Google Play store,https://play.google.com.store/apps/details?id=com.paisabazaar
938,,https://www.herofincorp.com/,NBFC,PaisaBazar,Paisabazaar Marketing and Consulting Private Limited,Website,paisabazaar.com
939,,https://www.herofincorp.com/,NBFC,Paytm,One97 Communications Limited,Apple App store,https://apps.apple.com/in/app/paytm-secure-upi-payments/id473941634
940,,https://www.herofincorp.com/,NBFC,Paytm,One97 Communications Limited,Google Play store,https://play.google.com/store/apps/details?id=net.one97.paytm
941,,https://www.herofincorp.com/,NBFC,Paytm,One97 Communications Limited,Website,https://paytm.com/contact-us
942,HINDON MERCANTILE LIMITED,https://hindon.co/,NBFC, BimaPay ,BimaPay Finsure Private Limited,Website,https://app.bimapay.in/auth/login/
943,,https://hindon.co/,NBFC,Finsall,Finsall Resources Private Limited,Google Play Store & Apple Play Store,https://play.google.com/store/apps/details?id=com.finsall&hl=en_IN and https://apps.apple.com/in/app/finsall/id155341993             
944,,https://hindon.co/,NBFC,Kosh,Adhikosh Finserve Pvt Ltd,Google Play Store & Apple Play Store,https://play.google.com/store/apps/details?id=com.kosh&hl=en_IN and https://apps.apple.com/us/app/kosh/id1465669370
945,,https://hindon.co/,NBFC,LOAN TAP,LoanTap Financial Technologies Private Limited,Google Play Store & Apple Play Store,https://play.google.com/store/apps/details?id=in.loantap.app&hl=en_IN and https://apps.apple.com/in/app/loantap/id1461444558
946,HIVELOOP CAPITAL PRIVATE LIMITED,https://hiveloopcapital.com/,NBFC,UdaanCapital,KWICKEDGE TECHNOLOGY PRIVATE LIMITED,Apple app store , https://apps.apple.com/in/app/udaancapital/id1579521584
947,,https://hiveloopcapital.com/,NBFC,UdaanCapital,KWICKEDGE TECHNOLOGY PRIVATE LIMITED,Google play store ,https://play.google.com/store/apps/details?id=com.udaancapital.pratishtha&hl=en_IN
948,,https://hiveloopcapital.com/,NBFC,UdaanCapital,KWICKEDGE TECHNOLOGY PRIVATE LIMITED,Website ,https://udaancapital.com/
949,HOME CREDIT INDIA FINANCE PRIVATE LIMITED,https://www.homecredit.co.in/en,NBFC, Home Credit Personal Loan App,Self-owned,Google Play Store,‭https://play.google.com/store/apps/details?id=com.portal.hcin
950,,https://www.homecredit.co.in/sites/default/files/pdf/List-of-LSP.pdf,NBFC,InstaCred by Flexmoney,Flexmoney Technologies Private Limited ,Website ,https://www.instacred.me/buy
951,HYTONE MERCHANTS (P) LTD,https://hytonefinance.com/,NBFC,UrbanMoney,Self-owned,Google Play Store,https://play.google.com/store/apps/details?id=com.urbanhmpl
952,,https://hytonefinance.com/,NBFC,UrbanMoney,Self-owned,Indus App Store,https://www.indusappstore.com/apps/finance/urbanmoney/com.urbanhmpl?page=details&id=com.urbanhmpl
953,IBL FINANCE LIMITED,https://iblfinance.in/,NBFC,IBL Finance Limited,IBL Finance Limited,Website,https://iblfinance.in/
954,,https://iblfinance.in/,NBFC,IBL:Instant Personal Loan,IBL Finance Limited,Google Play,https://play.google.com/store/apps/details?id=com.ibl.moneymanagement.app&pli=1
955,,https://iblfinance.in/,NBFC,IBL Money:Instant Loan App,IBL Finance Limited,Google Play Store,https://play.google.com/store/apps/details?id=com.ibl.money.instantloan
956,ICICI BANK LIMITED,https://www.icici.bank.in/,BANK,Corporate Internet Banking,Self-Owned,ICICI Bank Website,https://cibnext.icici.bank.in/corp/AuthenticationController?FORMSGROUP_ID__=AuthenticationFG&__START_TRAN_FLAG__=Y&FG_BUTTONS__=LOAD&ACTION.LOAD=Y&AuthenticationFG.LOGIN_FLAG=1&BANK_ID=ICI&ITM=nli_digitalLending_digitalLending_na_headercomponent_237_CMS_login_corporate_CIBNXT
957,,https://www.icici.bank.in/,BANK,Digital Term Loan,Self-Owned,Website / embedded into Gpay mobile app,https://clos.icici.bank.in/CAOOD/index.html
958,,https://www.icici.bank.in/,BANK,Express Home Loan ,Self-Owned,Website,https://loans.icici.bank.in/loans/home-loan/#/home-loan-application
959,,https://www.icici.bank.in/,BANK,Finfinity,Synergenius Growth Private Limited,Website,https://www.finfinity.co.in/#
960,,https://www.icici.bank.in/,BANK,iMobile (Android),Self-Owned,Playstore,https://play.google.com/store/apps/details?id=com.csam.icici.bank.imobile
961,,https://www.icici.bank.in/,BANK,iMobile (IOS),Self-Owned,Appstore,https://apps.apple.com/in/app/imobile-by-icici-bank/id375276006
962,,https://www.icici.bank.in/,BANK,Insta BIL ,Self-Owned,Website,https://clos.icici.bank.in/BIL/Apply.jsp
963,,https://www.icici.bank.in/,BANK,InstaBIZ ( Android),Self-Owned,Playstore,https://play.google.com/store/apps/details?id=com.icicibank.ibizz
964,,https://www.icici.bank.in/,BANK,InstaBIZ (IOS),Self-Owned,Appstore,https://apps.apple.com/in/app/instabiz-by-icici-bank/id731936356
965,,https://www.icici.bank.in/,BANK,InstaOD,Self-Owned,Website,https://clos.icici.bank.in/CAOOD/Apply.jsp
966,,https://www.icici.bank.in/,BANK,Internet Banking (Retail and NRI),Self-Owned,ICICI Bank Website,https://retailnetbanking.icici.bank.in/login-page?utm_source=website&utm_medium=onelink&utm_campaign=home_home_na
967,,https://www.icici.bank.in/,BANK,OD on Asset,Self-owned,Website,https://clos.icici.bank.in/MortgageOD/Apply.jsp
968,,https://www.icici.bank.in/,BANK,Online Asset Portal (OAP) ,Self-Owned,Website,https://oapnext.icici.bank.in/asset-portal-all/apply-now?loanType=pl&SALOD=true
969,,https://www.icici.bank.in/,BANK,Unified Customer Journey,Self-Owned,ICICI Bank Website,https://buy.icici.bank.in/cap-v2/index
970,,https://www.icici.bank.in/,BANK,Zoop Money,Finspire Global Private Limited,Website,https://zoop.money/
971,IDBI BANK LIMITED, www.idbibank.in,BANK,Bank's website,IDBI Bank Ltd,Website, www.idbibank.in/personal-loan.aspx
972,, www.idbibank.in,BANK,Bank's website,IDBI Bank Ltd,Website, www.idbibank.in/personal-loan.aspx
973,, www.idbibank.in,BANK,Bank's website,IDBI Bank Ltd,Website, www.idbibank.in/personal-loan.aspx
974,, www.idbibank.in,BANK,Bank's website,IDBI Bank Ltd,Website, www.idbibank.in/personal-loan.aspx
975,, www.idbibank.in,BANK,Bank's website,IDBI Bank Ltd,Website, www.idbibank.in/personal-loan.aspx
976,, www.idbibank.in,BANK,Bank's website,IDBI Bank Ltd,Website, www.idbibank.in/personal-loan.aspx
977,, www.idbibank.in,BANK,Bank's website,IDBI Bank Ltd,Website, www.idbibank.in/personal-loan.aspx
978,, www.idbibank.in,BANK,Bank's website,IDBI Bank Ltd,Website, www.idbibank.in/personal-loan.aspx
979,, www.idbibank.in,BANK,Bank's website,IDBI Bank Ltd,Website, www.idbibank.in/personal-loan.aspx
980,, www.idbibank.in,BANK,Bank's website,IDBI Bank Ltd,Website, www.idbibank.in/personal-loan.aspx
981,, www.idbibank.in,BANK,Bank's website,IDBI Bank Ltd,Website, www.idbibank.in/personal-loan.aspx
982,, www.idbibank.in,BANK,Bank's website,IDBI Bank Ltd,Website, www.idbibank.in/personal-loan.aspx
983,, www.idbibank.in,BANK,Bank's website,IDBI Bank Ltd,Website, www.idbibank.in/personal-loan.aspx
984,, www.idbibank.in,BANK,Bank's website,IDBI Bank Ltd,Website, www.idbibank.in/personal-loan.aspx
985,, www.idbibank.in,BANK,Bank's website,IDBI Bank Ltd,Website, www.idbibank.in/personal-loan.aspx
986,IDFC FIRST BANK LIMITED,https://www.idfcfirstbank.com/personal-banking/adlp/digital-lending-partners,BANK,Angel One,Angel One Limited,Apple app store,https://apps.apple.com/in/app/angel-one-stocks-mutual-fund/id1060530981
987,,https://www.idfcfirstbank.com/personal-banking/adlp/digital-lending-partners,BANK,Angel One,Angel One Limited,Google play store,https://play.google.com/store/apps/details?id=com.msf.angelmobile&hl=en_IN
988,,https://www.idfcfirstbank.com/personal-banking/adlp/digital-lending-partners,BANK,Cred,Dreamplug Technologies Private Limited,Apple app store,https://apps.apple.com/in/app/cred-credit-cards-payments/id1428580080
989,,https://www.idfcfirstbank.com/personal-banking/adlp/digital-lending-partners,BANK,Cred,Dreamplug Technologies Private Limited,Google play store,https://play.google.com/store/apps/details?id=com.dreamplug.androidapp
990,,https://www.idfcfirstbank.com/personal-banking/adlp/digital-lending-partners,BANK,ET Money,Banayantree Services Limited,Apple app store,https://apps.apple.com/in/app/et-money-mutual-funds-stocks/id1212752482
991,,https://www.idfcfirstbank.com/personal-banking/adlp/digital-lending-partners,BANK,ET Money,Banayantree Services Limited,Google play store,https://play.google.com/store/apps/details?id=com.smartspends&hl=en_IN
992,,https://www.idfcfirstbank.com/personal-banking/adlp/digital-lending-partners,BANK,Flipkart,Flipkart Internet Private Limited,Apple app store,https://apps.apple.com/in/app/flipkart-online-shopping-app/id742044692
993,,https://www.idfcfirstbank.com/personal-banking/adlp/digital-lending-partners,BANK,Flipkart,Flipkart Internet Private Limited,Google play store,https://play.google.com/store/apps/details?id=com.flipkart.android&hl=en_IN
994,,https://www.idfcfirstbank.com/personal-banking/adlp/digital-lending-partners,BANK,Google Pay,Google India Digital Services Private Limited,Apple app store,https://apps.apple.com/in/app/google-pay-save-pay-manage/id1193357041
995,,https://www.idfcfirstbank.com/personal-banking/adlp/digital-lending-partners,BANK,Google Pay,Google India Digital Services Private Limited,Google play store,https://play.google.com/store/apps/details?id=com.google.android.apps.nbu.paisa.user&hl=en_IN
996,,https://www.idfcfirstbank.com/personal-banking/adlp/digital-lending-partners,BANK,Groww Credit,Billionbrains Garage Ventures Limited,Apple app store,https://apps.apple.com/in/app/groww-credit-instant-loan-app/id6633433697
997,,https://www.idfcfirstbank.com/personal-banking/adlp/digital-lending-partners,BANK,Groww Credit,Billionbrains Garage Ventures Limited,Google play store,https://play.google.com/store/apps/details?id=in.groww.dash
998,,https://www.idfcfirstbank.com/personal-banking/adlp/digital-lending-partners,BANK,Groww: Stocks & Mutual Fund,Billionbrains Garage Ventures Limited,Apple app store,https://apps.apple.com/in/app/groww-stocks-mutual-fund-upi/id1404871703
999,,https://www.idfcfirstbank.com/personal-banking/adlp/digital-lending-partners,BANK,Groww: Stocks & Mutual Fund,Billionbrains Garage Ventures Limited,Google play store,https://play.google.com/store/apps/details?id=com.nextbillion.groww
1000,,https://www.idfcfirstbank.com/personal-banking/adlp/digital-lending-partners,BANK,IDFC FIRST BANK,IDFC FIRST BANK Limited,Apple app store,https://apps.apple.com/in/app/idfc-first-bank-mobilebanking/id1521443352
1001,,https://www.idfcfirstbank.com/personal-banking/adlp/digital-lending-partners,BANK,IDFC FIRST BANK,IDFC FIRST BANK Limited,Google play store,https://play.google.com/store/apps/details?id=com.idfcfirstbank.optimus
1002,,https://www.idfcfirstbank.com/personal-banking/adlp/digital-lending-partners,BANK,IDFC FIRST BANK,IDFC FIRST BANK Limited,Website,https://my.idfcfirstbank.com/firstmoney/apply-loan
1003,,https://www.idfcfirstbank.com/personal-banking/adlp/digital-lending-partners,BANK,INDmoney,Finzoomers Services Private Limited,Apple app store,https://apps.apple.com/in/app/indmoney-stocks-mutual-funds/id1450178837
1004,,https://www.idfcfirstbank.com/personal-banking/adlp/digital-lending-partners,BANK,INDmoney,Finzoomers Services Private Limited,Google play store,https://play.google.com/store/apps/details?id=in.indwealth&hl=en_IN&gl=US
1005,,https://www.idfcfirstbank.com/personal-banking/adlp/digital-lending-partners,BANK,InstaCred by Flexmoney,Flexmoney Technologies Pvt Ltd,Website,https://www.instacred.me/buy
1006,,https://www.idfcfirstbank.com/personal-banking/adlp/digital-lending-partners,BANK,Navi Finserv Limited,Navi Finserv Limited,Website,http://navi.com/pl
1007,,https://www.idfcfirstbank.com/personal-banking/adlp/digital-lending-partners,BANK,NinjaCart,Ninjacart Services Private Limited,Apple app store,https://apps.apple.com/in/app/ninja-app/id1626963855
1008,,https://www.idfcfirstbank.com/personal-banking/adlp/digital-lending-partners,BANK,NinjaCart,Ninjacart Services Private Limited,Google play store,https://play.google.com/store/apps/details?id=com.nc.trader
1009,,https://www.idfcfirstbank.com/personal-banking/adlp/digital-lending-partners,BANK,Ola Money ,ANI Technologies Private Limited,Apple app store,https://apps.apple.com/us/app/ola-book-cab-auto-bike-taxi/id539179365
1010,,https://www.idfcfirstbank.com/personal-banking/adlp/digital-lending-partners,BANK,Ola Money ,ANI Technologies Private Limited,Google play store,https://play.google.com/store/apps/details?id=com.olacabs.customer&hl=en_IN
1011,,https://www.idfcfirstbank.com/personal-banking/adlp/digital-lending-partners,BANK,Paisabazaar ,PB Fintech,Apple app store,https://apps.apple.com/in/app/paisabazaar-com-loans-cards/id1029403201
1012,,https://www.idfcfirstbank.com/personal-banking/adlp/digital-lending-partners,BANK,Paisabazaar ,PB Fintech,Google play store,https://play.google.com/store/apps/details?id=com.paisabazaar
1013,,https://www.idfcfirstbank.com/personal-banking/adlp/digital-lending-partners,BANK,Paytm,One97 Communications Limited,Apple app store,https://apps.apple.com/in/app/paytm-for-business/id1351301966
1014,,https://www.idfcfirstbank.com/personal-banking/adlp/digital-lending-partners,BANK,Paytm,One97 Communications Limited,Apple app store,https://apps.apple.com/in/app/paytm-secure-upi-payments/id473941634
1015,,https://www.idfcfirstbank.com/personal-banking/adlp/digital-lending-partners,BANK,Paytm,One97 Communications Limited,Google play store,https://play.google.com/store/apps/details?id=com.paytm.business&hl=en_IN
1016,,https://www.idfcfirstbank.com/personal-banking/adlp/digital-lending-partners,BANK,Paytm,One97 Communications Limited,Google play store,https://play.google.com/store/apps/details?id=net.one97.paytm&pcampaignid=web_share
1017,,https://www.idfcfirstbank.com/personal-banking/adlp/digital-lending-partners,BANK,PhonePe,PhonePe Lending Services Private Limited,Apple app store,https://apps.apple.com/in/app/phonepe-secure-payments-app/id1170055821
1018,,https://www.idfcfirstbank.com/personal-banking/adlp/digital-lending-partners,BANK,PhonePe,PhonePe Lending Services Private Limited,Google play store,https://play.google.com/store/apps/details?id=com.phonepe.app
1019,,https://www.idfcfirstbank.com/personal-banking/adlp/digital-lending-partners,BANK,SaveIN,Savein Fintech Private Limited,Website,https://savein.money/
1020,,https://www.idfcfirstbank.com/personal-banking/adlp/digital-lending-partners,BANK,ShopSe,Newbazaar Technologies Private Limited,Apple app store,https://apps.apple.com/in/app/shopse-shop-now-pay-later/id1501675725
1021,,https://www.idfcfirstbank.com/personal-banking/adlp/digital-lending-partners,BANK,ShopSe,Newbazaar Technologies Private Limited,Google play store,https://play.google.com/store/apps/details?id=com.shopse.consumer&hl=en_IN
1022,IDF FINANCIAL SERVICES PRIVATE LIMITED,https://www.idf-finance.in/,NBFC,Paisa Pop,Fintech Cloud Private Limited,Website,https://paisapop.com/
1023,IFL FINANCE LIMITED (FORMERLY KNOWN AS IFL HOUSING FINANCE LIMITED),www.iflfinanceltd.com,NBFC,IFL Gold Loan,SELF OWNED,Website and Google Playstore,https://play.google.com/store/apps/details?id=com.iflGoldLoan
1024,IIFL FINANCE LIMITED,https://www.iifl.com/,NBFC,Bridge2Capital,Xtracap Fintech India Private Limited,Appstore,https://apps.apple.com/in/app/bridge2capital/id6479605724
1025,,https://www.iifl.com/,NBFC,Bridge2Capital,Xtracap Fintech India Private Limited,Playstore,https://play.google.com/store/apps/details?id=com.bridge2capital&hl=en
1026,,https://www.iifl.com/,NBFC,IIFL Loans App,Self-owned,Appstore,https://apps.apple.com/in/app/iifl-gold-business loans/id1066732918
1027,,https://www.iifl.com/,NBFC,IIFL Loans App,Self-owned,Playstore,https://play.google.com/store/apps/details?id=com.iifl.mobile.hfc&hl=enIN
1028,I-LOAN CREDIT PRIVATE LIMITED,https://iloan.loantap.in/,NBFC,Loantap,LoanTap Financial Technologies Pvt. Ltd. (LSP on behalf of I-LOAN CREDIT PRIVATE LIMITED – NBFC),Apple App Store,https://apps.apple.com/in/app/loantap/id1461444558
1029,,https://iloan.loantap.in/,NBFC,Loantap,LoanTap Financial Technologies Pvt. Ltd. (LSP on behalf of I-LOAN CREDIT PRIVATE LIMITED – NBFC),Website,https://loantap.in/
1030,,https://iloan.loantap.in/,NBFC,Loantap - Personal Loan App,LoanTap Financial Technologies Pvt. Ltd. (LSP on behalf of I-LOAN CREDIT PRIVATE LIMITED – NBFC),Google Play store,https://play.google.com/store/apps/details?id=in.loantap.app
1031,IMFAST FINFOTECH PRIVATE LIMITED,https://dlp.imfast.in/,NBFC,iMSHAKTI (P2PL),Self - owned,Play Store,https://play.google.com/store/apps/details?id=com.integra.imfast
1032,,https://dlp.imfast.in/,NBFC,iMSHAKTI (P2PL),Self - owned,Website,https://if-p2p.com/
1033,INCRED FINANCIAL SERVICES LIMITED (FORMERLY KKR INDIA FINANCIAL SERVICES LTD),www.incred.com,NBFC,Bajaj Markets,Bajaj Finserv Direct Limited,Apple Appstore,https://apps.apple.com/in/app/bajaj-finserv-markets-loan-app/id1482914241
1034,,www.incred.com,NBFC,Bajaj Markets,Bajaj Finserv Direct Limited,Google Playstore,https://play.google.com/store/apps/details?id=in.bajajfinservmarkets.app&hl=en_IN
1035,,www.incred.com,NBFC,Bajaj Markets,Bajaj Finserv Direct Limited,Website,https://www.bajajfinservmarkets.in
1036,,www.incred.com,NBFC,BankSathi,BS Fintech Private Limited,Google Playstore,https://play.google.com/store/apps/details?id=com.app.banksathi
1037,,www.incred.com,NBFC,BankSathi,BS Fintech Private Limited,Website,https://www.banksathi.com/personal-loan/leads/eligibility01
1038,,www.incred.com,NBFC,Bikewale,CarTrade Tech. Limited,Apple Appstore,https://apps.apple.com/in/app/bikewale-buy-new-bike-scooty/id1492806145
1039,,www.incred.com,NBFC,Bikewale,CarTrade Tech. Limited,Google Playstore,https://play.google.com/store/apps/details?id=com.bikewale.app
1040,,www.incred.com,NBFC,Bikewale,CarTrade Tech. Limited,Website,https://www.bikewale.com/
1041,,www.incred.com,NBFC,Buddy Loans,BValue Services Private Limited,Apple Appstore,https://apps.apple.com/in/app/buddy-loan-personal-loan-app/id1552911697
1042,,www.incred.com,NBFC,Buddy Loans,BValue Services Private Limited,Google Playstore,https://play.google.com/store/apps/details?id=com.buddyloan.vls 
1043,,www.incred.com,NBFC,Buddy Loans,BValue Services Private Limited,Website,https://www.buddyloan.com/apply-loan-online?utm_medium=WebOrgainc&utm_source=SEO&utm_campaign=bl2&la=1
1044,,www.incred.com,NBFC,Choice Connect,Choice Connect Private Limited,Apple Appstore,https://apps.apple.com/in/app/choice-connect/id1668969201
1045,,www.incred.com,NBFC,Choice Connect,Choice Connect Private Limited,Google Playstore,https://play.google.com/store/apps/details?id=com.choicebroking.choiceconnect&hl=en_IN
1046,,www.incred.com,NBFC,Cready,Switch My Loan Private Limited ,Google Playstore,https://play.google.com/store/apps/details?id=com.creddy.app
1047,,www.incred.com,NBFC,Cready,Switch My Loan Private Limited ,Website,https://www.cready.in/
1048,,www.incred.com,NBFC,CredBuddha,CREDBUDDHA FINANCIAL CONSULTANCY SERVICES PRIVATE LIMITED,Google Playstore,https://play.google.com/store/apps/details?id=com.app.credbuddha&hl=en&pli=1
1049,,www.incred.com,NBFC,CredBuddha,CREDBUDDHA FINANCIAL CONSULTANCY SERVICES PRIVATE LIMITED,Website,https://credbuddha.com/cbform
1050,,www.incred.com,NBFC,Credilio Financial Technologies ,Credilio Financial Technologies Private Limited,Google Playstore,https://play.google.com/store/apps/details?id=com.credilio.credilio_advisor.prod&hl=en_IN
1051,,www.incred.com,NBFC,CreditHaat,VIBHUPRADA SERVICES PRIVATE LIMITED,Website,https://www.credithaat.com/
1052,,www.incred.com,NBFC,CreditLinks,Asset Direct DBA CreditLinks India Pvt Ltd,Website,https://www.creditlinks.in/
1053,,www.incred.com,NBFC,Finance Buddha,Fin Bud Financial Services Private Limited,Website,https://www.financebuddha.com/
1054,,www.incred.com,NBFC,FinCrif,FinCrif India Private Limited,Google Playstore,https://play.google.com/store/apps/details?id=fincrif.india
1055,,www.incred.com,NBFC,FinCrif,FinCrif India Private Limited,Website,https://fincrif.com/
1056,,www.incred.com,NBFC,Finlab.one,Bynd Finserve Private Limited,Website,https://finlab.one
1057,,www.incred.com,NBFC,GoodScore: Credit Score App (Rupicard),Arthvit 1809 Tech Private Limited ,Apple Appstore,https://apps.apple.com/in/app/goodscore-credit-score-app/id6654923902
1058,,www.incred.com,NBFC,GoodScore: Credit Score App (Rupicard),Arthvit 1809 Tech Private Limited ,Google Playstore,https://play.google.com/store/apps/details?id=com.rupicard.score&hl=en_IN
1059,,www.incred.com,NBFC,GoodScore: Credit Score App (Rupicard),Arthvit 1809 Tech Private Limited ,Website,https://goodscore.app/
1060,,www.incred.com,NBFC,GroMo,Vitrak Technologies Private Limited,Google Playstore,https://play.google.com/store/apps/details?id=com.gromo.partner&hl=en_IN
1061,,www.incred.com,NBFC,InCred Finance,Self-owned,Apple Appstore,https://apps.apple.com/in/app/incred-finance/id6443757735
1062,,www.incred.com,NBFC,InCred Finance,Self-owned,Google Playstore,https://play.google.com/store/apps/details?id=com.incred.customer&hl=en_IN
1063,,www.incred.com,NBFC,InCred Finance,Self-owned,Website,www.incred.com
1064,,www.incred.com,NBFC,Infinz,RAKSHITHA FINSERVE PRIVATE LIMITED,Website,http://www.1infinz.com/
1065,,www.incred.com,NBFC,Jio Finance,Jio Finance Platform and Service Limited,Apple Appstore,https://apps.apple.com/in/app/jiofinance/id6469583963
1066,,www.incred.com,NBFC,Jio Finance,Jio Finance Platform and Service Limited,Google Playstore,https://play.google.com/store/apps/details?id=in.jfs.jiofinance
1067,,www.incred.com,NBFC,Jio Finance,Jio Finance Platform and Service Limited,Website,https://www.jiofinance.in/
1068,,www.incred.com,NBFC,Match My Money,Zaynet Digital Ventures,Website,https://matchmymoney.com/
1069,,www.incred.com,NBFC,Moneycontrol-ShareMarketNews,Moneycontrol Dot Com India Limited,Apple Appstore,https://apps.apple.com/in/app/moneycontrol-markets-news/id408654600
1070,,www.incred.com,NBFC,Moneycontrol-ShareMarketNews,Moneycontrol Dot Com India Limited,Google Playstore,https://play.google.com/store/apps/details?id=com.divum.MoneyControl&hl=en_IN
1071,,www.incred.com,NBFC,MoneyTap  and Freo,MWYN Tech Private Limited,Apple Appstore,https://apps.apple.com/in/app/freo-upi-insurance-loans/id1588894115
1072,,www.incred.com,NBFC,MoneyTap  and Freo ,MWYN Tech Private Limited,Google Playstore,https://play.google.com/store/apps/details?id=com.moneytap.bnpl.app&hl=en_IN
1073,,www.incred.com,NBFC,MyMoney Mantra,My Money Mantra Fintech Private Limited,Apple Appstore,https://apps.apple.com/in/app/mymoneymantra-loans-credits/id1568452714
1074,,www.incred.com,NBFC,MyMoney Mantra,My Money Mantra Fintech Private Limited,Google Playstore,https://play.google.com/store/apps/details?id=com.mymoneymantra.customer.app
1075,,www.incred.com,NBFC,MyMoney Mantra,My Money Mantra Fintech Private Limited,Website,https://www.mymoneymantra.com/personal-loans/journey?slide=
1076,,www.incred.com,NBFC,OLA Money,ola financial services Private Limited,Apple Appstore,https://apps.apple.com/in/app/ola-book-cab-auto-bike-taxi/id539179365
1077,,www.incred.com,NBFC,OLA Money,ola financial services Private Limited,Google Playstore,https://play.google.com/store/apps/details?id=com.olacabs.customer&hl=en_IN
1078,,www.incred.com,NBFC,Olyv,SmartCoin Financials Private Limited ,Google Playstore,https://play.google.com/store/apps/details?id=in.rebase.app
1079,,www.incred.com,NBFC,Onescore,FPL Consumer Services Private Limited,Apple Appstore,https://apps.apple.com/in/app/onescore-credit-score-insight/id1462059417
1080,,www.incred.com,NBFC,Onescore,FPL Consumer Services Private Limited,Google Playstore,https://play.google.com/store/apps/details?id=tech.fplabs.score
1081,,www.incred.com,NBFC,Oolka,Sixdis Technologies Private Limited,Google Playstore,https://play.google.com/store/apps/details?id=app.oolka.com&hl=en_IN
1082,,www.incred.com,NBFC,PaisaOne,PaisaOne Digifin Private Limited,Website,https://www.paisaone.com/
1083,,www.incred.com,NBFC,PayInstaCard Private Limited,PayInstaCard Private Limited,Apple Appstore,https://apps.apple.com/in/app/payinstacard/id6738269762
1084,,www.incred.com,NBFC,PayInstaCard Private Limited,PayInstaCard Private Limited,Google Playstore,https://play.google.com/store/apps/details?id=com.payinstacard&pcampaigni&pli=1
1085,,www.incred.com,NBFC,PayInstaCard Private Limited,PayInstaCard Private Limited,Website,https://www.payinstacard.com/
1086,,www.incred.com,NBFC,Payrup,BPSPLUS PRIVATE LIMITED,Apple Appstore,https://apps.apple.com/in/app/payrup/id1660920972
1087,,www.incred.com,NBFC,Payrup,BPSPLUS PRIVATE LIMITED,Google Playstore,https://play.google.com/store/apps/details?id=com.payrup.app&hl=en_IN
1088,,www.incred.com,NBFC,Payrup,BPSPLUS PRIVATE LIMITED,Website,https://payrup.com/
1089,,www.incred.com,NBFC,Paytm,One 97 Communications Limited,Apple Appstore,https://apps.apple.com/in/app/paytm-secure-upi-payments/id473941634
1090,,www.incred.com,NBFC,Paytm,One 97 Communications Limited,Google Playstore,https://play.google.com/store/apps/details?id=net.one97.paytm&hl=en_IN
1091,,www.incred.com,NBFC,Quid,Quid Innovations Private Limited,Google Playstore,https://play.google.com/store/apps/details?id=quid.money
1092,,www.incred.com,NBFC,Quid,Quid Innovations Private Limited,Website,https://quid.money/
1093,,www.incred.com,NBFC,Ruloans,Ruloans Distribution Services Private Limited,Apple Appstore ,https://apps.apple.com/in/app/ruconnect-by-ruloans/id1661321073
1094,,www.incred.com,NBFC,Ruloans,Ruloans Distribution Services Private Limited,Google Playstore,https://play.google.com/store/apps/details?id=com.ruloanss
1095,,www.incred.com,NBFC,Ruloans,Ruloans Distribution Services Private Limited,Website,https://www.ruloans.com 
1096,,www.incred.com,NBFC,Spoctree,Ausha Digital Private Limited,Website,https://www.spoctree.com/
1097,,www.incred.com,NBFC,True Balance,Balancehero India Private Limited,Galaxy Store (Samsung),https://galaxystore.samsung.com/detail/com.balancehero.truebalance
1098,,www.incred.com,NBFC,True Balance,Balancehero India Private Limited,Google Play Store ,https://play.google.com/store/apps/details?id=com.balancehero.truebalance
1099,,www.incred.com,NBFC,True Balance,Balancehero India Private Limited,Huawei AppGallery,https://appgallery.huawei.com/app/C101648675
1100,,www.incred.com,NBFC,True Balance,Balancehero India Private Limited,Indus Appstore (Xiaomi),https://global.app.mi.com/details?lo=IN&la=en_US&id=com.balancehero.truebalance
1101,,www.incred.com,NBFC,Upswing,Upswing Financial Technologies Private Limited,Website,https://www.upswing.one/
1102,INDCREDIT FINCAP PRIVATE LIMITED,https://indcredit.com/,NBFC,INDcredit Loan on Mutual Funds,INDcredit Fincap Private Limited - Self-owned,Playstore- INDcredit loan on Mutual Funds,https://play.google.com/store/apps/details?id=com.indcredit.indcredit
1103,,https://indcredit.com/,NBFC,"INDmoney: Stocks, Mutual funds",Finzoomers Services Private Limited,"Appstore - INDmoney: Stocks, Mutual funds",https://apps.apple.com/in/app/indmoney-stocks-mutual-fund/id1450178837
1104,,https://indcredit.com/,NBFC,"INDmoney: Stocks, Mutual funds",Finzoomers Services Private Limited,"Playstore - INDmoney: Stocks, Mutual funds",https://play.google.com/store/apps/details?id=in.indwealth&hl=en_IN
1105,INDEL MONEY LIMITED,https://indelmoney.com/,NBFC,ECONNECT / INDEL MONEY,INDEL MONEY LIMITED,"Indel Money E-Connect, Google Play Store, App Store",https://econnect.indelmoney.com/payments/web-app/terms  https://play.google.com/store/apps/details?id=com.lcode.indelmoney  https://apps.apple.com/in/app/indel-money/id1506183773
1106,IND GLOBAL SECURITIES LTD.,www.indglobalsecurities.com,NBFC,Dhancash,Self-owned,Website,https://www.dhancash.com/
1107,INDIAN BANK,https://www.indianbank.in/,BANK,Digital Lending Platform,Indian Bank,"Bank Website, IndSMART",https://www.indianbank.in/departments/onlineloans/
1108,,https://www.indianbank.in/,BANK,JanSamarth,Online PSB Loans Ltd,Bank Website,https://indmsmedigi.indianbank.in/
1109,,https://www.indianbank.in/,BANK,JanSamarth,Online PSB Loans Ltd,IndSMART,IndSMART/apply loans
1110,,https://www.indianbank.in/,BANK,JanSamarth,Online PSB Loans Ltd,Website,https://www.jansamarth.in/home
1111,,https://www.indianbank.in/,BANK,Maruti Suzuki Smart Finance ,Maruti Suzuki India Ltd,Website,https://www.marutisuzuki.com/more-from-us/finance
1112,,https://www.indianbank.in/,BANK,One Card,FPL Technologies,Website,https://apply.getonecard.app/
1113,,https://www.indianbank.in/,BANK,PM Vidya Laxmi,Canara Bank,Website,https://pmvidyalaxmi.co.in/
1114,,https://www.indianbank.in/,BANK,UdyamiMitra,SIDBI,Back office portal,https://pmvportal.udyamimitra.in/Login
1115,INDIFI CAPITAL PRIVATE LIMITED (FORMERLY RIVIERA INVESTORS PRIVATE LIMITED),www.indificapital.com,NBFC,Indifi Technologies Private Limited,Indifi Technologies Private Limited,Website,https://www.indifi.com
1116,,www.indificapital.com,NBFC,Indifi Unsecured Business loan,Indifi Technologies Private Limited,Google Play Store,https://play.google.com/store/apps/details?id=com.riviera.indifi.app&hl=en_IN 
1117,,www.indificapital.com,NBFC,Paytm,One97 Communications Limited,Website,https://paytm.com
1118,INDIUMPLUS FINANCIAL SERVICES PRIVATE LIMITED,grievance.officer@mahila.money,NBFC,Mahila Money,Mahila Money India Pvt Ltd,Google Playstore,https://play.google.com/store/apps/details?id=com.sm.mahilamoney&amp
1119,INDUSIND BANK LTD,https://www.indusind.com/in/en/personal.html,BANK,Business Loans (Small Ticket Business Loans),Self-owned,Website ,https://induseasycredit.indusind.com/STBL/small-ticket/getting-started?utm_source=website&utm_medium=headernavigation&utm_campaign=website1
1120,,https://www.indusind.com/in/en/personal.html,BANK,EasyCredit Personal Loans (DIY Platform),Self-owned,Website ,https://induseasycredit.indusind.com/customer/personal-loan/new-lead
1121,,https://www.indusind.com/in/en/personal.html,BANK,IndusInd Bank Mobile App- Indie,Self-Owned , Apple app store,https://indieapp-referral.onelink.me/WEEF/1wpxl5ck
1122,,https://www.indusind.com/in/en/personal.html,BANK,IndusInd Bank Mobile App- Indie ,Self-owned,Google Play Store ,https://indieapp-referral.onelink.me/WEEF/1wpxl5ck
1123,,https://www.indusind.com/in/en/personal.html,BANK,Paisabazaar,Paisabazaar Marketing And Consulting Private Limited,Apple Play Store  ,https://apps.apple.com/in/app/paisabazaar-com-loans-cards/id1029403201
1124,,https://www.indusind.com/in/en/personal.html,BANK,Paisabazaar,Paisabazaar Marketing And Consulting Private Limited,Google Play Store  ,?https://play.google.com/store/apps/details?id=com.paisabazaar
1125,,https://www.indusind.com/in/en/personal.html,BANK,Paisabazaar,Paisabazaar Marketing And Consulting Private Limited,Website ,www.paisabazaar.com
1126,,https://www.indusind.com/in/en/personal.html#,BANK,Creditas Solutions Private Limited,Self owned,Portal managed by DLA,"Customized link is generated for each eligible customer, hence no generic URL available"
1127,INFINA FINANCE PVT. LTD.,https://infina.co.in,NBFC,50 Fin,Fifty Fintech Pvt Ltd,Yes,https://www.50fin.in
1128,INNOFIN SOLUTIONS PRIVATE LIMITED (NBFC - P2P),https://www.innofin.in/,NBFC,BharatPe for Business,Operated by Resilient Digi Services Private Limited,Apple App Store,https://apps.apple.com/in/app/bharatpe-for-business/id1329385873
1129,,https://www.innofin.in/,NBFC,BharatPe for Business,Operated by Resilient Digi Services Private Limited,Google Play,https://play.google.com/store/apps/details?id=com.bharatpe.app&hl=en_IN&pli=1
1130,,https://www.innofin.in/,NBFC,CashE,AERIES FINANCIALTECHNOLOGIES PRIVATE LIMITED,"Website, Playstore, AppStore",https://www.cashe.co.in/ https://play.google.com/store/apps/details?id=co.tslc.cashe.androidhttps://apps.apple.com/in/app/cashe-online-instant-loan-app/id1261854922
1131,,https://www.innofin.in/,NBFC,Fi Money,Epifi Technologies Private Limited / Fi Money,Epifi Technologies Private Limited,https://play.google.com/store/apps/details?id=com.epifi.paisa&hl=en https://apps.apple.com/in/app/fi-money-save-invest-smart/id1531564767  https://fi.money/
1132,,https://www.innofin.in/,NBFC,FINBUD FINANCIAL SERVICES LIMITED,PARTH PANDE (Director),Website,https://www.financebuddha.com/grievance-redressal
1133,,https://www.innofin.in/,NBFC,Indialends,GC Web Ventures Private Limited,"Website, App and IOS ","https://indialends.com/, https://play.google.com/store/apps/details?id=com.indialends.android&hl=en_IN, https://apps.apple.com/in/app/indialends-instant-loan-app/id1163514601"
1134,,https://www.innofin.in/,NBFC,InstaMoney,Roctogen Services Private Limited,Google Play Store,https://play.google.com/store/apps/details?id=com.innofinsolutions.instamoney
1135,,https://www.innofin.in/,NBFC,InstaVyapaar,Roctogen Services Private Limited,Google Play Store,https://play.google.com/store/apps/details?id=com.rspl.instavyapaar
1136,,https://www.innofin.in/,NBFC,Kredit Rupee,Mobavenue Media Private Limited,App,https://play.google.com/store/search?q=kreditrupee&c=apps&hl=en_IN
1137,,https://www.innofin.in/,NBFC,PayTM,One97 Communication Ltd,Play Store & App Store,https://paytm.com/loans-credit-cards/personal-loan/
1138,,https://www.innofin.in/,NBFC,Phonepe,PhonePe Lending Services Private Limited,App and Website,https://play.google.com/store/apps/details?id=com.phonepe.app https://apps.apple.com/in/app/phonepe-secure-payments-app/id1170055821
1139,,https://www.innofin.in/,NBFC,Quid,Quid,"yes, web & app both are there",https://play.google.com/store/apps/details?id=quid.money
1140,,https://www.innofin.in/,NBFC,Vodafone Idea,vodafone idea business services limited,App,https://play.google.com/store/apps/details?id=com.mventus.selfcare.activity&hl=en_IN
1141,,https://www.innofin.in/,NBFC,ZET TECHNOLABS PRIVATE LIMITED,Manish Shara & Yash Desai,ZETPARTNER,https://partner.zetapp.in/
1142,JAI FINANCE (INDIA) LTD.,https://jaifinance.in/,NBFC,Pocket Mitra,Jai Finance (India) Limited,App Store,https://play.google.com/store/apps/details?id=in.pocketmitra&hl=en_IN
1143,JAIN FINSCAP PRIVATE LIMITED,https://truepay.co.in/,NBFC,Truepay,Self-Owned,Website,https://jain-fintech-assets.s3.us-east-1.amazonaws.com/Application/Truepay.apk
1144,JAMMU & KASHMIR BANK LTD,https://www.jkbank.com/,BANK,Digital Loans,Self-Owned,Website,https://digital.jkbank.com/JKBALPortal/
1145,,https://www.jkbank.com/,BANK,STP,Self-Owned,Website,https://www.jkbank.com/stp
1146,JINDAL FINCAP LTD.,https://www.jindalfincap.com/,NBFC,Loan in Seconds,Self-owned,Website,https://loaninseconds.com/
1147,JIO CREDIT LIMITED (FORMERLY KNOWN AS JIO FINANCE LIMITED),https://www.bajajfinservmarkets.in/,NBFC,Bajaj Finserv Direct Limited,Bajaj Finserv Direct Limited,Website and App ; Name of App - Bajaj Markets,IOS - https://apps.apple.com/in/app/bajaj-finserv-markets-loan-app/id1482914241 - Android - https://play.google.com/store/apps/details?id=in.bajajfinservmarkets.app
1148,,https://www.finfinity.co.in/,NBFC,SYNERGENIUS GROWTH PRIVATE LIMITED,SYNERGENIUS GROWTH PRIVATE LIMITED,Website and App ; Name of App store - Finfinity,IOS - https://apps.apple.com/in/app/finfinity/id6737900071 - Android https://sgpl.finfinity.co.in/FinApp/
1149,,https://www.jfs.in/,NBFC,Jio Finance Platform and Service Limited,Jio Finance Platform and Service Limited,Website and App : Name of App store - Available on App Store:-  JioFinance: For your life!,IOS - https://apps.apple.com/in/app/jiofinance/id6469583963 / Android - https://play.google.com/store/apps/details?id=in.jfs.jiofinance&referrer=utm_source%3Djfc%26utm_medium%3Dwb-dwn%26utm_campaign%3Dfooter
1150,,https://www.paisabazaar.com/,NBFC,Paisabazaar Marketing and Consulting Private Limited,Paisabazaar Marketing and Consulting Private Limited,"Website and App ; Name of App store -  PaisaBazaar Credit Score, Loan",IOS - https://apps.apple.com/in/app/paisabazaar-credit-score-loan/id1029403201 Android - https://play.google.com/store/apps/details?id=com.paisabazaar
1151,,https://www.spoctree.com/,NBFC,Ausha Digital Pvt Ltd,Spoctree,Website,https://www.spoctree.com/
1152,JIO FINANCE LIMITED,https://www.jiocredit.in,NBFC,JioFinance: For your life!,Jio Finance Platform and Service Limited,Apple Store,https://apps.apple.com/in/app/jiofinance/id6469583963?referrer=utm_source%3Djfc%26utm_medium%3Dwb-dwn%26utm_campaign%3Dfooter
1153,,https://www.jiocredit.in,NBFC,JioFinance: For your life!,Jio Finance Platform and Service Limited,Google Play,https://play.google.com/store/apps/details?id=in.jfs.jiofinance&referrer=utm_source%3Djfc%26utm_medium%3Dwb-dwn%26utm_campaign%3Dfooter
1154,JM FINANCIAL PRODUCTS LTD. (FORMERLY - JM FINANCIAL PRODUCTS PVT LTD),https://jmfinancialproducts.com,NBFC,Credit Fair,K.M. Global Credit Private Ltd  ,website,Yes
1155,,https://jmfinancialproducts.com,NBFC,Leo1,Gajju Technologies Private Limited,website,Yes
1156,,https://jmfinancialproducts.com,NBFC,propelled,Bluebear Technology Pvt. Ltd. ,website,Yes
1157,JMJ FINTECH LIMITED,www.jmjfintechltd.com,NBFC,MONEYBRO,JMJ FINTECH LIMITED ,YES ,https://web.moneybro.in/onboard/?referral_code=finbridge_01#/login/borrower
1158,J. P. MORGAN SECURITIES INDIA PVT. LTD.,https://www.jpmorgan.com,NBFC,N.A.,N.A.,N.A,N.A
1159,JUNOON CAPITAL SERVICES (P) LTD.,https://www.junooncapital.com/,NBFC,EARLY WAGES,Self-owned,Website,https://www.earlywages.in/
1160,,https://www.junooncapital.com/,NBFC,INSTA PAISE,Self-owned,Website,https://instapaise.com
1161,,https://www.junooncapital.com/,NBFC,PAISA UDHAR,Self-owned,Website,https://www.paisaudhar.com
1162,,https://www.refyne.co.in/,NBFC,REFYNE,Refyne Tech Private Limited,Google Playstore,https://play.google.com/store/apps/details?id=in.co.refyne.android&hl=en_IN
1163,KALEIDOFIN CAPITAL PRIVATE LIMITED,https://www.kaleidofincapital.com,NBFC,Ippopay,IppoPay Technologies Private Limited,Playstore,https://play.google.com/store/apps/details?id=com.ippopay.store
1164,"KANTA CREDITS & HOLDINGS PVT.LTD,",Not applicable,NBFC,Fund by Khera,Fintech Cloud Private Limited,Website,https://www.fundbykhera.com/
1165,KARAMJYOTI SALES (P) LTD,https://www.karamjyoti.in/,NBFC,FUNDLY,Ardour Analytics Private Limited,Google Playstore,https://play.google.com/store/apps/details?id=com.fundly.fundly
1166,KARNATAKA BANK LTD,www.karnatakabank.bank.in,BANK,DGV Money,Digivriddhi Technologies Pvt Ltd,Available to onboarded agents/ Field staff through MDM,-
1167,,www.karnatakabank.bank.in,BANK,NAVI TREZO,NAVI FINTECH PRIVATE LIMITED,WEBSITE,http://navitrezo.ktkbank.com/?
1168,,www.karnatakabank.bank.in,BANK,Xpress Cash Loan,KARNATAKA BANK,WEBSITE,https://www.karnatakabank.bank.in/personal/loans/salary-loan
1169,KARN SECURITIES PVT.LTD.,https://karnsecurities.com,NBFC,Salaryontime,LNVS Fintech Pvt Ltd,App Store,https://apps.apple.com/in/app/salaryontime/id6503283983
1170,,https://karnsecurities.com,NBFC,Salaryontime,LNVS Fintech Pvt Ltd,Play store,https://play.google.com/store/search?q=salaryontime&c=apps&hl=en
1171,,https://karnsecurities.com,NBFC,Salaryontime,LNVS Fintech Pvt Ltd,Website,https://salaryontime.com/
1172,KARUR VYSYA BANK LTD,https://www.kvb.co.in,BANK,1,KVB - Dlite & Mobile Banking,THE KARUR VYSYA BANK LIMITED,https://apps.apple.com/in/app/kvb-dlite-mobile-banking/id1428536937
1173,,https://www.kvb.co.in,BANK,2,KVB - Dlite & Mobile Banking,THE KARUR VYSYA BANK LIMITED,https://play.google.com/store/apps/details?id=com.kvb.mobilebanking&hl=en_IN
1174,,https://www.kvb.co.in,BANK,3,amazon.in ,Amazon Finance (India) Private Limited,https://play.google.com/store/apps/details?id=com.amazon.mShop.android.shopping&hl=en_IN
1175,,https://www.kvb.co.in,BANK,4,amazon.in ,Amazon Finance (India) Private Limited,https://apps.apple.com/us/app/amazon-shopping/id297606951
1176,,https://www.kvb.co.in,BANK,5,amazon.in ,Amazon Finance (India) Private Limited,https://www.amazon.in
1177,KASAR CREDIT & CAPITAL PVT.LTD.,https://kasarcredit.com/,NBFC,Salaryontime,LNVS FINTECH PRIVATE LIMITED,Apple App Store,https://apps.apple.com/in/app/salaryontime/id6503283983
1178,,https://kasarcredit.com/,NBFC,Salaryontime,LNVS FINTECH PRIVATE LIMITED,Google Play Store,https://play.google.com/store/apps/details?id=com.salaryontime.salaryontime&pcampaignid=web_share
1179,,https://kasarcredit.com/,NBFC,Salaryontime,LNVS FINTECH PRIVATE LIMITED,Website,https://salaryontime.com
1180,KAUNSHYA INVESTMENTS PRIVATE LIMITED,www.finsall.com,NBFC, Finsall, Finsall Resources Private Limited, Yes (www.finsall.com/Finsall), https://apps.apple.com/in/app/finsall/id155341993 and Finsall - Apps on Google Play
1181,KEMEX ENGINEERING (P) LTD,https://kemexfinance.com/,NBFC,Well Money,Swarit Advisors Pvt Ltd ,Website & app Store,https://wellmoney.in/
1182,KHOSYA FINLEASE (P) LTD.,http://www.khosyafinlease.com/,NBFC,Digicredit,Self-owned,website / Google Play store,https://digicredit.in/     and    https://play.google.com/store/apps/details?id=com.digicredit
1183,KINARA CAPITAL PRIVATE LIMITED [FORMERLY KNOWN AS VISAGE HOLDINGS AND FINANCE PRIVATE LIMITED],https://kinaracapital.com/,NBFC,GLAAS,Gromor Finance Private Limited,Website,https://los.glaas.co/en
1184,,https://kinaracapital.com/,NBFC,Khatabook,ADJ Utility Apps Private Limited,App Store,https://apps.apple.com/in/app/khatabook-vyapar-app/id1488204139
1185,,https://kinaracapital.com/,NBFC,Khatabook,ADJ Utility Apps Private Limited,Google Play,https://play.google.com/store/apps/details?id=com.vaibhavkalpe.android.khatabook&pcampaignid=web_share
1186,,https://kinaracapital.com/,NBFC,Khatabook,ADJ Utility Apps Private Limited,Website,https://khatabook.com/
1187,KINARA CAPITAL PRIVATE LIMITED (FORMERLY  VISAGE HOLDINGS AND FINANCE PRIVATE LIMITED),https://kinaracapital.com/,NBFC,GLAAS,Gromor Finance Private Limited,Website,https://los.glaas.co/en
1188,,https://kinaracapital.com/,NBFC,Khatabook,ADJ Utility Apps Private Limited,App Store,https://apps.apple.com/in/app/khatabook-vyapar-app/id1488204139
1189,,https://kinaracapital.com/,NBFC,Khatabook,ADJ Utility Apps Private Limited,Google Play,https://play.google.com/store/apps/details?id=com.vaibhavkalpe.android.khatabook&pcampaignid=web_share
1190,,https://kinaracapital.com/,NBFC,Khatabook,ADJ Utility Apps Private Limited,Website,https://khatabook.com/
1191,KISETSU SAISON FINANCE (INDIA) PRIVATE LIMITED,https://creditsaison.in/,NBFC,Credit Saison India,Kisetsu Saison Finance (India) Private Limited,Apple App Store,https://apps.apple.com/in/app/credit-saison-india-loan-app/id6450202147?mt=8
1192,,https://creditsaison.in/,NBFC,Credit Saison India,Kisetsu Saison Finance (India) Private Limited,Google Playstore,https://apps.apple.com/in/app/credit-saison-india-loan-app/id6450202147?mt=8
1193,,https://creditsaison.in/partnercontact,NBFC,Airtel Thanks App,XTELIFY LIMITED (FORMERLY AIRTEL DIGITAL LIMITED),Apple App Store,https://apps.apple.com/us/app/airtel-thanks-recharge-upi/id543184334
1194,,https://creditsaison.in/partnercontact,NBFC,Airtel Thanks App,XTELIFY LIMITED (FORMERLY AIRTEL DIGITAL LIMITED),Google Playstore,https://play.google.com/store/apps/details?id=com.myairtelapp&hl=en_IN&gl=US
1195,,https://creditsaison.in/partnercontact,NBFC,Airtel Thanks App,XTELIFY LIMITED (FORMERLY AIRTEL DIGITAL LIMITED),Website,https://www.airtel.in/finance/personal-loan
1196,,https://creditsaison.in/partnercontact,NBFC,Angel One,Angel One Limited,Apple App Store,https://apps.apple.com/in/app/angel-one-stocks-mutual-fund/id1060530981
1197,,https://creditsaison.in/partnercontact,NBFC,Angel One,Angel One Limited,Google Playstore,https://play.google.com/store/apps/details?id=com.msf.angelmobile&hl=en&gl=US
1198,,https://creditsaison.in/partnercontact,NBFC,Angel One,Angel One Limited,Website,https://www.angelone.in/
1199,,https://creditsaison.in/partnercontact,NBFC,Bajaj Markets,Bajaj Finserv Direct Limited,Apple App Store,https://apple.co/3K7c8M6
1200,,https://creditsaison.in/partnercontact,NBFC,Bajaj Markets,Bajaj Finserv Direct Limited,Google Play Store,https://bit.ly/3KfaI20
1201,,https://creditsaison.in/partnercontact,NBFC,Bajaj Markets,Bajaj Finserv Direct Limited,Website,https://www.bajajfinservmarkets.in/
1202,,https://creditsaison.in/partnercontact,NBFC,Bharatpe for Business,Resilient Digi Services Private Limited,Apple App Store,https://apps.apple.com/in/app/bharatpe-for-business/id1329385873
1203,,https://creditsaison.in/partnercontact,NBFC,Bharatpe for Business,Resilient Digi Services Private Limited,Google Playstore,https://play.google.com/store/apps/details?id=com.bharatpe.app&hl=en_IN&pli=1
1204,,https://creditsaison.in/partnercontact,NBFC,CRED,Dreamplug Technologies Pvt. Ltd.,Apple App Store,https://apps.apple.com/in/app/cred-credit-cards-payments/id1428580080
1205,,https://creditsaison.in/partnercontact,NBFC,CRED,Dreamplug Technologies Pvt. Ltd.,Google Playstore,https://play.google.com/store/apps/details?id=com.dreamplug.androidapp&pcampaignid=web_share
1206,,https://creditsaison.in/partnercontact,NBFC,CRED,Dreamplug Technologies Pvt. Ltd.,Website,https://cred.club/
1207,,https://creditsaison.in/partnercontact,NBFC,Digital lending pages of PhonePe Lending on PhonePe consumer app,PhonePe Lending Services Pvt. Ltd,Apple App Store,https://apps.apple.com/in/app/phonepe-secure-payments-app/id1170055821
1208,,https://creditsaison.in/partnercontact,NBFC,Digital lending pages of PhonePe Lending on PhonePe consumer app,PhonePe Lending Services Pvt. Ltd,Google Playstore,https://play.google.com/store/apps/det
1209,,https://creditsaison.in/partnercontact,NBFC,Digital lending pages of PhonePe Lending on PhonePe consumer app,PhonePe Lending Services Pvt. Ltd,Website,https://www.phonepe.com/lending/
1210,,https://creditsaison.in/partnercontact,NBFC,EFundzz,EFund Technical Services Private Limited,Website,https://www.efundzz.com/?brand=EF
1211,,https://creditsaison.in/partnercontact,NBFC,Fibe,Social Worth Technologies Limited,Apple App Store,https://apps.apple.com/in/app/fibe-instant-personal-loan-app/id1094602630
1212,,https://creditsaison.in/partnercontact,NBFC,Fibe,Social Worth Technologies Limited,Google Playstore,https://play.google.com/store/apps/details id=com.earlysalary.android&hl=en&gl=IN
1213,,https://creditsaison.in/partnercontact,NBFC,Fibe,Social Worth Technologies Limited,Website,https://www.fibe.in/
1214,,https://creditsaison.in/partnercontact,NBFC,FlexiLoans,Epimoney Private Limited,Website,https://flexiloans.com/
1215,,https://creditsaison.in/partnercontact,NBFC,Freo,MWYN Tech Pvt Ltd,Apple App Store,https://apps.apple.com/in/app/freo-pay-save-borrow/id1588894115
1216,,https://creditsaison.in/partnercontact,NBFC,Freo,MWYN Tech Pvt Ltd,Google Playstore,https://play.google.com/store/apps/details?id=com.moneytap.bnpl.app&hl=en_US&pli=1
1217,,https://creditsaison.in/partnercontact,NBFC,Freo,MWYN Tech Pvt Ltd,Website,https://freo.money/
1218,,https://creditsaison.in/partnercontact,NBFC,FTCash,Nomisma Mobile Solutions Private Limited,Website,https://ftcash.com
1219,,https://creditsaison.in/partnercontact,NBFC,Groww,Billionbrains Garage Ventures Ltd,Apple App Store,https://apps.apple.com/in/app/groww-stocks-mutual-fund-upi/id1404871703
1220,,https://creditsaison.in/partnercontact,NBFC,Groww,Billionbrains Garage Ventures Ltd,Google Playstore,https://play.google.com/store/apps/details?id=com.nextbillion.groww
1221,,https://creditsaison.in/partnercontact,NBFC,Groww Credit,Billionbrains Garage Ventures Ltd,Apple App Store,https://apps.apple.com/in/app/groww-credit-instant-loan-app/id6633433697
1222,,https://creditsaison.in/partnercontact,NBFC,Groww Credit,Billionbrains Garage Ventures Ltd,Google Playstore,https://play.google.com/store/apps/details?id=in.groww.dash&hl=e
1223,,https://creditsaison.in/partnercontact,NBFC,INDmoney,Finzoomers Services Private Limited,Apple App Store,https://apps.apple.com/in/app/indmoney-invest-in-us-stocks/id1450178837
1224,,https://creditsaison.in/partnercontact,NBFC,INDmoney,Finzoomers Services Private Limited,Google Playstore,https://play.google.com/store/apps/details?id=in.indwealth
1225,,https://creditsaison.in/partnercontact,NBFC,INDmoney,Finzoomers Services Private Limited,Website,http://www.indmoney.com/
1226,,https://creditsaison.in/partnercontact,NBFC,JAR,Changejar Technologies Private Limited,Apple App Store,https://apps.apple.com/in/app/jar-save-daily-in-digital-gold/id1586776687
1227,,https://creditsaison.in/partnercontact,NBFC,JAR,Changejar Technologies Private Limited,Google Playstore,https://play.google.com/store/apps/details?id=com.jar.app
1228,,https://creditsaison.in/partnercontact,NBFC,JAR,Changejar Technologies Private Limited,Website,https://www.myjar.app
1229,,https://creditsaison.in/partnercontact,NBFC,Jupiter,Amica Financial Technologies Private Limited (Owner of the DLA) Amica Finance Private Limited (LSP),Apple App Store,https://apps.apple.com/in/app/jupiter-money/id1507748747
1230,,https://creditsaison.in/partnercontact,NBFC,Jupiter,Amica Financial Technologies Private Limited (Owner of the DLA) Amica Finance Private Limited (LSP),Google Playstore,https://play.google.com/store/apps/details?id=money.jupiter&hl=en&gl=US
1231,,https://creditsaison.in/partnercontact,NBFC,Jupiter,Amica Financial Technologies Private Limited (Owner of the DLA) Amica Finance Private Limited (LSP),Website,https://www.jupiter.credit/
1232,,https://creditsaison.in/partnercontact,NBFC,KreditBee,Finnovation Tech Solution Private Limited,Apple App Store,https://apps.apple.com/in/app/id1488736283
1233,,https://creditsaison.in/partnercontact,NBFC,KreditBee,Finnovation Tech Solution Private Limited,Google Playstore,https://play.google.com/store/apps/details?id=com.kreditbee.android
1234,,https://creditsaison.in/partnercontact,NBFC,KreditBee,Finnovation Tech Solution Private Limited,Indus Appstore,https://indusapp.store/9ip3i05q
1235,,https://creditsaison.in/partnercontact,NBFC,KreditBee,Finnovation Tech Solution Private Limited,Mi Store,https://global.app.mi.com/details?lo=IN&la=en_US&id=com.kreditbee.android
1236,,https://creditsaison.in/partnercontact,NBFC,KreditBee,Finnovation Tech Solution Private Limited,Oppo Store,oaps://mk/dt?pkg=com.kreditbee.android&style=1
1237,,https://creditsaison.in/partnercontact,NBFC,KreditBee,Finnovation Tech Solution Private Limited,Samsung Store,https://apps.samsung.com/appquery/appDetail.as?appId=com.kreditbee.android
1238,,https://creditsaison.in/partnercontact,NBFC,KreditBee,Finnovation Tech Solution Private Limited,Vivo Market,vivomarket://details?id=com.kreditbee.android
1239,,https://creditsaison.in/partnercontact,NBFC,KreditBee,Finnovation Tech Solution Private Limited,Website,https://www.kreditbee.in/
1240,,https://creditsaison.in/partnercontact,NBFC,Lendingkart: Business Loan App,Lendingkart Technologies private limited,Google Playstore,https://play.google.com/store/apps/details?id=com.LendingKart
1241,,https://creditsaison.in/partnercontact,NBFC,Lendingkart: Business Loan App,Lendingkart Technologies private limited,Website,www.lendingkart.com
1242,,https://creditsaison.in/partnercontact,NBFC,Mint Money,HT Digital Streams Limited,Apple App Store,https://apps.apple.com/in/app/mint-money-credit-score-loans/id6751579585
1243,,https://creditsaison.in/partnercontact,NBFC,Mint Money,HT Digital Streams Limited,Google Playstore,https://play.google.com/store/apps/details?id=com.htmintmoney
1244,,https://creditsaison.in/partnercontact,NBFC,Mobikwik,One MobiKwik Systems Limited,Website,https://www.mobikwik.com/
1245,,https://creditsaison.in/partnercontact,NBFC,MoneyAse,Codemodulu Financial Investment Services Private Limited,Website,https://moneyase.in/index.html
1246,,https://creditsaison.in/partnercontact,NBFC,Moneycontrol,Moneycontrol,Apple App Store,https://apps.apple.com/in/app/moneycontrol-markets-news/id408654600
1247,,https://creditsaison.in/partnercontact,NBFC,Moneycontrol,Moneycontrol,Google Playstore,https://play.google.com/store/apps/details?id=com.divum.MoneyControl&hl=en_IN
1248,,https://creditsaison.in/partnercontact,NBFC,Moneycontrol,Moneycontrol,Website,https://www.moneycontrol.com/
1249,,https://creditsaison.in/partnercontact,NBFC,Money Tap,MWYN Tech Pvt Ltd,Apple App Store,https://apps.apple.com/in/app/moneytap-is-now-freo-credit/id1374771286
1250,,https://creditsaison.in/partnercontact,NBFC,Money Tap,MWYN Tech Pvt Ltd,Google Playstore,https://play.google.com/store/apps/details?id=com.mycash.moneytap.app&hl=en
1251,,https://creditsaison.in/partnercontact,NBFC,Money Tap,MWYN Tech Pvt Ltd,Website,https://www.moneytap.com/
1252,,https://creditsaison.in/partnercontact,NBFC,MoneyView,Moneyview Limited (formerly known as Moneyview Private Limited and Whizdm Innovations Pvt Limited),Apple App Store,https://apps.apple.com/in/app/moneyview-loans-credit-cards/id6468976019
1253,,https://creditsaison.in/partnercontact,NBFC,MoneyView,Moneyview Limited (formerly known as Moneyview Private Limited and Whizdm Innovations Pvt Limited),Google Playstore,https://play.google.com/store/apps/details?id=com.whizdm.moneyview.loans&pcampaignid=web_share
1254,,https://creditsaison.in/partnercontact,NBFC,MoneyView,Moneyview Limited (formerly known as Moneyview Private Limited and Whizdm Innovations Pvt Limited),Website,https://moneyview.in/
1255,,https://creditsaison.in/partnercontact,NBFC,Navi,Navi Finserv Limited,Website,navi.com/pl
1256,,https://creditsaison.in/partnercontact,NBFC,Niro,QFi Technologies Pvt. Ltd.,Apple App Store,https://apple.co/3LCKKXj
1257,,https://creditsaison.in/partnercontact,NBFC,Niro,QFi Technologies Pvt. Ltd.,Google Playstore,https://bit.ly/3Wgo31a
1258,,https://creditsaison.in/partnercontact,NBFC,Niro,QFi Technologies Pvt. Ltd.,Website,https://niro.money/
1259,,https://creditsaison.in/partnercontact,NBFC,Nobroker,NoBroker Technologies Solutions Pvt Ltd,Apple App Store,https://apps.apple.com/us/app/nobroker-flats-for-rent-sale/id1200507100
1260,,https://creditsaison.in/partnercontact,NBFC,Nobroker,NoBroker Technologies Solutions Pvt Ltd,Google Playstore,https://play.google.com/store/apps/details?id=com.nobroker.app&hl=en&gl=US&pli=1
1261,,https://creditsaison.in/partnercontact,NBFC,Nobroker,NoBroker Technologies Solutions Pvt Ltd,Website,https://www.nobroker.in/instacash/landing?isHybrid=true&hybridActionBar=false
1262,,https://creditsaison.in/partnercontact,NBFC,Ola Money,Ola Financial Services Pvt Ltd,Apple App Store,https://apps.apple.com/us/app/ola-book-cab-auto-bike-taxi/id539179365
1263,,https://creditsaison.in/partnercontact,NBFC,Ola Money,Ola Financial Services Pvt Ltd,Google Playstore,https://play.google.com/store/apps/details?id=com.olacabs.customer&hl=en_IN
1264,,https://creditsaison.in/partnercontact,NBFC,Ola Money,Ola Financial Services Pvt Ltd,Website,https://www.olamoney.com/
1265,,https://creditsaison.in/partnercontact,NBFC,One Score,FPL Consumer Solutions Private Limited,Apple App Store,https://apps.apple.com/in/app/onescore-credit-score-insight/id1462059417
1266,,https://creditsaison.in/partnercontact,NBFC,One Score,FPL Consumer Solutions Private Limited,Google Playstore,https://play.google.com/store/apps/details?id=tech.fplabs.score
1267,,https://creditsaison.in/partnercontact,NBFC,One Score,FPL Consumer Solutions Private Limited,Website,https://www.onescore.app/
1268,,https://creditsaison.in/partnercontact,NBFC,Paisabazaar,Paisabazaar Marketing And Consulting Private Limited,Apple App Store,https://apps.apple.com/in/app/id1029403201
1269,,https://creditsaison.in/partnercontact,NBFC,Paisabazaar,Paisabazaar Marketing And Consulting Private Limited,Google Playstore,https://play.google.com/store/apps/
1270,,https://creditsaison.in/partnercontact,NBFC,Paisabazaar,Paisabazaar Marketing And Consulting Private Limited,Website,https://www.paisabazaar.com/
1271,,https://creditsaison.in/partnercontact,NBFC,Park+,Parivom Technologies Private Limited,Apple App Store,https://apps.apple.com/in/app/park-rto-parivahan-fastag/id1244749178
1272,,https://creditsaison.in/partnercontact,NBFC,Park+,Parivom Technologies Private Limited,Google Playstore,https://play.google.com/store/apps/details?id=com.ovunque.parkwheels&hl=en&pli=1
1273,,https://creditsaison.in/partnercontact,NBFC,Park+,Parivom Technologies Private Limited,Website,https://parkplus.io/
1274,,https://creditsaison.in/partnercontact,NBFC,Paysense,PaySense Services India Private Limited,Google Playstore,https://play.google.com/store/apps/details?id=com.gopaysense.android.boost&pli=1
1275,,https://creditsaison.in/partnercontact,NBFC,Paysense,PaySense Services India Private Limited,Website,https://www.gopaysense.com/
1276,,https://creditsaison.in/partnercontact,NBFC,Paytm App,One97 Communications Ltd,Apple App Store,https://p.paytm.me/xCTH/adpaias
1277,,https://creditsaison.in/partnercontact,NBFC,Paytm App,One97 Communications Ltd,Google Playstore,https://p.paytm.me/xCTH/adpai
1278,,https://creditsaison.in/partnercontact,NBFC,Paytm App,One97 Communications Ltd,Website,https://paytm.com/
1279,,https://creditsaison.in/partnercontact,NBFC,Paytm for Business,One97 Communications Ltd,Apple App Store,https://apps.apple.com/in/app/paytm-for-business/id1351301966
1280,,https://creditsaison.in/partnercontact,NBFC,Paytm for Business,One97 Communications Ltd,Google Playstore,https://play.google.com/store/apps/details?id=com.paytm.business
1281,,https://creditsaison.in/partnercontact,NBFC,Propelld,Bluebear Technology Private Limited owner Edgro Finance Private Limited LSP,Website,https://propelld.com/
1282,,https://creditsaison.in/partnercontact,NBFC,Saarathi,Saarathi FinBiz Private Limited,Website,https://www.saarathi.ai/
1283,,https://creditsaison.in/partnercontact,NBFC,Supermoney,Scapic Innovations Pvt. Ltd,Website,https://www.super.money/
1284,,https://creditsaison.in/partnercontact,NBFC,Uni Cards:Next-gen cards & Paychek,Uniorbit Technologies Private Limited,Apple App Store,https://apps.apple.com/in/app/uni-cards/id1582949126
1285,,https://creditsaison.in/partnercontact,NBFC,Uni Cards:Next-gen cards & Paychek,Uniorbit Technologies Private Limited,Google Playstore,https://play.google.com/store/apps/details?id=cards.uni.app.credit&referrer=af_tranid%3Dn2LTNoFQT2DpspQybMv4rg
1286,,https://creditsaison.in/partnercontact,NBFC,Uni Cards:Next-gen cards & Paychek,Uniorbit Technologies Private Limited,Website,https://www.uni.cards/
1287,,https://creditsaison.in/partnercontact,NBFC,ZestMoney,Camden Town Technologies Pvt Ltd,Google Playstore,https://play.google.com/store/apps/details?id=in.zestmoney.android.zestlife&hl=en_IN
1288,,https://creditsaison.in/partnercontact,NBFC,ZestMoney,Camden Town Technologies Pvt Ltd,Website,https://www.zestmoney.in/
1289,KISGA LEASING & FINANCE PVT. LTD.,B4SALARY : Insta Personal Loan,NBFC,b4salary,KISGA LEASING AND FINANCE PRIVATE LIMITED,Google Play Store,https://play.google.com/store/apps/details?id=com.kisga.b4salary_app
1290,,B4SALARY : Insta Personal Loan,NBFC,b4salary,KISGA LEASING AND FINANCE PRIVATE LIMITED,Website,https://b4salary.com
1291,,https://scoreloan.app/,NBFC,ScoreLoan,Capora Fintech Private Limited (LSP),Google Play Store,https://play.google.com/store/apps/details?id=com.capora.scoreloan
1292,,https://scoreloan.app/,NBFC,ScoreLoan,Capora Fintech Private Limited (LSP),Ios,https://apps.apple.com/us/app/id6776628430
1293,,https://scoreloan.app/,NBFC,ScoreLoan,Capora Fintech Private Limited (LSP),Website,https://scoreloan.app/
1294,KISSANDHAN AGRI FINANCIAL SERVICES PRIVATE LIMITED,https://kissandhan.com/,NBFC,Rupeeplant,Kissandhan Agri Financial Services Private Limited,Website,https://rupeeplant.com/
1295,,https://kissandhan.com/,NBFC,The Cashero,Kissandhan Agri Financial Services Private Limited,Website,https://thecashero.com/
1296,KNAB FINANCE ADVISORS PRIVATE LIMITED,https://knabfinance.com/,NBFC,Fixofin,AMMO Digital LLP,Website,https://www.fixofin.com/
1297,KOMAC INVESTMENTS & FINANCE PVT. LTD.,https://kifpl.com/,NBFC,Freo,MWYN Tech Private Limited,Apple App Store,https://apps.apple.com/in/app/freo-upi-insurance-loans/id1588894115
1298,,https://kifpl.com/,NBFC,Freo,MWYN Tech Private Limited,Google Play Store,https://play.google.com/store/apps/details?id=com.moneytap.bnpl.app&listing=freo_oneapp_moneytap
1299,,https://kifpl.com/,NBFC,Freo,MWYN Tech Private Limited,IndusApp,https://www.indusappstore.com/apps/finance/freo/com.moneytap.bnpl.app/?page=details&id=com.moneytap.bnpl.app
1300,,https://kifpl.com/,NBFC,Freo,MWYN Tech Private Limited,Oppo App Store,oaps://mk/dt?pkg=com.moneytap.bnpl.app&style=1
1301,,https://kifpl.com/,NBFC,Freo,MWYN Tech Private Limited,Vivo Market,vivomarket://details?id=com.moneytap.bnpl.app
1302,,https://kifpl.com/,NBFC,Freo,MWYN Tech Private Limited,Website,www.freo.money
1303,,https://kifpl.com/,NBFC,IFHL,Daksfirst India Finance House Private Limited,Google Play Store,https://play.google.com/store/apps/details?id=com.ifhl
1304,,https://kifpl.com/,NBFC,MoneyTap,MWYN Tech Private Limited,Apple App Store,https://apps.apple.com/in/app/moneytap-is-now-freo-credit/id1374771286
1305,,https://kifpl.com/,NBFC,MoneyTap,MWYN Tech Private Limited,Google Play Store,https://play.google.com/store/apps/details?id=com.mycash.moneytap.app
1306,,https://kifpl.com/,NBFC,MoneyTap,MWYN Tech Private Limited,IndusApp,https://www.indusappstore.com/apps/finance/moneytap/com.mycash.moneytap.app/?page=details&id=com.mycash.moneytap.app
1307,,https://kifpl.com/,NBFC,MoneyTap,MWYN Tech Private Limited,Oppo App Store,oaps://mk/dt?pkg=com.mycash.moneytap.app&style=1
1308,,https://kifpl.com/,NBFC,MoneyTap,MWYN Tech Private Limited,Vivo Market,vivomarket://details?id=com.mycash.moneytap.app
1309,,https://kifpl.com/,NBFC,MoneyTap,MWYN Tech Private Limited,Website,www.moneytap.com
1310,,https://kifpl.com/,NBFC,NIRA,Shuhari tech ventures PVT LTD,Google Playstore,https://play.google.com/store/apps/details?id=com.nirafinance.customer
1311,KOTAK MAHINDRA BANK LTD.,https://www.kotak.com,BANK,Android - Kotak Bank 811 Mobile App,Kotak Mahindra Bank Limited (Self-owned),Google Play Store,https://play.google.com/store/apps/details?id=com.kotak811mobilebankingapp.instantsavingsupiscanandpayrecharge&hl=en_IN
1312,,https://www.kotak.com,BANK,Android - Kotak Bank (New),Kotak Mahindra Bank Limited (Self-owned),Google Play Store,https://play.google.com/store/apps/details?id=com.kotak.bank.mobile&hl=en_IN
1313,,https://www.kotak.com,BANK,Android -Kotak Bank (Old),Kotak Mahindra Bank Limited (Self-owned),Google Play Store,https://ktkbank.page.link/ANPLCC
1314,,https://www.kotak.com,BANK,Android -Kotak Bank (Old),Kotak Mahindra Bank Limited (Self-owned),Google Play Store,https://play.google.com/store/apps/details?id=com.msf.kbank.mobile&hl=en_IN
1315,,https://www.kotak.com,BANK,IOS - Kotak Bank: 811 Mobile App,Kotak Mahindra Bank Limited (Self-owned),IOS App store,https://apps.apple.com/in/app/kotak-bank-811-mobile-app/id6447808696
1316,,https://www.kotak.com,BANK,IOS - Kotak Bank (New),Kotak Mahindra Bank Limited (Self-owned),IOS App store,https://apps.apple.com/in/app/kotak-bank-new/id6471392908
1317,,https://www.kotak.com,BANK,IOS - Kotak Bank (Old),Kotak Mahindra Bank Limited (Self-owned),IOS App store,https://apps.apple.com/in/app/kotak-bank-old/id622363400
1318,,https://www.kotak.com,BANK,IOS - Kotak Bank (Old),Kotak Mahindra Bank Limited (Self-owned),IOS App store,https://ktkbank.page.link/ANPLCC
1319,,https://www.kotak.com,BANK,Kotak Net Banking,Kotak Mahindra Bank Limited (Self-owned),Website,https://netbanking.kotak.com/knb2/
1320,,https://www.kotak.com,BANK,Kotak PLCC Pre-login Page,Kotak Mahindra Bank Limited (Self-owned),Website,https://kapps.kotak.com/CCPreLogin/PLCC
1321,,https://www.kotak.com,BANK,Kotak PL Pre-Login Webpage,Kotak Mahindra Bank Limited (Self-owned),Website,https://kudosdigital.kotak.com/vivid/vividflow/run/personal_loan#Authentication
1322,,https://www.kotak.com,BANK,Kotak PL Pre-Login Webpage,Kotak Mahindra Bank Limited (Self-owned),Website,https://onboarding.kotak.com/pl/ETB-login?utm_campaign=SEO&utm_content=webpage&utm_medium=Website&utm_term=PAPQ&utm_source=Web
1323,KOTAK MAHINDRA PRIME LTD.,https://www.primeloans.kotak.com/,NBFC,KMPL DIY Loans for pre-approved customers,Self Owned - Kotak Mahindra Prime Limited,Customer Portal – Kotak Mahindra Prime Limited,https://kmpl.my.site.com/KotakSelfAssisted/s/
1324,KRAZYBEE SERVICES LIMITED (EARLIER KNOWN AS KRAZYBEE SERVICES PRIVATE LIMITED),https://www.kbnbfc.in/,NBFC,ABCD Aditya Birla Capital App,Aditya Birla Capital Digital Limited,Apple App store,https://apps.apple.com/in/app/abcd-aditya-birla-capital-app/id6477909524
1325,,https://www.kbnbfc.in/,NBFC,ABCD Aditya Birla Capital App,Aditya Birla Capital Digital Limited,Google Play store ,https://play.google.com/store/apps/details?id=com.adityabirlacapitaldigital.OneApp
1326,,https://www.kbnbfc.in/,NBFC,ABCD Aditya Birla Capital App,Aditya Birla Capital Digital Limited,Website,https://www.adityabirlacapital.com/abcd
1327,,https://www.kbnbfc.in/,NBFC,Airtel Thanks App,Xtelify Limited ,Apple App Store,https://apps.apple.com/in/app/airtel-thanks-recharge-bank/id543184334
1328,,https://www.kbnbfc.in/,NBFC,Airtel Thanks App,Xtelify Limited ,Google Play Store,https://play.google.com/store/apps/details?id=com.myairtelapp
1329,,https://www.kbnbfc.in/,NBFC,Airtel Thanks App,Xtelify Limited ,Website,https://www.airtel.in/airtel-thanks-app
1330,,https://www.kbnbfc.in/,NBFC,Angel One,Angel One Limited,Apple App Store,https://apps.apple.com/in/app/angel-one-stocks-mutual-fund/id1060530981
1331,,https://www.kbnbfc.in/,NBFC,Angel One,Angel One Limited,Google Play Store,https://play.google.com/store/apps/details?id=com.msf.angelmobile&hl=en_IN&gl=US
1332,,https://www.kbnbfc.in/,NBFC,Bajaj Finserv Market,Bajaj Markets Owned by Bajaj Finserv Direct Limited,Website,https://www.bajajfinservmarkets.in/
1333,,https://www.kbnbfc.in/,NBFC,Bajaj Finserv Markets Loan App,Bajaj Markets Owned by Bajaj Finserv Direct Limited,Apple App Store,https://apps.apple.com/in/app/bajaj-finserv-loans-upi-fd/id505454145
1334,,https://www.kbnbfc.in/,NBFC,Bajaj Finserv Markets Loan App,Bajaj Markets Owned by Bajaj Finserv Direct Limited,Google Play Store,https://play.google.com/store/apps/details?id=in.bajajfinservmarkets.app
1335,,https://www.kbnbfc.in/,NBFC,CRED,M/s Dreamplug Technologies Private Limited,Apple App Store ,https://apps.apple.com/in/app/cred-credit-cards-bills-upi/id1428580080
1336,,https://www.kbnbfc.in/,NBFC,CRED,M/s Dreamplug Technologies Private Limited,Google Play Store,https://play.google.com/store/apps/details?id=com.dreamplug.androidapp&amp;amp;hl=en_IN
1337,,https://www.kbnbfc.in/,NBFC,CreditFit,Creditmantri Finserve Private Limited,Google Play Store,https://play.google.com/store/apps/details?id=com.creditmantri&hl=en_IN
1338,,https://www.kbnbfc.in/,NBFC,CreditLinks,Asset Direct DBA Creditlinks India Private Limited,Website,https://l.creditlinks.in/
1339,,https://www.kbnbfc.in/,NBFC,CreditMantri,Creditmantri Finserve Private Limited,Website,https://www.creditmantri.com/
1340,,https://www.kbnbfc.in/,NBFC,Digital Lending Pages of PhonePe Lending on PhonePe Business: Merchant App,PhonePe Lending Services Private Limited ,Apple app store,https://apps.apple.com/in/app/phonepe-business-merchant-app/id1463742453
1341,,https://www.kbnbfc.in/,NBFC,Digital Lending Pages of PhonePe Lending on PhonePe Business: Merchant App,PhonePe Lending Services Private Limited ,Google Play store,https://play.google.com/store/apps/details?id=com.phonepe.app.business&pcampaignid=web_share
1342,,https://www.kbnbfc.in/,NBFC,Digital Lending Pages of PhonePe Lending on PhonePe Business: Merchant App,PhonePe Lending Services Private Limited ,Indus App Store,https://www.indusappstore.com/apps/finance/phonepe-business/com.phonepe.app.business?page=details&id=com.phonepe.app.business
1343,,https://www.kbnbfc.in/,NBFC,Digital Lending Pages of PhonePe Lending on PhonePe Business: Merchant App,PhonePe Lending Services Private Limited ,Website,https://www.phonepe.com/lending#merchant-lending
1344,,https://www.kbnbfc.in/,NBFC,Fibe,Social Worth Technologies Private Limited,Apple App Store,https://apps.apple.com/in/app/fibe-instant-personal-loan-app/id1094602630
1345,,https://www.kbnbfc.in/,NBFC,Fibe,Social Worth Technologies Private Limited,Google Play Store,https://play.google.com/store/apps/details?id=com.earlysalary.android
1346,,https://www.kbnbfc.in/,NBFC,Fibe,Social Worth Technologies Private Limited,Website,https://www.fibe.in/
1347,,https://www.kbnbfc.in/,NBFC,Indialends,GC Web Ventures Private Limited,Apple App Store,https://apps.apple.com/in/app/indialends-instant-loan-app/id1163514601
1348,,https://www.kbnbfc.in/,NBFC,Indialends,GC Web Ventures Private Limited,Google Play Store,https://play.google.com/store/apps/details?id=com.indialends.android&hl=en_IN
1349,,https://www.kbnbfc.in/,NBFC,Indialends,GC Web Ventures Private Limited,Website,https://indialends.com/
1350,,https://www.kbnbfc.in/,NBFC,Jio Finance Platform and Service Limited,Jio Finance Platform and Service Limited,Apple Appstore,https://apps.apple.com/in/app/jiofinance/id6469583963
1351,,https://www.kbnbfc.in/,NBFC,Jio Finance Platform and Service Limited,Jio Finance Platform and Service Limited,Google Playstore,https://play.google.com/store/apps/details?id=in.jfs.jiofinance&hl=en_IN
1352,,https://www.kbnbfc.in/,NBFC,Kreditbee,Finnovation Tech Solutions Private Limited,Apple App Store,https://apps.apple.com/in/app/easy-personal-loan-kreditbee/id1488736283
1353,,https://www.kbnbfc.in/,NBFC,Kreditbee,Finnovation Tech Solutions Private Limited,Google Play Store,https://play.google.com/store/apps/details?id=com.kreditbee.android
1354,,https://www.kbnbfc.in/,NBFC,Kreditbee,Finnovation Tech Solutions Private Limited,IndusApp,https://indusapp.store/9ip3i05q
1355,,https://www.kbnbfc.in/,NBFC,Kreditbee,Finnovation Tech Solutions Private Limited,Mi App Store,https://global.app.mi.com/details?lo=IN&la=en_US&id=com.kreditbee.android
1356,,https://www.kbnbfc.in/,NBFC,Kreditbee,Finnovation Tech Solutions Private Limited,Oppo App Store,oaps://mk/dt?pkg=com.kreditbee.android&style=1
1357,,https://www.kbnbfc.in/,NBFC,Kreditbee,Finnovation Tech Solutions Private Limited,Samsung App Store,https://apps.samsung.com/appquery/appDetail.as?appId=com.kreditbee.android
1358,,https://www.kbnbfc.in/,NBFC,Kreditbee,Finnovation Tech Solutions Private Limited,Vivo Market,vivomarket://details?id=com.kreditbee.android
1359,,https://www.kbnbfc.in/,NBFC,Kreditbee,Finnovation Tech Solutions Private Limited,Website,https://www.kreditbee.in/
1360,,https://www.kbnbfc.in/,NBFC,Kreditzy,Finnovation Tech Solutions Private Limited,Google Play store,https://play.google.com/store/apps/details?id=com.kreditzy.android
1361,,https://www.kbnbfc.in/,NBFC,Kreditzy,Finnovation Tech Solutions Private Limited,Website,https://www.kreditzy.com/
1362,,https://www.kbnbfc.in/,NBFC,Meesho Payments Private Limited,Meesho Payments Private Limited,Meesho Payments Private Limited,https://finance.mppl.meesho.com/index.html
1363,,https://www.kbnbfc.in/,NBFC,Mobikwik,One Mobikwik Systems Limited,Apple App Store,https://apps.apple.com/in/app/mobikwik-bhim-upi-wallet/id600002523
1364,,https://www.kbnbfc.in/,NBFC,Mobikwik,One Mobikwik Systems Limited,Google Play Store,https://play.google.com/store/apps/details?id=com.mobikwik_new
1365,,https://www.kbnbfc.in/,NBFC,Moneycontrol,Network18 Media & Investments Limited,Apple App store,https://apps.apple.com/in/app/moneycontrol-markets-news/id408654600
1366,,https://www.kbnbfc.in/,NBFC,Moneycontrol,Network18 Media & Investments Limited,Google Play store ,https://play.google.com/store/apps/details?id=com.divum.MoneyControl&amp;hl=en&amp;gl=US
1367,,https://www.kbnbfc.in/,NBFC,Moneycontrol,Network18 Media & Investments Limited,Website,https://www.moneycontrolpay.com/
1368,,https://www.kbnbfc.in/,NBFC,Paisabazaar,Paisabazaar Marketing And Consulting Pvt Ltd,Apple App Store,https://apps.apple.com/in/app/paisabazaar-com-loans-cards/id1029403201
1369,,https://www.kbnbfc.in/,NBFC,Paisabazaar,Paisabazaar Marketing And Consulting Pvt Ltd,Google Play Store,https://play.google.com/store/apps/details?id=com.paisabazaar&hl=en_IN&pli=1
1370,,https://www.kbnbfc.in/,NBFC,Paisabazaar,Paisabazaar Marketing And Consulting Pvt Ltd,Website,https://www.paisabazaar.com/
1371,,https://www.kbnbfc.in/,NBFC,PayTM,One 97 Communications Limited,Apple app store,https://apps.apple.com/in/app/paytm-for-business/id1351301966
1372,,https://www.kbnbfc.in/,NBFC,PayTM,One 97 Communications Limited,Apple app store,https://apps.apple.com/in/app/paytm/id473941634
1373,,https://www.kbnbfc.in/,NBFC,PayTM,One 97 Communications Limited,Google Play store,https://play.google.com/store/apps/details?id=com.paytm.business
1374,,https://www.kbnbfc.in/,NBFC,PayTM,One 97 Communications Limited,Google Play store,https://play.google.com/store/apps/details?id=net.one97.paytm
1375,,https://www.kbnbfc.in/,NBFC,PayTM,One 97 Communications Limited,Website,https://paytm.com/
1376,,https://www.kbnbfc.in/,NBFC,super.money,Scapic Innovations Private Limited,Apple app store,https://apps.apple.com/in/app/super-money/id6502597504
1377,,https://www.kbnbfc.in/,NBFC,super.money,Scapic Innovations Private Limited,Google Play store, https://play.google.com/store/apps/details?id=money.super.payments&hl=en_IN
1378,,https://www.kbnbfc.in/,NBFC,super.money (Lending pages of Flipkart online shopping App),Scapic Innovations Private Limited,Website,https://www.flipkart.com/sumo3p/pl/pages/journey?utm_source=Whatsapp&utm_campaign=ml_abnd 
1379,,https://www.kbnbfc.in/,NBFC,Tata Neu,Tata Digital Private Limited,Apple App Store,https://apps.apple.com/in/app/tata-neu-shop-travel-pay/id1584669293
1380,,https://www.kbnbfc.in/,NBFC,Tata Neu,Tata Digital Private Limited,Google Play Store,https://play.google.com/store/apps/details?id=com.tatadigital.tcp&gl=IN
1381,,https://www.kbnbfc.in/,NBFC,Tata Neu,Tata Digital Private Limited,Website,https://www.tataneu.com/
1382,KRAZYBEE SERVICES PRIVATE LIMITED,https://www.kbnbfc.in/,NBFC,ABCD Aditya Birla Capital App,Aditya Birla Capital Digital Limited,Apple App store,https://apps.apple.com/in/app/abcd-aditya-birla-capital-app/id6477909524
1383,,https://www.kbnbfc.in/,NBFC,ABCD Aditya Birla Capital App,Aditya Birla Capital Digital Limited,Google Play store ,https://play.google.com/store/apps/details?id=com.adityabirlacapitaldigital.OneApp
1384,,https://www.kbnbfc.in/,NBFC,ABCD Aditya Birla Capital App,Aditya Birla Capital Digital Limited,Website,https://www.adityabirlacapital.com/abcd
1385,,https://www.kbnbfc.in/,NBFC,Airtel Thanks App,Xtelify Limited (Formerly known as 'Airtel Digital Limited),Apple App Store,https://apps.apple.com/in/app/airtel-thanks-recharge-bank/id543184334
1386,,https://www.kbnbfc.in/,NBFC,Airtel Thanks App,Xtelify Limited (Formerly known as 'Airtel Digital Limited),Google Play Store,https://play.google.com/store/apps/details?id=com.myairtelapp
1387,,https://www.kbnbfc.in/,NBFC,Airtel Thanks App,Xtelify Limited (Formerly known as 'Airtel Digital Limited),Website,https://www.airtel.in/airtel-thanks-app
1388,,https://www.kbnbfc.in/,NBFC,Angel One,Angel One Limited,Apple App Store,https://apps.apple.com/in/app/angel-one-stocks-mutual-fund/id1060530981
1389,,https://www.kbnbfc.in/,NBFC,Angel One,Angel One Limited,Google Play Store,https://play.google.com/store/apps/details?id=com.msf.angelmobile&hl=en_IN&gl=US
1390,,https://www.kbnbfc.in/,NBFC,Bajaj Finserv Market,Bajaj Markets Owned by Bajaj Finserv Direct Limited,Website,https://www.bajajfinservmarkets.in/
1391,,https://www.kbnbfc.in/,NBFC,Bajaj Finserv Markets Loan App,Bajaj Markets Owned by Bajaj Finserv Direct Limited,Apple App Store,https://apps.apple.com/in/app/bajaj-finserv-loans-upi-fd/id505454145
1392,,https://www.kbnbfc.in/,NBFC,Bajaj Finserv Markets Loan App,Bajaj Markets Owned by Bajaj Finserv Direct Limited,Google Play Store,https://play.google.com/store/apps/details?id=in.bajajfinservmarkets.app
1393,,https://www.kbnbfc.in/,NBFC,CreditFit,Creditmantri Finserve Private Limited,Google Play Store,https://play.google.com/store/apps/details?id=com.creditmantri&hl=en_IN
1394,,https://www.kbnbfc.in/,NBFC,CreditMantri,Creditmantri Finserve Private Limited,Website,https://www.creditmantri.com/
1395,,https://www.kbnbfc.in/,NBFC,Fibe,Social Worth Technologies Private Limited,Apple App Store,https://apps.apple.com/in/app/fibe-instant-personal-loan-app/id1094602630
1396,,https://www.kbnbfc.in/,NBFC,Fibe,Social Worth Technologies Private Limited,Google Play Store,https://play.google.com/store/apps/details?id=com.earlysalary.android
1397,,https://www.kbnbfc.in/,NBFC,Fibe,Social Worth Technologies Private Limited,Website,https://www.fibe.in/
1398,,https://www.kbnbfc.in/,NBFC,Indialends,GC Web Ventures Private Limited,Apple App Store,https://apps.apple.com/in/app/indialends-instant-loan-app/id1163514601
1399,,https://www.kbnbfc.in/,NBFC,Indialends,GC Web Ventures Private Limited,Google Play Store,https://play.google.com/store/apps/details?id=com.indialends.android&hl=en_IN
1400,,https://www.kbnbfc.in/,NBFC,Indialends,GC Web Ventures Private Limited,Website,https://indialends.com/
1401,,https://www.kbnbfc.in/,NBFC,Kreditbee,Finnovation Tech Solutions Private Limited,Apple App Store,https://apps.apple.com/in/app/easy-personal-loan-kreditbee/id1488736283
1402,,https://www.kbnbfc.in/,NBFC,Kreditbee,Finnovation Tech Solutions Private Limited,Google Play Store,https://play.google.com/store/apps/details?id=com.kreditbee.android
1403,,https://www.kbnbfc.in/,NBFC,Kreditbee,Finnovation Tech Solutions Private Limited,IndusApp,https://indusapp.store/9ip3i05q
1404,,https://www.kbnbfc.in/,NBFC,Kreditbee,Finnovation Tech Solutions Private Limited,Mi App Store,https://global.app.mi.com/details?lo=IN&la=en_US&id=com.kreditbee.android
1405,,https://www.kbnbfc.in/,NBFC,Kreditbee,Finnovation Tech Solutions Private Limited,Oppo App Store,oaps://mk/dt?pkg=com.kreditbee.android&style=1
1406,,https://www.kbnbfc.in/,NBFC,Kreditbee,Finnovation Tech Solutions Private Limited,Samsung App Store,https://apps.samsung.com/appquery/appDetail.as?appId=com.kreditbee.android
1407,,https://www.kbnbfc.in/,NBFC,Kreditbee,Finnovation Tech Solutions Private Limited,Vivo Market,vivomarket://details?id=com.kreditbee.android
1408,,https://www.kbnbfc.in/,NBFC,Kreditbee,Finnovation Tech Solutions Private Limited,Website,https://www.kreditbee.in/
1409,,https://www.kbnbfc.in/,NBFC,Kreditzy,Finnovation Tech Solutions Private Limited,Google Play store,https://play.google.com/store/apps/details?id=com.kreditzy.android
1410,,https://www.kbnbfc.in/,NBFC,Kreditzy,Finnovation Tech Solutions Private Limited,Website,https://www.kreditzy.com/
1411,,https://www.kbnbfc.in/,NBFC,Mobikwik,One Mobikwik Systems Limited,Apple App Store,https://apps.apple.com/in/app/mobikwik-bhim-upi-wallet/id600002523
1412,,https://www.kbnbfc.in/,NBFC,Mobikwik,One Mobikwik Systems Limited,Google Play Store,https://play.google.com/store/apps/details?id=com.mobikwik_new
1413,,https://www.kbnbfc.in/,NBFC,Moneycontrol,Network18 Media & Investments Limited,Apple App store,https://apps.apple.com/in/app/moneycontrol-markets-news/id408654600
1414,,https://www.kbnbfc.in/,NBFC,Moneycontrol,Network18 Media & Investments Limited,Google Play store ,https://play.google.com/store/apps/details?id=com.divum.MoneyControl&amp;hl=en&amp;gl=US
1415,,https://www.kbnbfc.in/,NBFC,Moneycontrol,Network18 Media & Investments Limited,Website,https://www.moneycontrolpay.com/
1416,,https://www.kbnbfc.in/,NBFC,Paisabazaar,Paisabazaar Marketing And Consulting Pvt Ltd,Apple App Store,https://apps.apple.com/in/app/paisabazaar-com-loans-cards/id1029403201
1417,,https://www.kbnbfc.in/,NBFC,Paisabazaar,Paisabazaar Marketing And Consulting Pvt Ltd,Google Play Store,https://play.google.com/store/apps/details?id=com.paisabazaar&hl=en_IN&pli=1
1418,,https://www.kbnbfc.in/,NBFC,Paisabazaar,Paisabazaar Marketing And Consulting Pvt Ltd,Website,https://www.paisabazaar.com/
1419,,https://www.kbnbfc.in/,NBFC,PayTM,One 97 Communications Limited,Apple app store,https://apps.apple.com/in/app/paytm-for-business/id1351301966
1420,,https://www.kbnbfc.in/,NBFC,PayTM,One 97 Communications Limited,Apple app store,https://apps.apple.com/in/app/paytm/id473941634
1421,,https://www.kbnbfc.in/,NBFC,PayTM,One 97 Communications Limited,Google Play store,https://play.google.com/store/apps/details?id=com.paytm.business
1422,,https://www.kbnbfc.in/,NBFC,PayTM,One 97 Communications Limited,Google Play store,https://play.google.com/store/apps/details?id=net.one97.paytm
1423,,https://www.kbnbfc.in/,NBFC,PayTM,One 97 Communications Limited,Website,https://paytm.com/
1424,,https://www.kbnbfc.in/,NBFC,Tata Neu,Tata Digital Private Limited,Apple App Store,https://apps.apple.com/in/app/tata-neu-shop-travel-pay/id1584669293
1425,,https://www.kbnbfc.in/,NBFC,Tata Neu,Tata Digital Private Limited,Google Play Store,https://play.google.com/store/apps/details?id=com.tatadigital.tcp&gl=IN
1426,,https://www.kbnbfc.in/,NBFC,Tata Neu,Tata Digital Private Limited,Website,https://www.tataneu.com/
1427,KREON FINNANCIAL SERVICES LIMITED,www.kreon.in,NBFC,StuCred,Kreon Finnancial Services Limited,"Google Playstore, Apple Store",https://play.google.com/store/apps/details?id=com.kreon.stucred&referrer=adjust_reftag%3DcrEWhGV264ysL%26utm_source%3DWebsite%2BStucred&pli=1
1428,KUBIZ CAPITAL PRIVATE LIMITED(PREVIOUSLY QUEST FINLEASE PRIVATE LIMITED),https://kubiz.in/,NBFC,"Kubiz: Loan App, Instant Cash",Self Owned,Google Playstore,https://play.google.com/store/apps/details?id=in.kubiz.app
1429,KUMBHAT FINANCIAL SERVICES LIMITED,https://kumbhatfinancialserviceslimited.com/,NBFC,Oro Money,Orocorp Technologies Pvt ltd ,Android Playstore,https://play.google.com/store/apps/details?id=in.orocorp.customer
1430,,https://kumbhatfinancialserviceslimited.com/,NBFC,Oro Money,Orocorp Technologies Pvt ltd ,IOS Appstore ,https://apps.apple.com/in/app/oro-money-gold-loans-at-home/id1551316636
1431,KUSHAL FINNOVATION CAPITAL PRIVATE LIMITED,https://www.kfcpl.co.in/,NBFC,Bharat Khata,GREENIZON AGRITECH CONSULTANCY PRIVATE LIMITED,Google Play Store,https://play.google.com/store/apps/details?id=com.bharatkhata.erp&hl=en_IN
1432,LABHKARI FINCAP PVT.LTD.,https://www.dezireloan.com/,NBFC,DEZIRELOAN,LABHKARI FINCAP PRIVATE LIMITED,YES,https://www.dezireloan.com/
1433,LAKME INVESTMENT & FINANCE LTD,lakmefinance.com,NBFC,GetitNow, KAPIITAL KAPSLOCK PRIVATE LIMITED,https://play.google.com/store/apps/details?id=com.kapiital.getitnow,https://play.google.com/store/apps/details?id=com.kapiital.getitnow
1434,LAXMI INFIN (P) LTD.,No website of RE,NBFC,Naukri Loans,FINTECH CLOUD PRIVATE LIMITED,Website,https://naukriloans.com/
1435,LENDINGKART FINANCE LIMITED (FORMERLY AADRI INFIN LIMITED),www.lendingkart.com,NBFC,Bajaj Finserv,BAJAJ FINSERV DIRECT LIMITED -BFDL,Website,https://www.bajajfinservmarkets.in/
1436,,www.lendingkart.com,NBFC,Bajaj Markets,BAJAJ FINSERV DIRECT LIMITED -BFDL,Android,?https://play.google.com/store/apps/details?id=in.bajajfinservmarkets.app
1437,,www.lendingkart.com,NBFC,Bajaj Markets,BAJAJ FINSERV DIRECT LIMITED -BFDL,IOS,https://apps.apple.com/in/app/bajaj-finserv-loans-upi-fd/id505454145
1438,,www.lendingkart.com,NBFC,Buddyloan,BVALUE SERVICES PRIVATE LIMITED -Buddyloan,Android,https://play.google.com/store/apps/details?id=com.buddyloan.vls
1439,,www.lendingkart.com,NBFC,Buddyloan,BVALUE SERVICES PRIVATE LIMITED -Buddyloan,IOS,https://apps.apple.com/in/app/buddy-loan-personal-loan/id1552911697
1440,,www.lendingkart.com,NBFC,Buddyloan,BVALUE SERVICES PRIVATE LIMITED -Buddyloan,Website,https://www.buddyloan.com/?utm_source=Google&utm_medium=GMB&utm_campaign=BL
1441,,www.lendingkart.com,NBFC,CreditLinks,Asset Direct DBA CreditLinks India Pvt ltd,Website,https://www.creditlinks.in/
1442,,www.lendingkart.com,NBFC,Faircent,FTIPL PAYMENTS AND MARKETING TECH PRIVATE LIMITED- Faircent,Website,www.faircentpro.com
1443,,www.lendingkart.com,NBFC,Finlab,BYND FINSERVE PRIVATE LIMITED ,Website,https://finlab.one/
1444,,www.lendingkart.com,NBFC,FLEXILOANS,EPIMONEY PRIVATE LIMITED -Flexiloans,Website,https://flexiloans.com/
1445,,www.lendingkart.com,NBFC,ftcash,Nomisma Mobile Solutions Pvt. Ltd. -FTCASH,Website,https://www.ftcash.com/
1446,,www.lendingkart.com,NBFC,Kruxfinance,Raganan technologies private limited ,Website,https://www.kruxfinance.com/
1447,,www.lendingkart.com,NBFC,Lendingkart Android Mobile App,Self-owned,Android,https://play.google.com/store/apps/details?id=com.LendingKart&hl=en_IN&pli=1
1448,,www.lendingkart.com,NBFC,Lendingkart Finance Limited,Self-owned,Website,https://www.lendingkart.com/
1449,,www.lendingkart.com,NBFC,Minutesbazaar,MINUTES BAZAAR PRIVATE LIMITED,Website,https://www.minutesbazaar.com/
1450,,www.lendingkart.com,NBFC,Paisabazaar,PAISABAZAAR MARKETING AND CONSULTING PVT LTD -Paisabazaar,Website,https://www.paisabazaar.com/
1451,,www.lendingkart.com,NBFC,paisabazaar.com,PAISABAZAAR MARKETING AND CONSULTING PVT LTD -Paisabazaar,IOS,https://apps.apple.com/in/app/paisabazaar-com-loans-cards/id1029403201
1452,,www.lendingkart.com,NBFC,"Pb-CreditScore, CreditCard, Loans",PAISABAZAAR MARKETING AND CONSULTING PVT LTD -Paisabazaar,Android,https://play.google.com/store/apps/details?id=com.paisabazaar
1453,,www.lendingkart.com,NBFC,Tide,Tide Platform Private Limited -Tide,Android,https://play.google.com/store/apps/details?id=co.tide.tideplatform.in&hl=en_IN&pli=1
1454,,www.lendingkart.com,NBFC,Tide,Tide Platform Private Limited -Tide,IOS,https://apps.apple.com/in/app/tide-business-india/id1633218149
1455,,www.lendingkart.com,NBFC,Tide,Tide Platform Private Limited -Tide,Website,https://www.tide.co/en-IN/
1456,,www.lendingkart.com,NBFC,Upwards,Self-owned,Android,https://play.google.com/store/apps/details?id=com.goupwards&hl=en_IN&pli=1
1457,,www.lendingkart.com,NBFC,Upwards,Self-owned,Website,https://upwards.in/
1458,,www.lendingkart.com,NBFC,Walkfin,WALKFIN FINANCING SERVICES PRIVATE LIMITED,Website,https://walkfin.com/
1459,LIGHT MICRO FINANCE PRIVATE LIMITED,https://gromor.in/,NBFC,GLAAS,Gromor Finance Private Limited,Website,https://gromor.in/
1460,,https://lightfinance.com,NBFC,Aspire Fintech Private Limited ,Aspire Fintech Private Limited,Website,https://apply.letsaspire.in/
1461,,https://lightfinance.com,NBFC,Ippopay for Stores,Ippopay Technologies Pvt Ltd,Apple App Store,https://apps.apple.com/in/app/ippopay-for-stores/id6465133694
1462,,https://lightfinance.com,NBFC,IppoPay for Stores,Ippopay Technologies Pvt Ltd,Google Play Store,https://play.google.com/store/apps/details?id=com.ippopay.store
1463,,https://lightfinance.com,NBFC,LightMoneyIN,Self owned (Light Microfinance Pvt Ltd),Google Play Store,https://play.google.com/store/apps/details?id=com.lmfcustomermobileapp&pcampaignid=web_share 
1464,,https://lightfinance.com,NBFC,Pay1 Merchant,Mindsarray Network Private Limited,Google Play Store,https://play.google.com/store/apps/details?id=com.mindsarray.pay1
1465,,https://nfcpl.in/,NBFC,Kosh Loan,Adhikosh Financial Advisory Private Limited,Google Play Store,https://play.google.com/store/apps/details?id=com.kosh
1466,LIONLENDER FINANCE PRIVATE LIMITED,https://lionlender.in/,NBFC,Lionlender-Loan App,Lionlender Finance Private Limited,Apple App Store ,https://lionlender.in/
1467,,https://lionlender.in/,NBFC,Lionlender-Loan App,Lionlender Finance Private Limited,Google Play Store ,https://lionlender.in/
1468,LOAN2GROW FINCAP PRIVATE LIMITED,https://www.l2gfincap.in/,NBFC,Jahtpat Cash,Loan2grow Fincap Private Limited,Website,https://jhatpatcash.com/
1469,,https://www.l2gfincap.in/,NBFC,L2G One,Loan2grow Fincap Private Limited,Google Play Store,https://play.google.com/store/apps/details?id=com.l2gfincap.app
1470,,https://www.l2gfincap.in/,NBFC,Learnitya,Loan2grow Fincap Private Limited,Website,www.learnitya.com
1471,,https://www.l2gfincap.in/,NBFC,Rupee Yatra,Loan2grow Fincap Private Limited,Website,www.rupeeyatra.com
1472,LOANTAP CREDIT PRODUCTS PRIVATE LIMITED,https://loantapcredit.loantap.in/,NBFC,Loantap,LoanTap Financial Technologies Pvt. Ltd. (LSP on behalf of LoanTap Credit Products Pvt. Ltd. – NBFC),Apple App Store,https://apps.apple.com/in/app/loantap/id1461444558
1473,,https://loantapcredit.loantap.in/,NBFC,Loantap,LoanTap Financial Technologies Pvt. Ltd. (LSP on behalf of LoanTap Credit Products Pvt. Ltd. – NBFC),Website,https://loantap.in/
1474,,https://loantapcredit.loantap.in/,NBFC,Loantap - Personal Loan App,LoanTap Financial Technologies Pvt. Ltd. (LSP on behalf of LoanTap Credit Products Pvt. Ltd. – NBFC),Google Play store,https://play.google.com/store/apps/details?id=in.loantap.app
1475,LOK SUVIDHA FINANCE LTD,https://loksuvidha.com,NBFC,LokSuvidha,Lok Suvidha Finance Limited,Google Play Store,https://play.google.com/store/apps/details?id=com.loksuvidha.loksuvidhaconsumerapp
1476,"LORD KRISHNA FINANCIAL SERVICES LTD,",https://www.prestloans.com/,NBFC,Finz fintech,Finz Fintech Private limited,Website,https://finz.club
1477,,https://www.prestloans.com/,NBFC,i2i Funding,RNVP Technology Pvt Ltd,Website,https://www.i2ifunding.com
1478,,https://www.prestloans.com/,NBFC,RupyMart,Rupymart Tech Private Limited,Website,https://rupymart.com
1479,,https://www.prestloans.com/,NBFC,RupyNow,VARV Technology Private Limited,Website,https://rupinow.com
1480,LTCV CREDIT PRIVATE LIMITED,https://ltcv.credit,NBFC,Equall,LTCV Credit Private Limited,Website and Google Play Store,"""Google Play Store : https://play.google.com/store/apps/details?id=in.co.equall&hl=en Website : https://www.equall.co.in/"""
1481,,https://ltcv.credit,NBFC,Finance Buddha,Finbud Financial Services Limited,Website,https://www.financebuddha.com/
1482,L&T FINANCE LIMITED (FORMERLY L&T FINANCE HOLDINGS LIMITED),https://www.ltfinance.com/,NBFC,Airtel App,Xtelify Limited,App Store,https://apps.apple.com/in/app/airtel-thanks-recharge-bank/id543184334
1483,,https://www.ltfinance.com/,NBFC,Airtel App,Xtelify Limited,Play Store,https://play.google.com/store/apps/details?id=com.myairtelapp
1484,,https://www.ltfinance.com/,NBFC,Amazon,Amazon Finance India Private Limited,App Store,https://apps.apple.com/in/app/amazon-india-shop-pay-minitv/id1478350915
1485,,https://www.ltfinance.com/,NBFC,Amazon,Amazon Finance India Private Limited,Play Store,https://play.google.com/store/apps/details?id=in.amazon.mShop.android.shopping
1486,,https://www.ltfinance.com/,NBFC,Bajajfinservmarkets,Bajaj Finserv Direct Limited,Website,https://www.bajajfinservmarkets.in/personal-loan
1487,,https://www.ltfinance.com/,NBFC,Billcut,Billplan Fintech Private Limited,Website,https://www.billcut.com/
1488,,https://www.ltfinance.com/,NBFC,Cred,Dreamplug Technologies Private Limited,App Store,https://apps.apple.com/in/app/cred-credit-cards-payments/id1428580080
1489,,https://www.ltfinance.com/,NBFC,Cred,Dreamplug Technologies Private Limited,Play Store,https://play.google.com/store/apps/details?id=com.dreamplug.androidapp
1490,,https://www.ltfinance.com/,NBFC,CreditFit,CreditMantri Finserve Private Limited,Play Store,https://play.google.com/store/apps/details?id=com.creditmantri&hl=en_IN&pli=1
1491,,https://www.ltfinance.com/,NBFC,CreditFit,CreditMantri Finserve Private Limited,Website,https://www.creditmantri.com/
1492,,https://www.ltfinance.com/,NBFC,Financebuddha,Finbud Financial Services Limited,Website,https://www.financebuddha.com/
1493,,https://www.ltfinance.com/,NBFC,Google Pay,Google India Digital Services Private Limited,App Store,https://apps.apple.com/in/app/google-pay-save-pay-manage/id1193357041
1494,,https://www.ltfinance.com/,NBFC,Google Pay,Google India Digital Services Private Limited,Play Store,https://play.google.com/store/apps/details?id=com.google.android.apps.nbu.paisa.user&hl=en_IN
1495,,https://www.ltfinance.com/,NBFC,IndiaLends,GC Web Ventures Private Limited,Play Store,https://play.google.com/store/apps/details?id=com.indialends.android&hl=en_IN
1496,,https://www.ltfinance.com/,NBFC,IndiaLends,GC Web Ventures Private Limited,Website,https://indialends.com/personal-loan
1497,,https://www.ltfinance.com/,NBFC,IndiaLends - Instant Loan App,GC Web Ventures Private Limited,App Store,https://apps.apple.com/us/app/indialends-instant-loan-app/id1163514601
1498,,https://www.ltfinance.com/,NBFC,INDmoney,Finzoomers Services Private Limited,App Store,https://apps.apple.com/in/app/indmoney-indian-us-stocks/id1450178837
1499,,https://www.ltfinance.com/,NBFC,INDmoney,Finzoomers Services Private Limited,Play Store,https://play.google.com/store/apps/details?id=in.indwealth&hl=en_IN
1500,,https://www.ltfinance.com/,NBFC,INDmoney,Finzoomers Services Private Limited,Website,https://www.indmoney.com/
1501,,https://www.ltfinance.com/,NBFC,L&T Finance - Personal Loans,L&T Finance Limited,Website,https://www.ltfinance.com/personal-loan
1502,,https://www.ltfinance.com/,NBFC,L&T Finance PLANET  (Servicing app and redirection to Personal Loan web journey),L&T Finance Limited,App Store,https://apps.apple.com/in/app/l-t-finance-planet-loan-app/id1612832519
1503,,https://www.ltfinance.com/,NBFC,L&T Finance PLANET  (Servicing app and redirection to Personal Loan web journey),L&T Finance Limited,Play Store,https://play.google.com/store/apps/details?id=com.ltfs.d2c
1504,,https://www.ltfinance.com/,NBFC,MobiKwik,One MobiKwik Systems Limited,App Store,https://apps.apple.com/in/app/mobikwik-bhim-upi-wallet/id600002523
1505,,https://www.ltfinance.com/,NBFC,MobiKwik,One MobiKwik Systems Limited,Play Store,https://play.google.com/store/apps/details?id=com.mobikwik_new&hl=en_IN&gl=IN&pli=1
1506,,https://www.ltfinance.com/,NBFC,Moneycontrol - Markets & News,Moneycontrol Dot Com India Limited,App Store,https://apps.apple.com/in/app/moneycontrol-markets-news/id408654600
1507,,https://www.ltfinance.com/,NBFC,Moneycontrolpay,Moneycontrol Dot Com India Limited,Website,https://www.moneycontrolpay.com/
1508,,https://www.ltfinance.com/,NBFC,Moneycontrol-Share Market News,Moneycontrol Dot Com India Limited,Play Store,https://play.google.com/store/apps/details?id=com.divum.MoneyControl&hl=en_IN
1509,,https://www.ltfinance.com/,NBFC,MyMoneyMantra,MyMoneyMantra Fintech Private Limited,Play Store,https://play.google.com/store/apps/details?id=com.mymoneymantra.customer.app&hl=en_IN
1510,,https://www.ltfinance.com/,NBFC,MyMoneyMantra,MyMoneyMantra Fintech Private Limited,Website,https://www.mymoneymantra.com/personal-loans
1511,,https://www.ltfinance.com/,NBFC,MyMoneyMantra: Loans & Cards,MyMoneyMantra Fintech Private Limited,App Store,https://apps.apple.com/in/app/mymoneymantra-loans-cards/id1568452714
1512,,https://www.ltfinance.com/,NBFC,Paisa Bazaar,Paisabazaar Marketing and Consulting Private Limited,Play Store,https://play.google.com/store/apps/details?id=com.paisabazaar&hl=en_IN
1513,,https://www.ltfinance.com/,NBFC,Paisa Bazaar,Paisabazaar Marketing and Consulting Private Limited,Website,https://www.paisabazaar.com/personal-loan/
1514,,https://www.ltfinance.com/,NBFC,Paisabazaar.com,Paisabazaar Marketing and Consulting Private Limited,App Store,https://apps.apple.com/in/app/paisabazaar-com-loans-cards/id1029403201
1515,,https://www.ltfinance.com/,NBFC,Phonepe,PhonePe Lending Services Private Limited,Apple App Store,https://apps.apple.com/in/app/phonepe-secure-payments-app/id1170055821
1516,,https://www.ltfinance.com/,NBFC,Phonepe,PhonePe Lending Services Private Limited,Google Play Store,https://play.google.com/store/apps/details?id=com.phonepe.app&hl=en_IN&pli=1
1517,,https://www.ltfinance.com/,NBFC,Phonepe,PhonePe Lending Services Private Limited,Indus App Store ,https://www.indusappstore.com/apps/finance/phonepe/com.phonepe.app/?page=details&id=com.phonepe.app
1518,,https://www.ltfinance.com/,NBFC,Super Money,Scapic Innovations Private Limited,Website,https://www.flipkart.com/sumo-3p/pl/pages/journey?utm_source=External_Marketing&utm_campaign=LTFS
1519,,https://www.ltfinance.com/,NBFC,Upswing,Upswing Financial Technologies Private Limited,Website,https://www.upswing.one/
1520,,https://www.ltfinance.com/,NBFC,Urban Money Partner,Urban Money Private Limited,Website,https://www.urbanmoney.com/become-a-partner
1521,LUCKY HOLDINGS  PVT.  LTD.,https://www.lucky-hold.com,NBFC,MudraFast Cash-Personal Loan,Self-owned,Google Play Store,https://www.lucky-hold.com
1522,,https://www.lucky-hold.com,NBFC,ShubhLoan-Personal Loan App,Self-owned,Google Play Store,https://play.google.com/store/apps/details?id=com.shubewzgty.werbfys.rtuca
1523,,https://www.lucky-hold.com,NBFC,VegaCash: Personal Loan ,Self-owned,Google Play Store,https://play.google.com/store/apps/details?id=com.vegacash.erscsa.czzditwad
1524,LULU FINANCIAL SERVICES (INDIA) PRIVATE LIMITED,www.lulufinserv.com,NBFC,ezee,ezee.ai(EPIKInDiFi software & solutions private limited. Digital Lending Technology Provider,Not available ,https://lulufinserv-lend.ezeefin.in
1525,MADHUR INSTALMENTS PRIVATE LIMITED,www.madhurfinserve.com,NBFC,Lenditt,Lenditt Innovations & Technologies Pvt. Ltd,Apple App Store,https://apps.apple.com/in/app/lenditt-personal-loan-app/id1577363656
1526,,www.madhurfinserve.com,NBFC,Lenditt,Lenditt Innovations & Technologies Pvt. Ltd,Google Play Store,https://play.google.com/store/apps/details?id=com.fintech.lenditt&hl=en_IN
1527,MAHAN INDUSTRIES LIMITED,https://www.mahan.co.in/,NBFC,Credit Mines,Self Owned,Google Play Store,https://play.google.com/store/apps/details?id=com.creditmines&pcampaignid=web_share
1528,,https://www.mahan.co.in/,NBFC,Credit Mines,Self Owned,Website,https://creditmines.com/
1529,MAHASHAKTI FINANCIERS LTD,https://www.sabkaloan.com/,NBFC,Sabka Loan,MAHASHAKTI FINANCIERS LTD,"Available on Play Store, App Store and Website",https://www.sabkaloan.com/
1530,MAHAUTKARSH SECURITIES & FINANCE PVT. LTD,https://kishtope.com/,NBFC,MAHAUTKARSH SECURITIES & FINANCE PVT. LTD,Roopya Technologies Pvt. Ltd.,Website ,https://kishtope.roopya.money/customer/personal_loan/a102c2979ef7039791d2f71ea3a0027537b8259092009f9d731bd22d77e8e55b/3c22939925bcfdb9fcf21a95c6f39a82eb38c67dbbeceb06f61065508f1b667c
1531,,https://kishtope.com/,NBFC,MAHAUTKARSH SECURITIES & FINANCE PVT. LTD,self Owned,Google Playstore,https://kishtope.com/apply-loan
1532,MAHAVIRA FINLEASE LIMITED,https://mahavirafinlease.com/,NBFC,Credit4Sure Pro,Self-owned,"Playstore, AppStore, Website",https://play.google.com/store/search?q=Credit4Sure&c=apps&hl=en_IN
1533,,https://mahavirafinlease.com/,NBFC,PlanMate Loan EMI Calculator,Self-owned,Playstore,https://play.google.com/store/apps/details?id=com.planmate.calc&hl=en_IN
1534,MAHINDRA & MAHINDRA FINANCIAL SERVICES LTD,https://www.mahindrafinance.com/,NBFC,Customer Portal,Self-Owned,Website,https://customer.mahindrafinance.com/
1535,,https://www.mahindrafinance.com/,NBFC,Mahindra Finance,Self-Owned,Apple Store,https://apps.apple.com/in/app/mahindra-finance/id1460356152
1536,,https://www.mahindrafinance.com/,NBFC,Mahindra Finance: Loans & FD,Self-Owned,Google Play store,https://play.google.com/store/apps/details?id=com.mf.app&hl=en_IN
1537,,https://www.mahindrafinance.com/,NBFC,Personal Loan,Self-Owned,Weblink,https://mahindrapl.sodelsolutions.com/salpl_login
1538,,https://www.mahindrafinance.com/,NBFC,Personal Loan,Self-Owned,Weblink,https://personalloan.mahindrafinance.com/j2/login
1539,,https://www.mahindrafinance.com/,NBFC,Personal Loan,Self-Owned,Weblink,https://personalloan.mahindrafinance.com/j3/epl_login
1540,,https://www.mahindrafinance.com/,NBFC,Personal Loan,Self-Owned,Weblink,https://suvidha.mahindrafinance.com/home/secured/authenticate
1541,MANAPPURAM FINANCE LIMITED,https://www.manappuram.com,NBFC,1,Self Owned,Google Play Store,https://play.google.com/store/apps/details?id=com.manappuram.ogl
1542,,https://www.manappuram.com,NBFC,2,Self Owned,Google Play Store,https://play.google.com/store/apps/details?id=com.mgc.og
1543,,https://www.manappuram.com,NBFC,3,Self Owned,Google Play Store,https://play.google.com/store/apps/details?id=com.interstellarz.personalloanapp
1544,,https://www.manappuram.com,NBFC,4,Self Owned,IOS App Store,https://apps.apple.com/in/app/ogl-main/id6463603398
1545,,https://www.manappuram.com,NBFC,5,Self Owned,IOS App Store,https://apps.apple.com/in/app/manappuram-ogl-lite/id1459343168
1546,MANGAL CREDIT AND FINCORP LIMITED,https://www.mangalfincorp.com/index.aspx,NBFC,MCFL Loans,Self-owned,Google Play store,https://play.google.com/store/apps/details?id=com.mangalgoldloan
1547,MANIPAL FINCAP PRIVATE LIMITED (EARLIER KNOWN AS SIMPLEPAY FINANCE PRIVATE LIMITED),www.manipalfincap.com,NBFC,Manipal Fincap - Loan App,Self Owned,New App/ NA^,NA
1548,MAPLE MERCANTILE PVT LTD,https://maplemercantile.in/,NBFC,Quikkred Connect,FLUXUSFORGE (Self-owned)),Play Store (Quikkred Connect)),https://play.google.com/store/apps/details?id=com.b2bapp.app
1549,MAS FINANCIAL SERVICES LIMITED,https://eduvanz.com,NBFC,?Eduvanz – Quick Education Loan,Eduvanz Financing Privat Limited,Play Store,https://play.google.com/store/apps/details?id=com.eduvanzapplication
1550,,https://eduvanz.com,NBFC,?Eduvanz – Quick Education Loan,Eduvanz Financing Privat Limited,Website,https://eduvanz.com/login
1551,,https://loantap.in,NBFC,Loantap - Personal Loan App & Ltcash,Loantap Credit product private Limited,App,https://loantap.in/download-app/
1552,,https://loantap.in,NBFC,Loantap - Personal Loan App & Ltcash,Loantap Credit product private Limited,Apple Store,https://apps.apple.com/in/app/loantap/id1461444558
1553,,https://loantap.in,NBFC,Loantap - Personal Loan App & Ltcash,Loantap Credit product private Limited,Website,https://loantap.in/partner-web/login/
1554,,https://mas.co.in/,NBFC,Kreditbee,Finnovation Tech Solutions Private Limited,App,https://apps.apple.com/in/app/easy-personal-loan-kreditbee/id1488736283
1555,,https://mas.co.in/,NBFC,Kreditbee,Finnovation Tech Solutions Private Limited,App,https://apps.samsung.com/appquery/appDetail.as?appId=com.kreditbee.android
1556,,https://mas.co.in/,NBFC,Kreditbee,Finnovation Tech Solutions Private Limited,App,https://global.app.mi.com/details?lo=IN&la=en_US&id=com.kreditbee.android
1557,,https://mas.co.in/,NBFC,Kreditbee,Finnovation Tech Solutions Private Limited,App,https://indusapp.store/9ip3i05q
1558,,https://mas.co.in/,NBFC,Kreditbee,Finnovation Tech Solutions Private Limited,App,https://play.google.com/store/apps/details?id=com.kreditbee.android
1559,,https://mas.co.in/,NBFC,Kreditbee,Finnovation Tech Solutions Private Limited,App,oaps://mk/dt?pkg=com.kreditbee.android&style=1
1560,,https://mas.co.in/,NBFC,Kreditbee,Finnovation Tech Solutions Private Limited,App,vivomarket://details?id=com.kreditbee.android
1561,,https://mas.co.in/,NBFC,Kreditbee,Finnovation Tech Solutions Private Limited,Website,https://www.kreditbee.in/
1562,,https://sicrevacapital.com,NBFC,Kissht,OnEMI Technology Solutions Limited,Play Store,https://play.google.com/store/apps/details?id=com.fastbanking&hl=en
1563,,https://sicrevacapital.com,NBFC,Kissht IOS,OnEMI Technology Solutions Limited,App store,https://apps.apple.com/in/app/kissht-personal-loan-app/id6752766331
1564,,https://sicrevacapital.com,NBFC,Ring,OnEMI Technology Solutions Limited,Play Store,https://play.google.com/store/apps/details?id=com.ideopay.user
1565,,https://unnattifinserv.com/,NBFC,Unnatti,Unnatti Finserv Private Limited,Play Store,https://play.google.com/store/apps/details?id=com.uinvestment.app.unnatii
1566,,https://whizdmfinance.com/,NBFC,Moneyview,Moneyview Limited,Apple Store,https://apps.apple.com/in/app/moneyview-personal-loan-app/id1631481005
1567,,https://whizdmfinance.com/,NBFC,Moneyview,Moneyview Limited,Play Store,https://play.google.com/store/apps/details?id=com.whizdm.moneyview.loans
1568,,https://whizdmfinance.com/,NBFC,Moneyview,Moneyview Limited,Website,https://moneyview.in/download-moneyview-loans-app
1569,,https://www.lendingkart.com,NBFC,Lendingkart: Business Loan ,Lendingkart Technology Private Limited,Play Store,https://play.google.com/store/apps/details?id=com.LendingKart&hl=en_IN
1570,,https://www.lendingkart.com,NBFC,Lendingkart: Business Loan ,Lendingkart Technology Private Limited,Website,https://lendingkartfinance.com/liquidity-risk-disclosures
1571,,https://www.svcl.in/,NBFC,Svcl Sarthi,S V Creditline Limited,Play Store,https://play.google.com/store/apps/details?id=com.svcl.sarthi
1572,,https://www.werize.com,NBFC,Werize Customer App,Worgatge Finance Private Limited,Play Store,https://play.google.com/store/apps/details?id=com.moneyonclick.customerapp&hl=en_IN
1573,,www.mas.co.in,NBFC,Intellend,Intellend Technologies Advisors Private Limited,"Embedded in platforms, not available openly",https://apply.intellendtech.com/home/preapproved?bap=PetPooja
1574,,www.mas.co.in,NBFC,Prefr,Dreamplug Technologies Private Limited,Android Play Store,https://play.google.com/store/apps/details?id=com.prefr.credit&gl=in
1575,,www.mas.co.in,NBFC,Prefr,Dreamplug Technologies Private Limited,App store,https://apps.apple.com/in/app/prefr-personal-loan-app-india/id6758143425 
1576,,www.mas.co.in,NBFC,Prefr,Dreamplug Technologies Private Limited,Website,https://prefr.com/
1577,,www.ugrocapital.com,NBFC,Grox technologies pvt ltd (Formerly MyShubhlife),Onboarding happens through the PhonePe app where API's are embedded.,Website,https://www.groxmoney.com/
1578,,www.ugrocapital.com,NBFC,PhonePe Business : Merchant App,Onboarding happens through the PhonePe app where API's are embedded.,App Store,https://apps.apple.com/in/app/phonepe-business-merchant-app/id1463742453
1579,,www.ugrocapital.com,NBFC,PhonePe Business : Merchant App,Onboarding happens through the PhonePe app where API's are embedded.,Google play store,https://www.indusappstore.com/apps/finance/phonepe-business/com.phonepe.app.business?page=details&id=com.phonepe.app.business
1580,,www.ugrocapital.com,NBFC,PhonePe Business : Merchant App,Onboarding happens through the PhonePe app where API's are embedded.,Website,https://support.phonepe.com/
1581,MAXEMO CAPITAL SERVICES PRIVATE LIMITED,https://www.maxemocapital.com/,NBFC,SalaryNow,KKSV Business Services Private Limited,Website & Google Play Store,https://salarynow.in/
1582,MEET FINANCE PVT. LTD.,https://www.meetfinance.in,NBFC,Direct Credit Loan app,YSS Direct Credit Private Limited ,www.directcredit.in ,https://apps.apple.com/in/app/direct-credit-loan/id6754832108
1583,MEGHDOOT MERCANTILE  PVT.  LTD.,https://www.meghdootmercantile.com/,NBFC,Cash247,Cash247 Money Fintech PVT LTD,Google Play Store,https://play.google.com/store/apps/details?id=com.Cash247.app
1584,,https://www.meghdootmercantile.com/,NBFC,Cash247,Cash247 Money Fintech PVT LTD,website,https://www.cash247.in/
1585,,https://www.meghdootmercantile.com/,NBFC,CreditSea,Innotech Creditsea Platforms Private Limited,Google Play Store,https://play.google.com/store/apps/details?id=com.creditsea.app
1586,,https://www.meghdootmercantile.com/,NBFC,CreditSea,Innotech Creditsea Platforms Private Limited,website,https://www.creditsea.com/
1587,,https://www.meghdootmercantile.com/,NBFC,CreditSea,Innotech Creditsea Platforms Private LimitedInnotech Creditsea Platforms Private Limited,App Store,https://apps.apple.com/in/app/creditsea-personal-loan-app/id6743390338
1588,,https://www.meghdootmercantile.com/,NBFC,GoCredit,Vijayalakshmi Technology Infinity NKB Private Limited,Google Play Store,https://play.google.com/store/apps/details?id=money.gocredit.ai
1589,,https://www.meghdootmercantile.com/,NBFC,GoCredit,Vijayalakshmi Technology Infinity NKB Private Limited,website,WWW.GOCREDIT.MONEY
1590,,https://www.meghdootmercantile.com/,NBFC,GrowFi loan aggregator app,Gaman Technologiles Pvt Ltd. ( Self- owned),Play Store,https://play.google.com/store/search?q=growfi&c=apps&hl=en_IN
1591,,https://www.meghdootmercantile.com/,NBFC,GrowFi loan aggregator app,Gaman Technologiles Pvt Ltd. ( Self- owned),Website,https://growfi.app/
1592,,https://www.meghdootmercantile.com/,NBFC,Nest,Vrisha Fintech Private Limited,App Store,https://apps.apple.com/in/app/nest-credit-bills/id6760289124
1593,,https://www.meghdootmercantile.com/,NBFC,Nest,Vrisha Fintech Private Limited,Google Play Store,https://play.google.com/store/apps/details?id=com.nest.shareapp
1594,,https://www.meghdootmercantile.com/,NBFC,Nest,Vrisha Fintech Private Limited,Website,https://nestapp.in
1595,,https://www.meghdootmercantile.com/,NBFC,Paisa247,Riga marketplace Paisa247 pvt ltd,Google Play Store,https://play.google.com/store/apps/details?id=in.paisa247&hl=en_IN
1596,,https://www.meghdootmercantile.com/,NBFC,Paisa247,Riga marketplace Paisa247 pvt ltd,iOS store,https://apps.apple.com/in/app/paisa247/id6751623280
1597,,https://www.meghdootmercantile.com/,NBFC,Paisa247,Riga marketplace Paisa247 pvt ltd,Website,www.paisa247.in 
1598,,https://www.meghdootmercantile.com/,NBFC,Rupeeq.com,Intuino Business Consulting India Private Limited,Website,www.rupeeq.com
1599,,https://www.meghdootmercantile.com/,NBFC,Samridhya,SAMRIDHYA INNOVATIONS PRIVATE LTD,App Store,https://apps.apple.com/in/app/samridhya/id6745554387
1600,,https://www.meghdootmercantile.com/,NBFC,Samridhya,SAMRIDHYA INNOVATIONS PRIVATE LTD,Google Play Store,https://play.google.com/store/apps/details?id=samridh.consumer&hl=en_IN
1601,,https://www.meghdootmercantile.com/,NBFC,Swipe Loan,KGIL Fintech Solutions Pvt Ltd,Play Store,https://play.google.com/store/apps/details?id=com.kgil.swipeloan
1602,,https://www.meghdootmercantile.com/,NBFC,Swipe Loan,KGIL Fintech Solutions Pvt Ltd,Website,https://swipeloan.in
1603,,https://www.meghdootmercantile.com/,NBFC,Urban Money ,Urban Money Pvt Ltd,website,www.urbanmoney.com
1604,,https://www.meghdootmercantile.com/,NBFC,ZET,Vistas Technolabs Private Limited,website,https://zetapp.in/
1605,MIDLAND MICROFIN LIMITED (FORMERLY  SAJAN HIRE PURCHASE LIMITED),www.midlandmicrofin.com,NBFC,MidFin Customer Service App,Self-Owned,Google Playstore,https://play.google.com/store/apps/details?id=com.microfin.midland&hl=en_IN 
1606,MIRAE ASSET FINANCIAL SERVICES (INDIA) PRIVATE LIMITED,https://www.miraeassetfin.com/,NBFC,Fibe,Social Worth Technologies Ltd,Apple App Store (For iphone),https://apps.apple.com/in/app/fibe-instant-personal-loan-app/id1094602630
1607,,https://www.miraeassetfin.com/,NBFC,Fibe,Social Worth Technologies Ltd,Google Play Store (For Android),https://play.google.com/store/apps/details?id=com.earlysalary.android&hl=en_IN&gl=IN
1608,,https://www.miraeassetfin.com/,NBFC,Grayquest Education Finance Pvt Ltd,Mr. Rishab Mehta ,Website ,https://www.grayquest.com/
1609,,https://www.miraeassetfin.com/,NBFC,Grayquest Education Finance Pvt Ltd,Mr. Rishab Mehta ,Website ,https://www.grayquest.com/
1610,,https://www.miraeassetfin.com/,NBFC,Grayquest Education Finance Pvt Ltd,Mr. Rishab Mehta ,Website ,https://www.grayquest.com/
1611,,https://www.miraeassetfin.com/,NBFC,Kissht,ONEMI Technology Solutions Limited,Google Play Store (For Android) & Apple App Store (For iphone),Google Play Store (For Android) & Apple App Store (For iphone)
1612,,https://www.miraeassetfin.com/,NBFC,Kreditbee,Finnovation Tech Solutions Private Limited,Apple App Store,oaps://mk/dt?pkg=com.kreditbee.android&style=1
1613,,https://www.miraeassetfin.com/,NBFC,Kreditbee,Finnovation Tech Solutions Private Limited,Apple Store App (For iphone),https://apps.apple.com/in/app/easy-personal-loan-kreditbee/id1488736283
1614,,https://www.miraeassetfin.com/,NBFC,Kreditbee,Finnovation Tech Solutions Private Limited,Global App MI Store,https://global.app.mi.com/details?lo=IN&la=en_US&id=com.kreditbee.android
1615,,https://www.miraeassetfin.com/,NBFC,Kreditbee,Finnovation Tech Solutions Private Limited,Google Play Store App (For Android),https://play.google.com/store/apps/details?id=com.kreditbee.android
1616,,https://www.miraeassetfin.com/,NBFC,Kreditbee,Finnovation Tech Solutions Private Limited,Indus App Store,https://indusapp.store/9ip3i05q
1617,,https://www.miraeassetfin.com/,NBFC,Kreditbee,Finnovation Tech Solutions Private Limited,Samsung Galaxy store App,https://apps.samsung.com/appquery/appDetail.as?appId=com.kreditbee.android
1618,,https://www.miraeassetfin.com/,NBFC,Kreditbee,Finnovation Tech Solutions Private Limited,Vivo Market Store App,vivomarket://details?id=com.kreditbee.android
1619,,https://www.miraeassetfin.com/,NBFC,Kreditbee,Finnovation Tech Solutions Private Limited,Website,https://www.kreditbee.in/
1620,,https://www.miraeassetfin.com/,NBFC,Mirae Asset Fin: Loans ,Self-owned,Apple App Store (For iphone),https://apps.apple.com/in/app/mirae-asset-fin-loans/id1590815471
1621,,https://www.miraeassetfin.com/,NBFC,Mirae Asset Fin: Loans ,Self-owned,Google Play Store (For Android),https://play.google.com/store/apps/details?id=com.nucleus.mirae.finance
1622,,https://www.miraeassetfin.com/,NBFC,Mirae Asset Fin: Loans ,Self-owned,Website ,https://pl.miraeassetfin.com/mafs/personal-loan/register
1623,,https://www.miraeassetfin.com/,NBFC,Mirae Asset Fin: Loans ,Self-owned,Website ,https://transact.miraeassetfin.com/
1624,,https://www.miraeassetfin.com/,NBFC,Pay with Ring,ONEMI Technology Solutions Limited,Google Play Store (For Android) & Apple App Store (For iphone),https://play.google.com/store/apps/details?id=com.ideopay.user&hl=en_IN
1625,MITRATA INCLUSIVE FINANCIAL SERVICES LIMITED,https://mitrata.in/,NBFC,Vitto,Uthaan Technologies Private Limited,Google Play,https://play.google.com/store/apps/details?id=ai.microfinance.vitto
1626,,https://mitrata.in/,NBFC,Vitto,Uthaan Technologies Private Limited,Website,https://www.vitto.money/
1627,MONEDO FINANCIAL SERVICES PRIVATE LIMITED (FORMERLY KREDITECH FINANCIAL SERVICES P LTD),www.monedo.in,NBFC,Monedo Financial Services Private Limited,Monedo Financial services private Limited ,Originates on LOS through assisted journey,not.applicable
1628,MONEYBOXX FINANCE LIMITED,https://moneyboxxfinance.com/,NBFC,bachatt,Trusave Fintech Private Limited,Available on Playstore and Apple store,https://apps.apple.com/in/app/bachatt-daily-fd-mutual-fund/id6749962231
1629,,https://moneyboxxfinance.com/,NBFC,bachatt,Trusave Fintech Private Limited,Available on Playstore and Apple store,https://bachatt.app/
1630,,https://moneyboxxfinance.com/,NBFC,bachatt,Trusave Fintech Private Limited,Available on Playstore and Apple store,https://play.google.com/store/apps/details?id=app.bachatt.customer&hl=en_IN
1631,MONEY FLOW PORTFOLIO(P) LTD.,https://crednidhi.com/,NBFC,Crednidhi,MONEYFLOW PORTFOLIO PRIVATE LIMITED,Website,https://app.crednidhi.com
1632,MONEYPLUS FINANCIAL SERVICES LIMITED (EARLIER KNOWN AS MONEYPLUS FINANCIAL SERVICES PRIVATE LIMITED),https://moneyplusfin.com/,NBFC,Udhaar Box,Self Owned,Website/ Google Play Store,https://play.google.com/store/apps/details?id=com.udhaarbox.loan
1633,MONEYWISE FINANCIAL SERVICES PRIVATE LIMITED,https://www.smcfinance.com,NBFC,SMC Gold Loan,Self-Owned,Google Play Store,https://play.google.com/store/search?q=smc+gold+loan&c=apps&hl=en_IN
1634,MONK CAPITAL PVT. LTD. (FORMERLY GLAZE BARTER PVT. LTD.),https://www.monkcapital.in/,NBFC,Money Monk App,Self-owned,Google Play Store,https://play.google.com/store/apps/details?id=com.monkCapital.moneyMonk&hl=en_IN
1635,MOONGIPA CAPITAL FINANCE LTD.,https://www.mongipa.com,NBFC,MoneyAse,Codemodulu Financial Investment Services Private Limited,https://moneyase.in,https://moneyase.in
1636,MOUNT SHIKHAR FINANCIAL SERVICES LIMITED,https://www.mountshikhar.com/,NBFC,Cash To You,DESIGN SENSE STUDIO PRIVATE LIMITED,https://cashtoyou.in/,https://cashtoyou.in/
1637,MPOKKET  FINANCIAL  SERVICES PRIVATE LIMITED,https://www.mpokket.in/,NBFC,mPokket: Instant Loan App,Maybright Ventures Private Limited,Google Playstore ,https://play.google.com/store/apps/details?id=com.mpokket.app
1638,,https://www.mpokket.in/,NBFC,mPokket: Instant Loan App,Maybright Ventures Private Limited,Weblink,https://web.mpokket.in/?utm_source=web&utm_medium=mp_web
1639,,https://www.mpokket.in/,NBFC,mPokket: Instant Loan App,Maybright Ventures Private Limited,Xiomi Playstore,https://global.app.mi.com/details?lo=IN&la=en&id=com.mpokket.app
1640,,https://www.mpokket.in/,NBFC,mPokket: Instant Personal Loan,Maybright Ventures Private Limited,App Store for iPhone,https://apps.apple.com/in/app/mpokket-instant-personal-loan/id1162059607
1641,MUFIN GREEN FINANCE LIMITED(FORMERLY  APM FINVEST LIMITED),https://mufingreenfinance.com/,NBFC,Bimapay,Bimapay Finsure Private Limited,https://bimapay.in/?page_id=816,www.bimapay.in
1642,,https://mufingreenfinance.com/,NBFC,Instape,Instape Synergies Private Limited,https://play.google.com/store/apps/details?id=com.instape&hl=en_IN,https://instape.com/
1643,"MUKESH BABU FINANCIAL SERVICES LTD,",www.mbfsl.com,NBFC,CREDITBAY,THROUGH LSP - BLUESTRAIT TECHNOLOGIES PRIVATE LIMITED ,https://www.creditbay.in/,NOT APPLICABLE
1644,MUKUT FINVEST AND PROPOERTIES PVT.LTD.,https://www.mukutfinvest.com/,NBFC,ZeroPe,Third Unicorn Private Limited,Apple App Store,https://apps.apple.com/in/app/zerope-instant-medical-loans/id6480397378 
1645,,https://www.mukutfinvest.com/,NBFC,ZeroPe,Third Unicorn Private Limited,Google Play Store,https://play.google.com/store/apps/details?id=com.zerope
1646,MUTHOOT CAPITAL SERVICES LTD.,https://www.muthootcap.com/,NBFC,MUTHOOT FINCORP ONE,Muthoot FinCorp Limited,Google Play Store,https://play.google.com/store/apps/details?id=com.muthootfincorpone.superapp 
1647,,https://www.muthootcap.com/,NBFC,MUTHOOT FINCORP ONE,Muthoot FinCorp Limited,IOS App Store,https://apps.apple.com/in/app/muthoot-fincorp-one/id6451879603
1648,,https://www.muthootcap.com/,NBFC,MUTHOOT FINCORP ONE,Muthoot FinCorp Limited,Website,https://one.muthootfincorp.com/auth/home
1649,MUTHOOT FINCORP LIMITED (FORMERLY  MUTHOOT DEBT MANAGEMENT SERVICES LTD),https://muthootfincorp.com/,NBFC,airpay capital,Airpay Payment Services Private Limited,Website & Google Play Store,Website: https://www.airpay.capital/ Google Play Store: https://play.google.com/store/apps/details?id=com.airpay.capital
1650,,https://muthootfincorp.com/,NBFC,BankBazaar,A&A DUKAAN FINANCIAL SERVICES PRIVATE LIMITED,Website/Google Play Store / Apple app store,https://www.bankbazaar.com/muthoot-gold-loan.html https://play.google.com/store/apps/details?id=com.bankbazaar.app https://apps.apple.com/in/app/bankbazaar-credit-score-cards/id972595507
1651,,https://muthootfincorp.com/,NBFC,BharatPe for Business,Resilient Digi Services Private Limited,Google Play store / Apple app store ,https://play.google.com/store/apps/details?id=com.bharatpe.app&hl=en_IN&pli=1 https://apps.apple.com/in/app/bharatpe-for-business/id1329385873
1652,,https://muthootfincorp.com/,NBFC,Digital lending pages of PhonePe Lending on PhonePe Business: Merchant App,PhonePe Lending Services Private Limited,1. Google Play Store 2. Apple App Store 3. Indus App Store,1.https://play.google.com/store/apps/details?id=com.phonepe.app.business 2. https://apps.apple.com/in/app/phonepe-business-merchant-app/id1463742453  3. https://www.indusappstore.com/apps/finance/phonepe-business/com.phonepe.app.business?page=details&id=com.phonepe.app.business
1653,,https://muthootfincorp.com/,NBFC,ePayLater,Arthashastra Fintech Private Limited,Google Play Store,Google play store: https://play.google.com/store/apps/details?id=in.epaylater.android.retailer.generic&hl=en_IN
1654,,https://muthootfincorp.com/,NBFC,Kredmint,Kredmint Technologies Private Limited,Google Play Store & Apple Store,Google play store: https://play.google.com/store/apps/details?id=com.schn9891.onecodewebnew&hl=en_IN Apple store: https://apps.apple.com/in/app/kredmint-quick-business-loan/id6467856549
1655,,https://muthootfincorp.com/,NBFC,Muthoot FinCorp One,Muthoot FinCorp Limited,Website /Play store / App store,Android - https://play.google.com/store/apps/details?id=com.muthootfincorpone.superapp iOS - https://apps.apple.com/in/app/muthoot-fincorp-one/id6451879603
1656,,https://muthootfincorp.com/,NBFC,Paytm,One97 Communications Limited,Google Play store / Apple app store ,https://play.google.com/store/apps/details?id=com.paytm.business https://play.google.com/store/apps/details?id=net.one97.paytm https://apps.apple.com/in/app/paytm-for-business/id1351301966 https://apps.apple.com/in/app/paytm/id473941634
1657,,https://muthootfincorp.com/,NBFC,Spice Money -Banking Agent App,Spice Money Limited,Google Play Store,https://play.google.com/store/apps/details?id=in.spicemudra&hl=en_IN
1658,,https://muthootfincorp.com/,NBFC,WOGOM B2B Marketplace,World Goods Marketplace Private Limited,"Google Play Store, Apple Store & Website",Google play store: https://play.google.com/store/apps/details?id=com.app.wogom&hl=en_IN Apple store: https://apps.apple.com/in/app/wogom-b2b-marketplace/id6503951094 Website: https://www.wogom.com/
1659,NABKISAN FINANCE LIMITED,www.nabkisan.org,NBFC,Kisan nXt  App,NABKISAN  Finance Ltd,Google Play Store,https://play.google.com/store/apps/details?id=com.nabkisan.krishivikas&hl=en_IN
1660,NAMAN COMMODITIES (P) LTD,https://ncplnbfc.com/,NBFC,CashPey – India’s Own Loan App,CashPey – India’s Own Loan App,Google Play Store ,https://play.google.com/store/apps/details?id=com.cashpey
1661,,https://ncplnbfc.com/,NBFC,DayToDayLoan,Naman Commodities Private Limited,Website,https://www.daytodayloan.com/
1662,,https://ncplnbfc.com/,NBFC,Lendingrupee,Naman Commodities Private Limited,Website,https://www.lendingrupee.com/
1663,NAMAN FINLEASE PVT. LTD.,https://namanfinlease.com/,NBFC,Dhanvarsha,Self owned,Website,https://dhanvarshaa.com/
1664,,https://namanfinlease.com/,NBFC,Fatakpaisa,Self owned ,Website,https://fatakpaisa.com/
1665,,https://namanfinlease.com/,NBFC,Fingo Loan,Self owned,Website,https://www.fingoloan.com/
1666,,https://namanfinlease.com/,NBFC,QUA Loan,Self owned,Website,https://qualoan.com/
1667,,https://namanfinlease.com/,NBFC,Rupee Raftar,Self owned ,Website,https://rupeeraftaar.com/
1668,,https://namanfinlease.com/,NBFC,Zaylo Loan,Self owned ,Website,https://zayloloan.com/
1669,NAPEAN FINVEST PVT. LTD.,https://napeanfinvestpvtlmt.com,NBFC,CashNandi - Instant Loan App ,Self-owned,Google Play Store,https://play.google.com/store/apps/details?id=com.cash.nandi.instan.loan.app
1670,,https://napeanfinvestpvtlmt.com,NBFC,KuberCash: Personal Loan App,Self-owned,Google Play Store,https://play.google.com/store/apps/details?id=com.kubercash.personal.cash.app
1671,,https://napeanfinvestpvtlmt.com,NBFC,PaisaCash-Personal Credit,Self-owned,Google Play Store,https://play.google.com/store/apps/details?id=com.paisacash.loan
1672,NARAINSONS INVESTMENTS FINANCE & CONSULTANCY PVT. LTD.,www.narainsons.in,NBFC,LOANZO,FINALOP TRADE LINKS SOLUTIONS PRIVATE LIMITED,Google Play store,https://play.google.com/store/apps/details?id=com.finlop.loanzo
1673,NARENDRA FINANCE CO PVT LTD,https://getkosh.com/,NBFC,Kosh Loan App,Narendra Finance Company Private Limited,https://getkosh.com/,https://play.google.com/store/apps/details?id=com.kosh&pcampaignid=web_share
1674,NAVI FINSERV LIMITED,https://navi.com/finserv,NBFC,Navi Finserv Limited,Self-owned,Website,https://navi.com/hl
1675,,https://navi.com/finserv,NBFC,Navi Finserv Limited,Self-owned,Website,https://navi.com/pl
1676,NAVIN BROTHERS (P) LTD,navinbros.in,NBFC,Lendplus,Aventus Technology India Private Limited ,website,lendplus.in
1677,NAVKAR NIVESH PRIVATE LIMITED ,https://navkarnivesh.com,NBFC,The EMI Club,Mash Technologies Pvt Ltd (LSP),Website,https://theemiclub.com/
1678,,https://navkarnivesh.com,NBFC,The EMI Club - Dealer App,Mash Technologies Pvt Ltd (LSP),Google Play Store,https://play.google.com/store/apps/details?id=com.mash.emiclubdealer
1679,NEENA IMPEX PVT.LTD.,www.neenaimpex.com,NBFC,Fundongo,Self Owned,https://fundongo.com/,https://fundongo.com/
1680,,www.neenaimpex.com,NBFC,Instarupees,Self Owned,https://www.instarupees.com/,https://www.instarupees.com/
1681,,www.neenaimpex.com,NBFC,Loaninpocket,Self Owned,https://www.loaninpocket.com/,https://www.loaninpocket.com/
1682,,www.neenaimpex.com,NBFC,Loanprime,Self Owned,https://loanprime.in/,https://loanprime.in/
1683,,www.neenaimpex.com,NBFC,Rupeecare,Self Owned,https://www.rupeecare.money/,https://www.rupeecare.money/
1684,,Wwww.neenaimpex.com,NBFC,Loanflix,Self Owned,https://loanflix.co.in/,https://loanflix.co.in/
1685,NEOGROWTH CREDIT PRIVATE LIMITED,https://www.neogrowth.in/,NBFC,NeoCash Insta,Neogrowth Credit Private Limited,Website,https://insta.neogrowth.in/
1686,,https://www.neogrowth.in/,NBFC,NeoGrowth App,Neogrowth Credit Private Limited, Goggle Play Store,https://play.google.com/store/apps/details?id=com.ng_customer_app
1687,NEWTAP FINANCE PRIVATE LIMITED (FORMERLY PARFAIT FINANCE & INVESTMENTS PRIVATE LIMITED),https://newtap.in/,NBFC,CRED,Owned by LSP - M/s Dreamplug Technologies Private Limited,Apple App Store ,https://apps.apple.com/in/app/cred-credit-cards-payments/id1428580080
1688,,https://newtap.in/,NBFC,CRED,Owned by LSP - M/s Dreamplug Technologies Private Limited,Google Play Store,https://play.google.com/store/apps/details?id=com.dreamplug.androidapp&hl=en_IN&pli=1
1689,NICE FINANCE AND LEASING PRIVATE LIMITED,www.nicefinance.in,NBFC,GrowFi loan aggregator app,Gaman Technologies Pvt Ltd. ( Self- owned),Play Store,https://play.google.com/store/search?q=growfi&c=apps&hl=en_IN
1690,,www.nicefinance.in,NBFC,GrowFi loan aggregator app,Gaman Technologies Pvt Ltd. ( Self- owned),Website,https://growfi.app/
1691,,www.nicefinance.in,NBFC,Paizo,Nice Finance and Leasing Private Limited,Google Play Store,https://play.google.com/store/apps/details?id=com.paizo
1692,,www.nicefinance.in,NBFC,Swipe Loan,KGIL Fintech Solutions Pvt Ltd,Play Store,https://play.google.com/store/apps/details?id=com.kgil.swipeloan
1693,,www.nicefinance.in,NBFC,Swipe Loan,KGIL Fintech Solutions Pvt Ltd,Website,https://swipeloan.in
1694,NISHTHA LEASING PVT LTD.,https://nishthaleasing.in/,NBFC,Sunny Rupee - Personal Loan,VALENDRIX FINTECH PRIVATE LIMITED,Google Play Store,https://play.google.com/store/apps/details?id=com.sunny.rupee.analytics.processor.service.app
1695,NISKHA FINANCE PRIVATE LIMITED,https://www.niskhafinance.com,NBFC,Cashpe,Niskha Finance Private Limited,Website,www.cashpeloan.com
1696,NISSAN RENAULT FINANCIAL SERVICES INDIA PRIVATE LIMITED,https://www.nrfsi.com,NBFC,Customer Self Service Portal,Self owned,Website,https://myloan.nrfsi.com/lmsmobileweb/react/index.html
1697,,https://www.nrfsi.com,NBFC,Group Employee Personal Loans,Self owned,Website,https://personalloan.nrfsi.com/pl/home
1698,,https://www.nrfsi.com,NBFC,Smart Finance Platform,Self owned,Website,https://digiapp.nrfsi.com/Renault_SFP/form/personalInfo
1699,NIYOGIN FINTECH LIMITED,https://niyogin.com/ ,NBFC,CAPITAL CONNECT,CAPITAL TRUST LIMITED,Google Play Store,https://play.google.com/store/search?q=Capital%20connect&c=apps&hl=en_IN
1700,,https://niyogin.com/ ,NBFC,Finsall,Finsall Resources Private Limited,App Stores- Apple AppStore and Google Play,Appstore- ?https://apps.apple.com/in/app/finsall/id155341993                     Google Play- https://play.google.com/store/apps/details?id=com.finsall&pcampaignid=web_share 
1701,,https://niyogin.com/ ,NBFC,GLAAS,Gromor FINANCE PRIVATE LIMITED,Website,https://los.glaas.co/en
1702,,https://niyogin.com/ ,NBFC,Karmalife,Onionlife Private Limited,?Website,?https://app.karmalife.ai/ 
1703,,https://niyogin.com/ ,NBFC,Khatabook,?ADJ Utility Apps Private Limited,Website,?https://khatabook.com/our-apps 
1704,,https://niyogin.com/ ,NBFC,MEESHO,Meesho Payments Private Limited,Website,https://finance.mppl.meesho.com/
1705,,https://niyogin.com/ ,NBFC,NINJA,Ninjacart Services Private Limited,Apple AppStore and Google Play Store,https://play.google.com/store/apps/details?id=com.nc.trader  & https://apps.apple.com/in/app/ninja-app/id1626963855                      
1706,,https://niyogin.com/ ,NBFC,NIRA FINANCE,Shuhari Tech Ventures Pvt Ltd,Google Play Store,https://www.nirafinance.com
1707,,https://niyogin.com/ ,NBFC,NYE,Rapipay Fintech Private Limited,Website,https://nye.money/ 
1708,,https://niyogin.com/ ,NBFC,Payme,PAYME INDIA FINANCIAL SERVICES PRIVATE LIMITED,Website,https://www.paymeindia.in/personal-loan-app/ 
1709,NJ CAPITAL PRIVATE LIMITED,https://www.njcapital.in/,NBFC,NJ Capital Private Limited,NJ Capital Private Limited,https://www.njcapital.in/partner/customer/login,https://www.njcapital.in/partner/customer/login
1710,,https://www.njcapital.in/,NBFC,NJ Financial Services Private Limited,NJ Financial Services Private Limited,https://www.njloans.in.,https://www.njloans.in.
1711,NORTH EAST HIRE PURCHASE COMPANY(INDIA)PVT LTD.,https://north-east.in/,NBFC,Kredito24,TECAZOID INNOVATIONS PRIVATE LIMITED,Website,https://kredito24.in/
1712,NORTHERN ARC CAPITAL LIMITED,https://www.northernarc.com,NBFC,Branch-Instant Personal Loan,Branch International Financial Services Private Limited,Play store,https://play.google.com/store/apps/details?id=com.branch_international.branch.branch_demo_android&hl=en_IN&gl=GB
1713,,https://www.northernarc.com,NBFC,CASHe,TSLC Pte Ltd with a sub-license to Bhanix Finance and Investment Limited,Website,https://web.cashe.co.in/
1714,,https://www.northernarc.com,NBFC,CASHe: Online Instant Loan App,TSLC Pte Ltd with a sub-license to Bhanix Finance and Investment Limited,Apple App Store,https://apps.apple.com/in/app/cashe-loan-credit-line-app/id1261854922 
1715,,https://www.northernarc.com,NBFC,CASHe:Quick Personal Loan App,TSLC Pte Ltd with a sub-license to Bhanix Finance and Investment Limited,Google Play Store,https://play.google.com/store/apps/details?id=co.tslc.cashe.android 
1716,,https://www.northernarc.com,NBFC,Easy Personal Loan - KreditBee,Finnovation Tech Solutions Private Limited,Apple App Store,https://apps.apple.com/in/app/easy-personal-loan-kreditbee/id1488736283
1717,,https://www.northernarc.com,NBFC,Easy Personal Loan - KreditBee,Finnovation Tech Solutions Private Limited,Apple App Store,https://apps.apple.com/in/app/easy-personal-loankreditbee/id1488736283
1718,,https://www.northernarc.com,NBFC,Easy Personal Loan - KreditBee,Finnovation Tech Solutions Private Limited,Google Play Store,https://play.google.com/store/apps/details?id=com.kreditbee.android
1719,,https://www.northernarc.com,NBFC,"Fibe Quick, Easy Personal Loan",Social Worth Technologies Ltd,Apple App Store,Fibe Instant Personal Loan App on the??App Store?
1720,,https://www.northernarc.com,NBFC,"Fibe Quick, Easy Personal Loan",Social Worth Technologies Ltd,Google Play Store,"Fibe Quick, Easy Personal Loan – Apps on Google Play?"
1721,,https://www.northernarc.com,NBFC,Finnable: Personal Loan App,Finnable Technologies Private Limited,Apple App Store,Finnable App - App Store
1722,,https://www.northernarc.com,NBFC,Finnable: Personal Loan App,Finnable Technologies Private Limited,Google Play Store,Finnable: Loan & Credit Score - Apps on Google Play?
1723,,https://www.northernarc.com,NBFC,Indifi Technologies Pvt Ltd ,Indifi Technologies Pvt Ltd ,Website,https://www.indifi.com/business-loan
1724,,https://www.northernarc.com,NBFC,Indifi Unsecured Business loan,Indifi Technologies Pvt Ltd ,Google Play Store,https://play.google.com/store/apps/details?id=com.riviera.indifi.app&hl=en_IN 
1725,,https://www.northernarc.com,NBFC,Kissht,OnEMI Technology Solutions Limited,Play Store,https://play.google.com/store/apps/details?id=com.fastbanking&pcampaignid=web_share
1726,,https://www.northernarc.com,NBFC,Kissht IOS,OnEMI Technology Solutions Limited,App store,https://apps.apple.com/in/app/kissht-instant-personal-loan/id6752766331
1727,,https://www.northernarc.com,NBFC,Krazybee,Finnovation Tech Solutions Private Limited,Website,https://www.kreditbee.in/
1728,,https://www.northernarc.com,NBFC,KreditBee,Finnovation Tech Solutions Private Limited,Website,https://www.kreditbee.in/
1729,,https://www.northernarc.com,NBFC,KreditBee - Instant Personal Loan Online,Finnovation Tech Solutions Private Limited,Xiaomi Global App,https://global.app.mi.com/details?lo=IN&la=en_US&id=com.kreditbee.android
1730,,https://www.northernarc.com,NBFC,KreditBee - Instant Personal Loan Online App,Finnovation Tech Solutions Private Limited,Galaxy Store,https://apps.samsung.com/appquery/appDetail.as?appId=com.kreditbee.android
1731,,https://www.northernarc.com,NBFC,KreditBee: Personal Loan App,Finnovation Tech Solutions Private Limited,Google Play Store,https://play.google.com/store/apps/details?id=com.kreditbee.android&gl=IN
1732,,https://www.northernarc.com,NBFC,KreditBee: Personal Loan App,Finnovation Tech Solutions Private Limited,Indus App Store,https://indusapp.store/9ip3i05q
1733,,https://www.northernarc.com,NBFC,Lendingkart,Lendingkart Finance Limited,Website,https://www.lendingkart.com
1734,,https://www.northernarc.com,NBFC,Lendingkart: Business Loan App,Lendingkart Finance Limited,Google Play Store,https://play.google.com/store/apps/details?id=com.LendingKart&hl=en_IN&pli=1
1735,,https://www.northernarc.com,NBFC,Mobikwik,One Mobikwik Systems Limited,Website,https://www.mobikwik.com
1736,,https://www.northernarc.com,NBFC,MobiKwik: BHIM UPI Wallet,One Mobikwik Systems Limited,Apple App Store,https://apps.apple.com/in/app/mobikwik-bhim-upi-wallet/id600002523
1737,,https://www.northernarc.com,NBFC,MobiKwik: BHIM UPI Wallet,One Mobikwik Systems Limited,Google Play Store,https://play.google.com/store/apps/details?id=com.mobikwik_new
1738,,https://www.northernarc.com,NBFC,Moneyview,Moneyview Private Limited,Indus App Store,https://indusapp.store/i9wgi4c9
1739,,https://www.northernarc.com,NBFC,"Moneyview: Loans, Credit Cards",Moneyview Private Limited,Apple App Store,https://apps.apple.com/in/app/moneyview-loans-credit-cards/id6468976019
1740,,https://www.northernarc.com,NBFC,"Moneyview: UPI, Personal Loans",Moneyview Private Limited,Google Play Store,https://play.google.com/store/apps/details?id=com.whizdm.moneyview.loans&hl=en-US
1741,,https://www.northernarc.com,NBFC,"Moneyview: UPI, Personal Loans, Credit",Moneyview Private Limited,MI App store,https://global.app.mi.com/details?lo=IN&la=en&id=com.whizdm.moneyview.loans
1742,,https://www.northernarc.com,NBFC,Navi Finserv limited,Navi Finserv limited,Website,http://navi.com/pl
1743,,https://www.northernarc.com,NBFC,NIRA Instant Personal Loan App,Shuhari tech ventures PVT LTD,Google Play Store,https://play.google.com/store/apps/details?id=com.nirafinance.customer
1744,,https://www.northernarc.com,NBFC,NIRA Instant Personal Loan App,Shuhari tech ventures PVT LTD,Indus App Store,https://www.indusappstore.com/apps/finance/nira/com.nirafinance.customer/?page=details&id=com.nirafinance.customer
1745,,https://www.northernarc.com,NBFC,NORTHERN ARC CAPITAL LIMITED,Self-owned,Google Play Store,https://play.google.com/store/apps/details?id=com.northernarc.rlo&hl=en-IN&pli=1
1746,,https://www.northernarc.com,NBFC,NORTHERN ARC CAPITAL LIMITED,Self-owned,Website,https://retail.northernarc.com/
1747,,https://www.northernarc.com,NBFC,Olyv: Loans & Credit Score,Smartcoin Financials Private limited,Google Play Store,https://play.google.com/store/apps/details?id=in.rebase.app&pli=1
1748,,https://www.northernarc.com,NBFC,Olyv (SmartCoin) Personal Loan,Smartcoin Financials Private limited,Indus App Store,https://www.indusappstore.com/apps/finance/olyv--smartcoin-/in.rebase.app/?page=details&id=in.rebase.app
1749,,https://www.northernarc.com,NBFC,Olyv (SmartCoin) Personal Loan,Smartcoin Financials Private limited,MI App store,https://global.app.mi.com/details?lo=IN&la=en&id=in.rebase.app
1750,,https://www.northernarc.com,NBFC,Olyv (SmartCoin) Personal Loan,Smartcoin Financials Private limited,Website,https://app.olyv.co.in/login
1751,,https://www.northernarc.com,NBFC,OTO: Buy Bikes at lowest price,1T9 Technology Private Limited,Google Play Store,https://play.google.com/store/apps/details?id=com.oto.android.app&hl=en_IN
1752,,https://www.northernarc.com,NBFC,OTO Capital,1T9 Technology Private Limited,Website,https://www.otocapital.in/login
1753,,https://www.northernarc.com,NBFC,Paytm for Business,One97 communications Ltd,Apple App Store,https://apps.apple.com/in/app/paytm-for-business/id1351301966
1754,,https://www.northernarc.com,NBFC,Paytm for Business,One97 communications Ltd,Google Play Store,https://play.google.com/store/apps/details?id=com.paytm.business
1755,,https://www.northernarc.com,NBFC,Ring,OnEMI Technology Solutions Limited,Play Store,https://play.google.com/store/apps/details?id=com.ideopay.user
1756,,https://www.northernarc.com,NBFC,Slice,slice Small Finance Bank Ltd,Google Play Store,slice – Apps on Google Play
1757,,https://www.northernarc.com,NBFC,Slice: bank at RBI repo rate,slice Small Finance Bank Ltd,Apple App Store,slice: UPI credit card & bank App - App Store
1758,,https://www.northernarc.com,NBFC,Stashfin,EQX Analytics Private Limited,Website,"Stashfin: Instant Loan, Insurance & Corporate Bonds Investment?"
1759,,https://www.northernarc.com,NBFC,"Stashfin: Loans, Bonds More",EQX Analytics Private Limited,Apple App Store,"Stashfin: Loans, Bonds & More App - App Store"
1760,,https://www.northernarc.com,NBFC,Stashfin Personal Loan Bonds,EQX Analytics Private Limited,Google Play Store,"Stashfin UPI, Pay Bills, Loans - Apps on Google Play?"
1761,,https://www.northernarc.com,NBFC,"TrueBalance-Personal Loan, UPI",Balancehero India Private Limited,Galaxy Store,https://galaxystore.samsung.com/detail/com.balancehero.truebalance?
1762,,https://www.northernarc.com,NBFC,"TrueBalance-Personal Loan, UPI",Balancehero India Private Limited,Google Play Store,https://play.google.com/store/apps/details?id=com.balancehero.truebalance?
1763,,https://www.northernarc.com,NBFC,"TrueBalance-Personal Loan, UPI",Balancehero India Private Limited,Huawei AppGallery,https://appgallery.huawei.com/app/C101648675?
1764,,https://www.northernarc.com,NBFC,"TrueBalance-Personal Loan, UPI",Balancehero India Private Limited,Indus App Store,https://www.indusappstore.com/apps/finance/true-balance/com.balancehero.truebalance?page=details&id=com.balancehero.truebalance?
1765,,https://www.northernarc.com,NBFC,"TrueBalance-Personal Loan, UPI",Balancehero India Private Limited,MI App store,https://global.app.mi.com/details?lo=IN&la=en_US&id=com.balancehero.truebalance?
1766,,https://www.northernarc.com,NBFC,Unicard,Uniorbit Technologies Private Limited,Website,https://www.uni.cards
1767,,https://www.northernarc.com,NBFC,Uni Cards,Uniorbit Technologies Private Limited,Apple App Store,https://apps.apple.com/in/app/uni-cards/id1582949126
1768,,https://www.northernarc.com,NBFC,Uni : GoldX NX Credit Card,Uniorbit Technologies Private Limited,Google Play Store,https://play.google.com/store/apps/details?id=cards.uni.app.credit
1769,,https://www.northernarc.com,NBFC,WeRize Customer App,Wortgage Technologies Private Limited,Google Play Store,https://play.google.com/store/apps/details?id=com.moneyonclick.customerapp&hl=en 
1770,ORICRED FINSERV PRIVATE LIMITED,https://www.mobicred.in/,NBFC,mobiCred,mobiCred,Google Playstore,https://play.google.com/store/apps/details?id=com.oricred.mobicred&pcampaignid=web_share
1771,ORIENTAL FINSTOCK SERVICES  PVT.LTD,https://www.orientalfinstock.com/,NBFC,Instaclaus,Instaclaus Fintech Private Limited,Apple App Store,https://apps.apple.com/in/app/instaclaus/id6478954888
1772,,https://www.orientalfinstock.com/,NBFC,Instaclaus,Instaclaus Fintech Private Limited,Google Play Store,https://play.google.com/store/apps/details?id=com.instaclaus.app&hl=en_IN
1773,ORRISH FINANCE PRIVATE LIMITED,www.orrishfinance.in,NBFC,KARROFIN,INTELLIMINT TECHNOLOGIES PRIVATE LIMITED,Google Play Store,https://play.google.com/store/search?q=karrofin&c=apps&hl=en
1774,,www.orrishfinance.in,NBFC,KARROFIN,INTELLIMINT TECHNOLOGIES PRIVATE LIMITED,Website,https://www.karrofin.com/login
1775,,www.orrishfinance.in,NBFC,MYINSTACASH,GROWTHX BUSINESS TECHNOLOGY SOLUTIONS PRIVATE LIMITED,website,https://myinstacash.com/app/#/auth/login
1776,,www.orrishfinance.in,NBFC,ORRISH LOANS,SELF OWNED,Google Play store,https://play.google.com/store/search?q=orrish%20loans&c=apps&hl=en
1777,ORRISH FINANCE PRIVATE LIMITED ,https://www.orrishfinance.in,NBFC,CashPo,Intellimint Technologies Private Limited,website and Play store,https://www.cashpo.in/Play Store- https://play.google.com/store/apps/details?id=com.codenicely.bank.loan.instantloan.cashpo
1778,OXYZO FINANCIAL SERVICES LIMITED (FORMERLY KNOWN AS OXYZO FINANCIAL SERVICES PRIVATE LIMITED),https://www.oxyzo.in/,NBFC,BharatPe for Business,Resilient Digi Services Private Limited,Apple App Store,https://apps.apple.com/in/app/bharatpe-for-business/id1329385873
1779,,https://www.oxyzo.in/,NBFC,BharatPe for Business,Resilient Digi Services Private Limited,Google Play,https://play.google.com/store/apps/details?id=com.bharatpe.app&hl=en_IN&pli=1
1780,,https://www.oxyzo.in/,NBFC,Fibe,Social Worth Technologies Ltd,App Store (For iphone),https://apps.apple.com/in/app/fibe-instant-personal-loan-app/id1094602630
1781,,https://www.oxyzo.in/,NBFC,Fibe,Social Worth Technologies Ltd,Google Play Store (For Android),https://play.google.com/store/apps/details?id=com.earlysalary.android&hl=en_IN&gl=IN
1782,,https://www.oxyzo.in/,NBFC,Kreditbee,Krazybee Services Limited (formerly known as Krazybee Services Private Limited),App,https://apps.samsung.com/appquery/appDetail.as?appId=com.kreditbee.android
1783,,https://www.oxyzo.in/,NBFC,Kreditbee,Krazybee Services Limited (formerly known as Krazybee Services Private Limited),App,https://global.app.mi.com/details?lo=IN&la=en_US&id=com.kreditbee.android
1784,,https://www.oxyzo.in/,NBFC,Kreditbee,Krazybee Services Limited (formerly known as Krazybee Services Private Limited),App,https://indusapp.store/9ip3i05q
1785,,https://www.oxyzo.in/,NBFC,Kreditbee,Krazybee Services Limited (formerly known as Krazybee Services Private Limited),App,oaps://mk/dt?pkg=com.kreditbee.android&style=1
1786,,https://www.oxyzo.in/,NBFC,Kreditbee,Krazybee Services Limited (formerly known as Krazybee Services Private Limited),App,vivomarket://details?id=com.kreditbee.android
1787,,https://www.oxyzo.in/,NBFC,Kreditbee,Krazybee Services Limited (formerly known as Krazybee Services Private Limited),Apple App Store,https://apps.apple.com/in/app/easy-personal-loan-kreditbee/id1488736283
1788,,https://www.oxyzo.in/,NBFC,Kreditbee,Krazybee Services Limited (formerly known as Krazybee Services Private Limited),Google Play,https://play.google.com/store/apps/details?id=com.kreditbee.android
1789,,https://www.oxyzo.in/,NBFC,Kreditbee,Krazybee Services Limited (formerly known as Krazybee Services Private Limited),Website,https://www.kreditbee.in/
1790,,https://www.oxyzo.in/,NBFC,Moneyview,Moneyview Limited (Formerly known as Moneyview Private Limited),App Store (For iphone),https://apps.apple.com/in/app/moneyview-loans-credit-cards/id6468976019
1791,,https://www.oxyzo.in/,NBFC,Moneyview,Moneyview Limited (Formerly known as Moneyview Private Limited),Google Play Store (For Android),https://play.google.com/store/apps/details?id=com.whizdm.moneyview.loans&shortlink=m7dfn4of&c=Homepage+CTA+Android&pid=Website&af_xp=custom&source_caller=ui&pli=1
1792,,https://www.oxyzo.in/,NBFC,Stashfin,EQX Analytics Private Limited,Apple App Store,https://apps.apple.com/in/app/stashfin-loans-bonds-more/id1276990457
1793,,https://www.oxyzo.in/,NBFC,Stashfin,EQX Analytics Private Limited,Google Play Store,https://play.google.com/store/search?q=stashfin&c=apps
1794,,https://www.oxyzo.in/,NBFC,Stashfin,EQX Analytics Private Limited,Website,https://www.stashfin.com/
1795,,https://www.oxyzo.in/,NBFC, True Balance,Balancehero India Private Limited,Galaxy Store (Samsung),https://galaxystore.samsung.com/detail/com.balancehero.truebalance
1796,,https://www.oxyzo.in/,NBFC, True Balance,Balancehero India Private Limited,Google Play Store,https://play.google.com/store/apps/details?id=com.balancehero.truebalance
1797,,https://www.oxyzo.in/,NBFC, True Balance,Balancehero India Private Limited,Huawei AppGallery,https://appgallery.huawei.com/app/C101648675
1798,,https://www.oxyzo.in/,NBFC, True Balance,Balancehero India Private Limited,Indus Appstore (Xiaomi),https://global.app.mi.com/details?lo=IN&la=en_US&id=com.balancehero.truebalance
1799,OXYZO FINANCIAL SERVICES PRIVATE LIMITED,https://www.oxyzo.in/,NBFC,BharatPe for Business,Resilient Digi Services Private Limited,Apple App Store,https://apps.apple.com/in/app/bharatpe-for-business/id1329385873
1800,,https://www.oxyzo.in/,NBFC,BharatPe for Business,Resilient Digi Services Private Limited,Google Play,https://play.google.com/store/apps/details?id=com.bharatpe.app&hl=en_IN&pli=1
1801,,https://www.oxyzo.in/,NBFC,Fibe,Social Worth Technologies Ltd,App Store (For iphone),https://apps.apple.com/in/app/fibe-instant-personal-loan-app/id1094602630
1802,,https://www.oxyzo.in/,NBFC,Fibe,Social Worth Technologies Ltd,Google Play Store (For Android),https://play.google.com/store/apps/details?id=com.earlysalary.android&hl=en_IN&gl=IN
1803,,https://www.oxyzo.in/,NBFC,Kreditbee,Krazybee Services Limited (formerly known as Krazybee Services Private Limited),App,https://apps.samsung.com/appquery/appDetail.as?appId=com.kreditbee.android
1804,,https://www.oxyzo.in/,NBFC,Kreditbee,Krazybee Services Limited (formerly known as Krazybee Services Private Limited),App,https://global.app.mi.com/details?lo=IN&la=en_US&id=com.kreditbee.android
1805,,https://www.oxyzo.in/,NBFC,Kreditbee,Krazybee Services Limited (formerly known as Krazybee Services Private Limited),App,https://indusapp.store/9ip3i05q
1806,,https://www.oxyzo.in/,NBFC,Kreditbee,Krazybee Services Limited (formerly known as Krazybee Services Private Limited),App,oaps://mk/dt?pkg=com.kreditbee.android&style=1
1807,,https://www.oxyzo.in/,NBFC,Kreditbee,Krazybee Services Limited (formerly known as Krazybee Services Private Limited),App,vivomarket://details?id=com.kreditbee.android
1808,,https://www.oxyzo.in/,NBFC,Kreditbee,Krazybee Services Limited (formerly known as Krazybee Services Private Limited),Apple App Store,https://apps.apple.com/in/app/easy-personal-loan-kreditbee/id1488736283
1809,,https://www.oxyzo.in/,NBFC,Kreditbee,Krazybee Services Limited (formerly known as Krazybee Services Private Limited),Google Play,https://play.google.com/store/apps/details?id=com.kreditbee.android
1810,,https://www.oxyzo.in/,NBFC,Kreditbee,Krazybee Services Limited (formerly known as Krazybee Services Private Limited),Website,https://www.kreditbee.in/
1811,,https://www.oxyzo.in/,NBFC,Moneyview,Moneyview Limited,App Store (For iphone),https://apps.apple.com/in/app/moneyview-loans-credit-cards/id6468976019
1812,,https://www.oxyzo.in/,NBFC,Moneyview,Moneyview Limited,Google Play Store (For Android),https://play.google.com/store/apps/details?id=com.whizdm.moneyview.loans&shortlink=m7dfn4of&c=Homepage+CTA+Android&pid=Website&af_xp=custom&source_caller=ui&pli=1
1813,,https://www.oxyzo.in/,NBFC,Stashfin,EQX Analytics Private Limited,Apple App Store,https://apps.apple.com/in/app/stashfin-loans-bonds-more/id1276990457
1814,,https://www.oxyzo.in/,NBFC,Stashfin,EQX Analytics Private Limited,Google Play Store,https://play.google.com/store/search?q=stashfin&c=apps
1815,,https://www.oxyzo.in/,NBFC,Stashfin,EQX Analytics Private Limited,Website,https://www.stashfin.com/
1816,,https://www.oxyzo.in/,NBFC, True Balance,Balancehero India Private Limited,Galaxy Store (Samsung),https://galaxystore.samsung.com/detail/com.balancehero.truebalance
1817,,https://www.oxyzo.in/,NBFC, True Balance,Balancehero India Private Limited,Google Play Store,https://play.google.com/store/apps/details?id=com.balancehero.truebalance
1818,,https://www.oxyzo.in/,NBFC, True Balance,Balancehero India Private Limited,Huawei AppGallery,https://appgallery.huawei.com/app/C101648675
1819,,https://www.oxyzo.in/,NBFC, True Balance,Balancehero India Private Limited,Indus Appstore (Xiaomi),https://global.app.mi.com/details?lo=IN&la=en_US&id=com.balancehero.truebalance
1820,PADMALAYA FINSERVE PRIVATE LIMITED,https://padmalayafinserve.com,NBFC,BRIDGE,ZAVO NEXUS PRIVATE LIMITED,Google Play Store ,https://play.google.com/store/apps/details?id=com.bridge.capital.app
1821,PAHAL FINANCIAL SERVICES PRIVATE LIMITED,https://fdplfinance.com/,NBFC,FatakPay Digital Private Limited,FDPL Finance Private Limited,"Play store: FatakPay: Financial Wellness, website: http://www.fatakpay.com/",http://www.fatakpay.com/
1822,,https://gromor.in/,NBFC,Glaas,Gromor,"Available on website, No playstore Application",https://gromor.in/
1823,,https://pahalfinance.com/,NBFC,Pahal Pe,Pahal,"Play store: PahalPe, website: https://pahalfinance.com/products/digital-products/",https://pahalfinancedirectpay.my.canva.site/availing-personal-loan-features
1824,PANAFIC INDUSTRIALS LTD,https://www.panaficindustrialsltd.in/,NBFC,Big Rock Loan,Credwise Fintech Private Limited,Website,https://bigrockloan.com/
1825,P.A. SECURITIES PVT. LTD.,https://sanrachnapas.com/,NBFC,NANOKRED,Accredit Technologies Private Limited,Website,www.nanokred.com
1826,PAWANSUT HOLDINGS LIMITED,https://www.pawansutholdings.com/,NBFC,Ayushman Loan,Self owned by RE i.e. Pawansut Holdings Limited,https://ayushmanloan.com/,https://ayushmanloan.com/
1827,,https://www.pawansutholdings.com/,NBFC,Minutes Loan,Self owned by RE i.e. Pawansut Holdings Limited,https://minutesloan.com/,https://minutesloan.com/
1828,,https://www.pawansutholdings.com/,NBFC,Salary4Sure,Self owned by RE i.e. Pawansut Holdings Limited,https://salary4sure.com/,https://salary4sure.com/
1829,PAYME INDIA FINANCIAL SERVICES PRIVATE LIMITED,https://www.pmifs.com/,NBFC,PayMe ,Huey Tech Private Limited,APP Store: Android,Android: https://play.google.com/store/apps/details?id=io.attabot.app.paymeindia&pcampaignid=web_share
1830,,https://www.pmifs.com/,NBFC,PayMe ,Huey Tech Private Limited,APP Store: IOS and Android,IOS: https://apps.apple.com/in/app/payme-personal-loan-app/id1282142711 
1831,,https://www.pmifs.com/,NBFC,PayMe ,Huey Tech Private Limited,Website,https://www.paymeindia.in/
1832,PAYU FINANCE INDIA PRIVATE LIMITED (FORMERLY KNOWN AS SIDVIK LEASING PVT. LTD.),https://www.payufin.in/,NBFC,Bajaj Markets,Bajaj Finserv Direct Limited,App Store,https://apps.apple.com/in/app/bajaj-finserv-markets-loan-app/id1482914241
1833,,https://www.payufin.in/,NBFC,Bajaj Markets,Bajaj Finserv Direct Limited,Google Play Store,https://play.google.com/store/apps/details?id=in.bajajfinservmarkets.app&hl=en
1834,,https://www.payufin.in/,NBFC,Bajaj Markets,Bajaj Finserv Direct Limited,Website,https://www.bajajfinservmarkets.in/
1835,,https://www.payufin.in/,NBFC,BharatPe for Business,Resilient Digi Services Private Limited,Apple App Store,https://apps.apple.com/in/app/bharatpe-for-business/id1329385873
1836,,https://www.payufin.in/,NBFC,BharatPe for Business,Resilient Digi Services Private Limited,Google Play store,https://play.google.com/store/apps/details?id=com.bharatpe.app
1837,,https://www.payufin.in/,NBFC,Digital Lending Application pages powered by Service Provider on Flipkart Online Shopping App,Owned by Flipkart Internet Private Limited and is operated by the Flipkart Advanz Private Limited,App Store,https://dl.flipkart.com/rv/fpg/bnpl?utmSource=myAccount&utmContext=abc
1838,,https://www.payufin.in/,NBFC,Digital Lending Application pages powered by Service Provider on Flipkart Online Shopping App,Owned by Flipkart Internet Private Limited and is operated by the Flipkart Advanz Private Limited,Google Play Store,https://dl.flipkart.com/rv/fpg/bnpl?utmSource=myAccount&utmContext=abc
1839,,https://www.payufin.in/,NBFC,Flexicash,PayU Finance India Private Limited,Website,biz.payufin.in
1840,,https://www.payufin.in/,NBFC,FT Cash,Nomisma Mobile Solution Pvt Ltd,Website,https://www.ftcash.com/
1841,,https://www.payufin.in/,NBFC,Kiwi,GoKiwi Tech Private Limited,Apple App Store,https://apps.apple.com/in/app/kiwi-rupay-credit-card-on-upi/id6449386307
1842,,https://www.payufin.in/,NBFC,Kiwi,GoKiwi Tech Private Limited,Google Play Store,https://play.google.com/store/apps/details?id=in.gokiwi.kiwitpap&hl=en_IN
1843,,https://www.payufin.in/,NBFC,Kiwi,GoKiwi Tech Private Limited,Website,https://gokiwi.in/
1844,,https://www.payufin.in/,NBFC,Kreditbee,Finnovation Tech Solutions Private Limited,Apple App Store,https://apps.apple.com/in/app/easy-personal-loan-kreditbee/id1488736283
1845,,https://www.payufin.in/,NBFC,Kreditbee,Finnovation Tech Solutions Private Limited,Google Play Store,https://play.google.com/store/apps/details?id=com.kreditbee.android
1846,,https://www.payufin.in/,NBFC,Kreditbee,Finnovation Tech Solutions Private Limited,Indus App Store,https://indusapp.store/9ip3i05q
1847,,https://www.payufin.in/,NBFC,Kreditbee,Finnovation Tech Solutions Private Limited,Oppo,https://oaps/mk/dt?pkg=com.kreditbee.android&style=1
1848,,https://www.payufin.in/,NBFC,Kreditbee,Finnovation Tech Solutions Private Limited,Samsung App Store,https://apps.samsung.com/appquery/appDetail.as?appId=com.kreditbee.android
1849,,https://www.payufin.in/,NBFC,Kreditbee,Finnovation Tech Solutions Private Limited,Vivo App Store,https://vivomarket/details?id=com.kreditbee.android
1850,,https://www.payufin.in/,NBFC,Kreditbee,Finnovation Tech Solutions Private Limited,Website,https://www.kreditbee.in/
1851,,https://www.payufin.in/,NBFC,Kreditbee,Finnovation Tech Solutions Private Limited,Xiaomi Global App,https://global.app.mi.com/details?lo=IN&la=en_US&id=com.kreditbee.android
1852,,https://www.payufin.in/,NBFC,LazyPay,PayU Finance India Private Limited,Apple App Store,https://apps.apple.com/in/app/lazypay-buy-now-pay-later/id1419990272
1853,,https://www.payufin.in/,NBFC,LazyPay,PayU Finance India Private Limited,Google Play Store,https://play.google.com/store/apps/details?id=com.citrus.citruspay
1854,,https://www.payufin.in/,NBFC,Meesho,Meesho Payments Private Limited,Google Play Store,https://ltl.sh/ANDe_TjqYw
1855,,https://www.payufin.in/,NBFC,Meesho,Meesho Payments Private Limited,Website,https://supplier.meesho.com
1856,,https://www.payufin.in/,NBFC,Mobikwik,Mobikwik Distribution Services Private Limited,App Store,https://apps.apple.com/in/app/mobikwik-bhim-upi-wallet/id600002523
1857,,https://www.payufin.in/,NBFC,Mobikwik,Mobikwik Distribution Services Private Limited,Google Play Store,https://play.google.com/store/apps/details?id=com.mobikwik_new&hl=en_IN&gl=IN
1858,,https://www.payufin.in/,NBFC,MONEY VIEW LOANS PERSONAL LOAN APP INSTANT LOAN,Moneyview Limited-Formerly known as Moneyview Private Limited & Whizdm Innovations Private Limited,App Store,https://apps.apple.com/in/app/moneyview-loans-credit-cards/id6468976019
1859,,https://www.payufin.in/,NBFC,MONEY VIEW LOANS PERSONAL LOAN APP INSTANT LOAN,Moneyview Limited-Formerly known as Moneyview Private Limited & Whizdm Innovations Private Limited,Google Play Store,https://play.google.com/store/search?q=moneyview&c=apps&hl=en
1860,,https://www.payufin.in/,NBFC,Nira,Shuhari Tech Ventures Private Limited,Google Play Store,https://play.google.com/store/apps/details?id=com.nirafinance.customer
1861,,https://www.payufin.in/,NBFC,Olyv (Smartcoin),Smartcoin Financials Private Limited,Google Play Store,https://play.google.com/store/apps/details?id=in.rebase.app&pli=1
1862,,https://www.payufin.in/,NBFC,Olyv (Smartcoin),Smartcoin Financials Private Limited,Indus App Store,https://www.indusappstore.com/apps/finance/olyv--smartcoin-/in.rebase.app/?page=details&id=in.rebase.app
1863,,https://www.payufin.in/,NBFC,Olyv (Smartcoin),Smartcoin Financials Private Limited,Mi App Store,https://global.app.mi.com/details?lo=IN&la=en&id=in.rebase.app
1864,,https://www.payufin.in/,NBFC,Olyv (Smartcoin),Smartcoin Financials Private Limited,Website,https://www.olyv.co.in/quick-loan
1865,,https://www.payufin.in/,NBFC,PaySense,PaySense Services India Private Limited,Google Play Store,https://play.google.com/store/apps/details?id=com.gopaysense.android.boost&hl=en_IN&gl=IN
1866,,https://www.payufin.in/,NBFC,PaySense,PaySense Services India Private Limited,Website,https://www.gopaysense.com/
1867,,https://www.payufin.in/,NBFC,Paytm,One 97 Communication Limited (Paytm),Apple App Store,https://apps.apple.com/in/app/paytm-for-business/id1351301966
1868,,https://www.payufin.in/,NBFC,Paytm,One 97 Communication Limited (Paytm),Google Play Store,https://play.google.com/store/apps/details?id=com.paytm.business
1869,,https://www.payufin.in/,NBFC,Phone Pe,PhonePe Lending Services Private Limited,Apple App Store,https://apps.apple.com/in/app/phonepe-secure-payments-app/id1170055821
1870,,https://www.payufin.in/,NBFC,Phone Pe,PhonePe Lending Services Private Limited,Google Playstore,https://play.google.com/store/apps/details?id=com.phonepe.app&hl=en_IN&pli=1
1871,,https://www.payufin.in/,NBFC,Phone Pe,PhonePe Lending Services Private Limited,Indus Appstore,https://www.indusappstore.com/apps/finance/phonepe/com.phonepe.app/?page=details&id=com.phonepe.app
1872,,https://www.payufin.in/,NBFC,Phone Pe,Phonepe Limited,Apple App Store,https://apps.apple.com/in/app/phonepe-business-merchant-app/id1463742453
1873,,https://www.payufin.in/,NBFC,Phone Pe,Phonepe Limited,Google Play Store,https://play.google.com/store/apps/details?id=com.phonepe.app.business
1874,,https://www.payufin.in/,NBFC,Phone Pe,Phonepe Limited,Indus App Store,https://www.indusappstore.com/apps/finance/phonepe-business/com.phonepe.app.business?page=details&id=com.phonepe.app.business
1875,,https://www.payufin.in/,NBFC,Phone Pe,Phonepe Limited,Website,https://www.phonepe.com/lending/
1876,,https://www.payufin.in/,NBFC,Revenue Based Financing For Digital First Brands - Shiprocket Capital,?Shiprocket ltd,Website,https://www.shiprocket.in/capital/
1877,,https://www.payufin.in/,NBFC,Swiggy Financial Services,Swiggy Neocap Private Limited,App Store,https://apps.apple.com/in/app/swiggy-owner/id1209732136
1878,,https://www.payufin.in/,NBFC,Swiggy Financial Services,Swiggy Neocap Private Limited,Play Store,https://play.google.com/store/apps/details?id=in.swiggy.partnerapp
1879,PIRAMAL ENTERPRISES LIMITED,https://www.piramalenterprises.com/,NBFC,Paytm,One97 Communications Limited,?Google Play store?& iOS App store,https://apps.apple.com/in/app/paytm-for-business/id1351301966 https://play.google.com/store/apps/details?id=net.one97.paytm
1880,PIRAMAL FINANCE LIMITED (FORMERLY KNOWN AS PIRAMAL CAPITAL & HOUSING FINANCE LIMITED),https://www.piramalfinance.com/about-us/lending-partners,NBFC,BharatPe for Business,Resilient Digi Services Private Limited,Apple App Store,https://apps.apple.com/in/app/bharatpe-for-business/id1329385873
1881,,https://www.piramalfinance.com/about-us/lending-partners,NBFC,BharatPe for Business,Resilient Digi Services Private Limited,Google Play Store,https://play.google.com/store/apps/details?id=com.bharatpe.app&hl=en_IN&pli=1
1882,,https://www.piramalfinance.com/about-us/lending-partners,NBFC,Digital lending pages of PhonePe Lending on PhonePe consumer app,PhonePe Lending Services Private Limited,Apple App Store,https://apps.apple.com/in/app/phonepe-secure-payments-app/id1170055821
1883,,https://www.piramalfinance.com/about-us/lending-partners,NBFC,Digital lending pages of PhonePe Lending on PhonePe consumer app,PhonePe Lending Services Private Limited,Google Play Store,https://play.google.com/store/apps/details?id=com.phonepe.app&hl=en_IN&pli=1
1884,,https://www.piramalfinance.com/about-us/lending-partners,NBFC,Digital lending pages of PhonePe Lending on PhonePe consumer app,PhonePe Lending Services Private Limited,IndusApp,https://www.indusappstore.com/apps/finance/phonepe/com.phonepe.app/?page=details&id=com.phonepe.app
1885,,https://www.piramalfinance.com/about-us/lending-partners,NBFC,Fibe,Social Worth Technologies Limited,Apple App Store,https://apps.apple.com/in/app/fibe-instant-personal-loan-app/id1094602630
1886,,https://www.piramalfinance.com/about-us/lending-partners,NBFC,Fibe,Social Worth Technologies Limited,Google Play Store,https://play.google.com/store/apps/details?id=com.earlysalary.android&hl=en_IN&gl=IN
1887,,https://www.piramalfinance.com/about-us/lending-partners,NBFC,Finnable: Personal Loan App,Finnable Technologies Private Limited,Apple App Store,https://apps.apple.com/in/app/finnable/id1453358250
1888,,https://www.piramalfinance.com/about-us/lending-partners,NBFC,Finnable: Personal Loan App,Finnable Technologies Private Limited,Google Play Store,https://play.google.com/store/apps/details?id=com.finnable.customer&hl=en_IN 
1889,,https://www.piramalfinance.com/about-us/lending-partners,NBFC,Kissht,OnEMI Technology Solutions Limited,Google Play Store,https://play.google.com/store/apps/details?id=com.fastbanking
1890,,https://www.piramalfinance.com/about-us/lending-partners,NBFC,Kissht IOS,OnEMI Technology Solutions Limited,Apple App Store,https://apps.apple.com/in/app/kissht-personal-loan-app/id6752766331
1891,,https://www.piramalfinance.com/about-us/lending-partners,NBFC,Kreditbee,Finnovation Tech Solutions Private Limited,Apple App Store,https://apps.apple.com/in/app/easy-personal-loan-kreditbee/id1488736283
1892,,https://www.piramalfinance.com/about-us/lending-partners,NBFC,Kreditbee,Finnovation Tech Solutions Private Limited,Google Play Store,https://play.google.com/store/apps/details?id=com.kreditbee.android
1893,,https://www.piramalfinance.com/about-us/lending-partners,NBFC,Kreditbee,Finnovation Tech Solutions Private Limited,IndusApp,https://indusapp.store/9ip3i05q
1894,,https://www.piramalfinance.com/about-us/lending-partners,NBFC,Kreditbee,Finnovation Tech Solutions Private Limited,Mi App Store,https://global.app.mi.com/details?lo=IN&la=en_US&id=com.kreditbee.android
1895,,https://www.piramalfinance.com/about-us/lending-partners,NBFC,Kreditbee,Finnovation Tech Solutions Private Limited,Oppo App Store,oaps://mk/dt?pkg=com.kreditbee.android&style=1
1896,,https://www.piramalfinance.com/about-us/lending-partners,NBFC,Kreditbee,Finnovation Tech Solutions Private Limited,Samsung App Store,https://apps.samsung.com/appquery/appDetail.as?appId=com.kreditbee.android
1897,,https://www.piramalfinance.com/about-us/lending-partners,NBFC,Kreditbee,Finnovation Tech Solutions Private Limited,Vivo Market,vivomarket://details?id=com.kreditbee.android
1898,,https://www.piramalfinance.com/about-us/lending-partners,NBFC,Kreditbee,Finnovation Tech Solutions Private Limited,Website,https://www.kreditbee.in/
1899,,https://www.piramalfinance.com/about-us/lending-partners,NBFC,MobiKwik,One MobiKwik Systems Limited,Apple App Store,https://apps.apple.com/in/app/mobikwik-bhim-upi-wallet/id600002523
1900,,https://www.piramalfinance.com/about-us/lending-partners,NBFC,MobiKwik,One MobiKwik Systems Limited,Google Play Store,https://play.google.com/store/apps/details?id=com.mobikwik_new&hl=en
1901,,https://www.piramalfinance.com/about-us/lending-partners,NBFC,Moneyview Limited (Formerly Known as Whizdm Innovations Private Limited),Moneyview Limited (Formerly Known as Whizdm Innovations Private Limited),Apple App Store,https://apps.apple.com/in/app/moneyview-loans-credit-cards/id6468976019
1902,,https://www.piramalfinance.com/about-us/lending-partners,NBFC,Moneyview Limited (Formerly Known as Whizdm Innovations Private Limited),Moneyview Limited (Formerly Known as Whizdm Innovations Private Limited),Google Play Store,https://play.google.com/store/apps/details?id=com.whizdm.moneyview.loans&hl=en_IN&gl=IN
1903,,https://www.piramalfinance.com/about-us/lending-partners,NBFC,Moneyview Limited (Formerly Known as Whizdm Innovations Private Limited),Moneyview Limited (Formerly Known as Whizdm Innovations Private Limited),Website,https://moneyview.in/
1904,,https://www.piramalfinance.com/about-us/lending-partners,NBFC,Navi Finserv Limited,Navi Finserv Limited,Website,https://navi.com/pl
1905,,https://www.piramalfinance.com/about-us/lending-partners,NBFC,Onsecore,FPL Consumer Services Private Limited,Apple App Store,https://apps.apple.com/in/app/onescore-credit-score-insight/id1462059417
1906,,https://www.piramalfinance.com/about-us/lending-partners,NBFC,Onsecore,FPL Consumer Services Private Limited,Google Play Store,https://play.google.com/store/apps/details?id=tech.fplabs.score&hl=en_IN
1907,,https://www.piramalfinance.com/about-us/lending-partners,NBFC,Onsecore,FPL Consumer Services Private Limited,Website,https://www.onescore.app/
1908,,https://www.piramalfinance.com/about-us/lending-partners,NBFC,Paisabazaar Marketing and Consulting Private Limited,Paisabazaar Marketing and Consulting Private Limited,Apple App Store,https://apps.apple.com/in/app/paisabazaar-com-loans-cards/id1029403201
1909,,https://www.piramalfinance.com/about-us/lending-partners,NBFC,Paisabazaar Marketing and Consulting Private Limited,Paisabazaar Marketing and Consulting Private Limited,Google Play Store,https://play.google.com/store/apps/details?id=com.paisabazaar
1910,,https://www.piramalfinance.com/about-us/lending-partners,NBFC,Paisabazaar Marketing and Consulting Private Limited,Paisabazaar Marketing and Consulting Private Limited,Website,https://www.paisabazaar.com/
1911,,https://www.piramalfinance.com/about-us/lending-partners,NBFC,Paytm,One97 Communications Limited,Apple App Store,https://apps.apple.com/in/app/paytm-for-business/id1351301966
1912,,https://www.piramalfinance.com/about-us/lending-partners,NBFC,Paytm,One97 Communications Limited,Apple App Store,https://apps.apple.com/in/app/paytm/id473941634
1913,,https://www.piramalfinance.com/about-us/lending-partners,NBFC,Paytm,One97 Communications Limited,Google Play Store,https://play.google.com/store/apps/details?id=com.paytm.business
1914,,https://www.piramalfinance.com/about-us/lending-partners,NBFC,Paytm,One97 Communications Limited,Google Play Store,https://play.google.com/store/apps/details?id=net.one97.paytm
1915,,https://www.piramalfinance.com/about-us/lending-partners,NBFC,Piramal Finance- Loans and More,Piramal Finance Ltd,Apple App Store,https://apps.apple.com/in/app/piramal-finance-loans-more/id1570115348
1916,,https://www.piramalfinance.com/about-us/lending-partners,NBFC,Piramal Finance- Loans and More,Piramal Finance Ltd,Google Play Store,https://www.piramalfinance.com/vidya/personal-loan-app
1917,,https://www.piramalfinance.com/about-us/lending-partners,NBFC,RING,OnEMI Technology Solutions Limited,Google Play Store,https://play.google.com/store/apps/details?id=com.ideopay.user
1918,,https://www.piramalfinance.com/about-us/lending-partners,NBFC,Ruloans?,Ruloans Distribution Services Pvt. Ltd.,Apple App store,https://apps.apple.com/in/app/ruconnect-by-ruloans/id1661321073
1919,,https://www.piramalfinance.com/about-us/lending-partners,NBFC,Ruloans?,Ruloans Distribution Services Pvt. Ltd.,Google Play Store,https://play.google.com/store/apps/details?id=com.ruloanss
1920,,https://www.piramalfinance.com/about-us/lending-partners,NBFC,Ruloans?,Ruloans Distribution Services Pvt. Ltd.,Website,https://ruconnect.ruloans.com
1921,,https://www.piramalfinance.com/about-us/lending-partners,NBFC,SAVEIN,SAVEIN FINTECH PRIVATE LIMITED,Website,https://savein.money/
1922,PLEBGRAPH FINANCE PRIVATE LIMITED,https://www.plebgraph.com/,NBFC,Plebgraph,Plebgraph Finance Pvt Ltd,Google Play Store,https://play.google.com/store/apps/details?id=com.plebgraph.user&hl=en_IN
1923,POOJA FINSTOCK INTERNATIONAL LIMTIED,https://pfilfinance.com/,NBFC,PFIL FINANCE,Self-owned,Google play store,https://play.google.com/store/apps/details?id=com.pfilfinance.app
1924,,https://pfilfinance.com/,NBFC,PFIL FINANCE,Self-owned,Website,https://pfilfinance.com
1925,,https://pfilfinance.com/,NBFC,Sky Credit,Tik Tik Payment Solution company,Google play store,https://play.google.com/store/apps/details?id=com.skycredit
1926,POONAWALLA FINCORP LTD,https://poonawallafincorp.com/digital-partnership-cashbycred,NBFC,Cash By Cred ,Dreamplug Technologies Private Limited,Playstore,https://play.google.com/store/apps/details?id=com.dreamplug.kyoto.android
1927,,"Poonawalla Fincorp: Get Personal, Professional, Business loans",NBFC,Mint Money,HT Digital Streams Limited,Website/Playstore,https://www.livemintmoney.com/ https://apps.apple.com/in/app/mint-money-credit-score-loans/id6751579585https://play.google.com/store/apps/details?id=com.htmintmoney&hl=en_IN?
1928,,Poonawalla Fincorp Ltd Loan Payment – Pay Poonawalla Fincorp Ltd Loan EMI Online,NBFC,Angel One,Angel One Limited,Web/Playstore/IOS,https://play.google.com/store/apps/details?id=com.msf.angelmobile https://apps.apple.com/in/app/angel-one-stocks-mutual-fund/id1060530981
1929,,Poonawalla Fincorp Ltd Loan Payment – Pay Poonawalla Fincorp Ltd Loan EMI Online,NBFC,Bitrocket,BITROCKET LABS PVT LTD,Web/Playstore/IOS,https://play.google.com/store/apps/details?id=com.cheq.retail&hl=en_IN https://apps.apple.com/in/app/cheq-credit-bill-payments/id6444677365 
1930,,Poonawalla Fincorp Ltd Loan Payment – Pay Poonawalla Fincorp Ltd Loan EMI Online,NBFC,CarePal,Carepal Fintect Pvt Ltd,Website/Playstore,https://eci.carepalmoney.com/app/merchant-loan/login?utm_source=website&utm_medium=header&utm_campaign=get_startedCarePal Money
1931,,Poonawalla Fincorp Ltd Loan Payment – Pay Poonawalla Fincorp Ltd Loan EMI Online,NBFC,CRED,Dreamplug Technologies Private Limited - Prefr,Web/Playstore/IOS,https://play.google.com/store/apps/details?id=com.dreamplug.androidapp&hl=en_IN https://apps.apple.com/in/app/cred-credit-cards-payments/id1428580080
1932,,Poonawalla Fincorp Ltd Loan Payment – Pay Poonawalla Fincorp Ltd Loan EMI Online,NBFC,Credbuddha,CredBuddha Financial Consultancy Services Private Limited,Website/Playstore,https://credbuddha.com/ https://play.google.com/store/apps/details?id=com.app.credbuddha&hl=en_IN
1933,,Poonawalla Fincorp Ltd Loan Payment – Pay Poonawalla Fincorp Ltd Loan EMI Online,NBFC,Finfinity,Synergenius Growth Private Limited,Web/Playstore/IOS,https://sgpl.finfinity.co.in/FinApp https://sgpl.finfinity.co.in/FinApp
1934,,Poonawalla Fincorp Ltd Loan Payment – Pay Poonawalla Fincorp Ltd Loan EMI Online,NBFC,Groww Credit App,Billionbrains Garage Ventures Limited ,Web/Playstore/IOS,https://play.google.com/store/apps/details?id=in.groww.dash https://apps.apple.com/in/app/groww-credit-instant-loan-app/id6633433697
1935,,Poonawalla Fincorp Ltd Loan Payment – Pay Poonawalla Fincorp Ltd Loan EMI Online,NBFC,Mobikwik,One Mobikwik Systems Limited,Web/Playstore/IOS,https://play.google.com/store/apps/details?id=com.mobikwik_new https://apps.apple.com/in/app/mobikwik-bhim-upi-wallet/id600002523
1936,,Poonawalla Fincorp Ltd Loan Payment – Pay Poonawalla Fincorp Ltd Loan EMI Online,NBFC,OLA Money,Ola Financial Services Pvt. Ltd (OFS),Web/Playstore/IOS,https://play.google.com/store/apps/details?id=com.olacabs.customer&hl=en_IN&pli=1 https://apps.apple.com/in/app/ola-book-cab-auto-bike-taxi/id539179365
1937,,Poonawalla Fincorp Ltd Loan Payment – Pay Poonawalla Fincorp Ltd Loan EMI Online,NBFC,Paisabazaar,Paisabazaar,Web/Playstore/IOS,https://play.google.com/store/apps/details?id=com.paisabazaar https://apps.apple.com/in/app/paisabazaar-com-loans-cards/id1029403201
1938,,Poonawalla Fincorp Ltd Loan Payment – Pay Poonawalla Fincorp Ltd Loan EMI Online,NBFC,ParkPlus,Parviom Technologies Pvt. Ltd.,Web/Playstore/IOS,https://play.google.com/store/apps/details?id=com.ovunque.parkwheels&hl=en-US https://apps.apple.com/in/app/park-rto-parivahan-fastag/id1244749178
1939,,Poonawalla Fincorp Ltd Loan Payment – Pay Poonawalla Fincorp Ltd Loan EMI Online,NBFC,Paytm,One 97 Communications Limited?,Web/Playstore/IOS,https://play.google.com/store/apps/details?id=net.one97.paytm https://apps.apple.com/in/app/paytm-secure-upi-payments/id473941634
1940,,Poonawalla Fincorp Ltd Loan Payment – Pay Poonawalla Fincorp Ltd Loan EMI Online,NBFC,Poonawalla Fincorp,Poonawalla Fincorp Limited,Web/Playstore/IOS,https://play.google.com/store/apps/details?id=com.poonawallafincorp.loan.emi.payment.card.upi.mf&hl=en_IN https://apps.apple.com/in/app/poonawalla-fincorp/id6450506096
1941,,Poonawalla Fincorp Ltd Loan Payment – Pay Poonawalla Fincorp Ltd Loan EMI Online,NBFC,Prefr,Dreamplug Technologies Private Limited - Prefr,Web/Playstore/IOS,https://play.google.com/store/apps/details?id=com.prefr.credit https://apps.apple.com/in/app/prefr-personal-loan-app-india/id6758143425
1942,,Poonawalla Fincorp Ltd Loan Payment – Pay Poonawalla Fincorp Ltd Loan EMI Online,NBFC,SuperMoney,Scapic Innovations Pvt ltd,Web/Playstore/IOS,https://play.google.com/store/apps/details?id=money.super.payments&hl=en-US https://apps.apple.com/in/app/super-money/id6502597504
1943,,Poonawalla Fincorp Ltd Loan Payment – Pay Poonawalla Fincorp Ltd Loan EMI Online,NBFC,Xtelify Limited,Airtel,Website/Playstore,https://play.google.com/store/apps/details?id=com.myairtelapp https://apps.apple.com/in/app/airtel-thanks-recharge-bank/id543184334
1944,PRAKASH CHEMTEX (INDIA) LIMITED,www.actoloan.com,NBFC,Actoloan,Prakash Chemtex (India) Limited,Google Play Store,https://play.google.com/store/apps/details?id=com.actoloan.app.actoloan
1945,,www.actoloan.com,NBFC,Actoloan,Prakash Chemtex (India) Limited,Website,https://actoloan.com/index.php
1946,PROFECTUS CAPITAL PVT. LTD.,www.profectuscapital.com,NBFC,Paytm,One97 Communications Limited,Apple app store,https://apps.apple.com/in/app/paytm/id473941634
1947,,www.profectuscapital.com,NBFC,Paytm,One97 Communications Limited,Google Play store,https://play.google.com/store/apps/details?id=net.one97.paytm
1948,,www.profectuscapital.com,NBFC,Paytm for Business,One97 Communications Limited,Apple app store,https://apps.apple.com/in/app/paytm-for-business/id1351301966
1949,,www.profectuscapital.com,NBFC,Paytm for Business,One97 Communications Limited,Google Play store,https://play.google.com/store/apps/details?id=com.paytm.business
1950,PROPKAR SECURITIES (P) LTD.,https://www.getpaisa.com/,NBFC,Getpaisa,Propkar Securities Private Limited, App Store,https://apps.apple.com/in/app/getpaisa/id6737540025
1951,,https://www.getpaisa.com/,NBFC,Getpaisa,Propkar Securities Private Limited,Google Play Store,https://play.google.com/store/apps/details?id=com.get.paisa&hl=en
1952,PUNJAB AND SIND BANK,PUNJABANDSINDBANK.CO.IN,BANK,DIGITAL LOANS,PSB,WEBSITE,https://digiloans.psb.co.in/psb/
1953,,PUNJABANDSINDBANK.CO.IN,BANK,DIGITAL MUDRA,PSB,WEBSITE,https://digimudraloan.psb.co.in/lendperfect/landing
1954,PUNJAB NATIONAL BANK,https://pnb.bank.in,BANK,Digi Agri Prime Plus,self-owned,Pnb Internet banking,https://digiagriprimeplus.pnb.bank.in/pnb/gstexpagri/login
1955,,https://pnb.bank.in,BANK,Digi Agri Prime Plus,self-owned,PNB One App (Android),https://digiagriprimeplus.pnb.bank.in/pnb/gstexpagri/login
1956,,https://pnb.bank.in,BANK,Digi Agri Prime Plus,self-owned,PNB One App (ios),https://digiagriprimeplus.pnb.bank.in/pnb/gstexpagri/login
1957,,https://pnb.bank.in,BANK,Digi Agri Prime Plus,self-owned,website,https://digiagriprimeplus.pnb.bank.in/pnb/gstexpagri/login
1958,,https://pnb.bank.in,BANK,PNB Griha Vatika,self-owned,Pnb Internet banking,https://digigrihavatika.pnb.bank.in:6443
1959,,https://pnb.bank.in,BANK,PNB Griha Vatika,self-owned,PNB One App (Android),https://digigrihavatika.pnb.bank.in:6443
1960,,https://pnb.bank.in,BANK,PNB Griha Vatika,self-owned,PNB One App (ios),https://digigrihavatika.pnb.bank.in:6443
1961,,https://pnb.bank.in,BANK,PNB Griha Vatika,self-owned,website,https://digigrihavatika.pnb.bank.in
1962,,https://pnb.bank.in/,BANK,Digi HL Top up,Self-Owned,Internet Banking Service,https://digihltopup.pnb.bank.in/pnb/
1963,,https://pnb.bank.in/,BANK,Digi HL Top up,Self-Owned,PNB One App-(Android),https://digihltopup.pnb.bank.in/pnb/
1964,,https://pnb.bank.in/,BANK,Digi HL Top up,Self-Owned,PNB One App-(IOS),https://digihltopup.pnb.bank.in/pnb/
1965,,https://pnb.bank.in/,BANK,Digi HL Top up,Self-Owned,Website,https://digihltopup.pnb.bank.in/pnb/
1966,,https://pnb.bank.in/,BANK,Digi Home CRG,Self-Owned,Internet Banking Service,https://digihomecrg.pnb.bank.in/pnb/
1967,,https://pnb.bank.in/,BANK,Digi Home CRG,Self-Owned,PNB One App-(Android),https://digihomecrg.pnb.bank.in/pnb/
1968,,https://pnb.bank.in/,BANK,Digi Home CRG,Self-Owned,PNB One App-(IOS),https://digihomecrg.pnb.bank.in/pnb/
1969,,https://pnb.bank.in/,BANK,Digi Home CRG,Self-Owned,Website,https://digihomecrg.pnb.bank.in/pnb/
1970,,https://pnb.bank.in/,BANK,Digi Housing loan,Self-Owned,Internet Banking Service,https://digihome.pnb.bank.in:10443/pnb/hl/
1971,,https://pnb.bank.in/,BANK,Digi Housing loan,Self-Owned,PNB One App-(Android),https://digihome.pnb.bank.in:10443/pnb/hl/
1972,,https://pnb.bank.in/,BANK,Digi Housing loan,Self-Owned,PNB One App-(IOS),https://digihome.pnb.bank.in:10443/pnb/hl/
1973,,https://pnb.bank.in/,BANK,Digi Housing loan,Self-Owned,Website,https://digihome.pnb.bank.in:10443/pnb/hl/
1974,,https://pnb.bank.in/,BANK,Digi PNB Shram Saarthi,Self-Owned,Internet Banking Service,https://digishramsaathi.pnb.bank.in/
1975,,https://pnb.bank.in/,BANK,Digi PNB Shram Saarthi,Self-Owned,PNB One App-(Android),https://digishramsaathi.pnb.bank.in/
1976,,https://pnb.bank.in/,BANK,Digi PNB Shram Saarthi,Self-Owned,PNB One App-(IOS),https://digishramsaathi.pnb.bank.in/
1977,,https://pnb.bank.in/,BANK,Digi PNB Shram Saarthi,Self-Owned,Website,https://digishramsaathi.pnb.bank.in/
1978,,https://pnb.bank.in/,BANK,Digital Car Loan,Self-Owned,Internet Banking Service,https://digivl.pnb.bank.in/#/vehicle-home
1979,,https://pnb.bank.in/,BANK,Digital Car Loan,Self-Owned,PNB One App-(Android),https://digivl.pnb.bank.in/#/vehicle-home
1980,,https://pnb.bank.in/,BANK,Digital Car Loan,Self-Owned,PNB One App-(IOS),https://digivl.pnb.bank.in/
1981,,https://pnb.bank.in/,BANK,Digital Car Loan,Self-Owned,Website,https://digivl.pnb.bank.in/#/vehicle-home
1982,,https://pnb.bank.in/,BANK,Digital Education Loan,Self-Owned,PNB One App-(Android),https://digiel.pnb.bank.in/#/education-home
1983,,https://pnb.bank.in/,BANK,Digital Education Loan,Self-Owned,PNB One App-(IOS),https://digiel.pnb.bank.in/
1984,,https://pnb.bank.in/,BANK,Digital Education Loan,Self-Owned,Website,https://digiel.pnb.bank.in/#/education-home
1985,,https://pnb.bank.in/,BANK,Digital Education Loan PNB Pratibha,Self-Owned,Internet Banking Service,https://digiel.pnb.bank.in/
1986,,https://pnb.bank.in/,BANK,E- OD/DL against FD/RD(IBS),Self-Owned,Website,https://ibanking.pnb.bank.in
1987,,https://pnb.bank.in/,BANK,E- OD/DL against FD/RD(PNB One App),Self-Owned,Android,PNB ONE APP
1988,,https://pnb.bank.in/,BANK,E- OD/DL against FD/RD(PNB One App),Self-Owned,Apple,PNB ONE APP
1989,,https://pnb.bank.in/,BANK,Insta Loan against Securities(Mutual Fund),Self-Owned,Internet Banking Service,https://digitalbanking.pnb.bank.in/LoanPortalLOS/
1990,,https://pnb.bank.in/,BANK,Insta Loan against Securities(Mutual Fund),Self-Owned,PNB One App-(Android),https://digitalbanking.pnb.bank.in/LoanPortalLOS/
1991,,https://pnb.bank.in/,BANK,Insta Loan against Securities(Mutual Fund),Self-Owned,PNB One App-(IOS),https://digitalbanking.pnb.bank.in/LoanPortalLOS/
1992,,https://pnb.bank.in/,BANK,Insta Loan against Securities(Mutual Fund),Self-Owned,Website,https://digitalbanking.pnb.bank.in/LoanPortalLOS/
1993,,https://pnb.bank.in/,BANK,NTB-Personal Loan,Self-Owned,Internet Banking Service,https://instaloans.pnb.bank.in/ntb-loan/verify-customer#!
1994,,https://pnb.bank.in/,BANK,NTB-Personal Loan,Self-Owned,PNB One App-(Android),https://instaloans.pnb.bank.in/ntb-loan/verify-customer#!
1995,,https://pnb.bank.in/,BANK,NTB-Personal Loan,Self-Owned,PNB One App-(IOS),https://instaloans.pnb.bank.in/ntb-loan/verify-customer#!
1996,,https://pnb.bank.in/,BANK,NTB-Personal Loan,Self-Owned,Website,https://instaloans.pnb.bank.in/ntb-loan/verify-customer#!
1997,,https://pnb.bank.in/,BANK,PNB Digi Suryaghar,Self-Owned,PNB One App-(Android),https://digisuryaghar.pnb.in/
1998,,https://pnb.bank.in/,BANK,PNB Digi Suryaghar,Self-Owned,PNB One App-(IOS),https://digisuryaghar.pnb.in/
1999,,https://pnb.bank.in/,BANK,PNB Digi Suryaghar,Self-Owned,Website,https://digisuryaghar.pnb.in/
2000,,https://pnb.bank.in/,BANK,Pre Approved Pension Loan,Self-Owned,Internet Banking Service,https://instaloans.pnb.bank.in/pensioner-loan/verify-customer#!
2001,,https://pnb.bank.in/,BANK,Pre Approved Pension Loan,Self-Owned,PNB One App-(Android),https://instaloans.pnb.bank.in/
2002,,https://pnb.bank.in/,BANK,Pre Approved Pension Loan,Self-Owned,PNB One App-(IOS),https://instaloans.pnb.bank.in/
2003,,https://pnb.bank.in/,BANK,Pre Approved Pension Loan,Self-Owned,Website,https://instaloans.pnb.bank.in/pensioner-loan/verify-customer#!
2004,,https://pnb.bank.in/,BANK,Pre Approved Personal Loan,Self-Owned,Internet Banking Service,https://instaloans.pnb.bank.in/personal-loan/verify-customer#!
2005,,https://pnb.bank.in/,BANK,Pre Approved Personal Loan,Self-Owned,PNB One App-(Android),https://instaloans.pnb.bank.in/
2006,,https://pnb.bank.in/,BANK,Pre Approved Personal Loan,Self-Owned,PNB One App-(IOS),https://instaloans.pnb.bank.in/
2007,,https://pnb.bank.in/,BANK,Pre Approved Personal Loan,Self-Owned,Website,https://instaloans.pnb.bank.in/personal-loan/verify-customer#!
2008,,https://pnb.bank.in/,BANK,"Pre-Approved Two Wheeler Loan(ETB) ""Digi Saarthi""",Self-Owned,Internet Banking Service,https://digi2wl.pnb.bank.in/#/two-wheeler-loan-home
2009,,https://pnb.bank.in/,BANK,"Pre-Approved Two Wheeler Loan(ETB) ""Digi Saarthi""",Self-Owned,PNB One App-(Android),https://digi2wl.pnb.bank.in/
2010,,https://pnb.bank.in/,BANK,"Pre-Approved Two Wheeler Loan(ETB) ""Digi Saarthi""",Self-Owned,PNB One App-(IOS),https://digi2wl.pnb.bank.in/
2011,,https://pnb.bank.in/,BANK,"Pre-Approved Two Wheeler Loan(ETB) ""Digi Saarthi""",Self-Owned,Website,https://digi2wl.pnb.bank.in/
2012,,https://pnb.bank.in/,BANK,Pre-Qualified Credit Card (PQCC),Self-Owned,PNB One (App based journey- Android),PNB?One App
2013,,https://pnb.bank.in/,BANK,Pre-Qualified Credit Card (PQCC),Self-Owned,PNB One (App based journey- iOS),PNB?One App
2014,,https://pnb.bank.in/,BANK,Straight through Processing (STP) Credit Card ,Self-Owned,Website,https://stpcreditcard.pnb.bank.in/
2015,,https://www.creditcard.pnb.bank.in/,BANK,Apply for Credit Card,Self-Owned,Website,https://apply.creditcard.pnb.bank.in
2016,,https://www.creditcard.pnb.bank.in/,BANK,Apply for Credit Card PNB SARAL,Self-Owned,Mobile App????????? ( Android),https://saral.creditcard.pnb.bank.in
2017,,https://www.creditcard.pnb.bank.in/,BANK,Apply for Credit Card PNB SARAL,Self-Owned,Mobile App (iOS),https://saral.creditcard.pnb.bank.in
2018,,https://www.creditcard.pnb.bank.in/,BANK,Pre-Qualified Credit Card (PQCC),Self-Owned,Website,https://apply.creditcard.pnb.bank.in:4443
2019,,https://www.pnb.bank.in/,BANK,DIGI DAIRY KCC,Self-owned,Internet Banking Service,https://digidairykcc.pnb.bank.in/
2020,,https://www.pnb.bank.in/,BANK,DIGI DAIRY KCC,Self-owned,PNB One App-(Android),PNB ONE App
2021,,https://www.pnb.bank.in/,BANK,DIGI DAIRY KCC,Self-owned,PNB One App-(IOS),PNB ONE App
2022,,https://www.pnb.bank.in/,BANK,DIGI DAIRY KCC,Self-owned,Website,https://digidairykcc.pnb.bank.in/
2023,,https://www.pnb.bank.in/,BANK,Digi ECLGS,Self-Owned,Internet Banking Service,https://digieclgs.pnb.bank.in/eclgs/
2024,,https://www.pnb.bank.in/,BANK,Digi ECLGS,Self-Owned,PNB One App-(Android),https://digieclgs.pnb.bank.in/eclgs/
2025,,https://www.pnb.bank.in/,BANK,Digi ECLGS,Self-Owned,PNB One App-(IOS),https://digieclgs.pnb.bank.in/eclgs/
2026,,https://www.pnb.bank.in/,BANK,Digi ECLGS,Self-Owned,Pnb Website,https://digieclgs.pnb.bank.in/eclgs/
2027,,https://www.pnb.bank.in/,BANK,Digi Gold Loan,Self-owned,Internet Banking Service,https://digigoldloan.pnb.bank.in/CustomerJourney/Login
2028,,https://www.pnb.bank.in/,BANK,Digi Gold Loan,Self-owned,PNB One App-(Android),PNB ONE App
2029,,https://www.pnb.bank.in/,BANK,Digi Gold Loan,Self-owned,PNB One App-(IOS),PNB ONE App
2030,,https://www.pnb.bank.in/,BANK,Digi Gold Loan,Self-owned,Website,https://digigoldloan.pnb.bank.in/CustomerJourney/Login
2031,,https://www.pnb.bank.in/,BANK,Digi MSME Loan,Self-Owned,Internet Banking Service,https://digimsme.pnb.bank.in/pnb/pablntb/
2032,,https://www.pnb.bank.in/,BANK,Digi MSME Loan,Self-Owned,PNB One App-(Android),https://digimsme.pnb.bank.in/pnb/pablntb/
2033,,https://www.pnb.bank.in/,BANK,Digi MSME Loan,Self-Owned,PNB One App-(IOS),https://digimsme.pnb.bank.in/pnb/pablntb/
2034,,https://www.pnb.bank.in/,BANK,Digi MSME Loan,Self-Owned,Website,https://digimsme.pnb.bank.in/pnb/pablntb/
2035,,https://www.pnb.bank.in/,BANK,Digi MSME Prime,Self-Owned,Internet Banking Service,https://egstxp.pnb.bank.in/pnb/gstexp/
2036,,https://www.pnb.bank.in/,BANK,Digi MSME Prime,Self-Owned,PNB One App-(Android),https://egstxp.pnb.bank.in/pnb/gstexp/
2037,,https://www.pnb.bank.in/,BANK,Digi MSME Prime,Self-Owned,PNB One App-(IOS),https://egstxp.pnb.bank.in/pnb/gstexp/
2038,,https://www.pnb.bank.in/,BANK,Digi MSME Prime,Self-Owned,Website,https://egstxp.pnb.bank.in/pnb/gstexp/
2039,,https://www.pnb.bank.in/,BANK,Digi Shreshtha,Self-owned,Internet Banking Service,https://dsj.pnb.bank.in/
2040,,https://www.pnb.bank.in/,BANK,Digi Shreshtha,Self-owned,PNB One App-(Android),PNB ONE App
2041,,https://www.pnb.bank.in/,BANK,Digi Shreshtha,Self-owned,PNB One App-(IOS),PNB ONE App
2042,,https://www.pnb.bank.in/,BANK,Digi Shreshtha,Self-owned,Website,https://dsj.pnb.bank.in/
2043,,https://www.pnb.bank.in/,BANK,Digital KCC on Jansamarth,DFS ,Internet Banking Service,https://ibanking.pnb.bank.in
2044,,https://www.pnb.bank.in/,BANK,Digital KCC on Jansamarth,DFS ,PNB One App-(Android),PNB ONE App
2045,,https://www.pnb.bank.in/,BANK,Digital KCC on Jansamarth,DFS ,PNB One App-(IOS),PNB ONE App
2046,,https://www.pnb.bank.in/,BANK,Digital KCC on Jansamarth,DFS ,Website,https://www.jansamarth.in/
2047,,https://www.pnb.bank.in/,BANK,Digital SHG,Self-owned,Internet Banking Service,https://ibanking.pnb.bank.in
2048,,https://www.pnb.bank.in/,BANK,Digital SHG,Self-owned,PNB One App-(Android),PNB ONE App
2049,,https://www.pnb.bank.in/,BANK,Digital SHG,Self-owned,PNB One App-(IOS),PNB ONE App
2050,,https://www.pnb.bank.in/,BANK,Digital SHG,Self-owned,Website,https://digitalbanking.pnb.bank.in/ALOSAGRI
2051,,https://www.pnb.bank.in/,BANK,Easy Renewal,Self-Owned,Internet Banking Service,https://digirenewal.pnb.bank.in/
2052,,https://www.pnb.bank.in/,BANK,Easy Renewal,Self-Owned,PNB One App-(Android),https://digirenewal.pnb.bank.in/
2053,,https://www.pnb.bank.in/,BANK,Easy Renewal,Self-Owned,PNB One App-(IOS),https://digirenewal.pnb.bank.in/
2054,,https://www.pnb.bank.in/,BANK,Easy Renewal,Self-Owned,Website,https://digirenewal.pnb.bank.in/
2055,,https://www.pnb.bank.in/,BANK,e PM SVANidhi,Self-Owned,Internet Banking Service,https://svanidhi.pnb.bank.in
2056,,https://www.pnb.bank.in/,BANK,e PM SVANidhi,Self-Owned,PNB One App-(Android),https://svanidhi.pnb.bank.in
2057,,https://www.pnb.bank.in/,BANK,e PM SVANidhi,Self-Owned,PNB One App-(IOS),https://svanidhi.pnb.bank.in
2058,,https://www.pnb.bank.in/,BANK,e PM SVANidhi,Self-Owned,Website,https://svanidhi.pnb.bank.in
2059,,https://www.pnb.bank.in/,BANK,Gem Sahay,OPL Innovate Pvt. Ltd,Gem Portal,https://gem-sahay.perfios.com/pcg-gem/gemLogin
2060,,https://www.pnb.bank.in/,BANK,GST Sahay,Self-Owned,PNB One App-(Android),https://gstsahay.mypnb.in
2061,,https://www.pnb.bank.in/,BANK,GST Sahay,Self-Owned,PNB One App-(IOS),https://gstsahay.mypnb.in
2062,,https://www.pnb.bank.in/,BANK,Krishi Tatkal ,Self-owned,Internet Banking Service,https://digitallending.pnb.bank.in/?KTR2
2063,,https://www.pnb.bank.in/,BANK,Krishi Tatkal ,Self-owned,PNB One App-(Android),PNB ONE App
2064,,https://www.pnb.bank.in/,BANK,Krishi Tatkal ,Self-owned,PNB One App-(IOS),PNB ONE App
2065,,https://www.pnb.bank.in/,BANK,Krishi Tatkal ,Self-owned,Website,https://digitallending.pnb.bank.in/?KTR3
2066,,https://www.pnb.bank.in/,BANK,PM Vishwakarma,Self-Owned,Internet Banking Service,https://digivishwakarma.pnb.bank.in/
2067,,https://www.pnb.bank.in/,BANK,PM Vishwakarma,Self-Owned,PNB One App-(Android),https://digivishwakarma.pnb.bank.in/
2068,,https://www.pnb.bank.in/,BANK,PM Vishwakarma,Self-Owned,PNB One App-(IOS),https://digivishwakarma.pnb.bank.in/
2069,,https://www.pnb.bank.in/,BANK,PM Vishwakarma,Self-Owned,Website,https://digivishwakarma.pnb.bank.in/
2070,,https://www.pnb.bank.in/,BANK,PNB Digital KCCReview|Renewal|DP Enhancement,Self-owned,Internet Banking Service,https://ibanking.pnb.bank.in
2071,,https://www.pnb.bank.in/,BANK,PNB Digital KCCReview|Renewal|DP Enhancement,Self-owned,PNB One App-(Android),PNB ONE App
2072,,https://www.pnb.bank.in/,BANK,PNB Digital KCCReview|Renewal|DP Enhancement,Self-owned,PNB One App-(IOS),PNB ONE App
2073,,https://www.pnb.bank.in/,BANK,PNB Digital KCCReview|Renewal|DP Enhancement,Self-owned,Website,https://kccdigireview.pnb.bank.in/
2074,,https://www.pnb.bank.in/,BANK,TRACTOR EXPRESS,Self-owned,Internet Banking Service,https://tractorexpress.pnb.bank.in/
2075,,https://www.pnb.bank.in/,BANK,TRACTOR EXPRESS,Self-owned,PNB One App-(Android),PNB ONE App
2076,,https://www.pnb.bank.in/,BANK,TRACTOR EXPRESS,Self-owned,PNB One App-(IOS),PNB ONE App
2077,,https://www.pnb.bank.in/,BANK,TRACTOR EXPRESS,Self-owned,Website,https://tractorexpress.pnb.bank.in/
2078,QUICK CASHFLOW CAPITAL PRIVATE LIMITED,https://www.qcfcapital.in/,NBFC,FINAGG SME,FINAGG SERVICES PRIVATE LIMITED,Google Play Store,https://play.google.com/store/search?q=finagg+sme&c=apps&hl=en_IN
2079,RACHIT CAPITAL SERVICES PVT.LTD,https://rachitcapital.com,NBFC,Cashbridge,Cashbridge Services Pvt Ltd (LSP),Both,https://cashbridge.in/
2080,RAGHAVI FINANCE LIMITED,https://suryaloan.com,NBFC,SURYALOAN,RAGHAVI FINANCE LIMITED,GOOGLE PLAY STORE,https://play.google.com/store/apps/details?id=com.suryaloan.suryaloan&pcampaignid=web_share
2081,,https://suryaloan.com,NBFC,SURYALOAN,RAGHAVI FINANCE LIMITED,Website,https://suryaloan.com/
2082,RAJATH FINANCE LTD ( TO CAT B IN JUNE 2023),https://www.billmart.com/,NBFC,www.billmart.com,BillMart FinTech Private Limited.,Website ,https://fynxapp.billmart.com/sign-in
2083,,https://www.i2ifunding.com/,NBFC,www.i2ifunding.com,RNVP Technology Private Limited,Website or throught APIs,www.i2ifunding.com
2084,RAMCHANDRA  LEASING  &FINANCE  LTD,https://raamafinance.com/contact,NBFC,Fastsalary,Ramchandra Leasing and Finance Limited,www.fastsalary.com,https://www.fastsalary.com/
2085,RATNAAFIN CAPITAL PRIVATE LIMITED,https://www.ratnaafin.com,NBFC,Finsall Resources Private Limited,Finsall Resources Private Limited,Website,https://www.finsall.com/compliance.html
2086,RBL BANK LTD,https://www.rbl.bank.in/,BANK,Mybank – Android version,?Self-owned,Play Store,https://play.google.com/store/apps/details?id=com.rblbank.mobank
2087,,https://www.rbl.bank.in/,BANK,Mybank – I-phone App store,?Self-owned,App Store (iOS),https://apps.apple.com/in/app/rbl-mybank-prev-rbl-mobank/id916461662
2088,,https://www.rbl.bank.in/,BANK,RBL Bank MyCard,?Self-owned,App Store (iOS),https://apps.apple.com/in/app/rbl-mycard/id1094968214
2089,,https://www.rbl.bank.in/,BANK,RBL Bank MyCard,?Self-owned,Play Store (Android),https://play.google.com/store/apps/details?id=com.rbl.rblmycard
2090,,https://www.rbl.bank.in/,BANK,RIB (Retail Internent BankingI,?Self-owned,Website,https://online.rblbank.com/corp/AuthenticationController?FORMSGROUP_ID__=AuthenticationFG&__START_TRAN_FLAG__=Y&__FG_BUTTONS__=LOAD&ACTION.LOAD=Y&AuthenticationFG.LOGIN_FLAG=1&BANK_ID=176
2091,READY LEASING PRIVATE LIMITED,readyleasings.com,NBFC,PaisaDaily,Efuture Tech Private Limited,Website,paisadaily.money
2092,,readyleasings.com,NBFC,Suvron,Shantilekh Global Technology Private Limited,App Store,to be published
2093,,readyleasings.com,NBFC,Suvron,Shantilekh Global Technology Private Limited,Google Play,to be published
2094,,readyleasings.com,NBFC,Suvron,Shantilekh Global Technology Private Limited,Website,suvron.in
2095,REFYNE FINANCE PRIVATE LIMITED,https://www.refynefinance.com/,NBFC,Refyne Tech Private Limited,Refyne Tech Private Limited,Refyne,https://www.refyne.co.in/
2096,REGAL ENTERTAINMENT AND CONSULTANTS LIMITED (FORMERLY REGAL FINANCE & CONSULTANTS LTD),https://www.regal-consultants.com/,NBFC,Micromoney,Varrenyam Infotech Private Limited,yes Both,https://play.google.com/store/apps/details?id=com.micromoney.micro_money&hl=en https://micromoney.in/
2097,REGENCY FINCORP LIMITED,https://regencyfincorp.co.in/,NBFC,CASH MY SALARY,SELF OWNED,WEBSITE,https://cashmysalary.com/
2098,,https://regencyfincorp.co.in/,NBFC,JET FUND,SELF OWNED,WEBSITE,https://jetfund.in/
2099,RESILIENT FINANCE PRIVATE LIMITED  (EARLIER KNOWN AS TRILLIONLOANS FINTECH PRIVATE LIMITED),https://www.bharatpecapital.com/,NBFC,BharatPe,Operated by Resilient Digi Services Private Limited,Android Google Play Store /iOS - App Store,iOs - https://apps.apple.com/in/app/bharatpe-for-business/id1329385873    Android - https://play.google.com/store/apps/details?id=com.bharatpe.app&hl=en_IN&pli=1
2100,,https://www.bharatpecapital.com/,NBFC,BharatPe for Business,Operated by Resilient Digi Services Private Limited,Android Google Play Store /iOS - App Store,iOs - https://apps.apple.com/in/app/bharatpe-for-business/id1329385873    Android - https://play.google.com/store/apps/details?id=com.bharatpe.app&hl=en_IN&pli=1
2101,,https://www.bharatpecapital.com/,NBFC,Freo,MWYN Tech Private Limited,Apple Playstore,https://apps.apple.com/in/app/freo-pay-save-borrow/id1588894115
2102,,https://www.bharatpecapital.com/,NBFC,Freo,MWYN Tech Private Limited,Google Playstore,https://play.google.com/store/apps/details?id=com.moneytap.bnpl.app&hl=en_US&pli=1
2103,,https://www.bharatpecapital.com/,NBFC,Freo,MWYN Tech Private Limited,Website,https://freo.money/
2104,,https://www.bharatpecapital.com/,NBFC,Fundly,Ardour Analytics Private Limited,Android Google Play Store/iOS app store, https://apps.apple.com/in/app/fundly/id6746642092    Android - https://play.google.com/store/apps/details?id=com.fundly.fundly&hl=en_IN
2105,,https://www.bharatpecapital.com/,NBFC,KarmaLife,OnionLife Private Limited,Google Play Store,https://play.google.com/store/apps/details?id=in.onionlife.karmalife&hl=en_IN
2106,,https://www.bharatpecapital.com/,NBFC,Mobikwik,ONE MOBIKWIK SYSTEMS LIMITED,Android Google Play Store/iOS app store, https://apps.apple.com/in/app/mobikwik-bhim-upi-wallet/id600002523Play Store :- https://play.google.com/store/apps/details?id=com.mobikwik_new&hl=en
2107,,https://www.bharatpecapital.com/,NBFC,Moneyview,Moneyview Limited (formerly known as Moneyview Private Limited and Whizdm Innovations Pvt Limited),Google Play Store,https://play.google.com/store/apps/details?id=com.whizdm.moneyview.loans&pcampaignid=web_share
2108,,https://www.bharatpecapital.com/,NBFC,Moneyview,Moneyview Limited (formerly known as Moneyview Private Limited and Whizdm Innovations Pvt Limited),iOS App Store,https://apps.apple.com/in/app/moneyview-loans-credit-cards/id6468976019
2109,,https://www.bharatpecapital.com/,NBFC,Ninja Global Import Export,Ninjacart Services Private Limited,Android Google Play Store/iOS app store,"Android - https://play.google.com/store/apps/details?id=com.ninja.ninjaglobal&pli=1, iOS - https://apps.apple.com/in/app/ninja-global-import-export/id1618448963"
2110,,https://www.bharatpecapital.com/,NBFC,Ninjamandi,Ninjacart Services Private Limited,Android Google Play Store/iOS app store,"Android - https://play.google.com/store/apps/details?id=com.nc.trader , iOS - https://apps.apple.com/in/app/ninja-app/id1626963855"
2111,,https://www.bharatpecapital.com/,NBFC,NIRA Instant Personal Loan App,Shuhari Tech Ventures Private Limited,Android Google Play Store,https://play.google.com/store/apps/details?id=com.nirafinance.customer
2112,,https://www.bharatpecapital.com/,NBFC,NYE,RAPIPAY FINTECH PVT LTD,Android Google Play Store/iOS app store, https://play.google.com/store/apps/details?id=com.rapipay.nyeApp Store - https://apps.apple.com/in/app/nye-money/id1662431820
2113,,https://www.bharatpecapital.com/,NBFC,Savein Money,SaveIN Fintech Private Limited,Website ,https://savein.money
2114,RESPO FINANCIAL CAPITAL PRIVATE LIMITED,https://respo.co.in/,NBFC,Aryse Fin,Vibhuprada Service Pvt Ltd,Website,https://www.arysefin.com/
2115,,https://respo.co.in/,NBFC,Bahi Khata Loans,Ninjamonk Proptech Pvt Ltd,Playstore,https://play.google.com/store/apps/details?id=com.bahikhata&hl=en_IN
2116,,https://respo.co.in/,NBFC,Bahi Khata Loans,Ninjamonk Proptech Pvt Ltd,Website,https://bahi-khata.com/
2117,,https://respo.co.in/,NBFC,Buddy Loans,BValue Services Private limited,Appstore,https://apps.apple.com/in/app/buddy-loan-personal-loan-app/id1552911697
2118,,https://respo.co.in/,NBFC,Buddy Loans,BValue Services Private limited,Playstore,https://play.google.com/store/apps/details?id=com.buddyloan.vls&hl=en_IN&gl=IN
2119,,https://respo.co.in/,NBFC,Buddy Loans,BValue Services Private limited,Website,https://www.buddyloan.com/
2120,,https://respo.co.in/,NBFC,CarePal,Carepal Fintech Pvt Ltd,Playstore,https://play.google.com/store/apps/details?id=dev.infonet.carepal&hl=en
2121,,https://respo.co.in/,NBFC,CarePal,Carepal Fintech Pvt Ltd,Website,https://carepalgroup.com/
2122,,https://respo.co.in/,NBFC,Carepay,Carecoin Technologies Pvt Ltd,Appstore,https://apps.apple.com/in/app/carepay/id6446045879
2123,,https://respo.co.in/,NBFC,Carepay,Carecoin Technologies Pvt Ltd,Playstore,https://play.google.com/store/apps/details?id=com.bitsoft.carepay&hl=en-US
2124,,https://respo.co.in/,NBFC,Carepay,Carecoin Technologies Pvt Ltd,Website,https://www.carepay.com/
2125,,https://respo.co.in/,NBFC,Cash By Cred,Dreamplug Technologies Pvt Ltd,Playstore,https://play.google.com/store/apps/details?id=com.dreamplug.kyoto.android
2126,,https://respo.co.in/,NBFC,Cash By Cred,Dreamplug Technologies Pvt Ltd,Website,https://cred.club/
2127,,https://respo.co.in/,NBFC,ClaimFriendy,Claimfriendy Private Limited,Website,https://claimfriendy.com/
2128,,https://respo.co.in/,NBFC,Cready,Switch My Loan Private Limited,Playstore,https://play.google.com/store/apps/details?id=com.creddy.app
2129,,https://respo.co.in/,NBFC,Cready,Switch My Loan Private Limited,Website,https://www.cready.in/
2130,,https://respo.co.in/,NBFC,Credifit,CreditMantri Finserv Private Limited,Playstore,https://play.google.com/store/apps/details?id=com.creditmantri
2131,,https://respo.co.in/,NBFC,Credifit,CreditMantri Finserv Private Limited,Website,https://www.creditmantri.com/
2132,,https://respo.co.in/,NBFC,Easypay,Easy Pay Limited,Appstore,https://apps.apple.com/in/app/easy-pay-payment-credit/id6748067328
2133,,https://respo.co.in/,NBFC,Easypay,Easy Pay Limited,Playstore,https://play.google.com/store/apps/details?id=aepsapp.paisanikal.com.aepsandroid&hl=en-US
2134,,https://respo.co.in/,NBFC,Easypay,Easy Pay Limited,Website,https://www.easypay.in/about.html
2135,,https://respo.co.in/,NBFC,Finnova,Volo Health Services Pvt Ltd,Appstore,https://apps.apple.com/in/app/volo-wallet/id1660906209
2136,,https://respo.co.in/,NBFC,Finnova,Volo Health Services Pvt Ltd,Playstore,Google Play Link
2137,,https://respo.co.in/,NBFC,Finnova,Volo Health Services Pvt Ltd,Website,https://www.volohealth.in/
2138,,https://respo.co.in/,NBFC,Instacred,Flexmoney Technologies Pvt Ltd,Appstore,https://apps.apple.com/in/app/flexmoney/id6445949572
2139,,https://respo.co.in/,NBFC,Instacred,Flexmoney Technologies Pvt Ltd,Playstore,https://play.google.com/store/apps/details?id=com.bc.flexmoney&hl=en
2140,,https://respo.co.in/,NBFC,Instacred,Flexmoney Technologies Pvt Ltd,Website,https://www.flexmoney.in/
2141,,https://respo.co.in/,NBFC,Jio Finance,Jio Financial Services Private Limited,Appstore,https://apps.apple.com/in/app/jiofinance/id6469583963
2142,,https://respo.co.in/,NBFC,Jio Finance,Jio Financial Services Private Limited,Playstore,https://play.google.com/store/apps/details?id=in.jfs.jiofinance&hl=en_IN
2143,,https://respo.co.in/,NBFC,Jio Finance,Jio Financial Services Private Limited,Website,https://www.jiocredit.in/ 
2144,,https://respo.co.in/,NBFC,Juspay-Hypercredit,Juspay Technologies Pvt Ltd,Appstore,https://apps.apple.com/in/app/juspay-portal/id6740138129
2145,,https://respo.co.in/,NBFC,Juspay-Hypercredit,Juspay Technologies Pvt Ltd,Playstore,https://play.google.com/store/apps/details?id=io.juspay.juspayportal&hl=en-US
2146,,https://respo.co.in/,NBFC,Juspay-Hypercredit,Juspay Technologies Pvt Ltd,Website,https://juspay.io/in
2147,,https://respo.co.in/,NBFC,Medscred,Empower Fintech Private Limited,Website,https://www.medscred.com/index.html
2148,,https://respo.co.in/,NBFC,Money Control,Moneycontrol Dot Com India Limited,Appstore,https://apps.apple.com/us/app/moneycontrol-markets-news/id408654600
2149,,https://respo.co.in/,NBFC,Money Control,Moneycontrol Dot Com India Limited,Playstore,https://play.google.com/store/apps/details?id=com.divum.MoneyControl&hl=en_IN
2150,,https://respo.co.in/,NBFC,Money Control,Moneycontrol Dot Com India Limited,Website,https://www.moneycontrolpay.com/
2151,,https://respo.co.in/,NBFC,Muthoot FinCorp ONE,Muthoot Fincorp Limited,Appstore,https://apps.apple.com/in/app/muthoot-fincorp-one/id6451879603
2152,,https://respo.co.in/,NBFC,Muthoot FinCorp ONE,Muthoot Fincorp Limited,Playstore,https://play.google.com/store/apps/details?id=com.muthootfincorpone.superapp&pli=1
2153,,https://respo.co.in/,NBFC,Muthoot FinCorp ONE,Muthoot Fincorp Limited,Website,https://muthootfincorp.com/
2154,,https://respo.co.in/,NBFC,Nobroker,Nobroker Technologies Solutions Pvt Ltd,Appstore,https://apps.apple.com/in/app/nobroker-rent-buy-sell-flats/id1200507100
2155,,https://respo.co.in/,NBFC,Nobroker,Nobroker Technologies Solutions Pvt Ltd,Playstore,https://play.google.com/store/apps/details?id=com.nobroker.app&hl=en-GB&gl=IN
2156,,https://respo.co.in/,NBFC,Nobroker,Nobroker Technologies Solutions Pvt Ltd,Website,https://www.nobroker.in/
2157,,https://respo.co.in/,NBFC,Ola Money,OLA FINANCIAL SERVICES PRIVATE LIMITED,Appstore,https://apps.apple.com/in/app/ola-money-wallet-payments/id1064900603
2158,,https://respo.co.in/,NBFC,Ola Money,OLA FINANCIAL SERVICES PRIVATE LIMITED,Playstore,https://play.google.com/store/apps/details?id=com.olacabs.olamoney&hl=en-US
2159,,https://respo.co.in/,NBFC,Ola Money,OLA FINANCIAL SERVICES PRIVATE LIMITED,Website,https://www.olamoney.com/
2160,,https://respo.co.in/,NBFC,Paisabazaar,Paisabazaar Marketing And Consulting Private Limited,Appstore,https://apps.apple.com/in/app/paisabazaar-credit-score-loan/id1029403201
2161,,https://respo.co.in/,NBFC,Paisabazaar,Paisabazaar Marketing And Consulting Private Limited,Playstore,https://play.google.com/store/apps/details?id=com.paisabazaar
2162,,https://respo.co.in/,NBFC,Paisabazaar,Paisabazaar Marketing And Consulting Private Limited,Website,https://www.paisabazaar.com/about-us
2163,,https://respo.co.in/,NBFC,Prefr,Dreamplug Technologies Pvt Ltd,Appstore,https://apps.apple.com/in/app/prefr-personal-loan-app-india/id6758143425
2164,,https://respo.co.in/,NBFC,Prefr,Dreamplug Technologies Pvt Ltd,Playstore,https://play.google.com/store/apps/details?id=com.prefr.credit&gl=in
2165,,https://respo.co.in/,NBFC,Prefr,Dreamplug Technologies Pvt Ltd,Website,https://prefr.com/
2166,,https://respo.co.in/,NBFC,Shopse,Newbazaar Technologies Pvt Ltd,Appstore,https://apps.apple.com/in/app/shopse-shop-now-pay-later/id1501675725
2167,,https://respo.co.in/,NBFC,Shopse,Newbazaar Technologies Pvt Ltd,Playstore,https://play.google.com/store/apps/details?id=com.shopse.consumer&hl=en-US
2168,,https://respo.co.in/,NBFC,Shopse,Newbazaar Technologies Pvt Ltd,Website,https://www.getshopse.com/
2169,,https://respo.co.in/,NBFC,Tata Neu,Tata Digital Private Limited,Appstore,https://apps.apple.com/in/app/tata-neu-upi-cards-bills/id1584669293
2170,,https://respo.co.in/,NBFC,Tata Neu,Tata Digital Private Limited,Playstore,https://play.google.com/store/apps/details?id=com.tatadigital.tcp&hl=en_IN
2171,,https://respo.co.in/,NBFC,Tata Neu,Tata Digital Private Limited,Website,https://www.tataneu.com/v2/finance
2172,,https://respo.co.in/,NBFC,Zype,Easy Platform Services Pvt Ltd ,Appstore,https://apps.apple.com/in/app/zype-instant-personal-loan-app/id6449256371
2173,,https://respo.co.in/,NBFC,Zype,Easy Platform Services Pvt Ltd ,Indus Store,https://www.indusappstore.com/apps/finance/zype/com.zype.mobile/?page=details&id=com.zype.mobile
2174,,https://respo.co.in/,NBFC,Zype,Easy Platform Services Pvt Ltd ,Playstore,https://play.google.com/store/apps/details?id=com.zype.mobile&pcampaignid=web_share
2175,,https://respo.co.in/,NBFC,Zype,Easy Platform Services Pvt Ltd ,Website,https://www.getzype.com/
2176,,https://respo.co.in/,NBFC,Zype,Easy Platform Services Pvt Ltd ,Xiaomi Store,https://global.app.mi.com/details?lo=IN&la=en&id=com.zype.mobile
2177,RICHARD TIECON PVT. LTD.,https://www.richardtiecon.com,NBFC,Rinn,Rinncrest Technologies Private Limited,Google Play Store,https://play.google.com/store/apps/details?id=com.rinncrestmobile
2178,RICHMAN FINCAP LIMITED,https://www.salarychampion.com/,NBFC,SALARY CHAMPION,SELF OWNED,WEBSITE ONLY,https://www.salarychampion.com/
2179,R.K. BANSAL FINANCE LTD.,www.rkbfinance.in,NBFC,Kanak Loans,B.R. Silver,Google Play store,https://play.google.com/store/apps/details?id=com.kanakloans
2180,,www.rkbfinance.in,NBFC,Rupeeq.com,Intuino Business Consulting India Private Limited( Self-Owned),website,www.rupeeq.com
2181,,www.rkbfinance.in,NBFC,Samridhya,SAMRIDHYA INNOVATIONS PRIVATE LTD,App Store,https://apps.apple.com/in/app/samridhya/id6745554387
2182,,www.rkbfinance.in,NBFC,Samridhya,SAMRIDHYA INNOVATIONS PRIVATE LTD,Google Play Store,https://play.google.com/store/apps/details?id=samridh.consumer&hl=en_IN
2183,,www.rkbfinance.in,NBFC,ScoreLoan,Capora Fintech Private Limited,Web Android IOS,https://scoreloan.app/ https://play.google.com/store/apps/details?id=com.capora.scoreloan  https://apps.apple.com/us/app/scoreloan-your-growth-partner/id6776628430
2184,RKD FINANCIAL SERVICES LTD.,rkdfsl@rediffmail.com,NBFC,EasyDhan,Self-owned,EasyDhan,easydhan.com
2185,ROCKLAND FINSTOCK LIMITED,https://www.rocklandfinstock.com/,NBFC,WePaisa,SmartCred Mantra Private Limited,Google Play,https://play.google.com/store/apps/details?id=com.wepaisa.android
2186,,https://www.rocklandfinstock.com/,NBFC,WePaisa,SmartCred Mantra Private Limited,Website,www.wepaisa.com
2187,RULOANS FINANCIAL SERVICES PVT LTD,https://www.ruloansfinancial.com/,NBFC,Payme,Huey Tech Limited,https://www.paymeindia.in/  App Store:  IOS And Android,IOS: https://apps.apple.com/in/app/payme-personal-loan-app/id1282142711  Android:  https://play.google.com/store/apps/details?id=io.attabot.app.paymeindia&pcampaignid=web_share
2188,,https://www.ruloansfinancial.com/,NBFC,Rapid Money,Moneytime Technology Services Private Limited.,www.rapidmoney.in,https://play.google.com/store/apps/details?id=com.rapid_money
2189,RUPEEK CAPITAL PRIVATE LIMITED,https://www.rupeekcapital.com/,NBFC,Online Gold Loan : Rupeek,Rupeek Fintech Private Limited,Google Play app store,https://play.google.com/store/apps/details?id=com.rupeek.customer&hl=en_IN&pli=1
2190,RUPITOL FINANCE PVT. LTD.,www.rupitol.com,NBFC,SaveIN,SaveIN Fintech Private limited,Website,https://savein.money/
2191,SABRIMALA FINTECH PRIVATE LIMITED,https://sabrimalafintech.com/,NBFC,Loan Nivo,FINOVATEX TECHNOLOGIES PRIVATE LIMITED,Google Play Store,https://play.google.com/store/apps/details?id=com.core.service.safe.cred.link.pro.ncin.app
2192,SAI ROSHNI CAPITAL PRIVATE LIMITED,https://ezfinanz.com,NBFC,Ezfinanz,Self-owned,play store in android phone and app store in iphone,Ezfinanz
2193,,https://ezfinanz.com,NBFC,Ezfinanz,Self-owned,play store in android phone and app store in iphone,Ezfinanz-Business Partner
2194,,https://ezfinanz.com,NBFC,Ezfinanz,Self-owned,portal,https://ezoperations.ezfinanz.com
2195,,https://ezfinanz.com,NBFC,Ezfinanz,Self-owned,Website,https://ezfinanz.com
2196,SAJAN INTERNATIONAL P LTD.,https://www.sajaninternational.com,NBFC,CreditMitra,Samcint Solutins Private Limited,App Store,To be made available once it is live in App store
2197,,https://www.sajaninternational.com,NBFC,CreditMitra,Samcint Solutins Private Limited,Play Store,https://play.google.com/store/apps/details?id=com.creditmitra&hl=en_IN
2198,,https://www.sajaninternational.com,NBFC,CreditMitra,Samcint Solutins Private Limited,Website,https://www.creditmitra.in
2199,SALORA CAPITAL LTD.,https://saloracapital.com/,NBFC,Bachatt,Trusave Fintech Private Limited,Google Play Store,https://play.google.com/store/apps/details?id=app.bachatt.customer
2200,,https://saloracapital.com/,NBFC,Finvolt,Finvolt LLP,Website,https://finvoltindia.com/
2201,,https://saloracapital.com/,NBFC,Fundlelo,Tisya Capital Solutions Private Limited,Website,https://www.fundlelo.com/
2202,,https://saloracapital.com/,NBFC,Fynto,Karmaja Consulting Private Limited,Website,https://fynto.in/
2203,,https://saloracapital.com/,NBFC,Jora Capital,Jora Capital Services Private Limited,Website,https://joracapital.in/
2204,,https://saloracapital.com/,NBFC,Kosam,Kosam Fintech LLP,Website,https://www.kosamfintech.com/
2205,,https://saloracapital.com/,NBFC,Kredtap,Codebrew Innovations Private Limited,Google Play Store,https://play.google.com/store/apps/details?id=com.kredtap.lending
2206,,https://saloracapital.com/,NBFC,Loan Doc,Nexupport Services Private Limited,Website,https://www.loandock.co.in/
2207,,https://saloracapital.com/,NBFC,Loan In Hand,Cashpedia Payment Solutions Private Limited,Website,https://www.loaninhand.com/
2208,,https://saloracapital.com/,NBFC,LoanNCredit,Wistful Finance Private Limited,Website,https://www.loanncredit.com/
2209,,https://saloracapital.com/,NBFC,Loan Prime,Credart Finbiz Solutions Pvt Ltd,Website,https://www.loanprime.in/
2210,,https://saloracapital.com/,NBFC,Paisa on Time,Artaras Technologies Pvt Ltd,Website,https://paisaontime.com/
2211,,https://saloracapital.com/,NBFC,Peday Money,Peday Fintech Private Limited,Website,https://play.google.com/store/apps/details?id=com.PedayMoney&hl=en_IN
2212,,https://saloracapital.com/,NBFC,RupeeGo,CODETHRUST TECHNOLOGIES PRIVATE LIMITED,Google Play Store,https://play.google.com/store/apps/details?id=com.codethrust.rupeego
2213,,https://saloracapital.com/,NBFC,Suprb,Summup Fintech Private Limited,Website,https://play.google.com/store/apps/details?id=in.suprb.app&hl=en_IN
2214,,https://saloracapital.com/,NBFC,The Digital Loan ,Wellroutes Investment Advisory Solutions Private Limited,Website,https://www.thedigitalloans.com/
2215,SAMMAAN CAPITAL LIMITED,https://sammaancapital.com,NBFC,Sammaan Capital: Home Loans,Self-owned,Google Play Store,com.sammaancapital.customers
2216,SAMPATHI CREDITS PRIVATE LIMITED,https://friendloan.in/,NBFC,Bharat Business Loans,SELF,Google Playstore,https://play.google.com/store/apps/details?id=in.bharat.loan
2217,,https://friendloan.in/,NBFC,FriendLoan - 1hr Business Loan,SELF,Google Playstore,https://play.google.com/store/apps/details?id=in.fl.loan
2218,,https://friendloan.in/,NBFC,FriendLoan: Business Loan App,SELF,Google Playstore,https://play.google.com/store/apps/details?id=in.fl.ul.lead
2219,,https://friendloan.in/,NBFC,FriendLoan Partner,SELF,Google Playstore,https://play.google.com/store/apps/details?id=in.fl.partner
2220,,https://friendloan.in/,NBFC,Sampathi Loans,SELF,Google Playstore,https://play.google.com/store/apps/details?id=in.sampathi.loan
2221,SAMPATI SECURITIES LIMITED,https://sampati.co.in/,NBFC,Creditt+,Credify Technologies Private Limited,App Store,https://apps.apple.com/in/app/creditt-personal-loan-app/id1330936066
2222,,https://sampati.co.in/,NBFC,Creditt+,Credify Technologies Private Limited,Website,https://credittnow.com/
2223,SAMRAAT FINLEASE (P) LTD.,https://samraatfinlease.com/,NBFC,FUND ON GO,Self-owned,Website,https://fundongo.com/
2224,,https://samraatfinlease.com/,NBFC,SALARY SEWA,Self-owned,Website,https://www.salarysewa.com/
2225,SARAF CREDIT & PORTFOLIO PVT. LTD.,https://eazypaisa.com,NBFC,eazypaisa.com,SARAF CREDIT AND PORTFOLIO PRIVATE LIMITED,Website,https://eazypaisa.com
2226,SARVAGRAM FINCARE PRIVATE LIMITED,www.sarvagram.com,NBFC,Sarvagram,Sarvagram Solutions Private Limited,App Store,Not Yet Uploaded
2227,SARVOTTAM FINCAP LTD.,Not Available ,NBFC,Two Minutes Loan,Fintech Cloud Private Limited,Website,https://twominutesloan.com/
2228,SATISFACTION COMMERCIAL PVT LTD,https://scplcash.com/,NBFC,Toofan Loan,Satisfaction Commercial Private Limited,Website,https://toofanloan.com/
2229,SATSAI FINLEASE PVT. LTD.,https://quickfilo.com/,NBFC,QUICKFILO,QUICKFILO,Website,https://quickfilo.com/
2230,SATYA CAPITAL SERVICES PRIVATE LIMITED,https://www.satyacapital.co.in/,NBFC,Instaclaus,Instaclaus Fintech Private Limited,Apple App Store,https://apps.apple.com/in/app/instaclaus/id6478954888
2231,,https://www.satyacapital.co.in/,NBFC,Instaclaus,Instaclaus Fintech Private Limited,Google Play Store,https://play.google.com/store/apps/details?id=com.instaclaus.app&hl=en_IN https://apps.apple.com/in/app/instaclaus/id6478954888
2232,SATYA MICROCAPITAL LIMITED,https://satyamicrocapital.com ,NBFC,DRONA,SATYA MICROCAPITAL LTD,Play Store,play.google.com/store/apps/details?id=com.satyamicrocapital.app
2233,SAVANTIKA VANIJYA PVT. LTD.,https://savantika.com,NBFC,Rocket Cash,Vistronex Private Limited,Website, https://rocketcash.in
2234,SAWALSHA LEASING & FINANCE PVT. LTD.,https://sawalsha.com/,NBFC,Paisaboxx?,Sawalsha Leasing & Finance Private Limited,Website,https://www.paisaboxx.com/
2235,SAYYAM INVESTMENTS PVT. LTD.,https://www.sayyaminvestments.in/index,NBFC,PayRupik,Sayyam Investments Private Limited,Website and Playstore,https://www.payrupikloan.in/ and  https://play.google.com/store/apps/details?id=in.hanafintech
2236,S.B.N. LEASING AND FINANCE LTD.,https://www.sbnnbfc.com/,NBFC,Cashone,Self-Owned,Play Store,https://play.google.com/store/apps/details?id=com.sbnnbfc.cashone
2237,,https://www.sbnnbfc.com/,NBFC,LoanArambh,MIRRAQUIX TECHNOLOGIES PRIVATE LIMITED,Play Store,https://play.google.com/store/apps/details?id=com.app.loanarambh.india.cash
2238,,https://www.sbnnbfc.com/,NBFC,LoanArambh,MIRRAQUIX TECHNOLOGIES PRIVATE LIMITED,Website,https://www.mirraquixte.com/LoanArambh/#/
2239,,https://www.sbnnbfc.com/,NBFC,LoanBloomGo,KONSALA SUPER TECHNOLOGY PRIVATE LIMITED,Play Store,https://play.google.com/store/apps/details?id=com.konsala.app.loanbloomgo.tech
2240,,https://www.sbnnbfc.com/,NBFC,LoanBloomGo,KONSALA SUPER TECHNOLOGY PRIVATE LIMITED,Website,https://www.konsala.com
2241,,https://www.sbnnbfc.com/,NBFC,LoanJai,MIRRAQUIX TECHNOLOGIES PRIVATE LIMITED,Play Store,https://play.google.com/store/apps/details?id=com.app.loanjai.india.cash
2242,,https://www.sbnnbfc.com/,NBFC,LoanJai,MIRRAQUIX TECHNOLOGIES PRIVATE LIMITED,Website,https://www.mirraquixte.com
2243,,https://www.sbnnbfc.com/,NBFC,Loan Peepal,GEEKES CONSULTANCY SERVICES PRIVATE LIMITED,Play Store,https://play.google.com/store/apps/details?id=com.peepal.finance
2244,,https://www.sbnnbfc.com/,NBFC,Loan Peepal,GEEKES CONSULTANCY SERVICES PRIVATE LIMITED,Website,https://www.geekesconsultancy.com/
2245,,https://www.sbnnbfc.com/,NBFC,LoanVanta,KONSALA SUPER TECHNOLOGY PRIVATE LIMITED,Play Store,https://play.google.com/store/apps/details?id=com.credit.konsala.loanvanta.loc.service
2246,,https://www.sbnnbfc.com/,NBFC,LoanVanta,KONSALA SUPER TECHNOLOGY PRIVATE LIMITED,Website,https://www.konsala.com
2247,,https://www.sbnnbfc.com/,NBFC,LoanVantaBoost,KONSALA SUPER TECHNOLOGY PRIVATE LIMITED,Play Store,https://play.google.com/store/apps/details?id=com.loc.konsala.loanvantaboost.lending.app
2248,,https://www.sbnnbfc.com/,NBFC,NaviraLoan,THUNIL SUPER TECHNOLOGY PRIVATE LIMITED,Play Store,https://play.google.com/store/apps/details?id=com.naviraloan.thunil.super
2249,,https://www.sbnnbfc.com/,NBFC,NaviraLoan,THUNIL SUPER TECHNOLOGY PRIVATE LIMITED,Website,https://www.thunilsupertech.com
2250,SCALEUP FINANCIAL SERVICES PRIVATE LIMITED (EARLIER KNOWN AS PAYME INDIA FINANCIAL SERVICES PRIVATE LIMITED),https://scaleupfinancial.com/,NBFC,PayMe,Huey Tech Limited (formerly known as Huey Tech Private Limited),"Website, IOS and Googple Play Store", https://www.paymeindia.in/      :  For IOS: https://apps.apple.com/in/app/payme-personal-loan-app/id1282142711                         :        For Android: https://play.google.com/store/apps/details?id=io.attabot.app.paymeindia&pcampaignid=web_share
2251,SCIL CAPITAL INDIA PRIVATE LIMITED ,http://www.scilcapital.com/,NBFC,Bharat Khata,GREENIZON AGRITECH CONSULTANCY PRIVATE LIMITED,Google Play Store,https://play.google.com/store/apps/details?id=com.bharatkhata.erp&hl=en_IN
2252,,http://www.scilcapital.com/,NBFC,Jai Kisan Farmer,GREENIZON AGRITECH CONSULTANCY PRIVATE LIMITED,Google Play Store,https://play.google.com/store/apps/details?id=com.jaikisan.farmer&hl=en_IN
2253,SECURIS FINANCE PRIVATE LIMITED,https://securis.in/,NBFC,Securis Finance Private Limited,Self Owned,Google Play Store,https://play.google.com/store/apps/details?id=in.securis.app
2254,,https://securis.in/,NBFC,Securis Finance Private Limited,Self Owned,Website,https://securis.in/
2255,SEVEN ELEVEN LEASING & FINANCE LTD.,https://www.sevenelevenfinance.com/,NBFC,PaisaNext,SEVEN ELEVEN LEASING AND FINANCE LIMITED,Website,https://paisanext.com/
2256,SG FINSERVE LIMITED (PREVIOUSLY MOONGIPA SECURITIES LIMITED),https://www.sgfinserve.com/lending-service-provider,NBFC,BharatPe for Business,BharatPe Money (Resilient Digi Services Private Limited),"Google Play Store, Apple App Store",https://bharatpemoney.com/lending-partners.html
2257,SHANKAR FININVEST (P) LTD.,www.shankarfininvst.com,NBFC,PennyDrop,Self-owned,Website,www.pennydrop.in
2258,SHIVALIK SMALL FINANCE BANK LIMITED,https://shivalik.bank.in,BANK,mshiFFt,Shivalik Small Finance Bank,Android – Playstore,Android: mshiFFt - Apps on Google Play
2259,,https://shivalik.bank.in,BANK,mshiFFt,Shivalik Small Finance Bank,iOS – Apple App Store,iOS: ‎mshiFFt App - App Store
2260,SHIVDURGA TRADING (P) LTD,https://www.myklinq.com/,NBFC,Klinq,Self-owned,Website,https://loan.myklinq.com/
2261,SHIVJI FINANCE AND INVESTMENTS (P) LTD.,No Website,NBFC,SalaryBolt,Self owned by RE i.e. Shivji Finance and Investments Private Limited,Website i.e. https://salarybolt.com/,https://salarybolt.com/
2262,SHREE GAJANAN URBAN CO-OP.BANK LTD.,www.shreegajananbank.in,BANK,SHREE GAJANAN UCBL BYADGI,SHREE GAJANAN URBAN CO OP BANK LTD BYADGI,GOOGLE PLAY STORE,https://play.google.com/store/apps/details?id=com.banksoft.client.gajananabyadgibank
2263,SHRIRAM CREDIT COMPANY LIMITED,https://www.shriramcredit.in/,NBFC,DhanLAP,DhanLAP,Website,http://dhanlao.com/
2264,SHRIRAM FINANCE LIMITED (FORMERLY SHRIRAM TRANSPORT FINANCE COMPANY LIMITED),www.shriramfinance.in,NBFC,CreditFIT App,Creditmantri Finserve Private Limited,Google Play Store,Android:https://play.google.com/store/apps/details?id=com.creditmantri
2265,,www.shriramfinance.in,NBFC,Creditmantri Website,Creditmantri Finserve Private Limited,Website,www.creditmantri.com
2266,,www.shriramfinance.in,NBFC,Digital Lending pages of Phonepe Lending on PhonePe Business: Merchant App,PhonePe Lending Services Private Limited,"Google Play Store, Apple App Store, Indus App Store",PhonePe Business: Merchant AppAndroid:https://play.google.com/store/apps/details?id=com.phonepe.app.businessIOS:https://apps.apple.com/in/app/phonepe-business-merchant-app/id1463742453Indus App store:https://cas5-0-urlprotect.trendmicro.com:443/wis/clicktime/v1/query?url=https%3a%2f%2fwww.indusappstore.com%2fapps%2ffinance%2fphonepe%2dbusiness%2fcom.phonepe.app.business%3fpage%3ddetails%26id%3dcom.phonepe.app.business&umid=37992c14-010b-4b9c-8cd6-626374c676d1&rct=1780315525&auth=fc9326c43f806f6dfd399b19f34003f46b8eabfc-cc68376af53fdb09c1461ace490112d3be5a60d6
2267,,www.shriramfinance.in,NBFC,Paytm,One97 Communications Limited,"Google Play store, Apple app store",Paytm for Business App:https://apps.apple.com/in/app/paytm-for-business/id1351301966https://play.google.com/store/apps/details?id=com.paytm.businessPaytm:Store:?https://play.google.com/store/apps/details?id=net.one97.paytmhttps://apps.apple.com/in/app/paytm/id473941634
2268,,www.shriramfinance.in,NBFC,PhonePe - Lending Website,PhonePe Lending Services Private Limited,Website,https://www.phonepe.com/lending/
2269,,www.shriramfinance.in,NBFC,Shriram Finance Limited Website,Shriram Finance Limited,Website,https://www.shriramfinance.in
2270,,www.shriramfinance.in,NBFC,Shriram One App,Shriram Finance Limited,"Google Play store, Apple app store",Android:https://play.google.com/store/apps/details?id=com.shriram.oneIOS: https://apps.apple.com/in/app/shriram-one-fd-upi-loans/id6446923754
2271,SI CREVA CAPITAL SERVICES PRIVATE LIMITED,https://sicrevacapital.com,NBFC,Kissht,OnEMI Technology Solutions Limited,PlayStore,https://play.google.com/store/apps/details?id=com.fastbanking&hl=en
2272,,https://sicrevacapital.com,NBFC,Kissht IOS,OnEMI Technology Solutions Limited,App store,https://apps.apple.com/in/app/kissht-personal-loan-app/id6752766331
2273,,https://sicrevacapital.com,NBFC,Ring,OnEMI Technology Solutions Limited,PlayStore,https://play.google.com/store/apps/details?id=com.ideopay.user
2274,,https://sicrevacapital.com/,NBFC,ABCD,Aditya Birla Capital Digital Limited.,WebSite,https://www.adityabirlacapital.com/loans/personal-finance/personal-loan
2275,,https://sicrevacapital.com/,NBFC,Bajaj Markets,Bajaj Finserv Direct Ltd.,Appstore,‎Bajaj Markets: Loan & Finance App - App Store
2276,,https://sicrevacapital.com/,NBFC,Bajaj Markets,Bajaj Finserv Direct Ltd.,PlayStore,Bajaj Markets: Loan & Finance - Apps on Google Play
2277,,https://sicrevacapital.com/,NBFC,Bajaj Markets,Bajaj Finserv Direct Ltd.,Website,"Bajaj Markets | Loans, Cards, CIBIL Score & Financial Products"
2278,,https://sicrevacapital.com/,NBFC,Indialends,GC Web Ventures Private Limited ,WebSite,https://indialends.com/
2279,,https://sicrevacapital.com/,NBFC,Mint Money,HT Digital Streams Limited,Appstore,https://apps.apple.com/in/app/mint-money-credit-score-loans/id6751579585
2280,,https://sicrevacapital.com/,NBFC,Mint Money,HT Digital Streams Limited,PlayStore,https://play.google.com/store/apps/details?id=com.htmintmoney&hl=en_IN?
2281,,https://sicrevacapital.com/,NBFC,Mint Money,HT Digital Streams Limited,WebSite,https://www.livemintmoney.com/money/loan/personal-loan?cta_position=L1
2282,,https://sicrevacapital.com/,NBFC,Paisa Bazaar,PaisaBazaar Marketing and Consulting Private Limited,WebSite,https://www.paisabazaar.com/
2283,,https://sicrevacapital.com/,NBFC,Paytm Merchant app,One97 Communications Limited,Appstore,https://apps.apple.com/in/app/paytm-for-business/id1351301966
2284,,https://sicrevacapital.com/,NBFC,Paytm Merchant app,One97 Communications Limited,PlayStore,https://play.google.com/store/apps/details?id=com.paytm.business&hl=en_IN
2285,,https://sicrevacapital.com/,NBFC,Prefr,Dreamplug Technologies pvt.ltd,Appstore,https://apps.apple.com/in/app/prefr-instant-personal-loan/id6758143425
2286,,https://sicrevacapital.com/,NBFC,Prefr,Dreamplug Technologies pvt.ltd,PlayStore,https://play.google.com/store/search?q=Prefr&c=apps&hl=en&pli=1
2287,,https://sicrevacapital.com/,NBFC,Prefr,Dreamplug Technologies pvt.ltd,Website,https://prefr.com/
2288,,https://sicrevacapital.com/,NBFC,SuperMoney,Scapic Innovations Private Limited,AppStore,https://apps.apple.com/in/app/super-money/id6502597504
2289,,https://sicrevacapital.com/,NBFC,SuperMoney,Scapic Innovations Private Limited,PlayStore,https://play.google.com/store/apps/details?id=money.super.payments&hl=en_IN
2290,,https://sicrevacapital.com/,NBFC,SuperMoney,Scapic Innovations Private Limited,Website and Msite,https://www.flipkart.com/account/login?ret=https%3A%2F%2Fwww.flipkart.com%2Fsumo-3p%2Fpl%2Fpages%2Fjourney%3Futm_source%3DWhatsapp%26utm_campaign%3Dml_abnd%26redirected%3Dtrue
2291,,https://sicrevacapital.com/,NBFC,Tata Neu,Tata Digital Private Limited,AppStore,https://apps.apple.com/in/app/tata-neu-shop-travel-finance/id1584669293
2292,,https://sicrevacapital.com/,NBFC,Tata Neu,Tata Digital Private Limited,PlayStore,https://play.google.com/store/search?q=tata+neu&c=apps&hl=en_IN
2293,,https://sicrevacapital.com/,NBFC,Tata Neu,Tata Digital Private Limited,WebSite,https://www.tataneu.com
2294,SIDDHI TRADERS (P) LTD,https://siddhitpl.com/,NBFC,PaapaPay,Tempora Mutantur Private Limited,Website,https://paapapay.in
2295,S K FINANCE LTD. (OLD NAME ESS KAY FINCORP  LTD),https://www.skfin.in/,NBFC,Chabot  Solution ,Self Owned,Website,https://www.skfin.in/
2296,SKYRISE CREDIT & MARKETING LIMITED,https://digiindialoan.com/,NBFC,DigiIndialoan,Skyrise Credit and Marketing Limited,Website,https://digiindialoan.com/
2297,,https://quickcashindia.com/,NBFC,Quickcashindia,Skyrise Credit and Marketing Limited,Website,https://quickcashindia.com/
2298,,https://www.rupeyloans.com/,NBFC,RupeyLoans,Skyrise Credit and Marketing Limited,Website,https://www.rupeyloans.com/
2299,SLICE SMALL FINANCE BANK LIMITED,customergrievance@sliceit.com,BANK,slice,slice small finance bank,"Google Play, App store (iOS)",https://play.google.com/store/apps/details?id=indwin.c3.shareapp&hl=en
2300,,https://www.sliceit.com/,BANK,slice business,slice small finance bank,Google Play,https://play.google.com/store/apps/details?id=com.slice.nesfb.merchant
2301,SMFG INDIA CREDIT COMPANY LIMITED,https://www.smfgindiacredit.com/digital-lending-partner.aspx?tab=loan_details,NBFC,Angel One's Super App,Angel One,Apple's app store,https://apps.apple.com/in/app/angel-one-stocks-mutual-fund/id1060530981
2302,,https://www.smfgindiacredit.com/digital-lending-partner.aspx?tab=loan_details,NBFC,Angel One's Super App,Angel One,Google Play Store,https://play.google.com/store/apps/details?id=com.msf.angelmobile&hl=en
2303,,https://www.smfgindiacredit.com/digital-lending-partner.aspx?tab=loan_details,NBFC,BharatPe for Business,Resilient Digi Services Private Limited,Apple's app store,https://apps.apple.com/in/app/bharatpe-for-business/id1329385873
2304,,https://www.smfgindiacredit.com/digital-lending-partner.aspx?tab=loan_details,NBFC,BharatPe for Business,Resilient Digi Services Private Limited,Google Play Store,https://play.google.com/store/apps/details?id=com.bharatpe.app&hl=en_IN&pli=1
2305,,https://www.smfgindiacredit.com/digital-lending-partner.aspx?tab=loan_details,NBFC,Digital lending pages of PhonePe Lending on PhonePe Business: Merchant App,PhonePe Lending Services Private Limited,Apple's app store,https://apps.apple.com/in/app/phonepe-business-merchant-app/id1463742453
2306,,https://www.smfgindiacredit.com/digital-lending-partner.aspx?tab=loan_details,NBFC,Digital lending pages of PhonePe Lending on PhonePe Business: Merchant App,PhonePe Lending Services Private Limited,Google Play Store,https://play.google.com/store/apps/details?id=com.phonepe.app.business&hl=en_IN
2307,,https://www.smfgindiacredit.com/digital-lending-partner.aspx?tab=loan_details,NBFC,Digital lending pages of PhonePe Lending on PhonePe Business: Merchant App,PhonePe Lending Services Private Limited,Indus App Store,https://www.indusappstore.com/apps/finance/phonepe-business/com.phonepe.app.business?page=details&id=com.phonepe.app.business
2308,,https://www.smfgindiacredit.com/digital-lending-partner.aspx?tab=loan_details,NBFC,Freo,MWYN Tech Private Limited,Apple's app store,https://apps.apple.com/in/app/moneytap-is-now-freo-credit/id1374771286
2309,,https://www.smfgindiacredit.com/digital-lending-partner.aspx?tab=loan_details,NBFC,Freo,MWYN Tech Private Limited,Google Play Store,https://play.google.com/store/apps/details?id=com.mycash.moneytap.app
2310,,https://www.smfgindiacredit.com/digital-lending-partner.aspx?tab=loan_details,NBFC,Freo,MWYN Tech Private Limited,Indus App Store,https://www.indusappstore.com/apps/finance/moneytap/com.mycash.moneytap.app/?page=details&id=com.mycash.moneytap.app
2311,,https://www.smfgindiacredit.com/digital-lending-partner.aspx?tab=loan_details,NBFC,Freo,MWYN Tech Private Limited,Oppo App Store,oaps://mk/dt?pkg=com.mycash.moneytap.app&style=1
2312,,https://www.smfgindiacredit.com/digital-lending-partner.aspx?tab=loan_details,NBFC,Freo,MWYN Tech Private Limited,Vivo Market,vivomarket://details?id=com.mycash.moneytap.app
2313,,https://www.smfgindiacredit.com/digital-lending-partner.aspx?tab=loan_details,NBFC,Freo,MWYN Tech Private Limited,Website,www.moneytap.com
2314,,https://www.smfgindiacredit.com/digital-lending-partner.aspx?tab=loan_details,NBFC,"Google Pay: Save, Pay, Manage ",Google India Digital Services Private Limited ,Apple's app store,https://apps.apple.com/in/app/google-pay-save-pay-manage/id1193357041  
2315,,https://www.smfgindiacredit.com/digital-lending-partner.aspx?tab=loan_details,NBFC,Google Pay: Secure UPI payment ,Google India Digital Services Private Limited ,Google Play store,https://play.google.com/store/apps/details?id=com.google.android.apps.nbu.paisa.user 
2316,,https://www.smfgindiacredit.com/digital-lending-partner.aspx?tab=loan_details,NBFC,"INDmoney: Stocks, Mutual Funds",Finzoomers Services Private Limited,Apple's app store,https://apps.apple.com/in/app/indmoney-stocks-mutual-funds/id1450178837
2317,,https://www.smfgindiacredit.com/digital-lending-partner.aspx?tab=loan_details,NBFC,"INDmoney: Stocks, Mutual Funds",Finzoomers Services Private Limited,Google Play store,https://play.google.com/store/search?q=indmoney&c=apps&hl=en_IN
2318,,https://www.smfgindiacredit.com/digital-lending-partner.aspx?tab=loan_details,NBFC,Instant Approval Personal Loan,GC Web Ventures Pvt Ltd,Apple's app store,https://apps.apple.com/in/app/indialends-instant-loan-app/id1163514601
2319,,https://www.smfgindiacredit.com/digital-lending-partner.aspx?tab=loan_details,NBFC,Instant Approval Personal Loan,GC Web Ventures Pvt Ltd,Google Play Store,https://play.google.com/store/search?q=INDIALENDS&c=apps&hl=en
2320,,https://www.smfgindiacredit.com/digital-lending-partner.aspx?tab=loan_details,NBFC,Khatabook credit account book,ADJ Utilities Private Limited (Khatabook),Google Play Store,https://play.google.com/store/apps/details?id=com.vaibhavkalpe.android.khatabook
2321,,https://www.smfgindiacredit.com/digital-lending-partner.aspx?tab=loan_details,NBFC,Khatabook Vyapar App,ADJ Utilities Private Limited (Khatabook),Apple's app store,https://apps.apple.com/in/app/khatabook-vyapar-app/id1488204139
2322,,https://www.smfgindiacredit.com/digital-lending-partner.aspx?tab=loan_details,NBFC,Kissht,OnEMI Technology Solutions Limited,Google Play Store,Kissht: Instant Personal Loans - Apps on Google Play
2323,,https://www.smfgindiacredit.com/digital-lending-partner.aspx?tab=loan_details,NBFC,Kissht IOS,OnEMI Technology Solutions Limited,Apple's app store,https://apps.apple.com/in/app/kissht-personal-loan-app/id6752766331
2324,,https://www.smfgindiacredit.com/digital-lending-partner.aspx?tab=loan_details,NBFC,Lendingkart Android Mobile App,Lendingkart Finance Limited,Google Play Store,https://play.google.com/store/apps/details?id=com.LendingKart&hl=en_IN&pli=1
2325,,https://www.smfgindiacredit.com/digital-lending-partner.aspx?tab=loan_details,NBFC,Mint:Market & News,HT Digital Streams Limited,Apple's app store,https://apps.apple.com/in/app/mint-money-credit-score-loans/id6751579585
2326,,https://www.smfgindiacredit.com/digital-lending-partner.aspx?tab=loan_details,NBFC,Mint:Market & News,HT Digital Streams Limited,Google Play Store,https://play.google.com/store/apps/details?id=com.htmintmoney&hl=en_IN
2327,,https://www.smfgindiacredit.com/digital-lending-partner.aspx?tab=loan_details,NBFC,Mint:Market & News,HT Digital Streams Limited,Website,https://www.livemint.com/money/loan/personal-loan
2328,,https://www.smfgindiacredit.com/digital-lending-partner.aspx?tab=loan_details,NBFC,Mobikwik: BHIM UPI & Wallet,One MobiKwik Systems Limited,Apple's app store,https://apps.apple.com/in/app/mobikwik-bhim-upi-wallet/id600002523
2329,,https://www.smfgindiacredit.com/digital-lending-partner.aspx?tab=loan_details,NBFC,Mobikwik: BHIM UPI & Wallet,One MobiKwik Systems Limited,Google Play Store,https://play.google.com/store/apps/details?id=com.mobikwik_new&hl=en
2330,,https://www.smfgindiacredit.com/digital-lending-partner.aspx?tab=loan_details,NBFC,"MONEY VIEW : LOANS PERSONAL LOAN APP, INSTANT LOAN",Moneyview Limited (formerly known as Moneyview Private Limited and Whizdm Innovations Pvt Limited),Apple's app store,https://apps.apple.com/in/app/moneyview-loans-credit-cards/id6468976019
2331,,https://www.smfgindiacredit.com/digital-lending-partner.aspx?tab=loan_details,NBFC,"MONEY VIEW : LOANS PERSONAL LOAN APP, INSTANT LOAN",Moneyview Limited (formerly known as Moneyview Private Limited and Whizdm Innovations Pvt Limited),Google Play Store,https://play.google.com/store/search?q=moneyview&c=apps&hl=en
2332,,https://www.smfgindiacredit.com/digital-lending-partner.aspx?tab=loan_details,NBFC,OneScore,FPL Consumer Service Pvt ltd,Apple App Store,https://apps.apple.com/in/app/onescore-credit-score-app/id1462059417?
2333,,https://www.smfgindiacredit.com/digital-lending-partner.aspx?tab=loan_details,NBFC,OneScore,FPL Consumer Service Pvt ltd,Google Play Store,https://play.google.com/store/apps/details?id=tech.fplabs.score&hl=en_IN
2334,,https://www.smfgindiacredit.com/digital-lending-partner.aspx?tab=loan_details,NBFC,Paisabazaar Marketing and Consulting Pvt Ltd,Paisabazaar Marketing and Consulting Pvt Ltd,Website,https://www.paisabazaar.com/
2335,,https://www.smfgindiacredit.com/digital-lending-partner.aspx?tab=loan_details,NBFC,PAYTM FOR BUSINESS,One97 Communications Limited,Apple's app store,https://apps.apple.com/in/app/paytm-for-business/id1351301966
2336,,https://www.smfgindiacredit.com/digital-lending-partner.aspx?tab=loan_details,NBFC,PAYTM FOR BUSINESS,One97 Communications Limited,Google Play Store,https://play.google.com/store/apps/details?id=com.paytm.business
2337,,https://www.smfgindiacredit.com/digital-lending-partner.aspx?tab=loan_details,NBFC,PAYTM: SECURE UPI PAYMENTS,One97 Communications Limited,Apple's app store,https://apps.apple.com/in/app/paytm/id473941634
2338,,https://www.smfgindiacredit.com/digital-lending-partner.aspx?tab=loan_details,NBFC,PAYTM: SECURE UPI PAYMENTS,One97 Communications Limited,Google Play Store,https://play.google.com/store/apps/details?id=net.one97.paytm
2339,,https://www.smfgindiacredit.com/digital-lending-partner.aspx?tab=loan_details,NBFC,Prefr,DreamPlug Technologies Private Limited,Apple's app store,https://apps.apple.com/in/app/prefr-personal-loan-app-india/id6758143425
2340,,https://www.smfgindiacredit.com/digital-lending-partner.aspx?tab=loan_details,NBFC,Prefr,DreamPlug Technologies Private Limited,Google Play store,https://play.google.com/store/apps/details?id=com.prefr.credit&hl=en_IN
2341,,https://www.smfgindiacredit.com/digital-lending-partner.aspx?tab=loan_details,NBFC,Ring,OnEMI Technology Solutions Limited,Google Play Store,RING (by Kissht): Quick Loans - Apps on Google Play
2342,,https://www.smfgindiacredit.com/digital-lending-partner.aspx?tab=loan_details,NBFC,SMFG India Credit Company limited,SMFG India Credit Company limited,Website,https://instantpersonalloanapply.smfgindiacredit.com/smfg/personal-loan/login
2343,,https://www.smfgindiacredit.com/digital-lending-partner.aspx?tab=loan_details,NBFC,SMFG India Credit mConnect,SMFG India Credit Company limited,Google Play Store,https://play.google.com/store/apps/details?id=com.smfgindia.mconnect
2344,,https://www.smfgindiacredit.com/digital-lending-partner.aspx?tab=loan_details,NBFC,SMFG India Credit mConnect 2.0,SMFG India Credit Company limited,Google Play Store,https://play.google.com/store/apps/details?id=com.smfgsuper
2345,,https://www.smfgindiacredit.com/digital-lending-partner.aspx?tab=loan_details,NBFC,super.money,Scapic Innovations Private Limited,Apple App Store,https://apps.apple.com/in/app/super-money/id6502597504
2346,,https://www.smfgindiacredit.com/digital-lending-partner.aspx?tab=loan_details,NBFC,super.money,Scapic Innovations Private Limited,Google Play Store,https://play.google.com/store/apps/details?id=money.super.payments&hl=en_IN
2347,,https://www.smfgindiacredit.com/digital-lending-partner.aspx?tab=loan_details,NBFC,Turtlemint,Fintech Blue Solutions Private Limited,Website,https://turtlemintloans.com/products/personal-loan/customer/login
2348,SNAPMINT FINANCIAL SERVICES PRIVATE LIMITED,snapmintfin website,NBFC,Meesho,Meesho Payments Private Limited,Meesho.com,MPPL website
2349,,snapmintfin website,NBFC,Snapmint,Snapmint Credit Advisory Private Limited,Andriod app store,Andriod app store
2350,,snapmintfin website,NBFC,Snapmint,Snapmint Credit Advisory Private Limited,Apple app store,Apple app store
2351,,snapmintfin website,NBFC,Snapmint,Snapmint Credit Advisory Private Limited,Snapmint.com,Snapmint Website
2352,SOLOMON CAPITAL PRIVATE LIMITED,https://solomonfintech.com/,NBFC,BharatLoan: Personal Loan App,Self Owned ,Google Play store,https://play.google.com/store/apps/details?id=com.devmunifin.bharatloan 
2353,,https://solomonfintech.com/,NBFC,BharatLoan: Personal Loan App,Self Owned ,Website ,https://www.bharatloan.com
2354,SONU MARKETING (P) LTD,https://brahmafinance.in/,NBFC,AlphaRupee,CopperHive Technologies Private Limited,website,www.alpharupee.in
2355,,https://brahmafinance.in/,NBFC,CLICKRA,CLICKRA SOLUTIONS PRIVATE LIMITED,App Store,https://apps.apple.com/in/app/clickra/id6764364442
2356,,https://brahmafinance.in/,NBFC,CLICKRA,CLICKRA SOLUTIONS PRIVATE LIMITED,Play store,Google Play
2357,,https://brahmafinance.in/,NBFC,CLICKRA,CLICKRA SOLUTIONS PRIVATE LIMITED,Website,https://clickra.in
2358,,https://brahmafinance.in/,NBFC,Creditlab,Self-owned,website,https://creditlab.in
2359,,https://brahmafinance.in/,NBFC,Trustpaisa,Flexidgital Tech India Pvt Ltd,Website,https://trustpaisa.com/
2360,,https://brahmafinance.in/,NBFC,Trustpaisa: Personal loan app,Flexidgital Tech India Pvt Ltd,Google Play,https://play.google.com/store/apps/details?id=trustpaisa.app&pcampaignid=web_share
2361,SOUTH INDIAN BANK LTD,www.southindianbank.com,BANK,Amazon App,Amazon Mobile LLP,GooglePlay Store/App Store,https://www.amazon.in/
2362,,www.southindianbank.com,BANK,AXIO,AXIO Digital Services Private Limited,Website,https://axio.co.in/
2363,,www.southindianbank.com,BANK,DhanLap,Ark Neo Financial Services Pvt. Ltd.,GooglePlay Store,https://dhanlap.com/
2364,,www.southindianbank.com,BANK,Finsall,Finsall Resources Pvt Ltd,Website,https://www.finsall.com/
2365,,www.southindianbank.com,BANK,Moneyview,Moneyview Ltd.,Website,https://www.moneyview.in/
2366,,www.southindianbank.com,BANK,Onescore,One Consumer Services Private Limited,Website,https://www.onescore.app/
2367,,www.southindianbank.com,BANK,Quick PL,SIB,www.southindianbank.com,https://pl.southindianbank.com/quickpl/login
2368,,www.southindianbank.com,BANK,SIB Mirror +,SIB,GooglePlay Store/App Store,www.southindianbank.com
2369,,www.southindianbank.com,BANK,Smallcase,Case Platforms Private Limited,Website,https://www.smallcase.com/
2370,SPEEL FINANCE CO P LTD.,https://speelfinance.com/,NBFC,SPEEL FINANCE COMPANY PRIVATE LIMITED,Self-owned,"PlayStore, AppStore",https://play.google.com/store/apps/details?id=com.pocketly; https://apps.apple.com/in/app/pocketly-instant-personal-loan/id1503307519
2371,SPICEBULLS INVESTMENTS LIMITED,Mobile number of Grievance Redressal Officer,NBFC,Sr.No,Name of the DLA,Name of the owner of DLA (Self-owned/name of LSP in case DLA is of LSP),Available on (Website/name of app store)
2372,S R CAPITAL  SERVICES  PVT.  LTD.,https://srcapitals.in/,NBFC,Salary112,CREDITBRIDGE TECHNOLOGIES LLP,Google Play Store ,https://play.google.com/store/apps/details?id=com.vimanotech.salary112
2373,,https://srcapitals.in/,NBFC,Salary112,CREDITBRIDGE TECHNOLOGIES LLP,Website,https://www.salary112.com/
2374,SRI VASAVAMBA CO-OP.BANK LTD.,https://svcbhnp.com/,BANK,SRI VASAVAMBA CO OPERATIVE BANK LTD,PROCESSWARE SYSTEMS PVT LTD,APPLE APP STORE,https://apps.apple.com/in/app/sri-vasavamba-co-op-bank/id6480499546
2375,,https://svcbhnp.com/,BANK,SRI VASAVAMBA CO OPERATIVE BANK LTD,PROCESSWARE SYSTEMS PVT LTD,GOOGPE PLAY STORE,https://play.google.com/store/apps/details?id=com.banksoft.clientVsmba
2376,STATE BANK OF INDIA,https://bank.sbi,BANK,CINB,Self-Owned,Website,https://yonobusiness.sbi/  login/yonobusinesslogin
2377,,https://bank.sbi,BANK,RINB,Self-Owned,Website,https://retail.onlinesbi.sbi/retail/lo gin.htm
2378,,https://bank.sbi,BANK,YONO ,Self-Owned,Android,https://play.google.com/store/app s/details?id=com.sbi.lotusintouch
2379,,https://bank.sbi,BANK,YONO ,Self-Owned,iOS,https://apps.apple.com/in/app/yono-sbi-banking-andlifestyle/id1231393474
2380,,https://bank.sbi,BANK,Yono  Business,Self-Owned,Android, https://play.google.com/store/app s/details?id=com.sbi.SBAnywher eCorporate
2381,,https://bank.sbi,BANK,Yono  Business,Self-Owned,iOS,https://apps.apple.com/in/app/yono-business-sbi/id1056093690
2382,STOCK GUARDIANS (INDIA) PRIVATE LIMITED,https://www.stockguardian.in/,NBFC,Finsall,Finsall Resources Pvt. Ltd.,Website,https://www.finsall.com/
2383,SUBHLAKSHMI FINANCE PRIVATE LIMITED (OLD NAME - PEPSU CAPITAL SERVICES PRIVATE LIMITED),Shubhlakshmi.com,NBFC,Shublakshmi,Fintech Cloud Private Limitied,https://fintechcloud.in/,https://app.shublakshmi.com/
2384,,Subhlakshmi.in,NBFC,Subhlakshmi ,Subhlakshmi Finance Private Limited,https://subhlakshmi.in/,https://drive.google.com/file/d/1cD372AQNgamw0vP-HLMqwVz1azJE2_gt/view?usp=drive_link
2385,SUBURBAN FINANCE & INVESTMENT PVT.LTD.,https://emergencypaisa.com/,NBFC,EmergencyPaisa,Suburban Finance & Investment Private Limited,"Available on Play Store, App Store and Website",https://play.google.com/store/apps/details?id=com.suburban.emergency_paisa&hl=en_IN
2386,"SUNDARLAL SAWJI URBAN CO-OPERATIVE BANK LTD., JINTUR",www.sundarlalsawjibank.com,BANK,Nill,Nill,Nill,Nill
2387,SUNITA FINLEASE LTD.,https://www.sunitafinance.com/,NBFC,Oro Money,Orocorp Technologies Pvt ltd?,Android Playstore,https://play.google.com/store/apps/details?id=in.orocorp.customer
2388,,https://www.sunitafinance.com/,NBFC,Oro Money,Orocorp Technologies Pvt ltd?,IOS - Appstore?,https://apps.apple.com/in/app/oro-money-gold-loans-at-home/id1551316636
2389,,https://www.sunitafinance.com/,NBFC,Refyne,Refyne?Tech Private Ltd,Android Playstore,https://play.google.com/store/apps/details?id=in.co.refyne.android&hl=en
2390,,https://www.sunitafinance.com/,NBFC,Refyne,Refyne?Tech Private Ltd,IOS - Appstore?,https://apps.apple.com/in/app/refyne/id1628740208
2391,SURAT PEOPLE'S CO-OP.BANK LTD.,https://www.spcbl.in/,BANK,ClickPe,Neofirst Technologies India Private Limited,Play Store,https://play.google.com/store/apps/details?id=com.dailype.dailype
2392,SURYODAY SMALL FINANCE BANK LIMITED,https://suryoday.bank.in/,BANK,Paytm-MSME,One97 Communications Limited,1.Google Play store 2.Apple app store,https://apps.apple.com/in/app/paytm-for-business/id1351301966 and https://play.google.com/store/apps/details?id=com.paytm.business
2393,S.U.SECURITIES PVT. LTD.,https://www.susecurities.com/,NBFC,SU Fintrust,WONDER WORLD,Google Play Store,https://play.google.com/store/apps/details?id=com.sufin.trust.finbridge
2394,,https://www.susecurities.com/,NBFC,SU wallet,Self-owned,Google Play Store,https://play.google.com/store/apps/details?id=com.suwallet.lendspace.solutions
2395,SVAMAAN FINANCIAL SERVICES PRIVATE LIMITED,www.svamaan.in,NBFC,Svamaan App,Svamaan Financial Services Private Limited (self-owned),Google Playstore,https://play.google.com/store/apps/details?id=com.svamaanapp
2396,SWADHA FINLEASE PRIVATE LIMITED *,swadhafinlease.com,NBFC,salary24x7,Finovel Fintech Private Limited,Google Play Store,https://play.google.com/store/apps/details?id=com.merusphere.salary247.borrower&pcampaignid=web_share
2397,,swadhafinlease.com,NBFC,salary24x7,Finovel Fintech Private Limited,Website,https://salary24x7.com/
2398,SWASTIK FINANCE LIMITED (FORMERLY KNOWN AS AVON MONEY SOLUTION INDIA LIMITED),https://swastikfinance.in,NBFC,ATM CRED,Self-Owned,Website and Google Play Store,https://play.google.com/store/apps/details?id=vexil.infotech.atmcred&hl=en-IN
2399,TALAZEN FINANCE INDIA PRIVATE LIMITED,https://tala.co/,NBFC,Tala: Fast & Secure Loan App,Self0owned,Google Play Store,https://play.google.com/store/apps/details?id=in.com.tala
2400,TAPSTART CAPITAL PRIVATE LIMITED,www.tapstart.in,NBFC,Chinmay Finlease Limited,Chinmay Finlease Limited,Website,https://www.chinmayfinlease.com/
2401,,www.tapstart.in,NBFC,Chinmay - Personal Loan App,Chinmay Finlease Limited,Apple App Store,https://apps.apple.com/in/app/chinmay-personal-loan-app/id6476261363
2402,,www.tapstart.in,NBFC,Chinmay - Personal Loan App,Chinmay Finlease Limited,Google Play Store,https://play.google.com/store/apps/details?id=com.chinmay.io&hl=en_IN
2403,,www.tapstart.in,NBFC,Freo,MWYN Tech Private Limited,Apple App Store,https://apps.apple.com/in/app/freo-upi-insurance-loans/id1588894115
2404,,www.tapstart.in,NBFC,Freo,MWYN Tech Private Limited,Google Play Store,https://play.google.com/store/apps/details?id=com.moneytap.bnpl.app&listing=freo_oneapp_moneytap
2405,,www.tapstart.in,NBFC,Freo,MWYN Tech Private Limited,IndusApp,https://www.indusappstore.com/apps/finance/freo/com.moneytap.bnpl.app/?page=details&id=com.moneytap.bnpl.app
2406,,www.tapstart.in,NBFC,Freo,MWYN Tech Private Limited,Oppo App Store,oaps://mk/dt?pkg=com.moneytap.bnpl.app&style=1
2407,,www.tapstart.in,NBFC,Freo,MWYN Tech Private Limited,Vivo Market,vivomarket://details?id=com.moneytap.bnpl.app
2408,,www.tapstart.in,NBFC,Freo,MWYN Tech Private Limited,Website,www.freo.money
2409,,www.tapstart.in,NBFC,Innotech Creditsea Platforms Private Limited,Innotech Creditsea Platforms Private Limited,App Store,https://apps.apple.com/in/app/creditsea-personal-loan-app/id6743390338
2410,,www.tapstart.in,NBFC,Innotech Creditsea Platforms Private Limited,Innotech Creditsea Platforms Private Limited,Google Play Store,https://play.google.com/store/apps/details?id=com.creditsea.app
2411,,www.tapstart.in,NBFC,Innotech Creditsea Platforms Private Limited,Innotech Creditsea Platforms Private Limited,Website,https://www.creditsea.com
2412,,www.tapstart.in,NBFC,MoneyTap,MWYN Tech Private Limited,Apple App Store,https://apps.apple.com/in/app/moneytap-is-now-freo-credit/id1374771286
2413,,www.tapstart.in,NBFC,MoneyTap,MWYN Tech Private Limited,Google Play Store,https://play.google.com/store/apps/details?id=com.mycash.moneytap.app
2414,,www.tapstart.in,NBFC,MoneyTap,MWYN Tech Private Limited,IndusApp,https://www.indusappstore.com/apps/finance/moneytap/com.mycash.moneytap.app/?page=details&id=com.mycash.moneytap.app
2415,,www.tapstart.in,NBFC,MoneyTap,MWYN Tech Private Limited,Oppo App Store,oaps://mk/dt?pkg=com.mycash.moneytap.app&style=1
2416,,www.tapstart.in,NBFC,MoneyTap,MWYN Tech Private Limited,Vivo Market,vivomarket://details?id=com.mycash.moneytap.app
2417,,www.tapstart.in,NBFC,MoneyTap,MWYN Tech Private Limited,Website,www.moneytap.com
2418,TATA CAPITAL HOUSING FINANCE LTD.,https://www.tatacapital.com/tchfl.html,HOUSING FINANCE COMPANY,Digital Quick Cash,Tata Capital Housing Finance Ltd.,Website,https://instaloan.tatacapital.com/insta-hl/loans/home-loans/home?sourceName=DQC
2419,,https://www.tatacapital.com/tchfl.html,HOUSING FINANCE COMPANY,HL Online,Tata Capital Housing Finance Ltd.,Website,"""https://www.tatacapital.com/online/loans/home-loans/apply-now-home-loan?sourceName=Website&cidparameter=#! """
2420,,https://www.tatacapital.com/tchfl.html,HOUSING FINANCE COMPANY,TATA Capital Loan App & Wealth,Tata Capital Housing Finance Ltd.,App Store,TATA Capithttps://www.tatacapital.com/tchfl.htmlal Loan & Wealth App on the App?Store
2421,,https://www.tatacapital.com/tchfl.html,HOUSING FINANCE COMPANY,TATA Capital Loan App & Wealth,Tata Capital Housing Finance Ltd.,Play Store,Tata Capital Loan App & Wealth - Apps on Google Play
2422,TATA CAPITAL LIMITED,Our Partners | Tata Capital,NBFC,Famescore Pvt Ltd [Other - Disbursal Drawdown],FinAGG Services Pvt Ltd,Play store,https://play.google.com/store/apps/details?id=com.finagg.retailerApp&hl=en_IN 
2423,,Our Partners | Tata Capital,NBFC,Famescore Pvt Ltd [Other - Disbursal Drawdown],FinAGG Services Pvt Ltd,Play store,https://play.google.com/store/apps/details?id=com.finagg.retailerApp&hl=en_IN 
2424,,Our Partners | Tata Capital,NBFC,Famescore Pvt Ltd [Other - Disbursal Drawdown],FinAGG Services Pvt Ltd,Website,https://www.finagg.in/ 
2425,,Our Partners | Tata Capital,NBFC,Famescore Pvt Ltd [Other - Disbursal Drawdown],FinAGG Services Pvt Ltd,Website,https://www.finagg.in/ 
2426,,Our Partners | Tata Capital,NBFC,Fibe,Social Worth Technologies Limited ,App Store,https://apps.apple.com/in/app/fibe-instant-personal-loan-app/id1094602630
2427,,Our Partners | Tata Capital,NBFC,Fibe,Social Worth Technologies Limited ,App Store,https://apps.apple.com/in/app/fibe-instant-personal-loan-app/id1094602630
2428,,Our Partners | Tata Capital,NBFC,Fibe,Social Worth Technologies Limited ,Play store,https://play.google.com/store/apps/details?id=com.earlysalary.android
2429,,Our Partners | Tata Capital,NBFC,Fibe,Social Worth Technologies Limited ,Play store,https://play.google.com/store/apps/details?id=com.earlysalary.android
2430,,Our Partners | Tata Capital,NBFC,Fibe,Social Worth Technologies Limited ,Website,https://www.fibe.in/
2431,,Our Partners | Tata Capital,NBFC,Fibe,Social Worth Technologies Limited ,Website,https://www.fibe.in/
2432,,Our Partners | Tata Capital,NBFC,Finfinity,Synergenius Growth Pvt Ltd,App Store,https://apps.apple.com/in/app/finfinity/id6737900071
2433,,Our Partners | Tata Capital,NBFC,Finfinity,Synergenius Growth Pvt Ltd,App Store,https://apps.apple.com/in/app/finfinity/id6737900071
2434,,Our Partners | Tata Capital,NBFC,Finfinity,Synergenius Growth Pvt Ltd,Play store,https://play.google.com/store/apps/details?id=com.finfinity.co.in
2435,,Our Partners | Tata Capital,NBFC,Finfinity,Synergenius Growth Pvt Ltd,Play store,https://play.google.com/store/apps/details?id=com.finfinity.co.in
2436,,Our Partners | Tata Capital,NBFC,Finfinity,Synergenius Growth Pvt Ltd,Website,https://www.finfinity.co.in/
2437,,Our Partners | Tata Capital,NBFC,Finfinity,Synergenius Growth Pvt Ltd,Website,https://www.finfinity.co.in/
2438,,Our Partners | Tata Capital,NBFC,Finnable,Finnable Technologies Pvt. Ltd.,App Store,https://apps.apple.com/in/app/finnable/id1453358250
2439,,Our Partners | Tata Capital,NBFC,Finnable,Finnable Technologies Pvt. Ltd.,App Store,https://apps.apple.com/in/app/finnable/id1453358250
2440,,Our Partners | Tata Capital,NBFC,Finnable,Finnable Technologies Pvt. Ltd.,Play store,https://play.google.com/store/apps/details?id=com.finnable.customer
2441,,Our Partners | Tata Capital,NBFC,Finnable,Finnable Technologies Pvt. Ltd.,Play store,https://play.google.com/store/apps/details?id=com.finnable.customer
2442,,Our Partners | Tata Capital,NBFC,Finnable,Finnable Technologies Pvt. Ltd.,Website,https://www.finnable.com/
2443,,Our Partners | Tata Capital,NBFC,Finnable,Finnable Technologies Pvt. Ltd.,Website,https://www.finnable.com/
2444,,Our Partners | Tata Capital,NBFC,Indmoney [Other - Disbursal Drawdown],Finzoomers Services Private Limited,App store,https://apps.apple.com/in/app/indmoney-stocks-mutual-funds/id1450178837
2445,,Our Partners | Tata Capital,NBFC,Indmoney [Other - Disbursal Drawdown],Finzoomers Services Private Limited,App store,https://apps.apple.com/in/app/indmoney-stocks-mutual-funds/id1450178837
2446,,Our Partners | Tata Capital,NBFC,Indmoney [Other - Disbursal Drawdown],Finzoomers Services Private Limited,Play store,https://play.google.com/store/apps/details?id=in.indwealth&hl=en-US
2447,,Our Partners | Tata Capital,NBFC,Indmoney [Other - Disbursal Drawdown],Finzoomers Services Private Limited,Play store,https://play.google.com/store/apps/details?id=in.indwealth&hl=en-US
2448,,Our Partners | Tata Capital,NBFC,Indmoney [Other - Disbursal Drawdown],Finzoomers Services Private Limited,Website,https://www.indmoney.com/ 
2449,,Our Partners | Tata Capital,NBFC,Indmoney [Other - Disbursal Drawdown],Finzoomers Services Private Limited,Website,https://www.indmoney.com/ 
2450,,Our Partners | Tata Capital,NBFC,KreditBee,Finnovation Tech Solutions Private Limited,App Store,https://apps.apple.com/in/app/easy-personal-loan-kreditbee/id1488736283
2451,,Our Partners | Tata Capital,NBFC,KreditBee,Finnovation Tech Solutions Private Limited,App Store,https://apps.apple.com/in/app/easy-personal-loan-kreditbee/id1488736283
2452,,Our Partners | Tata Capital,NBFC,KreditBee,Finnovation Tech Solutions Private Limited,Galaxy Store,https://apps.samsung.com/appquery/appDetail.as?appId=com.kreditbee.android
2453,,Our Partners | Tata Capital,NBFC,KreditBee,Finnovation Tech Solutions Private Limited,Galaxy Store,https://apps.samsung.com/appquery/appDetail.as?appId=com.kreditbee.android
2454,,Our Partners | Tata Capital,NBFC,KreditBee,Finnovation Tech Solutions Private Limited,Indus App Store,https://indusapp.store/9ip3i05q
2455,,Our Partners | Tata Capital,NBFC,KreditBee,Finnovation Tech Solutions Private Limited,Indus App Store,https://indusapp.store/9ip3i05q
2456,,Our Partners | Tata Capital,NBFC,KreditBee,Finnovation Tech Solutions Private Limited,Oppo,oaps://mk/dt?pkg=com.kreditbee.android&style=1
2457,,Our Partners | Tata Capital,NBFC,KreditBee,Finnovation Tech Solutions Private Limited,Oppo,oaps://mk/dt?pkg=com.kreditbee.android&style=1
2458,,Our Partners | Tata Capital,NBFC,KreditBee,Finnovation Tech Solutions Private Limited,Play store,https://play.google.com/store/apps/details?id=com.kreditbee.android
2459,,Our Partners | Tata Capital,NBFC,KreditBee,Finnovation Tech Solutions Private Limited,Play store,https://play.google.com/store/apps/details?id=com.kreditbee.android
2460,,Our Partners | Tata Capital,NBFC,KreditBee,Finnovation Tech Solutions Private Limited,Vivo Market,vivomarket://details?id=com.kreditbee.android
2461,,Our Partners | Tata Capital,NBFC,KreditBee,Finnovation Tech Solutions Private Limited,Vivo Market,vivomarket://details?id=com.kreditbee.android
2462,,Our Partners | Tata Capital,NBFC,KreditBee,Finnovation Tech Solutions Private Limited,Website,https://www.kreditbee.in/
2463,,Our Partners | Tata Capital,NBFC,KreditBee,Finnovation Tech Solutions Private Limited,Website,https://www.kreditbee.in/
2464,,Our Partners | Tata Capital,NBFC,KreditBee,Finnovation Tech Solutions Private Limited,Xiaomi Global App,https://global.app.mi.com/details?lo=IN&la=en_US&id=com.kreditbee.android
2465,,Our Partners | Tata Capital,NBFC,KreditBee,Finnovation Tech Solutions Private Limited,Xiaomi Global App,https://global.app.mi.com/details?lo=IN&la=en_US&id=com.kreditbee.android
2466,,Our Partners | Tata Capital,NBFC,Lendingkart,Lendingkart Finance Limited,Play store,https://play.google.com/store/apps/details?id=com.LendingKart
2467,,Our Partners | Tata Capital,NBFC,Lendingkart,Lendingkart Finance Limited,Play store,https://play.google.com/store/apps/details?id=com.LendingKart
2468,,Our Partners | Tata Capital,NBFC,Lendingkart,Lendingkart Finance Limited,Website,https://www.lendingkart.com/
2469,,Our Partners | Tata Capital,NBFC,Lendingkart,Lendingkart Finance Limited,Website,https://www.lendingkart.com/
2470,,Our Partners | Tata Capital,NBFC,Navi Finserv Limited,Navi Finserv Limited,Website,https://pl.navifinserv.com/login
2471,,Our Partners | Tata Capital,NBFC,Navi Finserv Limited,Navi Finserv Limited,Website,https://pl.navifinserv.com/login
2472,,Our Partners | Tata Capital,NBFC,OLA,OLA Financial services Pvt Ltd,App Store,https://apps.apple.com/in/app/ola-book-cab-auto-bike-taxi/id539179365
2473,,Our Partners | Tata Capital,NBFC,OLA,OLA Financial services Pvt Ltd,App Store,https://apps.apple.com/in/app/ola-book-cab-auto-bike-taxi/id539179365
2474,,Our Partners | Tata Capital,NBFC,OLA,OLA Financial services Pvt Ltd,Play store,https://play.google.com/store/apps/details?id=com.olacabs.customer
2475,,Our Partners | Tata Capital,NBFC,OLA,OLA Financial services Pvt Ltd,Play store,https://play.google.com/store/apps/details?id=com.olacabs.customer
2476,,Our Partners | Tata Capital,NBFC,OLA,OLA Financial services Pvt Ltd,Website,https://www.olamoney.com/
2477,,Our Partners | Tata Capital,NBFC,OLA,OLA Financial services Pvt Ltd,Website,https://www.olamoney.com/
2478,,Our Partners | Tata Capital,NBFC,P4B,One 97 Communications Limited,App Store,https://apps.apple.com/in/app/paytm-for-business/id1351301966
2479,,Our Partners | Tata Capital,NBFC,P4B,One 97 Communications Limited,App Store,https://apps.apple.com/in/app/paytm-for-business/id1351301966
2480,,Our Partners | Tata Capital,NBFC,P4B,One 97 Communications Limited,Play store,https://play.google.com/store/apps/details?id=com.paytm.business
2481,,Our Partners | Tata Capital,NBFC,P4B,One 97 Communications Limited,Play store,https://play.google.com/store/apps/details?id=com.paytm.business
2482,,Our Partners | Tata Capital,NBFC,Paisabazaar,Paisabazaar Marketing and consulting Private Limited,Play store,https://play.google.com/store/apps/details?id=com.paisabazaar&hl=en_IN
2483,,Our Partners | Tata Capital,NBFC,Paisabazaar,Paisabazaar Marketing and consulting Private Limited,Play store,https://play.google.com/store/apps/details?id=com.paisabazaar&hl=en_IN
2484,,Our Partners | Tata Capital,NBFC,Paisabazaar,Paisabazaar Marketing and consulting Private Limited,Website,https://www.paisabazaar.com/partners/ 
2485,,Our Partners | Tata Capital,NBFC,Paisabazaar,Paisabazaar Marketing and consulting Private Limited,Website,https://www.paisabazaar.com/partners/ 
2486,,Our Partners | Tata Capital,NBFC,Paytm,One 97 Communications Limited,App Store,https://apps.apple.com/in/app/paytm-secure-upi-payments/id473941634 
2487,,Our Partners | Tata Capital,NBFC,Paytm,One 97 Communications Limited,App Store,https://apps.apple.com/in/app/paytm-secure-upi-payments/id473941634 
2488,,Our Partners | Tata Capital,NBFC,Paytm,One 97 Communications Limited,Play store,https://play.google.com/store/apps/details?id=net.one97.paytm  
2489,,Our Partners | Tata Capital,NBFC,Paytm,One 97 Communications Limited,Play store,https://play.google.com/store/apps/details?id=net.one97.paytm  
2490,,Our Partners | Tata Capital,NBFC,TATA Capital Loan App & Wealth,Tata Capital Limited,App Store,https://apps.apple.com/in/app/tata-capital-loan-wealth-app/id1451688163
2491,,Our Partners | Tata Capital,NBFC,TATA Capital Loan App & Wealth,Tata Capital Limited,Play store,https://play.google.com/store/apps/details?id=com.snapwork.tcl
2492,,Our Partners | Tata Capital,NBFC,TATA Capital Loan App & Wealth,Tata Capital Limited,Website,"Tata Capital - Personal Loans, Home Loans, Business Loans, Car Loans"
2493,,Our Partners | Tata Capital,NBFC,TataNeu,Tata Digital Private Limited,App Store,https://apps.apple.com/in/app/tata-neu-shop-travel-finance/id1584669293
2494,,Our Partners | Tata Capital,NBFC,TataNeu,Tata Digital Private Limited,App Store,https://apps.apple.com/in/app/tata-neu-shop-travel-finance/id1584669293
2495,,Our Partners | Tata Capital,NBFC,TataNeu,Tata Digital Private Limited,Play store,https://play.google.com/store/apps/details?id=com.tatadigital.tcp
2496,,Our Partners | Tata Capital,NBFC,TataNeu,Tata Digital Private Limited,Play store,https://play.google.com/store/apps/details?id=com.tatadigital.tcp
2497,,Our Partners | Tata Capital,NBFC,TataNeu,Tata Digital Private Limited,Website,https://www.tataneu.com/home
2498,,Our Partners | Tata Capital,NBFC,TataNeu,Tata Digital Private Limited,Website,https://www.tataneu.com/home
2499,,Our Partners | Tata Capital,NBFC,Volt [Other - Disbursal Drawdown],Salter Technologies Private Limited,App store,https://apps.apple.com/in/app/volt-money-mutual-fund-loan/id6446775789
2500,,Our Partners | Tata Capital,NBFC,Volt [Other - Disbursal Drawdown],Salter Technologies Private Limited,App store,https://apps.apple.com/in/app/volt-money-mutual-fund-loan/id6446775789
2501,,Our Partners | Tata Capital,NBFC,Volt [Other - Disbursal Drawdown],Salter Technologies Private Limited,Play store,https://play.google.com/store/apps/details?id=in.voltmoney&hl=en-US
2502,,Our Partners | Tata Capital,NBFC,Volt [Other - Disbursal Drawdown],Salter Technologies Private Limited,Play store,https://play.google.com/store/apps/details?id=in.voltmoney&hl=en-US
2503,,Our Partners | Tata Capital,NBFC,Volt [Other - Disbursal Drawdown],Salter Technologies Private Limited,Website,https://www.voltmoney.in/ 
2504,,Our Partners | Tata Capital,NBFC,Volt [Other - Disbursal Drawdown],Salter Technologies Private Limited,Website,https://www.voltmoney.in/ 
2505,,Our Partners | Tata Capital,NBFC,Wishfin,Mywish Marketplaces Private Limited,Play store,https://play.google.com/store/apps/details?id=com.mywish.wishfin.view&hl=en_IN
2506,,Our Partners | Tata Capital,NBFC,Wishfin,Mywish Marketplaces Private Limited,Play store,https://play.google.com/store/apps/details?id=com.mywish.wishfin.view&hl=en_IN
2507,,Our Partners | Tata Capital,NBFC,Wishfin,Mywish Marketplaces Private Limited,Website,https://www.wishfin.com/personal-loan/tata-capital
2508,,Our Partners | Tata Capital,NBFC,Wishfin,Mywish Marketplaces Private Limited,Website,https://www.wishfin.com/personal-loan/tata-capital
2509,TENMARK CAPITAL PRIVATE LIMITED,https://tenmarkcapital.com/,NBFC,Oro money,Orocorp Technologies Private Limited,https://www.oromoney.in/,https://play.google.com/store/apps/details?id=in.orocorp.customer&pcampaignid=web_share
2510,THANVIR BROS (P) LTD,thanvirbros.in,NBFC,Trustpaisa,FLEXIDIIGITAL TECH INDIA PVT LTD,Playstore,https://play.google.com/store/apps/details?id=trustpaisa.app
2511,,thanvirbros.in,NBFC,Trustpaisa,FLEXIDIIGITAL TECH INDIA PVT LTD,Website,trustpaisa.com
2512,THE HONGKONG AND SHANGHAI BANKING CORPORATION LIMITED,https://www.hsbc.co.in/,BANK,Digital Personal Loans Application (PIL-STP),HSBC (Self-Owned),Website,https://personal-loan.hsbc.co.in
2513,THE KODINAR NAGRIK SAHAKARI BANK LTD.,https://kodinarns.bank.in,BANK,MOBIPRO,Bankai Informatics Pvt. Ltd.,GOOGLE PLAY STORE,https://play.google.com/store/apps/details?id=com.kodinar.mobipro
2514,THE MIZORAM CO-OPERATIVE APEX BANK LTD.,www.mizoapex.com,BANK,0,0,mizoapex,0
2515,TITEC FINANCE PRIVATE LIMITED,WWW.TITECFINANCE.COM,NBFC,NONE,NONE,NONE,NONE
2516,TOYOTA FINANCIAL SERVICES INDIA LIMITED,https://www.toyotafinance.co.in/,NBFC,Toyota Finance,Toyota Financial Service India Limited - Self Owned,Google Play,https://play.google.com/store/apps/details?id=com.toyotafinance.projectvikram
2517,TRANSWARRANTY FINANCE LIMITED,https://www.transwarranty.com,NBFC,Oroboro Loans,Self Owned,website,https://loan.oroboro.in/
2518,,https://www.transwarranty.com,NBFC,Oroboro Loans,Self Owned,website,https://www.oroboro.in
2519,TRILLIONLOANS FINTECH PRIVATE LIMITED,https://www.trillionloans.com,NBFC,Freo,MWYN Tech Private Limited,Apple Playstore,https://apps.apple.com/in/app/freo-pay-save-borrow/id1588894115
2520,,https://www.trillionloans.com,NBFC,Freo,MWYN Tech Private Limited,Google Playstore,https://play.google.com/store/apps/details?id=com.moneytap.bnpl.app&hl=en_US&pli=1
2521,,https://www.trillionloans.com,NBFC,Freo,MWYN Tech Private Limited,Website,https://freo.money/
2522,,https://www.trillionloans.com,NBFC,Fundly,Ardour Analytics Private Limited,Android Google Play Store/iOS app store, https://apps.apple.com/in/app/fundly/id6746642092    Android - https://play.google.com/store/apps/details?id=com.fundly.fundly&hl=en_IN
2523,,https://www.trillionloans.com,NBFC,Mobikwik,ONE MOBIKWIK SYSTEMS LIMITED,Android Google Play Store/iOS app store,https://apps.apple.com/in/app/mobikwik-bhim-upi-wallet/id600002523Play Store :- https://play.google.com/store/apps/details?id=com.mobikwik_new&hl=en
2524,,https://www.trillionloans.com,NBFC,Moneyview,Moneyview Limited (formerly known as Moneyview Private Limited and Whizdm Innovations Pvt Limited),Google Play Store,https://play.google.com/store/apps/details?id=com.whizdm.moneyview.loans&pcampaignid=web_share
2525,,https://www.trillionloans.com,NBFC,Moneyview,Moneyview Limited (formerly known as Moneyview Private Limited and Whizdm Innovations Pvt Limited),iOS App Store,https://apps.apple.com/in/app/moneyview-loans-credit-cards/id6468976019
2526,,https://www.trillionloans.com,NBFC,NIRA Instant Personal Loan App,Shuhari Tech Ventures Private Limited,Android Google Play Store,https://play.google.com/store/apps/details?id=com.nirafinance.customer
2527,,https://www.trillionloans.com,NBFC,NYE,RAPIPAY FINTECH PVT LTD,Android Google Play Store/iOS app store, https://play.google.com/store/apps/details?id=com.rapipay.nyeApp Store - https://apps.apple.com/in/app/nye-money/id1662431820
2528,,https://www.trillionloans.com/,NBFC,BharatPe,Operated by Resilient Digi Services Private Limited,Android Google Play Store /iOS - App Store,iOs - https://apps.apple.com/in/app/bharatpe-for-business/id1329385873    Android - https://play.google.com/store/apps/details?id=com.bharatpe.app&hl=en_IN&pli=1
2529,,https://www.trillionloans.com/,NBFC,BharatPe for Business,Operated by Resilient Digi Services Private Limited,Android Google Play Store /iOS - App Store,iOs - https://apps.apple.com/in/app/bharatpe-for-business/id1329385873    Android - https://play.google.com/store/apps/details?id=com.bharatpe.app&hl=en_IN&pli=1
2530,,https://www.trillionloans.com/,NBFC,KarmaLife,OnionLife Private Limited,Google Play Store,https://play.google.com/store/apps/details?id=in.onionlife.karmalife&hl=en_IN
2531,,https://www.trillionloans.com/,NBFC,Ninja Global Import Export,Ninjacart Services Private Limited,Android Google Play Store/iOS app store,"Android - https://play.google.com/store/apps/details?id=com.ninja.ninjaglobal&pli=1, iOS - https://apps.apple.com/in/app/ninja-global-import-export/id1618448963"
2532,,https://www.trillionloans.com/,NBFC,Ninjamandi,Ninjacart Services Private Limited,Android Google Play Store/iOS app store,"Android - https://play.google.com/store/apps/details?id=com.nc.trader , iOS - https://apps.apple.com/in/app/ninja-app/id1626963855"
2533,,https://www.trillionloans.com/,NBFC,Savein Money,SaveIN Fintech Private Limited,Website ,https://savein.money
2534,TRUE CREDITS PRIVATE LIMITED,https://www.truecredits.in/,NBFC,True Balance,Balancehero India Private Limited (Licensed by Balanchero Co. Ltd. - South Korea),Apple App Store,https://apps.apple.com/in/app/true-balance-personal-loan/id6752374449
2535,,https://www.truecredits.in/,NBFC,True Balance,Balancehero India Private Limited (Licensed by Balanchero Co. Ltd. - South Korea),Galaxy Store (Samsung),https://galaxystore.samsung.com/detail/com.balancehero.truebalance
2536,,https://www.truecredits.in/,NBFC,True Balance,Balancehero India Private Limited (Licensed by Balanchero Co. Ltd. - South Korea),Google Play Store,https://play.google.com/store/apps/details?id=com.balancehero.truebalance
2537,,https://www.truecredits.in/,NBFC,True Balance,Balancehero India Private Limited (Licensed by Balanchero Co. Ltd. - South Korea),Huawei AppGallery,https://appgallery.huawei.com/app/C101648675
2538,,https://www.truecredits.in/,NBFC,True Balance,Balancehero India Private Limited (Licensed by Balanchero Co. Ltd. - South Korea),Indus Appstore (Xiaomi),https://global.app.mi.com/details?lo=IN&la=en_US&id=com.balancehero.truebalance
2539,,https://www.truecredits.in/,NBFC,True Balance,Balancehero India Private Limited (Licensed by Balanchero Co. Ltd. - South Korea),Website,https://www.truebalance.io/
2540,TRUEPAY FINANCE PRIVATE LIMITED (FORMERLY KNOWN AS JAIN FINSCAP PRIVATE LIMITED),https://truepay.co.in/,NBFC,Truepay,Self-Owned,Website,https://play.google.com/store/apps/details?id=com.truepay.app
2541,TSB FINANCE PVT. LTD,DAYMNDNIGHTLOAN.COM,NBFC,TSB FINANCE PVT LTD,SELF-OWNED,YES,DAYANDNIGHTLOAN.COM
2542,TVS CREDIT SERVICES LIMITED,https://www.tvscredit.com,NBFC,Finnable,Finnable Credit Private Limited/Finnable Technologies Private Limited,Google App store,https://play.google.com/store/apps/details?id=com.finnable.customer
2543,,https://www.tvscredit.com,NBFC,Finnable,Finnable Credit Private Limited/Finnable Technologies Private Limited,IOS App store,https://apps.apple.com/in/app/finnable/id1453358250
2544,,https://www.tvscredit.com,NBFC,Finnable,Finnable Credit Private Limited/Finnable Technologies Private Limited,Website,https://www.finnable.com/
2545,,https://www.tvscredit.com,NBFC,Flipkart Internet Private Limited,Flipkart Advanz Private Limited,Google App store,https://play.google.com/store/apps/details?id=com.flipkart.android&hl=en_IN
2546,,https://www.tvscredit.com,NBFC,Flipkart Internet Private Limited,Flipkart Advanz Private Limited,IOS App store,https://apps.apple.com/in/app/flipkart-online-shopping-app/id742044692
2547,,https://www.tvscredit.com,NBFC,Flipkart Internet Private Limited,Flipkart Advanz Private Limited,Website,https://www.flipkart.com/
2548,,https://www.tvscredit.com,NBFC,Lending process is enabled for a website journey tech platform referred as InstaCred,Flexmoney Technologies Private Limited,Website,https://www.flexmoney.in/
2549,,https://www.tvscredit.com,NBFC,Lending process is enabled for a website journey tech platform referred as Juspay Hypercredit,Juspay Technologies Private Ltd,Website,https://juspay.io/in/hypercredit
2550,,https://www.tvscredit.com,NBFC,NAVI Finserv,Navi Finserv Limited,Website,navi.com/pl
2551,,https://www.tvscredit.com,NBFC,The POS machines at the counters serves as the customer interface in the lending process.,Pine Labs Digital Solutions Private Limited,Website,https://www.pinelabs.com
2552,,https://www.tvscredit.com,NBFC,TOI Money,Times Internet Limited,Website,https://www.toi.money
2553,,https://www.tvscredit.com,NBFC,TVS Credit Saathi (Web-based Journey also enabled),Self Owned,Google App store,https://play.google.com/store/apps/details?id=com.tvscs.tvscreditapp&hl=en-US&pli=1
2554,,https://www.tvscredit.com,NBFC,TVS Credit Saathi (Web-based Journey also enabled),Self Owned,IOS App store,https://apps.apple.com/in/app/tvs-credit-saathi/id1524771336
2555,,https://www.tvscredit.com,NBFC,TVS Credit Saathi (Web-based Journey also enabled),Self Owned,Website,https://stpcspl.tvscredit.com/stp/cso/310/
2556,,https://www.tvscredit.com,NBFC,TVS Credit Services Limited,Self Owned,Website,https://digitalpl.tvscredit.com/digitalPL/#/login?sid=OPQ
2557,TVS CREDIT SERVICES LTD,https://www.tvscredit.com,NBFC,Finnable,Finnable Credit Private Limited/Finnable Technologies Private Limited,Google App store,https://play.google.com/store/apps/details?id=com.finnable.customer
2558,,https://www.tvscredit.com,NBFC,Finnable,Finnable Credit Private Limited/Finnable Technologies Private Limited,IOS App store,https://apps.apple.com/in/app/finnable/id1453358250
2559,,https://www.tvscredit.com,NBFC,Finnable,Finnable Credit Private Limited/Finnable Technologies Private Limited,Website,https://www.finnable.com/
2560,,https://www.tvscredit.com,NBFC,Flexmoney,Flexmoney Technologies Private Limited,Website,https://www.flexmoney.in/
2561,,https://www.tvscredit.com,NBFC,Flipkart Internet Private Limited,Flipkart Advanz Private Limited,Google App store,https://play.google.com/store/apps/details?id=com.flipkart.android&hl=en_IN
2562,,https://www.tvscredit.com,NBFC,Flipkart Internet Private Limited,Flipkart Advanz Private Limited,IOS App store,https://apps.apple.com/in/app/flipkart-online-shopping-app/id742044692
2563,,https://www.tvscredit.com,NBFC,Flipkart Internet Private Limited,Flipkart Advanz Private Limited,Website,https://www.flipkart.com/
2564,,https://www.tvscredit.com,NBFC,TVS Credit Saathi,Self Owned,Google App store,https://play.google.com/store/apps/details?id=com.tvscs.tvscreditapp&hl=en-US&pli=1
2565,,https://www.tvscredit.com,NBFC,TVS Credit Saathi,Self Owned,Google App store,https://play.google.com/store/search?q=tvs+credit+saathi&c=apps&hl=en
2566,,https://www.tvscredit.com,NBFC,TVS Credit Saathi,Self Owned,IOS App store,https://apps.apple.com/in/app/tvs-credit-saathi/id1524771336
2567,,https://www.tvscredit.com,NBFC,TVS Credit Saathi,Self Owned,Website,https://stpcspl.tvscredit.com/stp/cso/310/
2568,,https://www.tvscredit.com,NBFC,TVS Credit Services Limited,Self Owned,Website,https://digitalpl.tvscredit.com/digitalPL/#/login?sid=OPQ
2569,TYCOON CREDIT &PORTFOLIO LTD.,https://tycooncredit.in,NBFC,LOANHUB,SELF OWNED,WEBSITE,https://loanhubindia.com 
2570,,https://tycooncredit.in,NBFC,MY FLOT,Growcap creditwise Private limited,Website & App store,https://www.myflot.com 
2571,,https://tycooncredit.in,NBFC,TAP4CREDIT,RNP Tech Services Private Limited,WEBSITE,https://tap4credit.in 
2572,,https://tycooncredit.in,NBFC,True Rupee,SELF OWNED,App store,https://truerupee.com/download-app/
2573,,https://tycooncredit.in,NBFC,ZAPPLOANS,SELF OWNED,WEBSITE,https://zapploans.com 
2574,TYGER CAPITAL PRIVATE LIMIED (FORMERLY KNOWN AS ADANI CAPITAL PRIVATE LIMITED),https://tyger.in/,NBFC,Petro1 - Powered by Tyger Capital,Tyger Capital Private Limited,AppStore/ Play store,Not Yet Release
2575,UCO BANK,https://www.ucobank.com,BANK,Digital CC Renewal,Self Owned,Website,https://www.ucobank.com/en/web/guest/instant-digital-loan
2576,,https://www.ucobank.com,BANK,Digital Education Loan,Self Owned,Website,https://www.ucobank.com/en/web/guest/instant-digital-loan
2577,,https://www.ucobank.com,BANK,"Digital MSME Loan upto 25 Lakh (Shishu, Kishore, Tarun, MSME Smart)",Self Owned,Website,https://www.ucobank.com/en/web/guest/instant-digital-loan
2578,,https://www.ucobank.com,BANK,GST Smart Finance,Self Owned,Website,https://www.ucobank.com/en/web/guest/instant-digital-loan
2579,,https://www.ucobank.com,BANK,KCC Renewal Upto 2 lakh,Self Owned,Website,https://www.ucobank.com/en/web/guest/instant-digital-loan
2580,,https://www.ucobank.com,BANK,KCC with RBIH integration,Self Owned,Website,https://www.ucobank.com/en/web/guest/instant-digital-loan
2581,,https://www.ucobank.com,BANK,Loan against FDR ,Self Owned,Internet application/UCO Mbanking Plus app,"https://ucoebanking.in, UCO Mbanking Plus app"
2582,,https://www.ucobank.com,BANK,Overdraft against FD/RD,Self Owned,UCO Mbanking Plus app,UCO Mbanking Plus app
2583,,https://www.ucobank.com,BANK,Pre Qualified Personal Loan (PQPL),Self Owned,Website,https://www.ucobank.com/en/web/guest/instant-digital-loan
2584,,https://www.ucobank.com,BANK,Pre Qualified Vehicle Loan (PQVL),Self Owned,Website,https://www.ucobank.com/en/web/guest/instant-digital-loan
2585,,https://www.ucobank.com,BANK,STP Pension,Self Owned,Website,https://www.ucobank.com/en/web/guest/instant-digital-loan
2586,UGRO CAPITAL  LIMITED (PREVIOUSLY CHOKHANI SECURITIES LIMITED),https://www.ugrocapital.com/lending-service-provider#digital-Lending-apps,NBFC,4FIN,4Fin Finance Private Limited,Google Play Store,https://play.google.com/store/apps/details?id=com.fourfinfinance.b2c&hl=en_IN
2587,,https://www.ugrocapital.com/lending-service-provider#digital-Lending-apps,NBFC,Arthum,Avyayam Infotech Private Limited,Website,https://arthum.co.in
2588,,https://www.ugrocapital.com/lending-service-provider#digital-Lending-apps,NBFC,BharatPe for Business,Resilient Digi Services Private Limited,Apple App Store,https://apps.apple.com/in/app/bharatpe-for-business/id1329385873
2589,,https://www.ugrocapital.com/lending-service-provider#digital-Lending-apps,NBFC,BharatPe for Business,Resilient Digi Services Private Limited,Google Play Store,https://play.google.com/store/apps/details?id=com.bharatpe.app&hl=en_IN
2590,,https://www.ugrocapital.com/lending-service-provider#digital-Lending-apps,NBFC,Digital lending pages of PhonePe Lending on PhonePe Business: Merchant App,PhonePe Lending Services Private Limited,Apple App Store,https://apps.apple.com/in/app/phonepe-business-merchant-app/id1463742453
2591,,https://www.ugrocapital.com/lending-service-provider#digital-Lending-apps,NBFC,Digital lending pages of PhonePe Lending on PhonePe Business: Merchant App,PhonePe Lending Services Private Limited,Google Play Store,https://play.google.com/store/apps/details?id=com.phonepe.app.business&hl=en_IN
2592,,https://www.ugrocapital.com/lending-service-provider#digital-Lending-apps,NBFC,Digital lending pages of PhonePe Lending on PhonePe Business: Merchant App,PhonePe Lending Services Private Limited,Indus App Store,https://www.indusappstore.com/apps/finance/phonepe-business/com.phonepe.app.business?page=details&id=com.phonepe.app.business
2593,,https://www.ugrocapital.com/lending-service-provider#digital-Lending-apps,NBFC,Finagg SME,Finagg Services Private Limited,Google Play Store,https://play.google.com/store/apps/details?id=com.finagg.retailerApp&hl=en_IN
2594,,https://www.ugrocapital.com/lending-service-provider#digital-Lending-apps,NBFC,Flexipayment,Value Growth Fintech Solutions Private Limited,Website,https://app.flexipayment.in/scf
2595,,https://www.ugrocapital.com/lending-service-provider#digital-Lending-apps,NBFC,GetVantage,GetVantage Tech Private Limited,Website,www.GetVantage.Co
2596,,https://www.ugrocapital.com/lending-service-provider#digital-Lending-apps,NBFC,Lendingkart,Lendingkart Technologies Private Limited,Google Play Store,https://play.google.com/store/apps/details?id=com.LendingKart&hl=en_IN
2597,,https://www.ugrocapital.com/lending-service-provider#digital-Lending-apps,NBFC,Meesho: Online Shopping App,Meesho payments private limited,Apple App Store,https://apps.apple.com/us/app/meesho-online-shopping/id1457958492
2598,,https://www.ugrocapital.com/lending-service-provider#digital-Lending-apps,NBFC,Meesho: Online Shopping App,Meesho payments private limited,Google Play Store,https://play.google.com/store/apps/details?id=com.meesho.supply&hl=en_IN
2599,,https://www.ugrocapital.com/lending-service-provider#digital-Lending-apps,NBFC,MobiKwik for Business,One Mobikwik Systems Limited,Google Play Store,https://play.google.com/store/apps/details?id=com.mobikwik.business
2600,,https://www.ugrocapital.com/lending-service-provider#digital-Lending-apps,NBFC,MyShubhLife,Datasigns Technologies Private Limited,Google Play Store,https://play.google.com/store/apps/details?id=com.datasignstech.lam&hl=en&gl=IN
2601,,https://www.ugrocapital.com/lending-service-provider#digital-Lending-apps,NBFC,"PayNearby - Aadhaar ATM, DMT",Nearby Technologies Private Limited,Google Play Store,https://play.google.com/store/apps/details?id=com.bnb.paynearby&hl=en_IN
2602,,https://www.ugrocapital.com/lending-service-provider#digital-Lending-apps,NBFC,Paytm,One 97 Communications Limited,Apple App Store,https://apps.apple.com/in/app/paytm-for-business/id1351301966
2603,,https://www.ugrocapital.com/lending-service-provider#digital-Lending-apps,NBFC,Paytm,One 97 Communications Limited,Google Play Store,https://play.google.com/store/apps/details?id=com.paytm.business
2604,,https://www.ugrocapital.com/lending-service-provider#digital-Lending-apps,NBFC,Recur,Founderlink Technologies Private Limited,Website,www.recurclub.com
2605,,https://www.ugrocapital.com/lending-service-provider#digital-Lending-apps,NBFC,Rupifi,Rupifi Technology Solutions Private Limited,Apple App Store,https://apps.apple.com/in/app/rupifi/id6477918398
2606,,https://www.ugrocapital.com/lending-service-provider#digital-Lending-apps,NBFC,Rupifi,Rupifi Technology Solutions Private Limited,Google Play Store,https://play.google.com/store/apps/details?id=com.rupifi&hl=en_IN
2607,,https://www.ugrocapital.com/lending-service-provider#digital-Lending-apps,NBFC,Shiprocket,Shiprocket Limited,Apple App Store,https://apps.apple.com/in/app/shiprocket-courier-delivery/id1444055257
2608,,https://www.ugrocapital.com/lending-service-provider#digital-Lending-apps,NBFC,Shiprocket,Shiprocket Limited,Google Play Store,https://play.google.com/store/apps/details?id=com.shiprocket.shiprocket
2609,,https://www.ugrocapital.com/lending-service-provider#digital-Lending-apps,NBFC,Spice Money Adhikari AEPS App,Spice Money Limited,Google Play Store,https://play.google.com/store/apps/details?id=in.spicemudra&hl=en_IN
2610,,https://www.ugrocapital.com/lending-service-provider#digital-Lending-apps,NBFC,Supermoney,Getclarity Fintech Services Pvt Ltd,Website,https://www.supermoney.in
2611,,https://www.ugrocapital.com/lending-service-provider#digital-Lending-apps,NBFC,Velicham,Velicham Finance Private Limited,Google Play Store,https://play.google.com/store/apps/details?id=com.velichamfinance.customer
2612,UGRO CAPITAL  LIMITED (PREVIOUSLY CHOKHANI SECURITIES LIMITED)*,https://www.ugrocapital.com/lending-service-provider#digital-Lending-apps,NBFC,4FIN,4Fin Finance Private Limited,Google Play Store,https://play.google.com/store/apps/details?id=com.fourfinfinance.b2c&hl=en_IN
2613,,https://www.ugrocapital.com/lending-service-provider#digital-Lending-apps,NBFC,Arthum,Avyayam Infotech Private Limited,Website,https://arthum.co.in
2614,,https://www.ugrocapital.com/lending-service-provider#digital-Lending-apps,NBFC,BharatPe for Business,Resilient Digi Services Private Limited,Apple App Store,https://apps.apple.com/in/app/bharatpe-for-business/id1329385873
2615,,https://www.ugrocapital.com/lending-service-provider#digital-Lending-apps,NBFC,BharatPe for Business,Resilient Digi Services Private Limited,Google Play Store,https://play.google.com/store/apps/details?id=com.bharatpe.app&hl=en_IN
2616,,https://www.ugrocapital.com/lending-service-provider#digital-Lending-apps,NBFC,Digital lending pages of PhonePe Lending on PhonePe Business: Merchant App,PhonePe Lending Services Private Limited,Apple App Store,https://apps.apple.com/in/app/phonepe-business-merchant-app/id1463742453
2617,,https://www.ugrocapital.com/lending-service-provider#digital-Lending-apps,NBFC,Digital lending pages of PhonePe Lending on PhonePe Business: Merchant App,PhonePe Lending Services Private Limited,Google Play Store,https://play.google.com/store/apps/details?id=com.phonepe.app.business&hl=en_IN
2618,,https://www.ugrocapital.com/lending-service-provider#digital-Lending-apps,NBFC,Digital lending pages of PhonePe Lending on PhonePe Business: Merchant App,PhonePe Lending Services Private Limited,Indus App Store,https://www.indusappstore.com/apps/finance/phonepe-business/com.phonepe.app.business?page=details&id=com.phonepe.app.business
2619,,https://www.ugrocapital.com/lending-service-provider#digital-Lending-apps,NBFC,Finagg SME,Finagg Services Private Limited,Google Play Store,https://play.google.com/store/apps/details?id=com.finagg.retailerApp&hl=en_IN
2620,,https://www.ugrocapital.com/lending-service-provider#digital-Lending-apps,NBFC,Flexipayment,Value Growth Fintech Solutions Private Limited,Website,https://app.flexipayment.in/scf
2621,,https://www.ugrocapital.com/lending-service-provider#digital-Lending-apps,NBFC,GetVantage,GetVantage Tech Private Limited,Website,www.GetVantage.Co
2622,,https://www.ugrocapital.com/lending-service-provider#digital-Lending-apps,NBFC,Lendingkart,Lendingkart Technologies Private Limited,Google Play Store,https://play.google.com/store/apps/details?id=com.LendingKart&hl=en_IN
2623,,https://www.ugrocapital.com/lending-service-provider#digital-Lending-apps,NBFC,Meesho: Online Shopping App,Meesho payments private limited,Apple App Store,https://apps.apple.com/us/app/meesho-online-shopping/id1457958492
2624,,https://www.ugrocapital.com/lending-service-provider#digital-Lending-apps,NBFC,Meesho: Online Shopping App,Meesho payments private limited,Google Play Store,https://play.google.com/store/apps/details?id=com.meesho.supply&hl=en_IN
2625,,https://www.ugrocapital.com/lending-service-provider#digital-Lending-apps,NBFC,MobiKwik for Business,One Mobikwik Systems Limited,Google Play Store,https://play.google.com/store/apps/details?id=com.mobikwik.business
2626,,https://www.ugrocapital.com/lending-service-provider#digital-Lending-apps,NBFC,MyShubhLife,GROX Technologies Private Limited,Google Play Store,https://play.google.com/store/apps/details?id=com.datasignstech.lam&hl=en&gl=IN
2627,,https://www.ugrocapital.com/lending-service-provider#digital-Lending-apps,NBFC,"PayNearby - Aadhaar ATM, DMT",Nearby Technologies Private Limited,Google Play Store,https://play.google.com/store/apps/details?id=com.bnb.paynearby&hl=en_IN
2628,,https://www.ugrocapital.com/lending-service-provider#digital-Lending-apps,NBFC,Paytm,One 97 Communications Limited,Apple App Store,https://apps.apple.com/in/app/paytm-for-business/id1351301966
2629,,https://www.ugrocapital.com/lending-service-provider#digital-Lending-apps,NBFC,Paytm,One 97 Communications Limited,Google Play Store,https://play.google.com/store/apps/details?id=com.paytm.business
2630,,https://www.ugrocapital.com/lending-service-provider#digital-Lending-apps,NBFC,Recur,Founderlink Technologies Private Limited,Website,www.recurclub.com
2631,,https://www.ugrocapital.com/lending-service-provider#digital-Lending-apps,NBFC,Rupifi,Rupifi Technology Solutions Private Limited,Apple App Store,https://apps.apple.com/in/app/rupifi/id6477918398
2632,,https://www.ugrocapital.com/lending-service-provider#digital-Lending-apps,NBFC,Rupifi,Rupifi Technology Solutions Private Limited,Google Play Store,https://play.google.com/store/apps/details?id=com.rupifi&hl=en_IN
2633,,https://www.ugrocapital.com/lending-service-provider#digital-Lending-apps,NBFC,Shiprocket,Shiprocket Limited,Apple App Store,https://apps.apple.com/in/app/shiprocket-courier-delivery/id1444055257
2634,,https://www.ugrocapital.com/lending-service-provider#digital-Lending-apps,NBFC,Shiprocket,Shiprocket Limited,Google Play Store,https://play.google.com/store/apps/details?id=com.shiprocket.shiprocket
2635,,https://www.ugrocapital.com/lending-service-provider#digital-Lending-apps,NBFC,Spice Money – Banking Agent App,Spice Money Limited,Google Play Store,https://play.google.com/store/apps/details?id=in.spicemudra&hl=en_IN
2636,,https://www.ugrocapital.com/lending-service-provider#digital-Lending-apps,NBFC,Supermoney,Getclarity Fintech Services Pvt Ltd,Website,https://www.supermoney.in
2637,,https://www.ugrocapital.com/lending-service-provider#digital-Lending-apps,NBFC,Velicham,Velicham Finance Private Limited,Google Play Store,https://play.google.com/store/apps/details?id=com.velichamfinance.customer
2638,,https://www.ugrocapital.com/lending-service-provider#digital-Lending-apps,NBFC,Velocity,White Wizard Technologies Private Limited,Google Play Store,https://play.google.com/store/apps/details?id=com.velocity.electrum.prod&hl=en_IN
2639,UJJIVAN SMALL FINANCE BANK LIMITED, https://www.ujjivansfb.in/,BANK,OTO, OTO Capital,OTO Capital (Play Store),https://play.google.com/store/apps/details?id=com.oto.android.app&hl=en_IN&gl=US
2640,,https://www.ujjivansfb.in/,BANK,Hello Ujjivan,Self-Owned,Hello Ujjivan,https://play.google.com/store/apps/details?id=com.ujjivanbank.voice
2641,UNICAP INVESTMENTS PRIVATE LIMITED,https://unicapinvestmentpl.com/,NBFC,Loan10minute,Self-owned,Playstore,https://play.google.com/store/apps/details?id=com.unicap.loan10minute
2642,,https://unicapinvestmentpl.com/,NBFC,Loan10minute,Self-owned,Website,https://loan10minute.com/
2643,UNIFINZ CAPITAL INDIA LTD (FORMERLY SHREE WORSTEX LTD.),https://www.unifinz.in,NBFC,lendingplate,Unifinz Capital India Limited (Self-Owned), App Store,https://apps.apple.com/in/app/lendingplate-personal-loan-app/id1658697924
2644,,https://www.unifinz.in,NBFC,lendingplate,Unifinz Capital India Limited (Self-Owned),GooglePlay,https://play.google.com/store/apps/details?id=com.lendingplate
2645,,https://www.unifinz.in,NBFC,lendingplate,Unifinz Capital India Limited (Self-Owned),MI- GetApps,https://global.app.mi.com/details?lo=IN&la=en_US&id=com.lendingplate
2646,,https://www.unifinz.in,NBFC,lendingplate,Unifinz Capital India Limited (Self-Owned),Samsung- Galaxy Store,https://galaxystore.samsung.com/detail/com.lendingplate
2647,,https://www.unifinz.in,NBFC,lendingplate,Unifinz Capital India Limited (Self-Owned),Website,https://lendingplate.com/personal-loan#applynow
2648,UNION BANK OF INDIA,www.unionbankofindia.co.in,BANK,Digital PMSVANidhi,Self Owned,Website,https://msme.unionbankofindia.co.in/pmsv/#/signin
2649,,www.unionbankofindia.co.in,BANK,Digital PM Vishwakarma,Self Owned,Website,https://msme.unionbankofindia.co.in/pmvk/#/signin-pmvk
2650,,www.unionbankofindia.co.in,BANK,Digital SHG STP,Self Owned,Website,https://instaloan.unionbankofindia.co.in/shgstp/lendperfect/bankerlogin
2651,,www.unionbankofindia.co.in,BANK,Gold Loan,Self Owned,Website,https://instaloan.unionbankofindia.co.in/retailmsme/online/goldlanding
2652,,www.unionbankofindia.co.in,BANK,KCC Fresh Sanction ,Self Owned,Website,https://kccnew.unionbankofindia.co.in/existing-customer
2653,,www.unionbankofindia.co.in,BANK,Kisan Tatkal,Self Owned,Website,https://instaloan.unionbankofindia.co.in/agristp/lendperfect/agriLanding
2654,,www.unionbankofindia.co.in,BANK,Mudra(Kishore & Tarun),Self Owned,Website,https://msme.unionbankofindia.co.in/#/mudra-main 
2655,,www.unionbankofindia.co.in,BANK,Nari Shakti,Self Owned,Website,https://msme.unionbankofindia.co.in/#/nari-shakti-main
2656,,www.unionbankofindia.co.in,BANK,Personal Loan,Self Owned,Website,https://dbp.unionbankofindia.co.in/assets/personal-loan/#/landing
2657,,www.unionbankofindia.co.in,BANK,Pre-Qualified Business Loan,Self Owned,Website,https://dbp.unionbankofindia.co.in/assets/business-loan/#/landing
2658,,www.unionbankofindia.co.in,BANK,Shishu Mudra STP,Self Owned,Website,https://instaloan.unionbankofindia.co.in/shishumudra/lendperfect/landing 
2659,,www.unionbankofindia.co.in,BANK,Staff Loan STP,Self Owned,Website,https://instaloan.unionbankofindia.co.in/staffstp/lendperfect/customerLogin
2660,,www.unionbankofindia.co.in,BANK,Union Digital Ease,Self Owned,Website,https://msme.unionbankofindia.co.in/digital-cashflow/#/digital-cashflow-main
2661,,www.unionbankofindia.co.in,BANK,Union Education Loan,Self Owned,Website,https://instaloan.unionbankofindia.co.in/online/educationlanding 
2662,,www.unionbankofindia.co.in,BANK,Union MSME Superfast STP ,Self Owned,Website,https://msme.unionbankofindia.co.in/#/gst-gain
2663,,www.unionbankofindia.co.in,BANK,Union Rooftop Solar STP,Self Owned,Website,https://instaloan.unionbankofindia.co.in/solarstp/lendperfect/landing
2664,,www.unionbankofindia.co.in,BANK,Vehicle Loan,Self Owned,Website,https://dbp.unionbankofindia.co.in/assets/vehicle-loan/#/landing
2665,,www.unionbankofindia.co.in,BANK,Working Capital Limit Enhancement,Self Owned,Website,https://msme.unionbankofindia.co.in/#/wc-limit-main
2666,UNITY SMALL FINANCE BANK LIMITED,Unity Small Finance Bank (https://theunitybank.com),BANK,Unity Small Finance Bank,Unity Small Finance Bank Limited,Website,https://theunitybank.com
2667,,Unity Small Finance Bank (https://theunitybank.com/),BANK,LendingKart^,Lendingkart Technologies Private Limited,Apple App Store,https://apps.apple.com/in/app/lendingkart-instant-business-loans/id1172319472
2668,,Unity Small Finance Bank (https://theunitybank.com/),BANK,LendingKart^,Lendingkart Technologies Private Limited,Google App Store,https://play.google.com/store/apps/details?id=com.LendingKart&hl=en_IN
2669,,Unity Small Finance Bank (https://theunitybank.com/),BANK,LendingKart^,Lendingkart Technologies Private Limited,Website,https://www.lendingkart.com/
2670,,Unity Small Finance Bank (https://theunitybank.com/),BANK,OkCredit^,OkCredit Psi Phi Global Solutions Pvt. Ltd.,Apple App Store,https://apps.apple.com/in/app/okcredit-udhar-bahi-khata/id1488748286
2671,,Unity Small Finance Bank (https://theunitybank.com/),BANK,OkCredit^,OkCredit Psi Phi Global Solutions Pvt. Ltd.,Google App Store,https://play.google.com/store/apps/details?id=in.okcredit.merchant&referrer=af_tranid%3DgYAraqR7U2690XZGPmz6pw%26af_dp%3Dokcredit%253A%252F%252Fmerchant%252Fv1%252Fhome%26c%3DHomePage%26pid%3DWebsite_OkCredit
2672,,Unity Small Finance Bank (https://theunitybank.com/),BANK,Pay Me India*,Huey Tech Pvt. Ltd.,Website,https://www.paymeindia.in/
2673,,Unity Small Finance Bank (https://theunitybank.com/),BANK,Unity Small Finance Bank APP,Unity Small Finance Bank Limited,Apple Play Store,https://apps.apple.com/in/app/unity-bank-fd-savings-account/id6450705139
2674,,Unity Small Finance Bank (https://theunitybank.com/),BANK,Unity Small Finance Bank APP,Unity Small Finance Bank Limited,Google App Store,https://play.google.com/store/apps/details?id=app.imps.unity&hl=en_IN
2675,UPMOVE CAPITAL PRIVATE LIMITED,https://upmove.in/,NBFC,Olyv,Smartcoin Financials Private limited,Indus App Bazaar,https://www.indusappstore.com/apps/finance/olyv--smartcoin-/in.rebase.app/?page=details&id=in.rebase.app
2676,,https://upmove.in/,NBFC,Olyv,Smartcoin Financials Private limited,MI Store,https://global.app.mi.com/details?lo=IN&la=en&id=in.rebase.app
2677,,https://upmove.in/,NBFC,Olyv,Smartcoin Financials Private limited,Play store,https://play.google.com/store/apps/details?id=in.rebase.app&pli=1
2678,,https://upmove.in/,NBFC,Olyv,Smartcoin Financials Private limited,Web,https://app.olyv.co.in/login
2679,URGENT FINVEST LTD.,https://mudrasewa.com/,NBFC,MudraSewa,Self-owned,Website,https://mudrasewa.com/
2680,USB FINANCIAL CORPORATION LTD,https://usbfin.com,NBFC,QuickPaisa Fintech Private Limited,QuickPaisa Fintech Private Limited,App Store,https://apps.apple.com/in/app/quickpaisa-get-loan-get-reward/id6752324494
2681,,https://usbfin.com,NBFC,QuickPaisa Fintech Private Limited,QuickPaisa Fintech Private Limited,Google Android,https://play.google.com/store/apps/details?id=com.quickpaisa.loanapp
2682,,https://usbfin.com,NBFC,QuickPaisa Fintech Private Limited,QuickPaisa Fintech Private Limited,Website,https://quickpaisa.in
2683,USHA FINANCIAL SERVICES PVT.LTD.,www.ushafinancial.com,NBFC,FatakPay,FatakPay Digital Private Limited,App Store,https://apps.apple.com/in/app/fatakpay/id6468567795
2684,,www.ushafinancial.com,NBFC,FatakPay,FatakPay Digital Private Limited,Google Play Store,https://play.google.com/store/apps/details?id=com.fatakpay&gl=in
2685,,www.ushafinancial.com,NBFC,Kreditcall,Usha Financial Services Limited,Google Play Store,https://play.google.com/store/apps/details?id=com.kreditcall
2686,,www.ushafinancial.com,NBFC,Kreditcall,Usha Financial Services Limited,Website,https://www.kreditcall.com/
2687,,www.ushafinancial.com,NBFC,LoanFront,Vaibhav Vyapaar Limited (Formerly known as Vaibhav Vyapaar Private Limited),Google Play Store,https://play.google.com/store/apps/details?id=in.loanfront.android
2688,UTKARSH SMALL FINANCE BANK LIMITED,https://sicrevacapital.com,BANK,Kissht,OnEMI Technology Solutions Limited,Play Store,https://play.google.com/store/apps/details?id=com.fastbanking&hl=en
2689,,https://sicrevacapital.com,BANK,Kissht IOS,OnEMI Technology Solutions Limited,App store,https://apps.apple.com/in/app/kissht-personal-loan-app/id6752766331
2690,,https://sicrevacapital.com,BANK,Ring,OnEMI Technology Solutions Limited,Play Store,https://play.google.com/store/apps/details?id=com.fastbanking&hl=en
2691,U.Y. FINCORP LIMITED,http://uyfincorp.in/,NBFC,FUNDOBABA,U.Y. FINCORP LIMITED,Website,http://fundobaba.com
2692,VAIBHAV VYAPAAR PVT LTD,https://www.vaibhav-vyapaar.com/,NBFC,LoanFront,Self-owned,Google Play Store,https://play.google.com/store/apps/details?id=in.loanfront.android
2693,VAISHALI SECURITIES LIMITED,https://www.vaishalisecuritiesltd.com,NBFC,FlexiBee,FLEXIFINTECH SOLUASTION PRIVATE LIMITED,Google Play Store,https://play.google.com/store/apps/ details?id=com.flexibee.flexibee
2694,,https://www.vaishalisecuritiesltd.com,NBFC,LoveFund,PRYNTAFIN TECHNOLOGY PRIVATE LIMITED,Google Play Store,https://play.google.com/store/apps/ details?id=com.fundlove.fundlove
2695,,https://www.vaishalisecuritiesltd.com,NBFC,ZingLoan,Self-owned,Google Play Store,https://play.google.com/store/apps/ details?id=com.zingloan.zingloan
2696,VARTHANA FINANCE PRIVATE LIMITED,Varthana.co m,NBFC,Sparsh,Self-owned,website,https://varthana.c om/collection- lsp-agencies/
2697,VECTOR FINANCE PRIVATE LIMITED,https://vectorfinance.in/,NBFC,Vector Blink,Vector Finance Private Limited,https://vectorblink.com,https://vectorblink.com
2698,VENUS BARTER PVT LTD,https://www.venusbarter.com/,NBFC,Vmoney,Venus Barter Private Limited,Google Play Store,https://play.google.com/store/apps/details?id=com.vmoney.app
2699,VIVIFI INDIA FINANCE (P) LTD,https://www.vivifin.com,NBFC,FlexPay,Self-owned,Apple Appstore,https://apps.apple.com/in/app/flexpay-personal-loan-app/id1530536084
2700,,https://www.vivifin.com,NBFC,FlexPay,Self-owned,Galaxystore,https://galaxystore.samsung.com/detail/in.india.upi.flexpay
2701,,https://www.vivifin.com,NBFC,FlexPay,Self-owned,Google Playstore,https://play.google.com/store/apps/details?id=in.india.upi.flexpay
2702,,https://www.vivifin.com,NBFC,FlexPay Loan,Self-owned,Google Playstore,https://play.google.com/store/apps/details?id=in.flexpay.digital.credit.card.instant.credit.on.upi
2703,,https://www.vivifin.com,NBFC,FlexSalary,Self-owned,Galaxystore,https://galaxystore.samsung.com/detail/com.flexsalary
2704,,https://www.vivifin.com,NBFC,FlexSalary,Self-owned,Google Playstore,https://play.google.com/store/apps/details?id=com.flexsalary
2705,,https://www.vivifin.com,NBFC,FlexSalary ,Self-owned,Apple Appstore,https://apps.apple.com/in/app/flexsalary-instant-loan-app/id1343181693
2706,,https://www.vivifin.com,NBFC,Udyam Flex Loan,Self-owned,Google Playstore,https://play.google.com/store/apps/details?id=com.udyam.flex.loans
2707,VRINDA FINLEASE LIMITED,https://vrindafinlease.com/,NBFC,Rupeeontime – Instant Loan,Dev-Aashish Capitals Private Limited ,Google Play Store ,https://play.google.com/store/apps/details?id=com.devaashishcapitals.rot
2708,,https://vrindafinlease.com/,NBFC,Rupeeontime – Instant Loan,Dev-Aashish Capitals Private Limited ,Webiste ,https://rupeeontime.com/
2709,VYANKATESHWARA SAH BANK LTD,www.vyankateshwarabank.in,BANK,NA,NA,NOT AVAILABLE,NA
2710,WEEKLINE INVESTMENT & TRADING CO. LTD.,https://www.weekline.in/,NBFC,Zapcash,Omnistack Innovation Private Limited,google play store,com.zapcash.loan
2711,WELKIN COMMERCIALS PVT. LTD.,https://welkincommercials.com,NBFC,Welkin Commercials,Welkin Commercials Pvt Ltd,Website,https://welkincommercials.com/welkin.apk
2712,,https://welkincommercials.com/,NBFC,SaveIN,SaveIN Fintech Pvt Ltd,Website,https://customer.savein.money/
2713,WESTERN CAPITAL ADVISORS PRIVATE LIMITED,https://khatabook.com/,NBFC,Khatabook,ADJ Utility Apps Private Limited,Website,https://khatabook.com/
2714,,https://www.grayquest.com,NBFC,Grayquest ,Grayquest Education Finance Private Limited,Website,https://www.grayquest.com
2715,,https://www.otocapital.in/,NBFC,OTO,1T9 Technology Private Limited,Website,https://www.otocapital.in/
2716,,https://www.stashfin.com/,NBFC,Stashfin,Akara Capital Advisors Pvt Ltd,Website,https://www.stashfin.com/
2717,,https://www.werize.com/,NBFC,We Rize,Wortgage Technology Pvt. Ltd,Website,https://www.werize.com/
2718,WHIZDM FINANCE PRIVATE LIMITED,https://whizdmfinance.com/,NBFC,Cred,DREAMPLUG TECHNOLOGIES PRIVATE LIMITED,Google Play Store,https://play.google.com/store/apps/details?id=com.dreamplug.androidapp&amp;hl=en_IN
2719,,https://whizdmfinance.com/,NBFC,Cred,DREAMPLUG TECHNOLOGIES PRIVATE LIMITED,iOS App Store,https://apps.apple.com/in/app/cred-credit-cards-bills-upi/id1428580080
2720,,https://whizdmfinance.com/,NBFC,Cred,DREAMPLUG TECHNOLOGIES PRIVATE LIMITED,Website,https://cred.club/
2721,,https://whizdmfinance.com/,NBFC,Jify,Zeo Fin Technology Private Limited,Google Play Store,https://play.google.com/store/apps/details?id=com.jify.mobile&pcampaignid=web_share
2722,,https://whizdmfinance.com/,NBFC,Jify,Zeo Fin Technology Private Limited,iOS App Store, https://apps.apple.com/in/app/jify-money-by-zeo-fin/id1591896706
2723,,https://whizdmfinance.com/,NBFC,Moneyview,Moneyview Limited (formerly known as Moneyview Private Limited and Whizdm Innovations Pvt Limited),Google Play Store,https://play.google.com/store/apps/details?id=com.whizdm.moneyview.loans&pcampaignid=web_share
2724,,https://whizdmfinance.com/,NBFC,Moneyview,Moneyview Limited (formerly known as Moneyview Private Limited and Whizdm Innovations Pvt Limited),iOS App Store,https://apps.apple.com/in/app/moneyview-loans-credit-cards/id6468976019
2725,WOODLAND SECURITIES LIMITED,https://www.wsnbfc.com/,NBFC,creditwalle,Woodland Securities Pvt. Ltd,Website,https://www.creditwalle.com/
2726,WORTGAGE FINANCE PRIVATE LIMITED,https:// www.wortgagefinance.com/,NBFC,Werize Customer App,Wortgage Finance Private Limited,Google Play Store,https://play.google.com/store/ apps/details? id=com.moneyonclick.custom erapp&hl=en
2727,YAKSH INFINLEASE PVT.LTD,https://yakshinfinlease.com/,NBFC,ECS Credit,Self-owned,Website,https://www.ecscredit.com/
2728,YASHIK FINLEASE PVT.LTD,https://www.yashikfin.com/,NBFC,Maharani Financial Services,Aman Kumar,Website,https://www.maharanifinancials.com/
2729,,https://www.yashikfin.com/,NBFC,Nexiloans,Nexi fintech private limited,Google playstore,https://nexiloans.com/
2730,YES BANK LTD.,https://www.yes.bank.in/,BANK,BharatPe UPI,Resilient Digi Services Private Limited,Apple App Store,https://apps.apple.com/in/app/bharatpe-upi-loan-rewards/id1586002156
2731,,https://www.yes.bank.in/,BANK,BharatPe UPI,Resilient Digi Services Private Limited,Google Play,https://play.google.com/store/apps/details?id=com.postpe.app&hl=en_IN
2732,,https://www.yes.bank.in/,BANK,CRED,Name of the LSP - Dreamplug Technologies Private Limited,Apple App Store,https://apps.apple.com/in/app/cred-credit-cards-payments/id1428580080
2733,,https://www.yes.bank.in/,BANK,CRED,Name of the LSP - Dreamplug Technologies Private Limited,Google Play,https://play.google.com/store/apps/details?id=com.dreamplug.androidapp&hl=en_IN
2734,,https://www.yes.bank.in/,BANK,Creditas Business Solutions,Self owned - YES Bank Limited,Website,https://creditcards.yes.bank.in/digital/login
2735,,https://www.yes.bank.in/,BANK,DIGI OD (Digital Overdraft),Self Owned (YES Bank Limited),Website,https://yesaimca.yes.bank.in/ybl_digiod/#/
2736,,https://www.yes.bank.in/,BANK,IRIS,Self owned - YES Bank Limited,Apple App Store,https://apps.apple.com/in/app/iris-by-yes-bank-mobile-app/id1575064171 
2737,,https://www.yes.bank.in/,BANK,IRIS,Self owned - YES Bank Limited,Google Play,https://play.google.com/store/apps/details?id=in.irisbyyes.app&hl=en_IN
2738,,https://www.yes.bank.in/,BANK,KIWI,GOKIWI TECH PRIVATE LIMITED,Apple App Store,https://apps.apple.com/in/app/kiwi-rupay-credit-card-on-upi/id6449386307
2739,,https://www.yes.bank.in/,BANK,KIWI,GOKIWI TECH PRIVATE LIMITED,Google Play,https://play.google.com/store/apps/details?id=in.gokiwi.kiwitpap
2740,,https://www.yes.bank.in/,BANK,Paisabazaar,Paisabazaar Marketing and Consulting Private Limited ,Apple App Store,https://apps.apple.com/in/app/paisabazaar-credit-score-loan/id1029403201
2741,,https://www.yes.bank.in/,BANK,Paisabazaar,Paisabazaar Marketing and Consulting Private Limited ,Google Play,https://play.google.com/store/apps/details?id=com.paisabazaar&hl=en_IN
2742,,https://www.yes.bank.in/,BANK,Paisabazaar,Paisabazaar Marketing and Consulting Private Limited ,Website,https://www.paisabazaar.com/
2743,,https://www.yes.bank.in/,BANK,YES Online,Self owned - YES Bank Limited,Website,https://www.yes.bank.in/personal-banking/yes-individual/cards/credit-cards/credit-card-services
2744,,https://www.yes.bank.in/,BANK,YES Race,Self owned - YES Bank Limited,Website,https://www.yes.bank.in/yes-bank-loans/loan-in-seconds
2745,YUVARAJ FINANCE (PVT) LTD.,https://yuvarajfinance.in/,NBFC,RapidRupee,AFG BUSINESS SOLUTIONS (INDIA) PRIVATE LIMITED,Google App Store,https://play.google.com/store/apps/details?id=rapidrupee.app&pli=1 
2746,,https://yuvarajfinance.in/,NBFC,RapidRupee,AFG BUSINESS SOLUTIONS (INDIA) PRIVATE LIMITED,Website,https://www.rapidrupee.in/ 
2747,,https://yuvarajfinance.in/ ,NBFC,Yuva Personal Loan App,Self-owned,Google App Store,https://play.google.com/store/apps/details?id=yuva.loan.app 
2748,,https://yuvarajfinance.in/ ,NBFC,Yuva Personal Loan App,Self-owned,Website,https://yuvalms.in/ 
2749,ZEAL HOLDINGS PRIVATE LIMITED,https://zealholdings.in/,NBFC,Ananda Dairy Limited,ANANDA DAIRY LIMITED,Website,https://ananda.in
2750,,https://zealholdings.in/,NBFC,careinsurance,Care Health Insurance Limited,Website/ Playstore / App store,https://careinsurance.com
2751,,https://zealholdings.in/,NBFC,Kredmint Technologies Private Limited,Kredmint Technologies Private Limited,Website,https://www.kredmint.com
2752,,https://zealholdings.in/,NBFC,Meesho Payments Private Limited (MPPL),Meesho Payments Private Limited (MPPL),Website/ Playstore / App store,https://www.meesho.com/
2753,,https://zealholdings.in/,NBFC,Zomato Hyperpure,Zomato Hyperpure Private Limited,Website/ Playstore / App store,https://www.hyperpure.com/
2754,ZED LEAFIN PVT. LTD.,https://zedfinance.com/,NBFC,Salary now ,KKSV BUSINESS SERVICES PRIVATE LIMITED,Website ,www.salarynow.in
2755,,https://zedfinance.com/,NBFC,Salary now - Instant Loans ,KKSV BUSINESS SERVICES PRIVATE LIMITED,Google play store ,https://play.google.com/store/apps/details?id=com.kksv.salarynowapp
2756,,http://zedfinance.com/,NBFC,SN Insta Personal Advance Loan,ZED LEAFIN PRIVATE LIMITED (Self-owned),Google Play Store,https://play.google.com/store/apps/details?id=com.kksv.salarynowloan
2757,,http://zedfinance.com/,NBFC,SN Insta Personal Advance Loan,ZED LEAFIN PRIVATE LIMITED (Self-owned),Website ,www.zedfinance.com
2758,ZERODHA CAPITAL PRIVATE LIMITED,https://zerodhacapital.com/https://zerodhacapital.com/,NBFC,zerodhacapital.com ,Self Owned,Yes,https://loans.zerodhacapital.com/
