app_name,developer_name,group_label,directory_status,source_url,app_url,contacts_permission,call_logs_permission,sms_permission,media_permission,named_regulated_lender,apr_disclosed,developer_website_present,physical_address_present,company_email_domain,app_age_days,days_since_update,installs,rating,complaint_rate,name_similarity,feature_source_date,feature_source_note,collection_status
Lendingkart Android Mobile App,LENDINGKART FINANCE LIMITED (FORMERLY AADRI INFIN LIMITED),Verified,Listed,https://play.google.com/store/apps/details?id=com.LendingKart&hl=en_IN&pli=1,https://play.google.com/store/apps/details?id=com.LendingKart&hl=en_IN&pli=1,0,0,,0,1,1,1,1,1,,16,1000000,,,100.0,2026-09-24,"Google Play: 1M+ installs; updated 2026-09-08; listing names an RBI-registered lender, gives APR examples/range and developer support details. Lendingkart privacy policy states the app does not access files/media, contacts or call logs unless predefined by app settings. SMS permission, exact first-release date, rating and complaint rate were not verified.",Pending
BankSathi,BS Fintech Private Limited,Verified,Listed,https://play.google.com/store/apps/details?id=com.app.banksathi,https://play.google.com/store/apps/details?id=com.app.banksathi,1,0,0,1,1,0,1,1,1,,8,1000000,4.0,,100.0,2026-09-24,"Google Play: 4.0 rating, 10L+ installs, updated 2026-09-16; website/address/company-domain email present and named financial-product partners. APKMirror current manifest evidence used for READ_CONTACTS / READ_EXTERNAL_STORAGE and absence of READ_SMS / READ_CALL_LOG. App age and complaint rate remain unverified.",Pending
Android -Kotak Bank (Old),KOTAK MAHINDRA BANK LTD.,Verified,Listed,https://ktkbank.page.link/ANPLCC,https://ktkbank.page.link/ANPLCC,1,0,1,1,1,0,1,1,1,4895,9,50000000,4.1,,100.0,2026-09-24,"Google Play explicitly lists Contacts, Media & Camera and SMS permissions; call logs are not listed. 4.1 rating, 50M+ installs, updated 2026-09-15 and developer support details verified. Third-party app-history source reports first issue 2013-04-30. Complaint rate remains unverified.",Pending
SN Insta Personal Advance Loan,ZED LEAFIN PVT. LTD.,Verified,Listed,https://play.google.com/store/apps/details?id=com.kksv.salarynowloan,https://play.google.com/store/apps/details?id=com.kksv.salarynowloan,,,,,1,1,1,1,1,,34,100000,,,100.0,2026-09-24,"Google Play: 1L+ installs; updated 2026-08-21; names Zed Leafin Pvt Ltd and discloses annual interest rates, processing fees and a repayment example. Website/address/company-domain email present. Data Safety text is insufficient to code the four Android permission fields; app age, rating and complaint rate remain unverified.",Pending
CashPey – India’s Own Loan App,CashPey – India’s Own Loan App,Verified,Listed,https://play.google.com/store/apps/details?id=com.cashpey,https://play.google.com/store/apps/details?id=com.cashpey,,,,,1,1,1,1,1,,22,5000,4.3,,100.0,2026-09-24,"Google Play: 4.3 rating, 5K+ installs, updated 2026-09-02; names Naman Commodities Pvt Ltd as lending partner and discloses interest/APR and processing fees. Website/address/company-domain email present. Specific Android permission flags, app age and complaint rate remain unverified.",Pending
LoanVanta,KONSALA SUPER TECHNOLOGY PRIVATE LIMITED,Verified,Listed,https://play.google.com/store/apps/details?id=com.credit.konsala.loanvanta.loc.service,https://play.google.com/store/apps/details?id=com.credit.konsala.loanvanta.loc.service,,,,,1,1,1,1,1,,6,100000,,,100.0,2026-09-24,"Google Play: 100K+ downloads, updated 2026-09-18; names S.B.N. Leasing and Finance Limited and discloses APR/interest/service-fee terms. Website, developer address and company-domain email visible. Specific permissions, rating, app age and complaint rate remain unverified.",Pending
Digital Education Loan,PUNJAB NATIONAL BANK,Verified,Listed,https://digiel.pnb.bank.in/#/education-home,https://digiel.pnb.bank.in/#/education-home,,,,,,,,,,,,,,,100.0,2026-09-24,All-233 evidence audit completed. Verified label comes from the project's RBI DLA directory sample. Public source locator type: Official / web. Detailed feature values were left blank where the source was not directly verified in this research pass; blank must not be converted to 0.,Pending
HDFC Bank Mobile Banking App,HDFC BANK LTD.,Verified,Listed,https://play.google.com/store/apps/details?id=com.hdfcbank.android.now&pcampaignid=web_shareApp,https://play.google.com/store/apps/details?id=com.hdfcbank.android.now&pcampaignid=web_shareApp,,,,,1,0,1,1,1,,17,10000000,4.7,,100.0,2026-09-24,"Google Play: HDFC Bank official app, 4.7 rating, 10M+ downloads, updated 2026-09-07; loans are offered and developer support details are present. No explicit APR disclosure was found in the reviewed listing text. Permission flags, app age and complaint rate remain unverified.",Pending
Pre-Qualified Credit Card (PQCC),PUNJAB NATIONAL BANK,Verified,Listed,PNB?One App,PNB?One App,,,,,,,,,,,,,,,100.0,2026-09-24,All-233 evidence audit completed. Verified label comes from the project's RBI DLA directory sample. Public source locator type: Non-URL source text. Detailed feature values were left blank where the source was not directly verified in this research pass; blank must not be converted to 0.,Pending
iMobile (Android),ICICI BANK LIMITED,Verified,Listed,https://play.google.com/store/apps/details?id=com.csam.icici.bank.imobile,https://play.google.com/store/apps/details?id=com.csam.icici.bank.imobile,,,,,1,0,,,,,0,50000000,4.7,,100.0,2026-09-24,"Google Play: ICICI Bank iMobile official app, 4.7 rating, 50M+ downloads, updated 2026-09-24. Listing mentions personal-loan interest and processing fees, but no explicit APR wording in reviewed text. Remaining transparency/permission/app-age/complaint fields require verification.",Pending
Petticash,BT Finance Pvt Ltd,Verified,Listed,https://play.google.com/store/apps/details?id=in.mobilemoney.finance&hl=en_IN,https://play.google.com/store/apps/details?id=in.mobilemoney.finance&hl=en_IN,0,,0,0,1,1,1,1,1,,21,100,,,100.0,2026-09-24,"Google Play: BT Finance Pvt Ltd named as RBI-registered NBFC, 100+ downloads, APR/interest/fee disclosure, updated 2026-09-03, website/address/company email present. Listing states no access to contacts or private media and says it never accesses contacts/messages/personal media. Call-log permission, rating, app age and complaint rate remain unverified.",Pending
Blink Credit,FINOVATEX TECHNOLOGIES PRIVATE LIMITED,Verified,Listed,https://play.google.com/store/apps/details?id=com.core.service.safe.cred.link.pro.ncin.app,https://play.google.com/store/apps/details?id=com.core.service.safe.cred.link.pro.ncin.app,,,,,,,,,,,,,,,100.0,2026-09-24,All-233 evidence audit completed. Verified label comes from the project's RBI DLA directory sample. Public source locator type: Google Play. Detailed feature values were left blank where the source was not directly verified in this research pass; blank must not be converted to 0.,Pending
Oolka,Sixdis Technologies Private Limited,Verified,Listed,https://play.google.com/store/apps/details?id=app.oolka.com&hl=en_IN,https://play.google.com/store/apps/details?id=app.oolka.com&hl=en_IN,,,,,1,0,1,1,1,,1,10000000,,,100.0,2026-09-24,"Google Play: 10M+ downloads, updated 2026-09-23; app names multiple regulated lending partners and has website/address/email support. No explicit APR disclosure was found in reviewed listing text. Permissions, rating, app age and complaint rate remain unverified.",Pending
CashNandi - Instant Loan App,NAPEAN FINVEST PVT. LTD.,Verified,Listed,https://play.google.com/store/apps/details?id=com.cash.nandi.instan.loan.app,https://play.google.com/store/apps/details?id=com.cash.nandi.instan.loan.app,,,,,,,,,,,,,,,100.0,2026-09-24,All-233 evidence audit completed. Verified label comes from the project's RBI DLA directory sample. Public source locator type: Google Play. Detailed feature values were left blank where the source was not directly verified in this research pass; blank must not be converted to 0.,Pending
JHATPAT LOANS,ACHIIEVERS FINANCE INDIA PRIVATE LIMITED,Verified,Listed,https://play.google.com/store/apps/details?id=com.habile.cloudbankin.achiievers&pcampaignid=web_share,https://play.google.com/store/apps/details?id=com.habile.cloudbankin.achiievers&pcampaignid=web_share,,,,,1,1,,1,1,,6,100000,,,100.0,2026-09-24,"Google Play: Achiievers Finance India Ltd named, 100K+ downloads, updated 2026-09-18 and APR example disclosed. Address/email present. Public website-link status, permissions, rating, app age and complaint rate remain unverified.",Pending
Money Monk App,MONK CAPITAL PVT. LTD. (FORMERLY GLAZE BARTER PVT. LTD.),Verified,Listed,https://play.google.com/store/apps/details?id=com.monkCapital.moneyMonk&hl=en_IN,https://play.google.com/store/apps/details?id=com.monkCapital.moneyMonk&hl=en_IN,,,,,1,1,1,1,1,,2,10000,,,100.0,2026-09-24,"Google Play: 10K+ downloads, updated 2026-09-22; Monk Capital Pvt Ltd named and APR example disclosed. Website/address/company-domain support email visible. Permissions, rating, app age and complaint rate remain unverified.",Pending
PayZapp,HDFC BANK LTD.,Verified,Listed,https://v.hdfc.bank.in/payzapp/index.html,https://v.hdfc.bank.in/payzapp/index.html,,,,,,,,,,,,,,,100.0,2026-09-24,All-233 evidence audit completed. Verified label comes from the project's RBI DLA directory sample. Public source locator type: Official / web. Detailed feature values were left blank where the source was not directly verified in this research pass; blank must not be converted to 0.,Pending
NYE,Rapipay Fintech Private Limited,Verified,Listed,https://in.rapipay.com,https://in.rapipay.com,,,,,,,,,,,,,,,100.0,2026-09-24,All-233 evidence audit completed. Verified label comes from the project's RBI DLA directory sample. Public source locator type: Official / web. Detailed feature values were left blank where the source was not directly verified in this research pass; blank must not be converted to 0.,Pending
Toyota Finance,TOYOTA FINANCIAL SERVICES INDIA LIMITED,Verified,Listed,https://play.google.com/store/apps/details?id=com.toyotafinance.projectvikram,https://play.google.com/store/apps/details?id=com.toyotafinance.projectvikram,,,,,1,0,1,1,1,,24,10000,,,100.0,2026-09-24,"Google Play: Toyota Financial Services India Ltd official app, 10K+ downloads, updated 2026-08-31; website/address/company email present. No explicit APR disclosure found in reviewed listing. Permissions, rating, app age and complaint rate remain unverified.",Pending
FriendLoan - 1hr Business Loan,SAMPATHI CREDITS PRIVATE LIMITED,Verified,Listed,https://play.google.com/store/apps/details?id=in.fl.loan,https://play.google.com/store/apps/details?id=in.fl.loan,,,,,1,0,1,1,1,,3,10000,,,100.0,2026-09-24,"Google Play: FriendLoan/Sampathi Credits app, 10K+ downloads, updated 2026-09-21; website/address/company-domain email present. No explicit APR string found in reviewed listing. Permissions, rating, app age and complaint rate remain unverified.",Pending
Airpay Capital,Airpay Payment Services Private Limited,Verified,Listed,https://play.google.com/store/apps/details?id=com.airpay.capital&hl=en_IN,https://play.google.com/store/apps/details?id=com.airpay.capital&hl=en_IN,,,,,1,0,1,1,1,,13,100000,,,100.0,2026-09-24,"Google Play: 100K+ downloads, updated 2026-09-11; names RBI-regulated lending partners. Rates/fees are described but no explicit APR text was confirmed in reviewed listing. Website/support/address evidence present. Permissions, rating, app age and complaint rate remain unverified.",Pending
MCFL Loans,MANGAL CREDIT AND FINCORP LIMITED,Verified,Listed,https://play.google.com/store/apps/details?id=com.mangalgoldloan,https://play.google.com/store/apps/details?id=com.mangalgoldloan,,,,,1,1,1,1,1,,174,1000,,,100.0,2026-09-24,"Google Play: MCFL/Mangal Credit & Fincorp app, 1K+ downloads, updated 2026-04-03; APR/loan terms and developer support details verified. Permissions, rating, app age and complaint rate remain unverified.",Pending
CreditFIT App,Creditmantri Finserve Private Limited,Verified,Listed,https://play.google.com/store/apps/details?id=com.creditmantri,https://play.google.com/store/apps/details?id=com.creditmantri,,,,,1,1,1,1,1,,31,1000000,3.4,,100.0,2026-09-24,"Google Play: CreditFIT, 3.4 rating, 1M+ downloads, updated 2026-08-24; named lending partner and APR example disclosed; website/address/company support visible. Permissions, app age and complaint rate remain unverified.",Pending
salary24x7,Finovel Fintech Private Limited,Verified,Listed,https://play.google.com/store/apps/details?id=com.merusphere.salary247.borrower&pcampaignid=web_share,https://play.google.com/store/apps/details?id=com.merusphere.salary247.borrower&pcampaignid=web_share,,,,,1,1,1,1,1,,92,10000,,,100.0,2026-09-24,"Google Play: salary24x7, 10K+ downloads, updated 2026-06-24; regulated lending partner and APR range/example disclosed; support/address/website evidence present. Permissions, rating, app age and complaint rate remain unverified.",Pending
Upwards,LENDINGKART FINANCE LIMITED (FORMERLY AADRI INFIN LIMITED),Verified,Listed,https://play.google.com/store/apps/details?id=com.goupwards&hl=en_IN&pli=1,https://play.google.com/store/apps/details?id=com.goupwards&hl=en_IN&pli=1,,,,,1,1,1,1,1,,197,5000000,2.1,,100.0,2026-09-24,"Google Play: Upwards, 2.1 rating, 5M+ downloads, updated 2026-03-11; Lendingkart lender and APR range/example disclosed; website/address/company-domain support evidence present. Permissions, app age and complaint rate remain unverified.",Pending
MidFin Customer Service App,MIDLAND MICROFIN LIMITED (FORMERLY SAJAN HIRE PURCHASE LIMITED),Verified,Listed,https://play.google.com/store/apps/details?id=com.microfin.midland&hl=en_IN,https://play.google.com/store/apps/details?id=com.microfin.midland&hl=en_IN,,,,,1,0,,,,,6,100000,,,100.0,2026-09-24,"Google Play: Midland Microfin official customer app, 100K+ downloads, updated 2026-09-18; regulated NBFC/MFI identity is clear. No explicit APR found in reviewed listing text. Other transparency/permission/rating/app-age/complaint fields remain to verify.",Pending
Ninja Global Import Export,Ninjacart Services Private Limited,Verified,Listed,https://play.google.com/store/apps/details?id=com.ninja.ninjaglobal&pli=1,https://play.google.com/store/apps/details?id=com.ninja.ninjaglobal&pli=1,,,,,,,,,,,158,10000,,,100.0,2026-09-24,"Google Play: Ninja Global Import Export, 10K+ downloads, updated 2026-04-19. Reviewed listing appears to focus on import/export business rather than disclosing loan terms, so lender/APR flags were intentionally not guessed. Remaining fields require verification.",Pending
Loan against Mutual Funds,CITY UNION BANK LIMITED,Verified,Listed,https://las.cityunionbank.in,https://las.cityunionbank.in,,,,,,,,,,,,,,,100.0,2026-09-24,All-233 evidence audit completed. Verified label comes from the project's RBI DLA directory sample. Public source locator type: Official / web. Detailed feature values were left blank where the source was not directly verified in this research pass; blank must not be converted to 0.,Pending
Kissht,OnEMI Technologies Solutions Limited,Verified,Listed,Kissht: Instant Personal Loans - Apps on Google Play,Kissht: Instant Personal Loans - Apps on Google Play,,,,,,,,,,,,,,,100.0,2026-09-24,All-233 evidence audit completed. Verified label comes from the project's RBI DLA directory sample. Public source locator type: Non-URL source text. Detailed feature values were left blank where the source was not directly verified in this research pass; blank must not be converted to 0.,Pending
ZenLyfe Loan against Deposit( Mobile Banking App ),BANK OF MAHARASHTRA,Verified,Listed,Available in Play Store / App Store,Available in Play Store / App Store,,,,,,,,,,,,,,,100.0,2026-09-24,All-233 evidence audit completed. Verified label comes from the project's RBI DLA directory sample. Public source locator type: Non-URL source text. Detailed feature values were left blank where the source was not directly verified in this research pass; blank must not be converted to 0.,Pending
AU 0101 Business - Mobile Banking,AU SMALL FINANCE BANK LIMITED,Verified,Listed,https://play.google.com/store/apps/details?id=com.au.mrct,https://play.google.com/store/apps/details?id=com.au.mrct,,,,,1,0,1,1,1,,1,100000,,,100.0,2026-09-24,"Google Play: AU 0101 Business by AU Small Finance Bank, 100K+ downloads, updated 2026-09-23; bank/developer/support information verified. No explicit APR found in reviewed listing. Permissions, rating, app age and complaint rate remain unverified.",Pending
Get it Now,Kapiital kapslock Private Limited,Verified,Listed,https://play.google.com/store/apps/details?id=com.kapiital.getitnow&hl=en_IN,https://play.google.com/store/apps/details?id=com.kapiital.getitnow&hl=en_IN,,,,,1,1,1,1,1,,185,500000,,,100.0,2026-09-24,"Google Play: GetItNow, 500K+ downloads, updated 2026-03-23; RBI NBFC Amaravathi Financial Solutions named, APR and example disclosed; website/address/company email present. Data Safety is not treated as runtime permission evidence. Rating, app age and complaint rate remain unverified.",Pending
Branch International Financial Services Private Limited,Branch International Financial Services Private Limited,Verified,Listed,https://play.google.com/store/apps/details?id=com.branch_international.branch.branch_demo_android&referrer=utm_source=IN_Website&utm_medium=CTA_Click&utm_term=CTA_click&gl=in,https://play.google.com/store/apps/details?id=com.branch_international.branch.branch_demo_android&referrer=utm_source=IN_Website&utm_medium=CTA_Click&utm_term=CTA_click&gl=in,,,,,,,,,,,,,,,100.0,2026-09-24,All-233 evidence audit completed. Verified label comes from the project's RBI DLA directory sample. Public source locator type: Google Play. Detailed feature values were left blank where the source was not directly verified in this research pass; blank must not be converted to 0.,Pending
WeRize Customer App,Wortgage Technologies Pvt Ltd,Verified,Listed,https://play.google.com/store/apps/details?id=com.moneyonclick.customerapp,https://play.google.com/store/apps/details?id=com.moneyonclick.customerapp,,,,,,1,,,,,7,1000000,,,100.0,2026-09-24,"Google Play: WeRize, 1M+ downloads, updated 2026-09-17 and APR range disclosed. Other lender/transparency/permission/rating/app-age/complaint fields were not assigned without direct supporting evidence.",Pending
Kredit Mart Personal Loan App,KREDITMART SMARTPAY ADVISORY PRIVATE LIMITED,Verified,Listed,https://kreditmart.loan,https://kreditmart.loan,,,,,,,,,,,,,,,100.0,2026-09-24,All-233 evidence audit completed. Verified label comes from the project's RBI DLA directory sample. Public source locator type: Official / web. Detailed feature values were left blank where the source was not directly verified in this research pass; blank must not be converted to 0.,Pending
Grameen MAHI,CREDITACCESS GRAMEEN LIMITED,Verified,Listed,https://play.google.com/store/apps/details?id=com.creditaccessgrameen.mahi&hl=en_IN,https://play.google.com/store/apps/details?id=com.creditaccessgrameen.mahi&hl=en_IN,,,,,1,0,,,,,3,,,,100.0,2026-09-24,"Google Play: CreditAccess Grameen MAHI, official NBFC-MFI identity and interest/fee terms visible, updated 2026-09-21. No explicit APR string confirmed in reviewed text. Other fields remain to verify.",Pending
Cover Mantra,CoverMantra Services Private Limited,Verified,Listed,https://play.google.com/store/apps/details?id=com.covermantra.loan,https://play.google.com/store/apps/details?id=com.covermantra.loan,,,,,1,1,1,1,1,,43,,,,100.0,2026-09-24,"Google Play: CoverMantra, regulated partner FDPL Finance named, APR range shown, updated 2026-08-12; website/address/email evidence present. Privacy language does not prove runtime permission absence, so permission flags remain blank; rating/app age/complaint rate also pending.",Pending
Asirvad Online Gold Loan (OGL),ASIRVAD MICRO FINANCE LIMITED,Verified,Listed,https://play.google.com/store/apps/details?id=com.asirvadogl,https://play.google.com/store/apps/details?id=com.asirvadogl,,,,,1,1,1,1,1,,20,,,,100.0,2026-09-24,"Google Play: Asirvad OGL, Asirvad Micro Finance named, APR/annual interest disclosed, updated 2026-09-04; support/address/website evidence present. Permissions, rating, app age and complaint rate remain unverified.",Pending
SIB Mirror +,SIB,Verified,Listed,www.southindianbank.com,www.southindianbank.com,,,,,,,,,,,,,,,100.0,2026-09-24,All-233 evidence audit completed. Verified label comes from the project's RBI DLA directory sample. Public source locator type: Official / web. Detailed feature values were left blank where the source was not directly verified in this research pass; blank must not be converted to 0.,Pending
Loan10minute,UNICAP INVESTMENTS PRIVATE LIMITED,Verified,Listed,https://play.google.com/store/apps/details?id=com.unicap.loan10minute,https://play.google.com/store/apps/details?id=com.unicap.loan10minute,,,,,,,,,,,,,,,100.0,2026-09-24,All-233 evidence audit completed. Verified label comes from the project's RBI DLA directory sample. Public source locator type: Google Play. Detailed feature values were left blank where the source was not directly verified in this research pass; blank must not be converted to 0.,Pending
Paisa108,Paisa 108 Private Limited,Verified,Listed,https://play.google.com/store/apps/details?id=app.paisa108.com,https://play.google.com/store/apps/details?id=app.paisa108.com,,,,,1,1,1,,,,57,,,,100.0,2026-09-24,"Google Play: Paisa108, Siddhi Traders Pvt Ltd lending identity and APR example disclosed, updated 2026-07-29; public website evidence present. Address/email/permissions/rating/app age/complaint rate remain to verify.",Pending
SPEEL FINANCE COMPANY PRIVATE LIMITED,SPEEL FINANCE CO P LTD.,Verified,Listed,https://play.google.com/store/apps/details?id=com.pocketly,https://play.google.com/store/apps/details?id=com.pocketly,,,,,,,,,,,,,,,100.0,2026-09-24,All-233 evidence audit completed. Verified label comes from the project's RBI DLA directory sample. Public source locator type: Google Play. Detailed feature values were left blank where the source was not directly verified in this research pass; blank must not be converted to 0.,Pending
Bahi Khata Loans,Ninjamonk Proptech Pvt Ltd,Verified,Listed,https://play.google.com/store/apps/details?id=com.bahikhata&hl=en_IN,https://play.google.com/store/apps/details?id=com.bahikhata&hl=en_IN,,,,,,,,,,,22,,,,100.0,2026-09-24,"Google Play: Bahi Khata listing reviewed and updated 2026-09-02. Listing describes ledger/business use including loan-business bookkeeping, so lending/APR fields were not inferred. Remaining fields require verification.",Pending
Samsung Finance+,Samsung India Electronics Private Ltd.,Verified,Listed,https://play.google.com/store/apps/details?id=com.samsung.android.samsungsure&gl=in,https://play.google.com/store/apps/details?id=com.samsung.android.samsungsure&gl=in,,,,,1,1,0,1,1,,57,5000000,4.0,,100.0,2026-09-24,"Google Play: Samsung Finance+, 4.0 rating, 5M+ downloads, updated 2026-07-29; DMI Finance and Protium Finance named as partner lenders, APR 18%-40% and fees disclosed. Developer address/company-domain emails present. No public Website link is shown in the App support block reviewed. Permission flags, app age and complaint rate remain unverified.",Pending
GetCred,Aryaman Finance (India) Limited,Verified,Listed,https://play.google.com/store/apps/details?id=com.personalloanapp,https://play.google.com/store/apps/details?id=com.personalloanapp,,,,,,,,,,,,,,,100.0,2026-09-24,All-233 evidence audit completed. Verified label comes from the project's RBI DLA directory sample. Public source locator type: Google Play. Detailed feature values were left blank where the source was not directly verified in this research pass; blank must not be converted to 0.,Pending
WeCredit,QuantumX Global Private Limited,Verified,Listed,https://play.google.com/store/apps/details?id=com.wecredit.Wecredit&hl=en_IN,https://play.google.com/store/apps/details?id=com.wecredit.Wecredit&hl=en_IN,,,,,1,1,1,1,0,,20,100000,,,100.0,2026-09-24,"Google Play: WeCredit, 1L+ downloads, updated 2026-09-04; FDPL Finance named as lending partner, max APR 33% and representative APR example disclosed; website and physical address present. Listed support/developer emails are Gmail, so company_email_domain=0. Rating, permissions, app age and complaint rate remain unverified.",Pending
Finnable: Personal Loan App,Finnable Credit Limited,Verified,Listed,https://play.google.com/store/apps/details?id=com.finnable.customer&hl=en_IN,https://play.google.com/store/apps/details?id=com.finnable.customer&hl=en_IN,,,1,,1,1,1,1,1,,91,1000000,2.9,,100.0,2026-09-24,"Google Play: Finnable, 2.9 rating, 10L+ downloads, updated 2026-06-25; APR range and example disclosed, multiple RBI-regulated lenders named, website/address/company-domain email present. Listing explicitly says SMS is among requested permissions; contacts/call-logs/media permissions were not inferred. App age and complaint rate remain unverified.",Pending
Cashone,S.B.N. LEASING AND FINANCE LTD.,Verified,Listed,https://play.google.com/store/apps/details?id=com.sbnnbfc.cashone,https://play.google.com/store/apps/details?id=com.sbnnbfc.cashone,,,,,1,1,1,1,1,,12,50000,,,100.0,2026-09-24,"Google Play: CashOne by S.B.N. Leasing & Finance Limited, 50K+ downloads, updated 2026-09-12; APR 18%-30% and service fee disclosed; website/address/company email present. Rating, permissions, app age and complaint rate remain unverified.",Pending
Abhicash,Abhicash Infotech Private Limited,Verified,Listed,https://play.google.com/store/apps/details?id=com.abhicash.abhicashapp&hl=en,https://play.google.com/store/apps/details?id=com.abhicash.abhicashapp&hl=en,,,,,,,,,,,,,,,100.0,2026-09-24,All-233 evidence audit completed. Verified label comes from the project's RBI DLA directory sample. Public source locator type: Google Play. Detailed feature values were left blank where the source was not directly verified in this research pass; blank must not be converted to 0.,Pending
BRIDGE,ZAVO NEXUS PRIVATE LIMITED,Verified,Listed,https://play.google.com/store/apps/details?id=com.bridge.capital.app,https://play.google.com/store/apps/details?id=com.bridge.capital.app,,,,,1,1,1,1,1,,16,50000,4.7,,100.0,2026-09-24,"Google Play: Bridge Instant Personal Loan, 4.7 rating, 50K+ downloads, updated 2026-09-08; Padmalaya Finserve named as lending partner and APR 28.8%-350% disclosed; website/address/company-domain support email present. Specific permission flags, app age and complaint rate remain unverified.",Pending
Oro Money,Orocorp Technologies Pvt ltd,Verified,Listed,https://play.google.com/store/apps/details?id=in.orocorp.customer,https://play.google.com/store/apps/details?id=in.orocorp.customer,,,,,,,,,,,,,,,100.0,2026-09-24,All-233 evidence audit completed. Verified label comes from the project's RBI DLA directory sample. Public source locator type: Google Play. Detailed feature values were left blank where the source was not directly verified in this research pass; blank must not be converted to 0.,Pending
Kredmint,Kredmint Technologies Private Limited,Verified,Listed,https://play.google.com/store/apps/details?id=com.schn9891.onecodewebnew&hl=en_IN,https://play.google.com/store/apps/details?id=com.schn9891.onecodewebnew&hl=en_IN,,,,,,,,,,,,,,,100.0,2026-09-24,All-233 evidence audit completed. Verified label comes from the project's RBI DLA directory sample. Public source locator type: Google Play. Detailed feature values were left blank where the source was not directly verified in this research pass; blank must not be converted to 0.,Pending
Rupeeredee,MONEYMITRA IT SOLUTIONS PRIVATE LIMITED,Verified,Listed,https://play.google.com/store/apps/details?id=com.rupeeredee.app,https://play.google.com/store/apps/details?id=com.rupeeredee.app,,,,,,,,,,,,,,,100.0,2026-09-24,All-233 evidence audit completed. Verified label comes from the project's RBI DLA directory sample. Public source locator type: Google Play. Detailed feature values were left blank where the source was not directly verified in this research pass; blank must not be converted to 0.,Pending
MyShubhLife,Datasigns Technologies Private Limited,Verified,Listed,https://play.google.com/store/apps/details?id=com.datasignstech.lam&hl=en&gl=IN,https://play.google.com/store/apps/details?id=com.datasignstech.lam&hl=en&gl=IN,,,,,,,,,,,,,,,100.0,2026-09-24,All-233 evidence audit completed. Verified label comes from the project's RBI DLA directory sample. Public source locator type: Google Play. Detailed feature values were left blank where the source was not directly verified in this research pass; blank must not be converted to 0.,Pending
LoanArambh,MIRRAQUIX TECHNOLOGIES PRIVATE LIMITED,Verified,Listed,https://play.google.com/store/apps/details?id=com.app.loanarambh.india.cash,https://play.google.com/store/apps/details?id=com.app.loanarambh.india.cash,,,,,,,,,,,,,,,100.0,2026-09-24,All-233 evidence audit completed. Verified label comes from the project's RBI DLA directory sample. Public source locator type: Google Play. Detailed feature values were left blank where the source was not directly verified in this research pass; blank must not be converted to 0.,Pending
Unity Small Finance Bank APP,Unity Small Finance Bank Limited,Verified,Listed,https://apps.apple.com/in/app/unity-bank-fd-savings-account/id6450705139,https://apps.apple.com/in/app/unity-bank-fd-savings-account/id6450705139,,,,,,,,,,,,,,,100.0,2026-09-24,All-233 evidence audit completed. Verified label comes from the project's RBI DLA directory sample. Public source locator type: Apple App Store. Detailed feature values were left blank where the source was not directly verified in this research pass; blank must not be converted to 0.,Pending
FixoFin,AMMO Digital LLP,Verified,Listed,https://play.google.com/store/apps/details?id=ammodigital.fixofin,https://play.google.com/store/apps/details?id=ammodigital.fixofin,,,,,,,,,,,,,,,100.0,2026-09-24,All-233 evidence audit completed. Verified label comes from the project's RBI DLA directory sample. Public source locator type: Google Play. Detailed feature values were left blank where the source was not directly verified in this research pass; blank must not be converted to 0.,Pending
50fin: Loan Against Securities App,Fifty Fintech Pvt. Ltd,Verified,Listed,https://play.google.com/store/apps/details?id=com.fiftyfin.app,https://play.google.com/store/apps/details?id=com.fiftyfin.app,,,,,,,,,,,,,,,100.0,2026-09-24,All-233 evidence audit completed. Verified label comes from the project's RBI DLA directory sample. Public source locator type: Google Play. Detailed feature values were left blank where the source was not directly verified in this research pass; blank must not be converted to 0.,Pending
Salary112,CREDITBRIDGE TECHNOLOGIES LLP,Verified,Listed,https://play.google.com/store/apps/details?id=com.vimanotech.salary112,https://play.google.com/store/apps/details?id=com.vimanotech.salary112,,,,,,,,,,,,,,,100.0,2026-09-24,All-233 evidence audit completed. Verified label comes from the project's RBI DLA directory sample. Public source locator type: Google Play. Detailed feature values were left blank where the source was not directly verified in this research pass; blank must not be converted to 0.,Pending
DMI Finance app,DMI FINANCE PVT LTD.,Verified,Listed,https://play.google.com/store/apps/details?id=in.dmifinance.app&hl=en_IN,https://play.google.com/store/apps/details?id=in.dmifinance.app&hl=en_IN,,,,,,,,,,,,,,,100.0,2026-09-24,All-233 evidence audit completed. Verified label comes from the project's RBI DLA directory sample. Public source locator type: Google Play. Detailed feature values were left blank where the source was not directly verified in this research pass; blank must not be converted to 0.,Pending
Unnatti,Unnatti Finserv Private Limited,Verified,Listed,https://play.google.com/store/apps/details?id=com.uinvestment.app.unnatii,https://play.google.com/store/apps/details?id=com.uinvestment.app.unnatii,,,,,,,,,,,,,,,100.0,2026-09-24,All-233 evidence audit completed. Verified label comes from the project's RBI DLA directory sample. Public source locator type: Google Play. Detailed feature values were left blank where the source was not directly verified in this research pass; blank must not be converted to 0.,Pending
Paytm-MSME,One97 Communications Limited,Verified,Listed,https://apps.apple.com/in/app/paytm-for-business/id1351301966,https://apps.apple.com/in/app/paytm-for-business/id1351301966,,,,,,,,,,,,,,,100.0,2026-09-24,All-233 evidence audit completed. Verified label comes from the project's RBI DLA directory sample. Public source locator type: Apple App Store. Detailed feature values were left blank where the source was not directly verified in this research pass; blank must not be converted to 0.,Pending
DRONA,SATYA MICROCAPITAL LTD,Verified,Listed,play.google.com/store/apps/details?id=com.satyamicrocapital.app,play.google.com/store/apps/details?id=com.satyamicrocapital.app,,,,,,,,,,,,,,,100.0,2026-09-24,All-233 evidence audit completed. Verified label comes from the project's RBI DLA directory sample. Public source locator type: Google Play. Detailed feature values were left blank where the source was not directly verified in this research pass; blank must not be converted to 0.,Pending
Buddyloan,BVALUE SERVICES PRIVATE LIMITED -Buddyloan,Verified,Listed,https://play.google.com/store/apps/details?id=com.buddyloan.vls,https://play.google.com/store/apps/details?id=com.buddyloan.vls,,,,,,,,,,,,,,,100.0,2026-09-24,All-233 evidence audit completed. Verified label comes from the project's RBI DLA directory sample. Public source locator type: Google Play. Detailed feature values were left blank where the source was not directly verified in this research pass; blank must not be converted to 0.,Pending
Tide,Tide Platform Private Limited -Tide,Verified,Listed,https://play.google.com/store/apps/details?id=co.tide.tideplatform.in&hl=en_IN&pli=1,https://play.google.com/store/apps/details?id=co.tide.tideplatform.in&hl=en_IN&pli=1,,,,,,,,,,,,,,,100.0,2026-09-24,All-233 evidence audit completed. Verified label comes from the project's RBI DLA directory sample. Public source locator type: Google Play. Detailed feature values were left blank where the source was not directly verified in this research pass; blank must not be converted to 0.,Pending
CredMe,Delviant AI Labs Private Limited,Verified,Listed,https://play.google.com/store/apps/details?id=com.delviant.credme,https://play.google.com/store/apps/details?id=com.delviant.credme,,,,,,,,,,,,,,,100.0,2026-09-24,All-233 evidence audit completed. Verified label comes from the project's RBI DLA directory sample. Public source locator type: Google Play. Detailed feature values were left blank where the source was not directly verified in this research pass; blank must not be converted to 0.,Pending
Nobroker Instacash,Nobroker Technologies Solutions Private Limited,Verified,Listed,https://play.google.com/store/apps/details?id=com.nobroker.loans&hl=en_IN,https://play.google.com/store/apps/details?id=com.nobroker.loans&hl=en_IN,,,,,,,,,,,,,,,100.0,2026-09-24,All-233 evidence audit completed. Verified label comes from the project's RBI DLA directory sample. Public source locator type: Google Play. Detailed feature values were left blank where the source was not directly verified in this research pass; blank must not be converted to 0.,Pending
IFHL,Daksfirst India Finance House Private Limited,Verified,Listed,https://play.google.com/store/apps/details?id=com.ifhl,https://play.google.com/store/apps/details?id=com.ifhl,,,,,,,,,,,,,,,100.0,2026-09-24,All-233 evidence audit completed. Verified label comes from the project's RBI DLA directory sample. Public source locator type: Google Play. Detailed feature values were left blank where the source was not directly verified in this research pass; blank must not be converted to 0.,Pending
ShubhLoan-Personal Loan App,LUCKY HOLDINGS PVT. LTD.,Verified,Listed,https://play.google.com/store/apps/details?id=com.shubewzgty.werbfys.rtuca,https://play.google.com/store/apps/details?id=com.shubewzgty.werbfys.rtuca,,,,,,,,,,,,,,,100.0,2026-09-24,All-233 evidence audit completed. Verified label comes from the project's RBI DLA directory sample. Public source locator type: Google Play. Detailed feature values were left blank where the source was not directly verified in this research pass; blank must not be converted to 0.,Pending
Equall,LTCV Credit Private Limited,Verified,Listed,https://play.google.com/store/apps/details?id=in.co.equall&hl=en,https://play.google.com/store/apps/details?id=in.co.equall&hl=en,,,,,,,,,,,,,,,100.0,2026-09-24,All-233 evidence audit completed. Verified label comes from the project's RBI DLA directory sample. Public source locator type: Google Play. Detailed feature values were left blank where the source was not directly verified in this research pass; blank must not be converted to 0.,Pending
Fixrupee,CRONBAY TECHNOLOGIES PRIVATE LIMITED,Verified,Listed,https://play.google.com/store/apps/details?id=com.fixrupee.twa,https://play.google.com/store/apps/details?id=com.fixrupee.twa,,,,,,,,,,,,,,,100.0,2026-09-24,All-233 evidence audit completed. Verified label comes from the project's RBI DLA directory sample. Public source locator type: Google Play. Detailed feature values were left blank where the source was not directly verified in this research pass; blank must not be converted to 0.,Pending
Velicham,Velicham Finance Private Limited,Verified,Listed,https://play.google.com/store/apps/details?id=com.velichamfinance.customer,https://play.google.com/store/apps/details?id=com.velichamfinance.customer,,,,,,,,,,,,,,,100.0,2026-09-24,All-233 evidence audit completed. Verified label comes from the project's RBI DLA directory sample. Public source locator type: Google Play. Detailed feature values were left blank where the source was not directly verified in this research pass; blank must not be converted to 0.,Pending
SMC Gold Loan,MONEYWISE FINANCIAL SERVICES PRIVATE LIMITED,Verified,Listed,https://play.google.com/store/search?q=smc+gold+loan&c=apps&hl=en_IN,https://play.google.com/store/search?q=smc+gold+loan&c=apps&hl=en_IN,,,,,,,,,,,,,,,100.0,2026-09-24,All-233 evidence audit completed. Verified label comes from the project's RBI DLA directory sample. Public source locator type: Google Play. Detailed feature values were left blank where the source was not directly verified in this research pass; blank must not be converted to 0.,Pending
Mybank – Android version,RBL BANK LTD,Verified,Listed,https://play.google.com/store/apps/details?id=com.rblbank.mobank,https://play.google.com/store/apps/details?id=com.rblbank.mobank,,,,,,,,,,,,,,,100.0,2026-09-24,All-233 evidence audit completed. Verified label comes from the project's RBI DLA directory sample. Public source locator type: Google Play. Detailed feature values were left blank where the source was not directly verified in this research pass; blank must not be converted to 0.,Pending
Upwards by Lendingkart.,Lendingkart Technologies Private Limited,Verified,Listed,https://play.google.com/store/apps/details?id=com.goupwards&gl=IN,https://play.google.com/store/apps/details?id=com.goupwards&gl=IN,,,,,,,,,,,,,,,100.0,2026-09-24,All-233 evidence audit completed. Verified label comes from the project's RBI DLA directory sample. Public source locator type: Google Play. Detailed feature values were left blank where the source was not directly verified in this research pass; blank must not be converted to 0.,Pending
Yuva Personal Loan App,YUVARAJ FINANCE (PVT) LTD.,Verified,Listed,https://play.google.com/store/apps/details?id=yuva.loan.app,https://play.google.com/store/apps/details?id=yuva.loan.app,,,,,,,,,,,,,,,100.0,2026-09-24,All-233 evidence audit completed. Verified label comes from the project's RBI DLA directory sample. Public source locator type: Google Play. Detailed feature values were left blank where the source was not directly verified in this research pass; blank must not be converted to 0.,Pending
Digicredit,KHOSYA FINLEASE (P) LTD.,Verified,Listed,https://digicredit.in/,https://digicredit.in/,,,,,,,,,,,,,,,100.0,2026-09-24,All-233 evidence audit completed. Verified label comes from the project's RBI DLA directory sample. Public source locator type: Official / web. Detailed feature values were left blank where the source was not directly verified in this research pass; blank must not be converted to 0.,Pending
Famescore Pvt Ltd [Other - Disbursal Drawdown],FinAGG Services Pvt Ltd,Verified,Listed,https://play.google.com/store/apps/details?id=com.finagg.retailerApp&hl=en_IN,https://play.google.com/store/apps/details?id=com.finagg.retailerApp&hl=en_IN,,,,,,,,,,,,,,,100.0,2026-09-24,All-233 evidence audit completed. Verified label comes from the project's RBI DLA directory sample. Public source locator type: Google Play. Detailed feature values were left blank where the source was not directly verified in this research pass; blank must not be converted to 0.,Pending
WOGOM B2B Marketplace,World Goods Marketplace Private Limited,Verified,Listed,https://play.google.com/store/apps/details?id=com.app.wogom&hl=en_IN,https://play.google.com/store/apps/details?id=com.app.wogom&hl=en_IN,,,,,,,,,,,,,,,100.0,2026-09-24,All-233 evidence audit completed. Verified label comes from the project's RBI DLA directory sample. Public source locator type: Google Play. Detailed feature values were left blank where the source was not directly verified in this research pass; blank must not be converted to 0.,Pending
Angel One,Angel One Limited,Verified,Listed,https://protect.checkpoint.com/v2/r05/___https://play.google.com/store/apps/details?id=com.msf.angelmobile&hl=en_IN___.YXBzMTphbmdlbG9uZTpjOm86MmNmMjI2MTgzMWVhZTM2ZGE1OTMxYzYyNzI5Yjc4ZGE6Nzo0NTNkOjEyMmE1ZDYxZTlhNmE5NmNiYzExODQwODA1NzhlNDMwZDA0MGJiYzc3ZmQ2ODAzN2E2NzQ2OWVjZWJjODE0MTI6dDpGOkY,https://protect.checkpoint.com/v2/r05/___https://play.google.com/store/apps/details?id=com.msf.angelmobile&hl=en_IN___.YXBzMTphbmdlbG9uZTpjOm86MmNmMjI2MTgzMWVhZTM2ZGE1OTMxYzYyNzI5Yjc4ZGE6Nzo0NTNkOjEyMmE1ZDYxZTlhNmE5NmNiYzExODQwODA1NzhlNDMwZDA0MGJiYzc3ZmQ2ODAzN2E2NzQ2OWVjZWJjODE0MTI6dDpGOkY,,,,,,,,,,,,,,,100.0,2026-09-24,All-233 evidence audit completed. Verified label comes from the project's RBI DLA directory sample. Public source locator type: Google Play. Detailed feature values were left blank where the source was not directly verified in this research pass; blank must not be converted to 0.,Pending
Credcashy,TRANSITECH IT SERVICES PRIVATE LIMITED,Verified,Listed,https://credcashy.com/,https://credcashy.com/,,,,,,,,,,,,,,,100.0,2026-09-24,All-233 evidence audit completed. Verified label comes from the project's RBI DLA directory sample. Public source locator type: Official / web. Detailed feature values were left blank where the source was not directly verified in this research pass; blank must not be converted to 0.,Pending
Shriram One App,Shriram Finance Limited,Verified,Listed,https://play.google.com/store/apps/details?id=com.shriram.oneIOS:,https://play.google.com/store/apps/details?id=com.shriram.oneIOS:,,,,,,,,,,,,,,,100.0,2026-09-24,All-233 evidence audit completed. Verified label comes from the project's RBI DLA directory sample. Public source locator type: Google Play. Detailed feature values were left blank where the source was not directly verified in this research pass; blank must not be converted to 0.,Pending
Actoloan,Prakash Chemtex (India) Limited,Verified,Listed,https://play.google.com/store/apps/details?id=com.actoloan.app.actoloan,https://play.google.com/store/apps/details?id=com.actoloan.app.actoloan,,,,,,,,,,,,,,,100.0,2026-09-24,All-233 evidence audit completed. Verified label comes from the project's RBI DLA directory sample. Public source locator type: Google Play. Detailed feature values were left blank where the source was not directly verified in this research pass; blank must not be converted to 0.,Pending
Google Pay: Secure UPI payment App,Google India Digital Services Pvt. Ltd.,Verified,Listed,https://play.google.com/store/apps/details?id=com.google.android.apps.nbu.paisa.user,https://play.google.com/store/apps/details?id=com.google.android.apps.nbu.paisa.user,,,,,,,,,,,,,,,100.0,2026-09-24,All-233 evidence audit completed. Verified label comes from the project's RBI DLA directory sample. Public source locator type: Google Play. Detailed feature values were left blank where the source was not directly verified in this research pass; blank must not be converted to 0.,Pending
Groww Credit App,Billionbrains Garage Ventures Limited,Verified,Listed,https://play.google.com/store/apps/details?id=in.groww.dash,https://play.google.com/store/apps/details?id=in.groww.dash,,,,,,,,,,,,,,,100.0,2026-09-24,All-233 evidence audit completed. Verified label comes from the project's RBI DLA directory sample. Public source locator type: Google Play. Detailed feature values were left blank where the source was not directly verified in this research pass; blank must not be converted to 0.,Pending
Tala: Fast & Secure Loan App,TALAZEN FINANCE INDIA PRIVATE LIMITED,Verified,Listed,https://play.google.com/store/apps/details?id=in.com.tala,https://play.google.com/store/apps/details?id=in.com.tala,,,,,,,,,,,,,,,100.0,2026-09-24,All-233 evidence audit completed. Verified label comes from the project's RBI DLA directory sample. Public source locator type: Google Play. Detailed feature values were left blank where the source was not directly verified in this research pass; blank must not be converted to 0.,Pending
SU wallet,S.U.SECURITIES PVT. LTD.,Verified,Listed,https://play.google.com/store/apps/details?id=com.suwallet.lendspace.solutions,https://play.google.com/store/apps/details?id=com.suwallet.lendspace.solutions,,,,,,,,,,,,,,,100.0,2026-09-24,All-233 evidence audit completed. Verified label comes from the project's RBI DLA directory sample. Public source locator type: Google Play. Detailed feature values were left blank where the source was not directly verified in this research pass; blank must not be converted to 0.,Pending
Spice Money Adhikari AEPS App,Spice Money Limited,Verified,Listed,https://play.google.com/store/apps/details?id=in.spicemudra&hl=en_IN,https://play.google.com/store/apps/details?id=in.spicemudra&hl=en_IN,,,,,,,,,,,,,,,100.0,2026-09-24,All-233 evidence audit completed. Verified label comes from the project's RBI DLA directory sample. Public source locator type: Google Play. Detailed feature values were left blank where the source was not directly verified in this research pass; blank must not be converted to 0.,Pending
VegaCash: Personal Loan,LUCKY HOLDINGS PVT. LTD.,Verified,Listed,https://play.google.com/store/apps/details?id=com.vegacash.erscsa.czzditwad,https://play.google.com/store/apps/details?id=com.vegacash.erscsa.czzditwad,,,,,,,,,,,,,,,100.0,2026-09-24,All-233 evidence audit completed. Verified label comes from the project's RBI DLA directory sample. Public source locator type: Google Play. Detailed feature values were left blank where the source was not directly verified in this research pass; blank must not be converted to 0.,Pending
GetitNow,KAPIITAL KAPSLOCK PRIVATE LIMITED,Verified,Listed,https://play.google.com/store/apps/details?id=com.kapiital.getitnow,https://play.google.com/store/apps/details?id=com.kapiital.getitnow,,,,,,,,,,,,,,,100.0,2026-09-24,All-233 evidence audit completed. Verified label comes from the project's RBI DLA directory sample. Public source locator type: Google Play. Detailed feature values were left blank where the source was not directly verified in this research pass; blank must not be converted to 0.,Pending
Rapid Money,Moneytiem Technology Solutions Private Limited,Verified,Listed,https://play.google.com/store/apps/details?id=com.rapid_money&hl=en_IN,https://play.google.com/store/apps/details?id=com.rapid_money&hl=en_IN,,,,,,,,,,,,,,,100.0,2026-09-24,All-233 evidence audit completed. Verified label comes from the project's RBI DLA directory sample. Public source locator type: Google Play. Detailed feature values were left blank where the source was not directly verified in this research pass; blank must not be converted to 0.,Pending
ClickmyLoan,F MEC INTERNATIONAL FINANCIAL SERVICES LTD.,Verified,Listed,https://play.google.com/store/apps/details?id=com.habile.cloudbankin.clickmyloan,https://play.google.com/store/apps/details?id=com.habile.cloudbankin.clickmyloan,,,,,,,,,,,,,,,100.0,2026-09-24,All-233 evidence audit completed. Verified label comes from the project's RBI DLA directory sample. Public source locator type: Google Play. Detailed feature values were left blank where the source was not directly verified in this research pass; blank must not be converted to 0.,Pending
mobiCred,mobiCred,Verified,Listed,https://play.google.com/store/apps/details?id=com.oricred.mobicred&pcampaignid=web_share,https://play.google.com/store/apps/details?id=com.oricred.mobicred&pcampaignid=web_share,,,,,,,,,,,,,,,100.0,2026-09-24,All-233 evidence audit completed. Verified label comes from the project's RBI DLA directory sample. Public source locator type: Google Play. Detailed feature values were left blank where the source was not directly verified in this research pass; blank must not be converted to 0.,Pending
Smallcase: Stock Investments App,Essential Investment Managers Pvt. Ltd.,Verified,Listed,https://play.google.com/store/apps/details?id=com.smallcase.android&hl=en,https://play.google.com/store/apps/details?id=com.smallcase.android&hl=en,,,,,,,,,,,,,,,100.0,2026-09-24,All-233 evidence audit completed. Verified label comes from the project's RBI DLA directory sample. Public source locator type: Google Play. Detailed feature values were left blank where the source was not directly verified in this research pass; blank must not be converted to 0.,Pending
Instant mudra,CHINTAMANI FINLEASE LTD.,Verified,Listed,https://www.instantmudra.com/,https://www.instantmudra.com/,,,,,,,,,,,,,,,100.0,2026-09-24,All-233 evidence audit completed. Verified label comes from the project's RBI DLA directory sample. Public source locator type: Official / web. Detailed feature values were left blank where the source was not directly verified in this research pass; blank must not be converted to 0.,Pending
NIRA FINANCE,Shuhari Tech Ventures Pvt Ltd,Verified,Listed,https://www.nirafinance.com,https://www.nirafinance.com,,,,,,,,,,,,,,,100.0,2026-09-24,All-233 evidence audit completed. Verified label comes from the project's RBI DLA directory sample. Public source locator type: Official / web. Detailed feature values were left blank where the source was not directly verified in this research pass; blank must not be converted to 0.,Pending
Jupiter,Amica Financial Technologies Private Limited,Verified,Listed,https://play.google.com/store/apps/details?id=money.jupiter,https://play.google.com/store/apps/details?id=money.jupiter,,,,,,,,,,,,,,,100.0,2026-09-24,All-233 evidence audit completed. Verified label comes from the project's RBI DLA directory sample. Public source locator type: Google Play. Detailed feature values were left blank where the source was not directly verified in this research pass; blank must not be converted to 0.,Pending
Anytime Rupee,Pi Credit Services Private Limited,Verified,Listed,https://play.google.com/store/apps/details?id=com.anytimerupee,https://play.google.com/store/apps/details?id=com.anytimerupee,,,,,,,,,,,,,,,100.0,2026-09-24,All-233 evidence audit completed. Verified label comes from the project's RBI DLA directory sample. Public source locator type: Google Play. Detailed feature values were left blank where the source was not directly verified in this research pass; blank must not be converted to 0.,Pending
Kisan nXt App,NABKISAN Finance Ltd,Verified,Listed,https://play.google.com/store/apps/details?id=com.nabkisan.krishivikas&hl=en_IN,https://play.google.com/store/apps/details?id=com.nabkisan.krishivikas&hl=en_IN,,,,,,,,,,,,,,,100.0,2026-09-24,All-233 evidence audit completed. Verified label comes from the project's RBI DLA directory sample. Public source locator type: Google Play. Detailed feature values were left blank where the source was not directly verified in this research pass; blank must not be converted to 0.,Pending
ATM Cred,Swastik Finance Limited,Verified,Listed,https://play.google.com/store/apps/details?id=vexil.infotech.atmcred,https://play.google.com/store/apps/details?id=vexil.infotech.atmcred,,,,,,,,,,,,,,,100.0,2026-09-24,All-233 evidence audit completed. Verified label comes from the project's RBI DLA directory sample. Public source locator type: Google Play. Detailed feature values were left blank where the source was not directly verified in this research pass; blank must not be converted to 0.,Pending
MobiKwik for Business,One Mobikwik Systems Limited,Verified,Listed,https://play.google.com/store/apps/details?id=com.mobikwik.business,https://play.google.com/store/apps/details?id=com.mobikwik.business,,,,,,,,,,,,,,,100.0,2026-09-24,All-233 evidence audit completed. Verified label comes from the project's RBI DLA directory sample. Public source locator type: Google Play. Detailed feature values were left blank where the source was not directly verified in this research pass; blank must not be converted to 0.,Pending
SURYALOAN,RAGHAVI FINANCE LIMITED,Verified,Listed,https://play.google.com/store/apps/details?id=com.suryaloan.suryaloan&pcampaignid=web_share,https://play.google.com/store/apps/details?id=com.suryaloan.suryaloan&pcampaignid=web_share,,,,,,,,,,,,,,,100.0,2026-09-24,All-233 evidence audit completed. Verified label comes from the project's RBI DLA directory sample. Public source locator type: Google Play. Detailed feature values were left blank where the source was not directly verified in this research pass; blank must not be converted to 0.,Pending
Yenmo- Mutual Funds Loan App,Yenmo Technologies Pvt. Ltd.,Verified,Listed,https://play.google.com/store/search?q=yenmo&c=apps&hl=en,https://play.google.com/store/search?q=yenmo&c=apps&hl=en,,,,,,,,,,,,,,,100.0,2026-09-24,All-233 evidence audit completed. Verified label comes from the project's RBI DLA directory sample. Public source locator type: Google Play. Detailed feature values were left blank where the source was not directly verified in this research pass; blank must not be converted to 0.,Pending
MyMoneyMantra,MyMoneyMantra Fintech Private Limited,Verified,Listed,https://play.google.com/store/apps/details?id=com.mymoneymantra.customer.app&hl=en_IN,https://play.google.com/store/apps/details?id=com.mymoneymantra.customer.app&hl=en_IN,,,,,,,,,,,,,,,100.0,2026-09-24,All-233 evidence audit completed. Verified label comes from the project's RBI DLA directory sample. Public source locator type: Google Play. Detailed feature values were left blank where the source was not directly verified in this research pass; blank must not be converted to 0.,Pending
jUMPP,FINFUTECH SOLUTIONS PRIVATE LIMITED,Verified,Listed,https://play.google.com/store/apps/details?id=com.finvasia.jumpp&hl=en_IN,https://play.google.com/store/apps/details?id=com.finvasia.jumpp&hl=en_IN,,,,,,,,,,,,,,,100.0,2026-09-24,All-233 evidence audit completed. Verified label comes from the project's RBI DLA directory sample. Public source locator type: Google Play. Detailed feature values were left blank where the source was not directly verified in this research pass; blank must not be converted to 0.,Pending
Kreditzy,Finnovation Tech Solutions Private Limited,Verified,Listed,https://play.google.com/store/apps/details?id=com.kreditzy.android,https://play.google.com/store/apps/details?id=com.kreditzy.android,,,,,,,,,,,,,,,100.0,2026-09-24,All-233 evidence audit completed. Verified label comes from the project's RBI DLA directory sample. Public source locator type: Google Play. Detailed feature values were left blank where the source was not directly verified in this research pass; blank must not be converted to 0.,Pending
Olyv (SmartCoin),SmartCoin Financials Private Limited,Verified,Listed,https://play.google.com/store/apps/details?id=in.rebase.app&pli=1,https://play.google.com/store/apps/details?id=in.rebase.app&pli=1,,,,,,,,,,,,,,,100.0,2026-09-24,All-233 evidence audit completed. Verified label comes from the project's RBI DLA directory sample. Public source locator type: Google Play. Detailed feature values were left blank where the source was not directly verified in this research pass; blank must not be converted to 0.,Pending
Zapcash,Omnistack Innovation Private Limited,Verified,Listed,com.zapcash.loan,com.zapcash.loan,,,,,,,,,,,,,,,100.0,2026-09-24,All-233 evidence audit completed. Verified label comes from the project's RBI DLA directory sample. Public source locator type: Non-URL source text. Detailed feature values were left blank where the source was not directly verified in this research pass; blank must not be converted to 0.,Pending
Sampathi Loans,SAMPATHI CREDITS PRIVATE LIMITED,Verified,Listed,https://play.google.com/store/apps/details?id=in.sampathi.loan,https://play.google.com/store/apps/details?id=in.sampathi.loan,,,,,,,,,,,,,,,100.0,2026-09-24,All-233 evidence audit completed. Verified label comes from the project's RBI DLA directory sample. Public source locator type: Google Play. Detailed feature values were left blank where the source was not directly verified in this research pass; blank must not be converted to 0.,Pending
Loandigit,Credit Wealth Technologies Private Limited,Verified,Listed,https://play.google.com/store/apps/details?id=com.loandigit.android,https://play.google.com/store/apps/details?id=com.loandigit.android,,,,,,,,,,,,,,,100.0,2026-09-24,All-233 evidence audit completed. Verified label comes from the project's RBI DLA directory sample. Public source locator type: Google Play. Detailed feature values were left blank where the source was not directly verified in this research pass; blank must not be converted to 0.,Pending
PocketRupee,PHRENOLOGICAL INFO AUDIT AND APP SOLUTION PRIVATE LIMITED,Verified,Listed,https://play.google.com/store/apps/details?id=com.pocket.rupee.deal,https://play.google.com/store/apps/details?id=com.pocket.rupee.deal,,,,,,,,,,,,,,,100.0,2026-09-24,All-233 evidence audit completed. Verified label comes from the project's RBI DLA directory sample. Public source locator type: Google Play. Detailed feature values were left blank where the source was not directly verified in this research pass; blank must not be converted to 0.,Pending
Ninjamandi,Ninjacart Services Private Limited,Verified,Listed,https://play.google.com/store/apps/details?id=com.nc.trader,https://play.google.com/store/apps/details?id=com.nc.trader,,,,,,,,,,,,,,,100.0,2026-09-24,All-233 evidence audit completed. Verified label comes from the project's RBI DLA directory sample. Public source locator type: Google Play. Detailed feature values were left blank where the source was not directly verified in this research pass; blank must not be converted to 0.,Pending
Salary Flow,DHVIJA FINANCE LIMITED,Verified,Listed,https://play.google.com/store/apps/details?id=com.salary.flow,https://play.google.com/store/apps/details?id=com.salary.flow,,,,,,,,,,,,,,,100.0,2026-09-24,All-233 evidence audit completed. Verified label comes from the project's RBI DLA directory sample. Public source locator type: Google Play. Detailed feature values were left blank where the source was not directly verified in this research pass; blank must not be converted to 0.,Pending
"App Store: Axis Mobile: Pay, Invest & UPI",AXIS BANK LIMITED,Verified,Listed,https://apps.apple.com/in/app/axis-bank-mobile-banking/id699582556,https://apps.apple.com/in/app/axis-bank-mobile-banking/id699582556,,,,,,,,,,,,,,,100.0,2026-09-24,All-233 evidence audit completed. Verified label comes from the project's RBI DLA directory sample. Public source locator type: Apple App Store. Detailed feature values were left blank where the source was not directly verified in this research pass; blank must not be converted to 0.,Pending
Svcl Sarthi,S V Creditline Limited,Verified,Listed,https://play.google.com/store/apps/details?id=com.svcl.sarthi,https://play.google.com/store/apps/details?id=com.svcl.sarthi,,,,,,,,,,,,,,,100.0,2026-09-24,All-233 evidence audit completed. Verified label comes from the project's RBI DLA directory sample. Public source locator type: Google Play. Detailed feature values were left blank where the source was not directly verified in this research pass; blank must not be converted to 0.,Pending
E- OD/DL against FD/RD(PNB One App),PUNJAB NATIONAL BANK,Verified,Listed,PNB ONE APP,PNB ONE APP,,,,,,,,,,,,,,,100.0,2026-09-24,All-233 evidence audit completed. Verified label comes from the project's RBI DLA directory sample. Public source locator type: Non-URL source text. Detailed feature values were left blank where the source was not directly verified in this research pass; blank must not be converted to 0.,Pending
Online Gold Loan : Rupeek,Rupeek Fintech Private Limited,Verified,Listed,https://play.google.com/store/apps/details?id=com.rupeek.customer&hl=en_IN&pli=1,https://play.google.com/store/apps/details?id=com.rupeek.customer&hl=en_IN&pli=1,,,,,,,,,,,,,,,100.0,2026-09-24,All-233 evidence audit completed. Verified label comes from the project's RBI DLA directory sample. Public source locator type: Google Play. Detailed feature values were left blank where the source was not directly verified in this research pass; blank must not be converted to 0.,Pending
Apollo Cash,APOLLO FINVEST (INDIA) LTD.,Verified,Listed,https://play.google.com/store/,https://play.google.com/store/,,,,,,,,,,,,,,,100.0,2026-09-24,All-233 evidence audit completed. Verified label comes from the project's RBI DLA directory sample. Public source locator type: Google Play. Detailed feature values were left blank where the source was not directly verified in this research pass; blank must not be converted to 0.,Pending
RupeeGo,CODETHRUST TECHNOLOGIES PRIVATE LIMITED,Verified,Listed,https://play.google.com/store/apps/details?id=com.codethrust.rupeego,https://play.google.com/store/apps/details?id=com.codethrust.rupeego,,,,,,,,,,,,,,,100.0,2026-09-24,All-233 evidence audit completed. Verified label comes from the project's RBI DLA directory sample. Public source locator type: Google Play. Detailed feature values were left blank where the source was not directly verified in this research pass; blank must not be converted to 0.,Pending
FUNDLY,Ardour Analytics Private Limited,Verified,Listed,https://play.google.com/store/apps/details?id=com.fundly.fundly,https://play.google.com/store/apps/details?id=com.fundly.fundly,,,,,,,,,,,,,,,100.0,2026-09-24,All-233 evidence audit completed. Verified label comes from the project's RBI DLA directory sample. Public source locator type: Google Play. Detailed feature values were left blank where the source was not directly verified in this research pass; blank must not be converted to 0.,Pending
RupeeQ,Intuino Business consulting India Private Limited,Verified,Listed,https://play.google.com/store/apps/details?id=com.rupeeq.app,https://play.google.com/store/apps/details?id=com.rupeeq.app,,,,,,,,,,,,,,,100.0,2026-09-24,All-233 evidence audit completed. Verified label comes from the project's RBI DLA directory sample. Public source locator type: Google Play. Detailed feature values were left blank where the source was not directly verified in this research pass; blank must not be converted to 0.,Pending
GST Sahay,PUNJAB NATIONAL BANK,Verified,Listed,https://gstsahay.mypnb.in,https://gstsahay.mypnb.in,,,,,,,,,,,,,,,100.0,2026-09-24,All-233 evidence audit completed. Verified label comes from the project's RBI DLA directory sample. Public source locator type: Official / web. Detailed feature values were left blank where the source was not directly verified in this research pass; blank must not be converted to 0.,Pending
Bajaj Finserv Markets LoanApp,BAJAJ FINSERV DIRECT LIMITED,Verified,Listed,https://play.google.com/store/apps/details?id=in.bajajfinservmarkets.app,https://play.google.com/store/apps/details?id=in.bajajfinservmarkets.app,,,,,,,,,,,,,,,100.0,2026-09-24,All-233 evidence audit completed. Verified label comes from the project's RBI DLA directory sample. Public source locator type: Google Play. Detailed feature values were left blank where the source was not directly verified in this research pass; blank must not be converted to 0.,Pending
Bharat Khata,GREENIZON AGRITECH CONSULTANCY PRIVATE LIMITED,Verified,Listed,https://play.google.com/store/apps/details?id=com.bharatkhata.erp&hl=en_IN,https://play.google.com/store/apps/details?id=com.bharatkhata.erp&hl=en_IN,,,,,,,,,,,,,,,100.0,2026-09-24,All-233 evidence audit completed. Verified label comes from the project's RBI DLA directory sample. Public source locator type: Google Play. Detailed feature values were left blank where the source was not directly verified in this research pass; blank must not be converted to 0.,Pending
Kreditbuddha,Vimanotech India Private Limited,Verified,Listed,https://play.google.com/store/apps/details?id=com.vimanotech.kreditbuddha,https://play.google.com/store/apps/details?id=com.vimanotech.kreditbuddha,,,,,,,,,,,,,,,100.0,2026-09-24,All-233 evidence audit completed. Verified label comes from the project's RBI DLA directory sample. Public source locator type: Google Play. Detailed feature values were left blank where the source was not directly verified in this research pass; blank must not be converted to 0.,Pending
Loanmax,LOANMAX ADVISORY LLP,Verified,Listed,https://play.google.com/store/apps/details?id=com.loanmax&hl=en_IN,https://play.google.com/store/apps/details?id=com.loanmax&hl=en_IN,,,,,,,,,,,,,,,100.0,2026-09-24,All-233 evidence audit completed. Verified label comes from the project's RBI DLA directory sample. Public source locator type: Google Play. Detailed feature values were left blank where the source was not directly verified in this research pass; blank must not be converted to 0.,Pending
Lendingkart: Business Loan App,Lendingkart Technologies private limited,Verified,Listed,https://play.google.com/store/apps/details?id=com.LendingKart,https://play.google.com/store/apps/details?id=com.LendingKart,,,,,,,,,,,,,,,100.0,2026-09-24,All-233 evidence audit completed. Verified label comes from the project's RBI DLA directory sample. Public source locator type: Google Play. Detailed feature values were left blank where the source was not directly verified in this research pass; blank must not be converted to 0.,Pending
PNB Digi Suryaghar,PUNJAB NATIONAL BANK,Verified,Listed,https://digisuryaghar.pnb.in/,https://digisuryaghar.pnb.in/,,,,,,,,,,,,,,,100.0,2026-09-24,All-233 evidence audit completed. Verified label comes from the project's RBI DLA directory sample. Public source locator type: Official / web. Detailed feature values were left blank where the source was not directly verified in this research pass; blank must not be converted to 0.,Pending
KREDBHARAT,TWOMINUTES FINTECH PRIVATE LIMITED,Verified,Listed,https://play.google.com/store/apps/details?id=com.twominutesfintech,https://play.google.com/store/apps/details?id=com.twominutesfintech,,,,,,,,,,,,,,,100.0,2026-09-24,All-233 evidence audit completed. Verified label comes from the project's RBI DLA directory sample. Public source locator type: Google Play. Detailed feature values were left blank where the source was not directly verified in this research pass; blank must not be converted to 0.,Pending
SLiQ App,Valuenable Pvt. Ltd.,Verified,Listed,https://play.google.com/store/apps/details?id=com.valuenable.las,https://play.google.com/store/apps/details?id=com.valuenable.las,,,,,,,,,,,,,,,100.0,2026-09-24,All-233 evidence audit completed. Verified label comes from the project's RBI DLA directory sample. Public source locator type: Google Play. Detailed feature values were left blank where the source was not directly verified in this research pass; blank must not be converted to 0.,Pending
LOAN TAP,LoanTap Financial Technologies Private Limited,Verified,Listed,https://play.google.com/store/apps/details?id=in.loantap.app&hl=en_IN,https://play.google.com/store/apps/details?id=in.loantap.app&hl=en_IN,,,,,,,,,,,,,,,100.0,2026-09-24,All-233 evidence audit completed. Verified label comes from the project's RBI DLA directory sample. Public source locator type: Google Play. Detailed feature values were left blank where the source was not directly verified in this research pass; blank must not be converted to 0.,Pending
Cashvia,GROW MONEY CAPITAL PVT LTD (FORMERLY ECLEAR LEASING & FINANCE PVT LTD),Verified,Listed,https://play.google.com/store/apps/details?id=com.cashvia,https://play.google.com/store/apps/details?id=com.cashvia,,,,,,,,,,,,,,,100.0,2026-09-24,All-233 evidence audit completed. Verified label comes from the project's RBI DLA directory sample. Public source locator type: Google Play. Detailed feature values were left blank where the source was not directly verified in this research pass; blank must not be converted to 0.,Pending
GoCredit,Vijayalakshmi Technology Infinity NKB Private Limited,Verified,Listed,https://play.google.com/store/apps/details?id=money.gocredit.ai,https://play.google.com/store/apps/details?id=money.gocredit.ai,,,,,,,,,,,,,,,100.0,2026-09-24,All-233 evidence audit completed. Verified label comes from the project's RBI DLA directory sample. Public source locator type: Google Play. Detailed feature values were left blank where the source was not directly verified in this research pass; blank must not be converted to 0.,Pending
Khatabook,ADJ Utility Apps Private Limited,Verified,Listed,https://play.google.com/store/apps/details?id=com.vaibhavkalpe.android.khatabook&pcampaignid=web_share,https://play.google.com/store/apps/details?id=com.vaibhavkalpe.android.khatabook&pcampaignid=web_share,,,,,,,,,,,,,,,100.0,2026-09-24,All-233 evidence audit completed. Verified label comes from the project's RBI DLA directory sample. Public source locator type: Google Play. Detailed feature values were left blank where the source was not directly verified in this research pass; blank must not be converted to 0.,Pending
ACHIIEVERS QUICK GOLD LOAN,ACHIIEVERS FINANCE INDIA PRIVATE LIMITED,Verified,Listed,https://play.google.com/store/apps/details?id=com.dimensions.liveloancustomerafil,https://play.google.com/store/apps/details?id=com.dimensions.liveloancustomerafil,,,,,,,,,,,,,,,100.0,2026-09-24,All-233 evidence audit completed. Verified label comes from the project's RBI DLA directory sample. Public source locator type: Google Play. Detailed feature values were left blank where the source was not directly verified in this research pass; blank must not be converted to 0.,Pending
Pice,Nanosecond Technologies Private Limited,Verified,Listed,https://play.google.com/store/apps/details?id=one.pice.pice_business_loan,https://play.google.com/store/apps/details?id=one.pice.pice_business_loan,,,,,,,,,,,,,,,100.0,2026-09-24,All-233 evidence audit completed. Verified label comes from the project's RBI DLA directory sample. Public source locator type: Google Play. Detailed feature values were left blank where the source was not directly verified in this research pass; blank must not be converted to 0.,Pending
PaisaBazaar Application,Paisabazaar Marketing & Consulting Private Limited,Verified,Listed,https://play.google.com/store/apps/details?id=com.paisabazaar,https://play.google.com/store/apps/details?id=com.paisabazaar,,,,,,,,,,,,,,,100.0,2026-09-24,All-233 evidence audit completed. Verified label comes from the project's RBI DLA directory sample. Public source locator type: Google Play. Detailed feature values were left blank where the source was not directly verified in this research pass; blank must not be converted to 0.,Pending
Airtel App,Xtelify Limited,Verified,Listed,https://play.google.com/store/apps/details?id=com.myairtelapp&hl=en_IN&gl=US,https://play.google.com/store/apps/details?id=com.myairtelapp&hl=en_IN&gl=US,,,,,,,,,,,,,,,100.0,2026-09-24,All-233 evidence audit completed. Verified label comes from the project's RBI DLA directory sample. Public source locator type: Google Play. Detailed feature values were left blank where the source was not directly verified in this research pass; blank must not be converted to 0.,Pending
Liquify App,Sumanju Technologies Pvt. Ltd.,Verified,Listed,https://play.google.com/store/apps/details?id=com.liquify,https://play.google.com/store/apps/details?id=com.liquify,,,,,,,,,,,,,,,100.0,2026-09-24,All-233 evidence audit completed. Verified label comes from the project's RBI DLA directory sample. Public source locator type: Google Play. Detailed feature values were left blank where the source was not directly verified in this research pass; blank must not be converted to 0.,Pending
FriendLoan: Business Loan App,SAMPATHI CREDITS PRIVATE LIMITED,Verified,Listed,https://play.google.com/store/apps/details?id=in.fl.ul.lead,https://play.google.com/store/apps/details?id=in.fl.ul.lead,,,,,,,,,,,,,,,100.0,2026-09-24,All-233 evidence audit completed. Verified label comes from the project's RBI DLA directory sample. Public source locator type: Google Play. Detailed feature values were left blank where the source was not directly verified in this research pass; blank must not be converted to 0.,Pending
EmergencyPaisa,Suburban Finance & Investment Private Limited,Verified,Listed,https://play.google.com/store/apps/details?id=com.suburban.emergency_paisa&hl=en_IN,https://play.google.com/store/apps/details?id=com.suburban.emergency_paisa&hl=en_IN,,,,,,,,,,,,,,,100.0,2026-09-24,All-233 evidence audit completed. Verified label comes from the project's RBI DLA directory sample. Public source locator type: Google Play. Detailed feature values were left blank where the source was not directly verified in this research pass; blank must not be converted to 0.,Pending
SalaryMantra,Delviant AI Labs Private Limited,Verified,Listed,https://play.google.com/store/apps/details?id=com.salarymantra.app,https://play.google.com/store/apps/details?id=com.salarymantra.app,,,,,,,,,,,,,,,100.0,2026-09-24,All-233 evidence audit completed. Verified label comes from the project's RBI DLA directory sample. Public source locator type: Google Play. Detailed feature values were left blank where the source was not directly verified in this research pass; blank must not be converted to 0.,Pending
Parkplus ( via Upswing),Parviom Technologies Private Limited (through LSP - Upswing Financial Technologies Private Limited),Verified,Listed,https://886bc.app.link/3YdXY305ilb?_p=c11029cb9f1c65f5e0038cfce8,https://886bc.app.link/3YdXY305ilb?_p=c11029cb9f1c65f5e0038cfce8,,,,,,,,,,,,,,,100.0,2026-09-24,All-233 evidence audit completed. Verified label comes from the project's RBI DLA directory sample. Public source locator type: Official / web. Detailed feature values were left blank where the source was not directly verified in this research pass; blank must not be converted to 0.,Pending
Loantap - Personal Loan App,LoanTap Financial Technologies Pvt. Ltd. (LSP on behalf of I-LOAN CREDIT PRIVATE LIMITED – NBFC),Verified,Listed,https://play.google.com/store/apps/details?id=in.loantap.app,https://play.google.com/store/apps/details?id=in.loantap.app,,,,,,,,,,,,,,,100.0,2026-09-24,All-233 evidence audit completed. Verified label comes from the project's RBI DLA directory sample. Public source locator type: Google Play. Detailed feature values were left blank where the source was not directly verified in this research pass; blank must not be converted to 0.,Pending
LOANZO,FINALOP TRADE LINKS SOLUTIONS PRIVATE LIMITED,Verified,Listed,https://play.google.com/store/apps/details?id=com.finlop.loanzo,https://play.google.com/store/apps/details?id=com.finlop.loanzo,,,,,,,,,,,,,,,100.0,2026-09-24,All-233 evidence audit completed. Verified label comes from the project's RBI DLA directory sample. Public source locator type: Google Play. Detailed feature values were left blank where the source was not directly verified in this research pass; blank must not be converted to 0.,Pending
PaisaCash-Personal Credit,NAPEAN FINVEST PVT. LTD.,Verified,Listed,https://play.google.com/store/apps/details?id=com.paisacash.loan,https://play.google.com/store/apps/details?id=com.paisacash.loan,,,,,,,,,,,,,,,100.0,2026-09-24,All-233 evidence audit completed. Verified label comes from the project's RBI DLA directory sample. Public source locator type: Google Play. Detailed feature values were left blank where the source was not directly verified in this research pass; blank must not be converted to 0.,Pending
Mobile Banking,My Card Solutions Pvt Ltd,Verified,Listed,Play Store - Excellent Co-op Bank Ltd,Play Store - Excellent Co-op Bank Ltd,,,,,,,,,,,,,,,100.0,2026-09-24,All-233 evidence audit completed. Verified label comes from the project's RBI DLA directory sample. Public source locator type: Non-URL source text. Detailed feature values were left blank where the source was not directly verified in this research pass; blank must not be converted to 0.,Pending
Finshell Pay,Growhiz Technologies Pvt Ltd,Verified,Listed,https://play.google.com/store/search?q=finshell&c=apps&hl=en,https://play.google.com/store/search?q=finshell&c=apps&hl=en,,,,,,,,,,,,,,,100.0,2026-09-24,All-233 evidence audit completed. Verified label comes from the project's RBI DLA directory sample. Public source locator type: Google Play. Detailed feature values were left blank where the source was not directly verified in this research pass; blank must not be converted to 0.,Pending
Credit Mines,MAHAN INDUSTRIES LIMITED,Verified,Listed,https://play.google.com/store/apps/details?id=com.creditmines&pcampaignid=web_share,https://play.google.com/store/apps/details?id=com.creditmines&pcampaignid=web_share,,,,,,,,,,,,,,,100.0,2026-09-24,All-233 evidence audit completed. Verified label comes from the project's RBI DLA directory sample. Public source locator type: Google Play. Detailed feature values were left blank where the source was not directly verified in this research pass; blank must not be converted to 0.,Pending
Titan Fincorp,Vimanotech India Private Limited,Verified,Listed,https://play.google.com/store/apps/details?id=com.vimanotech.titanfincorp,https://play.google.com/store/apps/details?id=com.vimanotech.titanfincorp,,,,,,,,,,,,,,,100.0,2026-09-24,All-233 evidence audit completed. Verified label comes from the project's RBI DLA directory sample. Public source locator type: Google Play. Detailed feature values were left blank where the source was not directly verified in this research pass; blank must not be converted to 0.,Pending
IRIS,YES BANK LTD.,Verified,Listed,https://apps.apple.com/in/app/iris-by-yes-bank-mobile-app/id1575064171,https://apps.apple.com/in/app/iris-by-yes-bank-mobile-app/id1575064171,,,,,,,,,,,,,,,100.0,2026-09-24,All-233 evidence audit completed. Verified label comes from the project's RBI DLA directory sample. Public source locator type: Apple App Store. Detailed feature values were left blank where the source was not directly verified in this research pass; blank must not be converted to 0.,Pending
Flexipayment,Value Growth Fintech Solutions Private Limited,Verified,Listed,https://app.flexipayment.in/scf,https://app.flexipayment.in/scf,,,,,,,,,,,,,,,100.0,2026-09-24,All-233 evidence audit completed. Verified label comes from the project's RBI DLA directory sample. Public source locator type: Official / web. Detailed feature values were left blank where the source was not directly verified in this research pass; blank must not be converted to 0.,Pending
YES Race,YES BANK LTD.,Verified,Listed,https://www.yes.bank.in/yes-bank-loans/loan-in-seconds,https://www.yes.bank.in/yes-bank-loans/loan-in-seconds,,,,,,,,,,,,,,,100.0,2026-09-24,All-233 evidence audit completed. Verified label comes from the project's RBI DLA directory sample. Public source locator type: Official / web. Detailed feature values were left blank where the source was not directly verified in this research pass; blank must not be converted to 0.,Pending
DigitMoney,DigitMoney Technologies Private Limited,Verified,Listed,https://digitmoney.in/,https://digitmoney.in/,,,,,,,,,,,,,,,100.0,2026-09-24,All-233 evidence audit completed. Verified label comes from the project's RBI DLA directory sample. Public source locator type: Official / web. Detailed feature values were left blank where the source was not directly verified in this research pass; blank must not be converted to 0.,Pending
"INDmoney: Stocks, Mutual funds",FINZOOMERS SERVICES PRIVATE LIMITED,Verified,Listed,https://apps.apple.com/in/app/indmoney-stocks-mutual-fund/id1450178837,https://apps.apple.com/in/app/indmoney-stocks-mutual-fund/id1450178837,,,,,,,,,,,,,,,100.0,2026-09-24,All-233 evidence audit completed. Verified label comes from the project's RBI DLA directory sample. Public source locator type: Apple App Store. Detailed feature values were left blank where the source was not directly verified in this research pass; blank must not be converted to 0.,Pending
Pre Approved Personal Loan,PUNJAB NATIONAL BANK,Verified,Listed,https://instaloans.pnb.bank.in/personal-loan/verify-customer#!,https://instaloans.pnb.bank.in/personal-loan/verify-customer#!,,,,,,,,,,,,,,,100.0,2026-09-24,All-233 evidence audit completed. Verified label comes from the project's RBI DLA directory sample. Public source locator type: Official / web. Detailed feature values were left blank where the source was not directly verified in this research pass; blank must not be converted to 0.,Pending
Rupee Raftar,NAMAN FINLEASE PVT. LTD.,Verified,Listed,https://rupeeraftaar.com/,https://rupeeraftaar.com/,,,,,,,,,,,,,,,100.0,2026-09-24,All-233 evidence audit completed. Verified label comes from the project's RBI DLA directory sample. Public source locator type: Official / web. Detailed feature values were left blank where the source was not directly verified in this research pass; blank must not be converted to 0.,Pending
CreditMitra,Samcint Solutins Private Limited,Verified,Listed,To be made available once it is live in App store,To be made available once it is live in App store,,,,,,,,,,,,,,,100.0,2026-09-24,All-233 evidence audit completed. Verified label comes from the project's RBI DLA directory sample. Public source locator type: Non-URL source text. Detailed feature values were left blank where the source was not directly verified in this research pass; blank must not be converted to 0.,Pending
BFL Website,BAJAJ FINANCE LTD.,Verified,Listed,www.bajajfinserv.in,www.bajajfinserv.in,,,,,,,,,,,,,,,100.0,2026-09-24,All-233 evidence audit completed. Verified label comes from the project's RBI DLA directory sample. Public source locator type: Official / web. Detailed feature values were left blank where the source was not directly verified in this research pass; blank must not be converted to 0.,Pending
Expessoloan,Fintech Cloud Private Limited,Verified,Listed,https://expressoloan.com/,https://expressoloan.com/,,,,,,,,,,,,,,,100.0,2026-09-24,All-233 evidence audit completed. Verified label comes from the project's RBI DLA directory sample. Public source locator type: Official / web. Detailed feature values were left blank where the source was not directly verified in this research pass; blank must not be converted to 0.,Pending
Edufin,Advansure tech Pvt Ltd* (No fresh sourcing from LSP arrangement),Verified,Listed,https://www.edufin.in,https://www.edufin.in,,,,,,,,,,,,,,,100.0,2026-09-24,All-233 evidence audit completed. Verified label comes from the project's RBI DLA directory sample. Public source locator type: Official / web. Detailed feature values were left blank where the source was not directly verified in this research pass; blank must not be converted to 0.,Pending
E-Platform,BANK OF INDIA,Verified,Listed,https://staraks.bankofindia.bank.in,https://staraks.bankofindia.bank.in,,,,,,,,,,,,,,,100.0,2026-09-24,All-233 evidence audit completed. Verified label comes from the project's RBI DLA directory sample. Public source locator type: Official / web. Detailed feature values were left blank where the source was not directly verified in this research pass; blank must not be converted to 0.,Pending
Loan Doc,Nexupport Services Private Limited,Verified,Listed,https://www.loandock.co.in/,https://www.loandock.co.in/,,,,,,,,,,,,,,,100.0,2026-09-24,All-233 evidence audit completed. Verified label comes from the project's RBI DLA directory sample. Public source locator type: Official / web. Detailed feature values were left blank where the source was not directly verified in this research pass; blank must not be converted to 0.,Pending
"Fibe Quick, Easy Personal Loan",Social Worth Technologies Ltd,Verified,Listed,Fibe Instant Personal Loan App on the??App Store?,Fibe Instant Personal Loan App on the??App Store?,,,,,,,,,,,,,,,100.0,2026-09-24,All-233 evidence audit completed. Verified label comes from the project's RBI DLA directory sample. Public source locator type: Non-URL source text. Detailed feature values were left blank where the source was not directly verified in this research pass; blank must not be converted to 0.,Pending
KreditBee - Instant Personal Loan Online,Finnovation Tech Solutions Private Limited,Verified,Listed,https://global.app.mi.com/details?lo=IN&la=en_US&id=com.kreditbee.android,https://global.app.mi.com/details?lo=IN&la=en_US&id=com.kreditbee.android,,,,,,,,,,,,,,,100.0,2026-09-24,All-233 evidence audit completed. Verified label comes from the project's RBI DLA directory sample. Public source locator type: Official / web. Detailed feature values were left blank where the source was not directly verified in this research pass; blank must not be converted to 0.,Pending
Bank's website,IDBI Bank Ltd,Verified,Listed,www.idbibank.in/personal-loan.aspx,www.idbibank.in/personal-loan.aspx,,,,,,,,,,,,,,,100.0,2026-09-24,All-233 evidence audit completed. Verified label comes from the project's RBI DLA directory sample. Public source locator type: Official / web. Detailed feature values were left blank where the source was not directly verified in this research pass; blank must not be converted to 0.,Pending
IndiaLends - Instant Loan App,GC Web Ventures Private Limited,Verified,Listed,https://apps.apple.com/us/app/indialends-instant-loan-app/id1163514601,https://apps.apple.com/us/app/indialends-instant-loan-app/id1163514601,,,,,,,,,,,,,,,100.0,2026-09-24,All-233 evidence audit completed. Verified label comes from the project's RBI DLA directory sample. Public source locator type: Apple App Store. Detailed feature values were left blank where the source was not directly verified in this research pass; blank must not be converted to 0.,Pending
PaapaPay,Tempora Mutantur Private Limited,Verified,Listed,https://paapapay.in,https://paapapay.in,,,,,,,,,,,,,,,100.0,2026-09-24,All-233 evidence audit completed. Verified label comes from the project's RBI DLA directory sample. Public source locator type: Official / web. Detailed feature values were left blank where the source was not directly verified in this research pass; blank must not be converted to 0.,Pending
PennyDrop,SHANKAR FININVEST (P) LTD.,Verified,Listed,www.pennydrop.in,www.pennydrop.in,,,,,,,,,,,,,,,100.0,2026-09-24,All-233 evidence audit completed. Verified label comes from the project's RBI DLA directory sample. Public source locator type: Official / web. Detailed feature values were left blank where the source was not directly verified in this research pass; blank must not be converted to 0.,Pending
Navi Finserv Limited,Navi Finserv Limited,Verified,Listed,http://navi.com/pl,http://navi.com/pl,,,,,,,,,,,,,,,100.0,2026-09-24,All-233 evidence audit completed. Verified label comes from the project's RBI DLA directory sample. Public source locator type: Official / web. Detailed feature values were left blank where the source was not directly verified in this research pass; blank must not be converted to 0.,Pending
Leo 1,Gajju Technologies Private Limited* (No fresh sourcing from LSP arrangement),Verified,Listed,https://www.leo1.in,https://www.leo1.in,,,,,,,,,,,,,,,100.0,2026-09-24,All-233 evidence audit completed. Verified label comes from the project's RBI DLA directory sample. Public source locator type: Official / web. Detailed feature values were left blank where the source was not directly verified in this research pass; blank must not be converted to 0.,Pending
Salary Setu,AMPIRE FINANCE PRIVATE LIMITED (EARLIER KNOWN AS MAULESH INVESTMENTS PRIVATE LIMITED),Verified,Listed,https://salarysetu.com/,https://salarysetu.com/,,,,,,,,,,,,,,,100.0,2026-09-24,All-233 evidence audit completed. Verified label comes from the project's RBI DLA directory sample. Public source locator type: Official / web. Detailed feature values were left blank where the source was not directly verified in this research pass; blank must not be converted to 0.,Pending
Truepay,JAIN FINSCAP PRIVATE LIMITED,Verified,Listed,https://jain-fintech-assets.s3.us-east-1.amazonaws.com/Application/Truepay.apk,https://jain-fintech-assets.s3.us-east-1.amazonaws.com/Application/Truepay.apk,,,,,,,,,,,,,,,100.0,2026-09-24,All-233 evidence audit completed. Verified label comes from the project's RBI DLA directory sample. Public source locator type: Official / web. Detailed feature values were left blank where the source was not directly verified in this research pass; blank must not be converted to 0.,Pending
"Smallcase: Stocks, MFs, FDs App",Essential Investment Managers Pvt. Ltd.,Verified,Listed,https://apps.apple.com/in/app/smallcase-stocks-mfs-fds/id1345309437,https://apps.apple.com/in/app/smallcase-stocks-mfs-fds/id1345309437,,,,,,,,,,,,,,,100.0,2026-09-24,All-233 evidence audit completed. Verified label comes from the project's RBI DLA directory sample. Public source locator type: Apple App Store. Detailed feature values were left blank where the source was not directly verified in this research pass; blank must not be converted to 0.,Pending
Monedo Financial Services Private Limited,Monedo Financial services private Limited,Verified,Listed,not.applicable,not.applicable,,,,,,,,,,,,,,,100.0,2026-09-24,All-233 evidence audit completed. Verified label comes from the project's RBI DLA directory sample. Public source locator type: Non-URL source text. Detailed feature values were left blank where the source was not directly verified in this research pass; blank must not be converted to 0.,Pending
Fast Paisa,AMPIRE FINANCE PRIVATE LIMITED( FORMERLY KNOWN AS MAULESH INVESTMENT PRIVATE LTD),Verified,Listed,https://fastpaise.in/,https://fastpaise.in/,,,,,,,,,,,,,,,100.0,2026-09-24,All-233 evidence audit completed. Verified label comes from the project's RBI DLA directory sample. Public source locator type: Official / web. Detailed feature values were left blank where the source was not directly verified in this research pass; blank must not be converted to 0.,Pending
Bitrocket by CheQ,Bitrocket Labs Private Limited,Verified,Listed,https://cheq.onelink.me/3UIC/kqzbhgy0,https://cheq.onelink.me/3UIC/kqzbhgy0,,,,,,,,,,,,,,,100.0,2026-09-24,All-233 evidence audit completed. Verified label comes from the project's RBI DLA directory sample. Public source locator type: Official / web. Detailed feature values were left blank where the source was not directly verified in this research pass; blank must not be converted to 0.,Pending
Myinstafunds,B.P. SECURITIES (INDIA) PVT. LTD.,Verified,Listed,https://www.myinstafunds.com/,https://www.myinstafunds.com/,,,,,,,,,,,,,,,100.0,2026-09-24,All-233 evidence audit completed. Verified label comes from the project's RBI DLA directory sample. Public source locator type: Official / web. Detailed feature values were left blank where the source was not directly verified in this research pass; blank must not be converted to 0.,Pending
Aspire Fintech Private Limited (Web based paltform),Aspire Fintech Private Limited,Verified,Listed,apply.letsaspire.in,apply.letsaspire.in,,,,,,,,,,,,,,,100.0,2026-09-24,All-233 evidence audit completed. Verified label comes from the project's RBI DLA directory sample. Public source locator type: Non-URL source text. Detailed feature values were left blank where the source was not directly verified in this research pass; blank must not be converted to 0.,Pending
Jodo?,Bharosepe Technology Services Pvt Ltd.* (No fresh sourcing from LSP arrangement),Verified,Listed,https://www.jodo.in,https://www.jodo.in,,,,,,,,,,,,,,,100.0,2026-09-24,All-233 evidence audit completed. Verified label comes from the project's RBI DLA directory sample. Public source locator type: Official / web. Detailed feature values were left blank where the source was not directly verified in this research pass; blank must not be converted to 0.,Pending
Credfin: Instant Personal Loans,Credfin Services Private Limited,Verified,Listed,https://play.google.com/store/apps/details?id=com.credfin.money,https://play.google.com/store/apps/details?id=com.credfin.money,,,,,,,,,,,,,,,100.0,2026-09-24,All-233 evidence audit completed. Verified label comes from the project's RBI DLA directory sample. Public source locator type: Google Play. Detailed feature values were left blank where the source was not directly verified in this research pass; blank must not be converted to 0.,Pending
Buddy Loan,Bvalue Services Private Limited,Verified,Listed,https://www.buddyloan.com/,https://www.buddyloan.com/,,,,,,,,,,,,,,,100.0,2026-09-24,All-233 evidence audit completed. Verified label comes from the project's RBI DLA directory sample. Public source locator type: Official / web. Detailed feature values were left blank where the source was not directly verified in this research pass; blank must not be converted to 0.,Pending
RupyMart,Rupymart Tech Private Limited,Verified,Listed,https://rupymart.com,https://rupymart.com,,,,,,,,,,,,,,,100.0,2026-09-24,All-233 evidence audit completed. Verified label comes from the project's RBI DLA directory sample. Public source locator type: Official / web. Detailed feature values were left blank where the source was not directly verified in this research pass; blank must not be converted to 0.,Pending
Manipal Fintech - Loan App,Manipal Fintech Private Limited,Verified,Listed,,,,,,,,,,,,,,,,,100.0,2026-09-24,All-233 evidence audit completed. Verified label comes from the project's RBI DLA directory sample. Public source locator type: Missing source. Detailed feature values were left blank where the source was not directly verified in this research pass; blank must not be converted to 0.,Pending
ZET,ZET Technolabs Private Limited,Verified,Listed,https://apps.apple.com/in/app/zet-build-your-credit-score/id6736613540,https://apps.apple.com/in/app/zet-build-your-credit-score/id6736613540,,,,,,,,,,,,,,,100.0,2026-09-24,All-233 evidence audit completed. Verified label comes from the project's RBI DLA directory sample. Public source locator type: Apple App Store. Detailed feature values were left blank where the source was not directly verified in this research pass; blank must not be converted to 0.,Pending
QuickPaisa Fintech Private Limited,QuickPaisa Fintech Private Limited,Verified,Listed,https://apps.apple.com/in/app/quickpaisa-get-loan-get-reward/id6752324494,https://apps.apple.com/in/app/quickpaisa-get-loan-get-reward/id6752324494,,,,,,,,,,,,,,,100.0,2026-09-24,All-233 evidence audit completed. Verified label comes from the project's RBI DLA directory sample. Public source locator type: Apple App Store. Detailed feature values were left blank where the source was not directly verified in this research pass; blank must not be converted to 0.,Pending
One Andro,Andromeda Sales and Distribution Private Limited,Verified,Listed,https://apps.apple.com/in/app/oneandro-loans-insurance/id6478778926,https://apps.apple.com/in/app/oneandro-loans-insurance/id6478778926,,,,,,,,,,,,,,,100.0,2026-09-24,All-233 evidence audit completed. Verified label comes from the project's RBI DLA directory sample. Public source locator type: Apple App Store. Detailed feature values were left blank where the source was not directly verified in this research pass; blank must not be converted to 0.,Pending
Apply for Credit Card,PUNJAB NATIONAL BANK,Verified,Listed,https://apply.creditcard.pnb.bank.in,https://apply.creditcard.pnb.bank.in,,,,,,,,,,,,,,,100.0,2026-09-24,All-233 evidence audit completed. Verified label comes from the project's RBI DLA directory sample. Public source locator type: Official / web. Detailed feature values were left blank where the source was not directly verified in this research pass; blank must not be converted to 0.,Pending
Ananda Dairy Limited,ANANDA DAIRY LIMITED,Verified,Listed,https://ananda.in,https://ananda.in,,,,,,,,,,,,,,,100.0,2026-09-24,All-233 evidence audit completed. Verified label comes from the project's RBI DLA directory sample. Public source locator type: Official / web. Detailed feature values were left blank where the source was not directly verified in this research pass; blank must not be converted to 0.,Pending
MyMoneyMantra: Loans & Cards,MyMoneyMantra Fintech Private Limited,Verified,Listed,https://apps.apple.com/in/app/mymoneymantra-loans-cards/id1568452714,https://apps.apple.com/in/app/mymoneymantra-loans-cards/id1568452714,,,,,,,,,,,,,,,100.0,2026-09-24,All-233 evidence audit completed. Verified label comes from the project's RBI DLA directory sample. Public source locator type: Apple App Store. Detailed feature values were left blank where the source was not directly verified in this research pass; blank must not be converted to 0.,Pending
Suvron,Shantilekh Global Technology Private Limited,Verified,Listed,to be published,to be published,,,,,,,,,,,,,,,100.0,2026-09-24,All-233 evidence audit completed. Verified label comes from the project's RBI DLA directory sample. Public source locator type: Non-URL source text. Detailed feature values were left blank where the source was not directly verified in this research pass; blank must not be converted to 0.,Pending
Moneycontrolpay,Moneycontrol Dot Com India Limited,Verified,Listed,https://www.moneycontrolpay.com/,https://www.moneycontrolpay.com/,,,,,,,,,,,,,,,100.0,2026-09-24,All-233 evidence audit completed. Verified label comes from the project's RBI DLA directory sample. Public source locator type: Official / web. Detailed feature values were left blank where the source was not directly verified in this research pass; blank must not be converted to 0.,Pending
Digital Lending Platform,Canara Bank,Verified,Listed,https://portal.digiloans.canarabank.in/LoanPortal/,https://portal.digiloans.canarabank.in/LoanPortal/,,,,,,,,,,,,,,,100.0,2026-09-24,All-233 evidence audit completed. Verified label comes from the project's RBI DLA directory sample. Public source locator type: Official / web. Detailed feature values were left blank where the source was not directly verified in this research pass; blank must not be converted to 0.,Pending
PM Vidya Laxmi,Canara Bank,Verified,Listed,https://pmvidyalaxmi.co.in/,https://pmvidyalaxmi.co.in/,,,,,,,,,,,,,,,100.0,2026-09-24,All-233 evidence audit completed. Verified label comes from the project's RBI DLA directory sample. Public source locator type: Official / web. Detailed feature values were left blank where the source was not directly verified in this research pass; blank must not be converted to 0.,Pending
"PhonePe: UPI, Payments, Recharge",PHONEPE LENDING SERVICES PRIVATE LIMITED,Verified,Listed,https://apps.apple.com/in/app/phonepe-secure-payments-app/id1170055821,https://apps.apple.com/in/app/phonepe-secure-payments-app/id1170055821,,,,,,,,,,,,,,,100.0,2026-09-24,All-233 evidence audit completed. Verified label comes from the project's RBI DLA directory sample. Public source locator type: Apple App Store. Detailed feature values were left blank where the source was not directly verified in this research pass; blank must not be converted to 0.,Pending
Flipkart App,Flipkart Internet Private Limited(DLA),Verified,Listed,https://apps.apple.com/in/app/flipkart-online-shopping-app/id742044692,https://apps.apple.com/in/app/flipkart-online-shopping-app/id742044692,,,,,,,,,,,,,,,100.0,2026-09-24,All-233 evidence audit completed. Verified label comes from the project's RBI DLA directory sample. Public source locator type: Apple App Store. Detailed feature values were left blank where the source was not directly verified in this research pass; blank must not be converted to 0.,Pending
PAISA UDHAR,JUNOON CAPITAL SERVICES (P) LTD.,Verified,Listed,https://www.paisaudhar.com,https://www.paisaudhar.com,,,,,,,,,,,,,,,100.0,2026-09-24,All-233 evidence audit completed. Verified label comes from the project's RBI DLA directory sample. Public source locator type: Official / web. Detailed feature values were left blank where the source was not directly verified in this research pass; blank must not be converted to 0.,Pending
Dhanrishi,Fintech Cloud Private Limited,Verified,Listed,https://dhanrishi.com/,https://dhanrishi.com/,,,,,,,,,,,,,,,100.0,2026-09-24,All-233 evidence audit completed. Verified label comes from the project's RBI DLA directory sample. Public source locator type: Official / web. Detailed feature values were left blank where the source was not directly verified in this research pass; blank must not be converted to 0.,Pending
Lionlender-Loan App,Lionlender Finance Private Limited,Verified,Listed,https://lionlender.in/,https://lionlender.in/,,,,,,,,,,,,,,,100.0,2026-09-24,All-233 evidence audit completed. Verified label comes from the project's RBI DLA directory sample. Public source locator type: Official / web. Detailed feature values were left blank where the source was not directly verified in this research pass; blank must not be converted to 0.,Pending
PQPL,BANK OF MAHARASHTRA,Verified,Listed,https://bomdigitalloans.bankofmaharashtra.bank.in/#/layout/papl/login?bom,https://bomdigitalloans.bankofmaharashtra.bank.in/#/layout/papl/login?bom,,,,,,,,,,,,,,,100.0,2026-09-24,All-233 evidence audit completed. Verified label comes from the project's RBI DLA directory sample. Public source locator type: Official / web. Detailed feature values were left blank where the source was not directly verified in this research pass; blank must not be converted to 0.,Pending
ActLoan,,Risky,Not listed (exact-name check against project RBI copy),https://www.rbi.org.in/scripts/FS_PressRelease.aspx?prid=57801,,,,,,,,,,,,,,,,93.3,2026-09-24,"Label evidence reviewed: RBI enforcement press release dated 2024-04-29 names this app among Acemoney (India) Limited digital lending services. Current project RBI directory exact-name check is Not listed. Public app metadata was not confidently matched, so feature cells remain blank rather than guessed.",Pending
AgMoney,,Risky,Not listed (exact-name check against project RBI copy),https://www.rbi.org.in/scripts/FS_PressRelease.aspx?prid=57801,,,,,,,,,,,,,,,,82.4,2026-09-24,"Label evidence reviewed: RBI enforcement press release dated 2024-04-29 names this app among Acemoney (India) Limited digital lending services. Current project RBI directory exact-name check is Not listed. Public app metadata was not confidently matched, so feature cells remain blank rather than guessed.",Pending
NiceCash,,Risky,Not listed (exact-name check against project RBI copy),https://www.rbi.org.in/scripts/FS_PressRelease.aspx?prid=57801,,,,,,,,,,,,,,,,80.0,2026-09-24,"Label evidence reviewed: RBI enforcement press release dated 2024-04-29 names this app among Acemoney (India) Limited digital lending services. Current project RBI directory exact-name check is Not listed. Public app metadata was not confidently matched, so feature cells remain blank rather than guessed.",Pending
CashLender,,Risky,Not listed (exact-name check against project RBI copy),https://www.rbi.org.in/scripts/FS_PressRelease.aspx?prid=57801,,,,,,,,,,,,,,,,80.0,2026-09-24,"Label evidence reviewed: RBI enforcement press release dated 2024-04-29 names this app among Acemoney (India) Limited digital lending services. Current project RBI directory exact-name check is Not listed. Public app metadata was not confidently matched, so feature cells remain blank rather than guessed.",Pending
QuickRupee,,Risky,Not listed (exact-name check against project RBI copy),https://www.rbi.org.in/scripts/FS_PressRelease.aspx?prid=57801,,,,,,,,,,,,,,,,81.8,2026-09-24,"Label evidence reviewed: RBI enforcement press release dated 2024-04-29 names this app among Acemoney (India) Limited digital lending services. Current project RBI directory exact-name check is Not listed. Public app metadata was not confidently matched, so feature cells remain blank rather than guessed.",Pending
leading cash,,Risky,Not listed (exact-name check against project RBI copy),https://www.rbi.org.in/scripts/FS_PressRelease.aspx?prid=57801,,,,,,,,,,,,,,,,85.5,2026-09-24,"Label evidence reviewed: RBI enforcement press release dated 2024-04-29 names this app among Acemoney (India) Limited digital lending services. Current project RBI directory exact-name check is Not listed. Public app metadata was not confidently matched, so feature cells remain blank rather than guessed.",Pending
TopCash,,Risky,Not listed (exact-name check against project RBI copy),https://www.rbi.org.in/scripts/FS_PressRelease.aspx?prid=57801,,,,,,,,,,,,,,,,77.1,2026-09-24,"Label evidence reviewed: RBI enforcement press release dated 2024-04-29 names this app among Acemoney (India) Limited digital lending services. Current project RBI directory exact-name check is Not listed. Public app metadata was not confidently matched, so feature cells remain blank rather than guessed.",Pending
CreditEasy,,Risky,Not listed (exact-name check against project RBI copy),https://www.rbi.org.in/scripts/FS_PressRelease.aspx?prid=57801,,,,,,,,,,,,,,,,90.0,2026-09-24,"Label evidence reviewed: RBI enforcement press release dated 2024-04-29 names this app among Acemoney (India) Limited digital lending services. Current project RBI directory exact-name check is Not listed. Public app metadata was not confidently matched, so feature cells remain blank rather than guessed.",Pending
InhanCash,,Risky,Not listed (exact-name check against project RBI copy),https://www.rbi.org.in/scripts/FS_PressRelease.aspx?prid=57801,,,,,,,,,,,,,,,,82.4,2026-09-24,"Label evidence reviewed: RBI enforcement press release dated 2024-04-29 names this app among Acemoney (India) Limited digital lending services. Current project RBI directory exact-name check is Not listed. Public app metadata was not confidently matched, so feature cells remain blank rather than guessed.",Pending
KeyBorrow,,Risky,Not listed (exact-name check against project RBI copy),https://www.rbi.org.in/scripts/FS_PressRelease.aspx?prid=57801,,,,,,,,,,,,,,,,70.6,2026-09-24,"Label evidence reviewed: RBI enforcement press release dated 2024-04-29 names this app among Acemoney (India) Limited digital lending services. Current project RBI directory exact-name check is Not listed. Public app metadata was not confidently matched, so feature cells remain blank rather than guessed.",Pending
Rushloan,,Risky,Not listed (exact-name check against project RBI copy),https://www.rbi.org.in/scripts/FS_PressRelease.aspx?prid=57801,,,,,,,,,,,,,,,,80.0,2026-09-24,"Label evidence reviewed: RBI enforcement press release dated 2024-04-29 names this app among Acemoney (India) Limited digital lending services. Current project RBI directory exact-name check is Not listed. Public app metadata was not confidently matched, so feature cells remain blank rather than guessed.",Pending
CaymanCash,,Risky,Not listed (exact-name check against project RBI copy),https://www.rbi.org.in/scripts/FS_PressRelease.aspx?prid=57801,,,,,,,,,,,,,,,,80.0,2026-09-24,"Label evidence reviewed: RBI enforcement press release dated 2024-04-29 names this app among Acemoney (India) Limited digital lending services. Current project RBI directory exact-name check is Not listed. Public app metadata was not confidently matched, so feature cells remain blank rather than guessed.",Pending
Loan Union,,Risky,Not listed (exact-name check against project RBI copy),https://www.rbi.org.in/scripts/FS_PressRelease.aspx?prid=57801,,,,,,,,,,,,,,,,85.5,2026-09-24,"Label evidence reviewed: RBI enforcement press release dated 2024-04-29 names this app among Acemoney (India) Limited digital lending services. Current project RBI directory exact-name check is Not listed. Public app metadata was not confidently matched, so feature cells remain blank rather than guessed.",Pending
instant loan,,Risky,Not listed (exact-name check against project RBI copy),https://www.rbi.org.in/scripts/FS_PressRelease.aspx?prid=57801,,,,,,,,,,,,,,,,90.0,2026-09-24,"Label evidence reviewed: RBI enforcement press release dated 2024-04-29 names this app among Acemoney (India) Limited digital lending services. Current project RBI directory exact-name check is Not listed. Public app metadata was not confidently matched, so feature cells remain blank rather than guessed.",Pending
Urupee,,Risky,Not listed (exact-name check against project RBI copy),https://www.rbi.org.in/scripts/FS_PressRelease.aspx?prid=57801,,,,,,,,,,,,,,,,83.3,2026-09-24,"Label evidence reviewed: RBI enforcement press release dated 2024-04-29 names this app among Acemoney (India) Limited digital lending services. Current project RBI directory exact-name check is Not listed. Public app metadata was not confidently matched, so feature cells remain blank rather than guessed.",Pending
CashYes,,Risky,Not listed (exact-name check against project RBI copy),https://www.rbi.org.in/scripts/FS_PressRelease.aspx?prid=57801,,,,,,,,,,,,,,,,83.3,2026-09-24,"Label evidence reviewed: RBI enforcement press release dated 2024-04-29 names this app among Acemoney (India) Limited digital lending services. Current project RBI directory exact-name check is Not listed. Public app metadata was not confidently matched, so feature cells remain blank rather than guessed.",Pending
RupeeUp,,Risky,Not listed (exact-name check against project RBI copy),https://www.rbi.org.in/scripts/FS_PressRelease.aspx?prid=57801,,,,,,,,,,,,,,,,77.1,2026-09-24,"Label evidence reviewed: RBI enforcement press release dated 2024-04-29 names this app among Acemoney (India) Limited digital lending services. Current project RBI directory exact-name check is Not listed. Public app metadata was not confidently matched, so feature cells remain blank rather than guessed.",Pending
RupeeYes,,Risky,Not listed (exact-name check against project RBI copy),https://www.rbi.org.in/scripts/FS_PressRelease.aspx?prid=57801,,,,,,,,,,,,,,,,71.4,2026-09-24,"Label evidence reviewed: RBI enforcement press release dated 2024-04-29 names this app among Acemoney (India) Limited digital lending services. Current project RBI directory exact-name check is Not listed. Public app metadata was not confidently matched, so feature cells remain blank rather than guessed.",Pending
Cashfull,,Risky,Not listed (exact-name check against project RBI copy),https://www.rbi.org.in/scripts/FS_PressRelease.aspx?prid=57801,,,,,,,,,,,,,,,,80.0,2026-09-24,"Label evidence reviewed: RBI enforcement press release dated 2024-04-29 names this app among Acemoney (India) Limited digital lending services. Current project RBI directory exact-name check is Not listed. Public app metadata was not confidently matched, so feature cells remain blank rather than guessed.",Pending
Dreamloan,,Risky,Not listed (exact-name check against project RBI copy),https://www.rbi.org.in/scripts/FS_PressRelease.aspx?prid=57801,,,,,,,,,,,,,,,,73.7,2026-09-24,"Label evidence reviewed: RBI enforcement press release dated 2024-04-29 names this app among Acemoney (India) Limited digital lending services. Current project RBI directory exact-name check is Not listed. Public app metadata was not confidently matched, so feature cells remain blank rather than guessed.",Pending
Grandloan,,Risky,Not listed (exact-name check against project RBI copy),https://www.rbi.org.in/scripts/FS_PressRelease.aspx?prid=57801,,,,,,,,,,,,,,,,73.7,2026-09-24,"Label evidence reviewed: RBI enforcement press release dated 2024-04-29 names this app among Acemoney (India) Limited digital lending services. Current project RBI directory exact-name check is Not listed. Public app metadata was not confidently matched, so feature cells remain blank rather than guessed.",Pending
HopeLoan,,Risky,Not listed (exact-name check against project RBI copy),https://www.rbi.org.in/scripts/FS_PressRelease.aspx?prid=57801,,,,,,,,,,,,,,,,72.0,2026-09-24,"Label evidence reviewed: RBI enforcement press release dated 2024-04-29 names this app among Acemoney (India) Limited digital lending services. Current project RBI directory exact-name check is Not listed. Public app metadata was not confidently matched, so feature cells remain blank rather than guessed.",Pending
KreditLoan,,Risky,Not listed (exact-name check against project RBI copy),https://www.rbi.org.in/scripts/FS_PressRelease.aspx?prid=57801,,,,,,,,,,,,,,,,81.0,2026-09-24,"Label evidence reviewed: RBI enforcement press release dated 2024-04-29 names this app among Acemoney (India) Limited digital lending services. Current project RBI directory exact-name check is Not listed. Public app metadata was not confidently matched, so feature cells remain blank rather than guessed.",Pending
Leloloan,,Risky,Not listed (exact-name check against project RBI copy),https://www.rbi.org.in/scripts/FS_PressRelease.aspx?prid=57801,,,,,,,,,,,,,,,,72.0,2026-09-24,"Label evidence reviewed: RBI enforcement press release dated 2024-04-29 names this app among Acemoney (India) Limited digital lending services. Current project RBI directory exact-name check is Not listed. Public app metadata was not confidently matched, so feature cells remain blank rather than guessed.",Pending
LendNow,,Risky,Not listed (exact-name check against project RBI copy),https://www.rbi.org.in/scripts/FS_PressRelease.aspx?prid=57801,,,,,,,,,,,,,,,,69.2,2026-09-24,"Label evidence reviewed: RBI enforcement press release dated 2024-04-29 names this app among Acemoney (India) Limited digital lending services. Current project RBI directory exact-name check is Not listed. Public app metadata was not confidently matched, so feature cells remain blank rather than guessed.",Pending
PunchMoney,,Risky,Not listed (exact-name check against project RBI copy),https://www.rbi.org.in/scripts/FS_PressRelease.aspx?prid=57801,,,,,,,,,,,,,,,,81.8,2026-09-24,"Label evidence reviewed: RBI enforcement press release dated 2024-04-29 names this app among Acemoney (India) Limited digital lending services. Current project RBI directory exact-name check is Not listed. Public app metadata was not confidently matched, so feature cells remain blank rather than guessed.",Pending
RocLoan,,Risky,Not listed (exact-name check against project RBI copy),https://www.rbi.org.in/scripts/FS_PressRelease.aspx?prid=57801,,,,,,,,,,,,,,,,77.1,2026-09-24,"Label evidence reviewed: RBI enforcement press release dated 2024-04-29 names this app among Acemoney (India) Limited digital lending services. Current project RBI directory exact-name check is Not listed. Public app metadata was not confidently matched, so feature cells remain blank rather than guessed.",Pending
HavCash,,Risky,Not listed (exact-name check against project RBI copy),https://www.rbi.org.in/scripts/FS_PressRelease.aspx?prid=57801,,,,,,,,,,,,,,,,80.0,2026-09-24,"Label evidence reviewed: RBI enforcement press release dated 2024-04-29 names this app among Acemoney (India) Limited digital lending services. Current project RBI directory exact-name check is Not listed. Public app metadata was not confidently matched, so feature cells remain blank rather than guessed.",Pending
QuickCash,,Risky,Not listed (exact-name check against project RBI copy),https://www.rbi.org.in/scripts/FS_PressRelease.aspx?prid=57801,,,,,,,,,,,,,,,,90.0,2026-09-24,"Label evidence reviewed: RBI enforcement press release dated 2024-04-29 names this app among Acemoney (India) Limited digital lending services. Current project RBI directory exact-name check is Not listed. Public app metadata was not confidently matched, so feature cells remain blank rather than guessed.",Pending
Cashere,,Risky,Not listed (exact-name check against project RBI copy),https://www.rbi.org.in/scripts/FS_PressRelease.aspx?prid=57801,,,,,,,,,,,,,,,,83.3,2026-09-24,"Label evidence reviewed: RBI enforcement press release dated 2024-04-29 names this app among Acemoney (India) Limited digital lending services. Current project RBI directory exact-name check is Not listed. Public app metadata was not confidently matched, so feature cells remain blank rather than guessed.",Pending
Cash delivery,,Risky,Not listed (exact-name check against project RBI copy),https://www.rbi.org.in/scripts/FS_PressRelease.aspx?prid=57801,,,,,,,,,,,,,,,,85.5,2026-09-24,"Label evidence reviewed: RBI enforcement press release dated 2024-04-29 names this app among Acemoney (India) Limited digital lending services. Current project RBI directory exact-name check is Not listed. Public app metadata was not confidently matched, so feature cells remain blank rather than guessed.",Pending
BusyAnt,,Risky,Not listed (exact-name check against project RBI copy),https://www.rbi.org.in/scripts/FS_PressRelease.aspx?prid=57801,,,,,,,,,,,,,,,,62.5,2026-09-24,"Label evidence reviewed: RBI enforcement press release dated 2024-04-29 names this app among Acemoney (India) Limited digital lending services. Current project RBI directory exact-name check is Not listed. Public app metadata was not confidently matched, so feature cells remain blank rather than guessed.",Pending
Cash Dove,,Risky,Not listed (exact-name check against project RBI copy),https://www.rbi.org.in/scripts/FS_PressRelease.aspx?prid=57801,,,,,,,,,,,,,,,,85.5,2026-09-24,"Label evidence reviewed: RBI enforcement press release dated 2024-04-29 names this app among Acemoney (India) Limited digital lending services. Current project RBI directory exact-name check is Not listed. Public app metadata was not confidently matched, so feature cells remain blank rather than guessed.",Pending
